active_generative_contexts,adagrad_accumulator_mean,backoff_corrections,backoff_events,backoff_rate,classes,classification_error,configuration_id,context_support_mean,context_support_median,context_support_min,cumulative_training_seconds,cumulative_updates,dataset,dataset_source,dataset_source_identity,discriminative_parameter_count,discriminative_pass,ece,effective_context_depth,effective_depth_sum,effective_k,experiment_mode,factor_lookups,features,fit_index_sha256,fold,generative_theta_sha256,inner_fit_rows,inner_validation_rows,k,learning_rate,mean_max_probability,mean_predictive_entropy,model_variant,nll,optimizer,order_seed,outer_test_rows,outer_test_used_for_selection,parameter_to_training_row_ratio,pr_auc,prediction_seconds,prediction_sha256,preprocessing_fit_rows,repeat,requested_depth_sum,rmse,roc_auc,rows,sample_fraction,saturated_k,split_id,structure_sha256,subset,test_index_sha256,validation_index_sha256,weight_l1,weight_l2,weight_max_abs,weight_mean_abs_deviation_from_baseline
3,0.0,0,0,0.0,2,0.052641243802411704,2e219c54a929d16f0cc7,98022.0,98022.0,0.0,0.0,0,Skin Segmentation,UCI Skin Segmentation via OpenML data_id=1502,,0,0,0.009568105137265373,0.0,0,0,PRIMARY,294066,3,fcc8c18a1fab7620b1e604f830b4abca8235aaf2b875de60dd1089c59fae76ca,1,1db525fc41e3cc151294da3a634ffa10363cef62321cee18f3bf8e370ea9f1a4,98022,24506,0,,0.9495163436678427,0.1291982230007989,KDB,0.13926088927962585,generative,0,122529,False,0.0,0.995226426966442,0.06292289999999667,03aaeeddf4b7ab28ac9ca8b6142ce66a7b6fc93a26e5d285f8235807f0f31462,98022,1,0,0.2000086925978747,0.9808185070751403,245057,1.0,False,"repeat=1,fold=1",6ad42d10abe6cb18a9026189931c0f8456523a0d25f42baaf5e049527ae00f7b,train,a95c885c24e218f71a169eb44f316d67936f714f068bc92e67b4c54922e19c09,ff750238fbb39e0e9bdf7fd16f90dfe8c4bb7eee620fb5aaf2132f79039d17dd,178.0,13.341664064126334,1.0,0.0
3,0.0,0,0,0.0,2,0.05374194074920428,2e219c54a929d16f0cc7,98022.0,98022.0,0.0,0.0,0,Skin Segmentation,UCI Skin Segmentation via OpenML data_id=1502,,0,0,0.008475500530359161,0.0,0,0,PRIMARY,73518,3,fcc8c18a1fab7620b1e604f830b4abca8235aaf2b875de60dd1089c59fae76ca,1,1db525fc41e3cc151294da3a634ffa10363cef62321cee18f3bf8e370ea9f1a4,98022,24506,0,,0.9489704809769685,0.12956416681397345,KDB,0.14283695330103321,generative,0,122529,False,0.0,0.9950750901855657,0.01854279999999875,a76aeadaef0d109de806a1b1b662cd5ce384ae61100a6053b6a1235d659eecdb,98022,1,0,0.20254429074280675,0.9800890188247214,245057,1.0,False,"repeat=1,fold=1",6ad42d10abe6cb18a9026189931c0f8456523a0d25f42baaf5e049527ae00f7b,validation,a95c885c24e218f71a169eb44f316d67936f714f068bc92e67b4c54922e19c09,ff750238fbb39e0e9bdf7fd16f90dfe8c4bb7eee620fb5aaf2132f79039d17dd,178.0,13.341664064126334,1.0,0.0
3,0.0,0,0,0.0,2,0.05368525002244367,2e219c54a929d16f0cc7,98022.0,98022.0,0.0,0.0,0,Skin Segmentation,UCI Skin Segmentation via OpenML data_id=1502,,0,0,0.009240683843979431,0.0,0,0,PRIMARY,367587,3,fcc8c18a1fab7620b1e604f830b4abca8235aaf2b875de60dd1089c59fae76ca,1,1db525fc41e3cc151294da3a634ffa10363cef62321cee18f3bf8e370ea9f1a4,98022,24506,0,,0.9489168252322067,0.13017705500613214,KDB,0.14164614052806931,generative,0,122529,False,0.0,0.9950532332532964,0.1072843999999975,81ef38a0bf27b12f854319ddfd6c88efe927c32d8aab5d896c332401bb865e95,98022,1,0,0.20156339548807295,0.9802163281369809,245057,1.0,False,"repeat=1,fold=1",6ad42d10abe6cb18a9026189931c0f8456523a0d25f42baaf5e049527ae00f7b,test,a95c885c24e218f71a169eb44f316d67936f714f068bc92e67b4c54922e19c09,ff750238fbb39e0e9bdf7fd16f90dfe8c4bb7eee620fb5aaf2132f79039d17dd,178.0,13.341664064126334,1.0,0.0
57,0.0,0,0,0.0,2,0.006784191303992981,2e219c54a929d16f0cc7,5159.0526315789475,2628.0,0.0,0.0,0,Skin Segmentation,UCI Skin Segmentation via OpenML data_id=1502,,0,0,0.001802383251282761,0.6666666666666666,196044,1,PRIMARY,294066,3,fcc8c18a1fab7620b1e604f830b4abca8235aaf2b875de60dd1089c59fae76ca,1,392c371a19036804b8b80d665c6548d03a2dc84c15f6c3bc8ffd338c586f260d,98022,24506,1,,0.994594255799642,0.014655100723579024,KDB,0.018113295699364224,generative,0,122529,False,0.0,0.9999114320636711,0.05078689999999142,159b9a7b90fdfd7f3dcdefaa90721fe0b3fe96114db605304c18f05a1adc47b6,98022,1,196044,0.07029982609852081,0.9996503701146091,245057,1.0,False,"repeat=1,fold=1",fdc02b2535c0b99abc75de190a38b636b47dd8883fdee16bf79dbaa495f6802a,train,a95c885c24e218f71a169eb44f316d67936f714f068bc92e67b4c54922e19c09,ff750238fbb39e0e9bdf7fd16f90dfe8c4bb7eee620fb5aaf2132f79039d17dd,3634.0,60.28266749240614,1.0,0.0
57,0.0,0,0,0.0,2,0.00885497429201012,2e219c54a929d16f0cc7,5159.0526315789475,2628.0,0.0,0.0,0,Skin Segmentation,UCI Skin Segmentation via OpenML data_id=1502,,0,0,0.0030524277489523857,0.6666666666666666,49012,1,PRIMARY,73518,3,fcc8c18a1fab7620b1e604f830b4abca8235aaf2b875de60dd1089c59fae76ca,1,392c371a19036804b8b80d665c6548d03a2dc84c15f6c3bc8ffd338c586f260d,98022,24506,1,,0.9941974534569423,0.015591003157051857,KDB,0.023189262718059336,generative,0,122529,False,0.0,0.9998629036578365,0.015527599999998642,5cb567f3bfe1298c3508a50cb893a5951e5122aeff39cae39c8a75a7aee2abcf,98022,1,49012,0.0792609917150876,0.999456080442142,245057,1.0,False,"repeat=1,fold=1",fdc02b2535c0b99abc75de190a38b636b47dd8883fdee16bf79dbaa495f6802a,validation,a95c885c24e218f71a169eb44f316d67936f714f068bc92e67b4c54922e19c09,ff750238fbb39e0e9bdf7fd16f90dfe8c4bb7eee620fb5aaf2132f79039d17dd,3634.0,60.28266749240614,1.0,0.0
57,0.0,0,0,0.0,2,0.00713300524773727,2e219c54a929d16f0cc7,5159.0526315789475,2628.0,0.0,0.0,0,Skin Segmentation,UCI Skin Segmentation via OpenML data_id=1502,,0,0,0.0021460694072504543,0.6666666666666666,245058,1,PRIMARY,367587,3,fcc8c18a1fab7620b1e604f830b4abca8235aaf2b875de60dd1089c59fae76ca,1,392c371a19036804b8b80d665c6548d03a2dc84c15f6c3bc8ffd338c586f260d,98022,24506,1,,0.9946222427916204,0.014926110877085896,KDB,0.021381552392652915,generative,0,122529,False,0.0,0.9998653893497762,0.08146670000000711,8fdff30ca05c410ddcde0bb05809ded0abcc14add2c5f018bcc13b2aeb3e172f,98022,1,245058,0.07376222701062142,0.9994550919419712,245057,1.0,False,"repeat=1,fold=1",fdc02b2535c0b99abc75de190a38b636b47dd8883fdee16bf79dbaa495f6802a,test,a95c885c24e218f71a169eb44f316d67936f714f068bc92e67b4c54922e19c09,ff750238fbb39e0e9bdf7fd16f90dfe8c4bb7eee620fb5aaf2132f79039d17dd,3634.0,60.28266749240614,1.0,0.0
734,0.0,0,0,0.0,2,0.0012038113892799576,2e219c54a929d16f0cc7,400.63487738419616,17.0,0.0,0.0,0,Skin Segmentation,UCI Skin Segmentation via OpenML data_id=1502,,0,0,0.00029798785858777124,1.0,294066,2,PRIMARY,294066,3,fcc8c18a1fab7620b1e604f830b4abca8235aaf2b875de60dd1089c59fae76ca,1,977080d17b4b5aa850af5c377c07254f8e73a12ea40dbc3c4504044c56be443b,98022,24506,2,,0.9985490322309151,0.004140002757538732,KDB,0.002762497300101553,generative,0,122529,False,0.0,0.9999974486951452,0.06807369999998514,98d6c2a2c9d4c6d942cf56fff15a9e56b4531b9ca6f6ec38d52fbdbc23ad5584,98022,1,294066,0.027861652419392927,0.9999920963731636,245057,1.0,False,"repeat=1,fold=1",043774c253b5db849a91747362f6dcb05757f1043006bb04e47217dec756ebb9,train,a95c885c24e218f71a169eb44f316d67936f714f068bc92e67b4c54922e19c09,ff750238fbb39e0e9bdf7fd16f90dfe8c4bb7eee620fb5aaf2132f79039d17dd,46962.0,216.7071757002984,1.0,0.0
734,0.0,6,6,8.161266628580756e-05,2,0.0038357953154329553,2e219c54a929d16f0cc7,400.63487738419616,17.0,0.0,0.0,0,Skin Segmentation,UCI Skin Segmentation via OpenML data_id=1502,,0,0,0.0008210916628320778,0.9999183873337142,73512,2,PRIMARY,73518,3,fcc8c18a1fab7620b1e604f830b4abca8235aaf2b875de60dd1089c59fae76ca,1,977080d17b4b5aa850af5c377c07254f8e73a12ea40dbc3c4504044c56be443b,98022,24506,2,,0.9969563856153766,0.007452875821153199,KDB,0.008763086454577698,generative,0,122529,False,0.0,0.9999812267891603,0.0146683999999766,9238d4bb86fbcd887155c7ecc9127361298c63e88a04d0c5ede0c8d789e4c6ba,98022,1,73518,0.04940484358994517,0.9999303179949564,245057,1.0,False,"repeat=1,fold=1",043774c253b5db849a91747362f6dcb05757f1043006bb04e47217dec756ebb9,validation,a95c885c24e218f71a169eb44f316d67936f714f068bc92e67b4c54922e19c09,ff750238fbb39e0e9bdf7fd16f90dfe8c4bb7eee620fb5aaf2132f79039d17dd,46962.0,216.7071757002984,1.0,0.0
734,0.0,49,49,0.00013330177617815647,2,0.0036481159562226084,2e219c54a929d16f0cc7,400.63487738419616,17.0,0.0,0.0,0,Skin Segmentation,UCI Skin Segmentation via OpenML data_id=1502,,0,0,0.0009214790405123587,0.9998666982238218,367538,2,PRIMARY,367587,3,fcc8c18a1fab7620b1e604f830b4abca8235aaf2b875de60dd1089c59fae76ca,1,977080d17b4b5aa850af5c377c07254f8e73a12ea40dbc3c4504044c56be443b,98022,24506,2,,0.9972733630842897,0.006872051303190825,KDB,0.008371446667327935,generative,0,122529,False,0.0,0.9999771308444289,0.08720409999997969,26b7315891231aea6b216d4812dcc4db26c272fa7c18025528c4fe6c27db8557,98022,1,367587,0.047693231341229055,0.9999092349758593,245057,1.0,False,"repeat=1,fold=1",043774c253b5db849a91747362f6dcb05757f1043006bb04e47217dec756ebb9,test,a95c885c24e218f71a169eb44f316d67936f714f068bc92e67b4c54922e19c09,ff750238fbb39e0e9bdf7fd16f90dfe8c4bb7eee620fb5aaf2132f79039d17dd,46962.0,216.7071757002984,1.0,0.0
734,0.0,0,0,0.0,2,0.0012038113892799576,2e219c54a929d16f0cc7,400.63487738419616,17.0,0.0,0.0,0,Skin Segmentation,UCI Skin Segmentation via OpenML data_id=1502,,0,0,0.00029798785858777124,1.0,294066,2,PRIMARY,294066,3,fcc8c18a1fab7620b1e604f830b4abca8235aaf2b875de60dd1089c59fae76ca,1,977080d17b4b5aa850af5c377c07254f8e73a12ea40dbc3c4504044c56be443b,98022,24506,3,,0.9985490322309151,0.004140002757538732,KDB,0.002762497300101553,generative,0,122529,False,0.0,0.9999974486951452,0.08089390000003505,98d6c2a2c9d4c6d942cf56fff15a9e56b4531b9ca6f6ec38d52fbdbc23ad5584,98022,1,294066,0.027861652419392927,0.9999920963731636,245057,1.0,True,"repeat=1,fold=1",043774c253b5db849a91747362f6dcb05757f1043006bb04e47217dec756ebb9,train,a95c885c24e218f71a169eb44f316d67936f714f068bc92e67b4c54922e19c09,ff750238fbb39e0e9bdf7fd16f90dfe8c4bb7eee620fb5aaf2132f79039d17dd,46962.0,216.7071757002984,1.0,0.0
734,0.0,6,6,8.161266628580756e-05,2,0.0038357953154329553,2e219c54a929d16f0cc7,400.63487738419616,17.0,0.0,0.0,0,Skin Segmentation,UCI Skin Segmentation via OpenML data_id=1502,,0,0,0.0008210916628320778,0.9999183873337142,73512,2,PRIMARY,73518,3,fcc8c18a1fab7620b1e604f830b4abca8235aaf2b875de60dd1089c59fae76ca,1,977080d17b4b5aa850af5c377c07254f8e73a12ea40dbc3c4504044c56be443b,98022,24506,3,,0.9969563856153766,0.007452875821153199,KDB,0.008763086454577698,generative,0,122529,False,0.0,0.9999812267891603,0.02228309999998146,9238d4bb86fbcd887155c7ecc9127361298c63e88a04d0c5ede0c8d789e4c6ba,98022,1,73518,0.04940484358994517,0.9999303179949564,245057,1.0,True,"repeat=1,fold=1",043774c253b5db849a91747362f6dcb05757f1043006bb04e47217dec756ebb9,validation,a95c885c24e218f71a169eb44f316d67936f714f068bc92e67b4c54922e19c09,ff750238fbb39e0e9bdf7fd16f90dfe8c4bb7eee620fb5aaf2132f79039d17dd,46962.0,216.7071757002984,1.0,0.0
734,0.0,49,49,0.00013330177617815647,2,0.0036481159562226084,2e219c54a929d16f0cc7,400.63487738419616,17.0,0.0,0.0,0,Skin Segmentation,UCI Skin Segmentation via OpenML data_id=1502,,0,0,0.0009214790405123587,0.9998666982238218,367538,2,PRIMARY,367587,3,fcc8c18a1fab7620b1e604f830b4abca8235aaf2b875de60dd1089c59fae76ca,1,977080d17b4b5aa850af5c377c07254f8e73a12ea40dbc3c4504044c56be443b,98022,24506,3,,0.9972733630842897,0.006872051303190825,KDB,0.008371446667327935,generative,0,122529,False,0.0,0.9999771308444289,0.08863930000001119,26b7315891231aea6b216d4812dcc4db26c272fa7c18025528c4fe6c27db8557,98022,1,367587,0.047693231341229055,0.9999092349758593,245057,1.0,True,"repeat=1,fold=1",043774c253b5db849a91747362f6dcb05757f1043006bb04e47217dec756ebb9,test,a95c885c24e218f71a169eb44f316d67936f714f068bc92e67b4c54922e19c09,ff750238fbb39e0e9bdf7fd16f90dfe8c4bb7eee620fb5aaf2132f79039d17dd,46962.0,216.7071757002984,1.0,0.0
734,0.0,0,0,0.0,2,0.0012038113892799576,2e219c54a929d16f0cc7,400.63487738419616,17.0,0.0,0.0,0,Skin Segmentation,UCI Skin Segmentation via OpenML data_id=1502,,0,0,0.00029798785858777124,1.0,294066,2,PRIMARY,294066,3,fcc8c18a1fab7620b1e604f830b4abca8235aaf2b875de60dd1089c59fae76ca,1,977080d17b4b5aa850af5c377c07254f8e73a12ea40dbc3c4504044c56be443b,98022,24506,4,,0.9985490322309151,0.004140002757538732,KDB,0.002762497300101553,generative,0,122529,False,0.0,0.9999974486951452,0.06931400000001986,98d6c2a2c9d4c6d942cf56fff15a9e56b4531b9ca6f6ec38d52fbdbc23ad5584,98022,1,294066,0.027861652419392927,0.9999920963731636,245057,1.0,True,"repeat=1,fold=1",043774c253b5db849a91747362f6dcb05757f1043006bb04e47217dec756ebb9,train,a95c885c24e218f71a169eb44f316d67936f714f068bc92e67b4c54922e19c09,ff750238fbb39e0e9bdf7fd16f90dfe8c4bb7eee620fb5aaf2132f79039d17dd,46962.0,216.7071757002984,1.0,0.0
734,0.0,6,6,8.161266628580756e-05,2,0.0038357953154329553,2e219c54a929d16f0cc7,400.63487738419616,17.0,0.0,0.0,0,Skin Segmentation,UCI Skin Segmentation via OpenML data_id=1502,,0,0,0.0008210916628320778,0.9999183873337142,73512,2,PRIMARY,73518,3,fcc8c18a1fab7620b1e604f830b4abca8235aaf2b875de60dd1089c59fae76ca,1,977080d17b4b5aa850af5c377c07254f8e73a12ea40dbc3c4504044c56be443b,98022,24506,4,,0.9969563856153766,0.007452875821153199,KDB,0.008763086454577698,generative,0,122529,False,0.0,0.9999812267891603,0.016730199999983597,9238d4bb86fbcd887155c7ecc9127361298c63e88a04d0c5ede0c8d789e4c6ba,98022,1,73518,0.04940484358994517,0.9999303179949564,245057,1.0,True,"repeat=1,fold=1",043774c253b5db849a91747362f6dcb05757f1043006bb04e47217dec756ebb9,validation,a95c885c24e218f71a169eb44f316d67936f714f068bc92e67b4c54922e19c09,ff750238fbb39e0e9bdf7fd16f90dfe8c4bb7eee620fb5aaf2132f79039d17dd,46962.0,216.7071757002984,1.0,0.0
734,0.0,49,49,0.00013330177617815647,2,0.0036481159562226084,2e219c54a929d16f0cc7,400.63487738419616,17.0,0.0,0.0,0,Skin Segmentation,UCI Skin Segmentation via OpenML data_id=1502,,0,0,0.0009214790405123587,0.9998666982238218,367538,2,PRIMARY,367587,3,fcc8c18a1fab7620b1e604f830b4abca8235aaf2b875de60dd1089c59fae76ca,1,977080d17b4b5aa850af5c377c07254f8e73a12ea40dbc3c4504044c56be443b,98022,24506,4,,0.9972733630842897,0.006872051303190825,KDB,0.008371446667327935,generative,0,122529,False,0.0,0.9999771308444289,0.08370330000002468,26b7315891231aea6b216d4812dcc4db26c272fa7c18025528c4fe6c27db8557,98022,1,367587,0.047693231341229055,0.9999092349758593,245057,1.0,True,"repeat=1,fold=1",043774c253b5db849a91747362f6dcb05757f1043006bb04e47217dec756ebb9,test,a95c885c24e218f71a169eb44f316d67936f714f068bc92e67b4c54922e19c09,ff750238fbb39e0e9bdf7fd16f90dfe8c4bb7eee620fb5aaf2132f79039d17dd,46962.0,216.7071757002984,1.0,0.0
734,0.0,0,0,0.0,2,0.0012038113892799576,2e219c54a929d16f0cc7,400.63487738419616,17.0,0.0,0.0,0,Skin Segmentation,UCI Skin Segmentation via OpenML data_id=1502,,0,0,0.00029798785858777124,1.0,294066,2,PRIMARY,294066,3,fcc8c18a1fab7620b1e604f830b4abca8235aaf2b875de60dd1089c59fae76ca,1,977080d17b4b5aa850af5c377c07254f8e73a12ea40dbc3c4504044c56be443b,98022,24506,5,,0.9985490322309151,0.004140002757538732,KDB,0.002762497300101553,generative,0,122529,False,0.0,0.9999974486951452,0.06015879999995377,98d6c2a2c9d4c6d942cf56fff15a9e56b4531b9ca6f6ec38d52fbdbc23ad5584,98022,1,294066,0.027861652419392927,0.9999920963731636,245057,1.0,True,"repeat=1,fold=1",043774c253b5db849a91747362f6dcb05757f1043006bb04e47217dec756ebb9,train,a95c885c24e218f71a169eb44f316d67936f714f068bc92e67b4c54922e19c09,ff750238fbb39e0e9bdf7fd16f90dfe8c4bb7eee620fb5aaf2132f79039d17dd,46962.0,216.7071757002984,1.0,0.0
734,0.0,6,6,8.161266628580756e-05,2,0.0038357953154329553,2e219c54a929d16f0cc7,400.63487738419616,17.0,0.0,0.0,0,Skin Segmentation,UCI Skin Segmentation via OpenML data_id=1502,,0,0,0.0008210916628320778,0.9999183873337142,73512,2,PRIMARY,73518,3,fcc8c18a1fab7620b1e604f830b4abca8235aaf2b875de60dd1089c59fae76ca,1,977080d17b4b5aa850af5c377c07254f8e73a12ea40dbc3c4504044c56be443b,98022,24506,5,,0.9969563856153766,0.007452875821153199,KDB,0.008763086454577698,generative,0,122529,False,0.0,0.9999812267891603,0.013429900000005546,9238d4bb86fbcd887155c7ecc9127361298c63e88a04d0c5ede0c8d789e4c6ba,98022,1,73518,0.04940484358994517,0.9999303179949564,245057,1.0,True,"repeat=1,fold=1",043774c253b5db849a91747362f6dcb05757f1043006bb04e47217dec756ebb9,validation,a95c885c24e218f71a169eb44f316d67936f714f068bc92e67b4c54922e19c09,ff750238fbb39e0e9bdf7fd16f90dfe8c4bb7eee620fb5aaf2132f79039d17dd,46962.0,216.7071757002984,1.0,0.0
734,0.0,49,49,0.00013330177617815647,2,0.0036481159562226084,2e219c54a929d16f0cc7,400.63487738419616,17.0,0.0,0.0,0,Skin Segmentation,UCI Skin Segmentation via OpenML data_id=1502,,0,0,0.0009214790405123587,0.9998666982238218,367538,2,PRIMARY,367587,3,fcc8c18a1fab7620b1e604f830b4abca8235aaf2b875de60dd1089c59fae76ca,1,977080d17b4b5aa850af5c377c07254f8e73a12ea40dbc3c4504044c56be443b,98022,24506,5,,0.9972733630842897,0.006872051303190825,KDB,0.008371446667327935,generative,0,122529,False,0.0,0.9999771308444289,0.08659189999997352,26b7315891231aea6b216d4812dcc4db26c272fa7c18025528c4fe6c27db8557,98022,1,367587,0.047693231341229055,0.9999092349758593,245057,1.0,True,"repeat=1,fold=1",043774c253b5db849a91747362f6dcb05757f1043006bb04e47217dec756ebb9,test,a95c885c24e218f71a169eb44f316d67936f714f068bc92e67b4c54922e19c09,ff750238fbb39e0e9bdf7fd16f90dfe8c4bb7eee620fb5aaf2132f79039d17dd,46962.0,216.7071757002984,1.0,0.0
3,0.0,0,0,0.0,2,0.053681278883527334,2e219c54a929d16f0cc7,98023.0,98023.0,0.0,0.0,0,Skin Segmentation,UCI Skin Segmentation via OpenML data_id=1502,,0,0,0.009616498520073475,0.0,0,0,PRIMARY,294069,3,8cc2457d399737ea35c1db8bf491f1b494fe8dbc0aed73db29044ae1dae992e7,2,fe535706fc3ff360e16e694358c8f75d27e842591a6df197a3da4a6385175992,98023,24506,0,,0.9484336634084465,0.13066413873574742,KDB,0.13955152741295085,generative,0,122528,False,0.0,0.9952066176109241,0.06575259999999616,a6c710a84d07dbd9d409bd42c04d6308abdf9b6d47490c7ccd78a3bee62e4cea,98023,1,0,0.19999934068519543,0.9807874291457392,245057,1.0,False,"repeat=1,fold=2",6ad42d10abe6cb18a9026189931c0f8456523a0d25f42baaf5e049527ae00f7b,train,eb84268ebf1a88121a16dcfd6831d803cd745c47ed3b0691d4dcd3c19baef44b,0602e7f3c1cc52aef5a94f500c4a15f94d504d07c3e3cc0789c2dfe0d2c6b5b6,172.0,13.114877048604,1.0,0.0
3,0.0,0,0,0.0,2,0.05684322206806496,2e219c54a929d16f0cc7,98023.0,98023.0,0.0,0.0,0,Skin Segmentation,UCI Skin Segmentation via OpenML data_id=1502,,0,0,0.009813764890244412,0.0,0,0,PRIMARY,73518,3,8cc2457d399737ea35c1db8bf491f1b494fe8dbc0aed73db29044ae1dae992e7,2,fe535706fc3ff360e16e694358c8f75d27e842591a6df197a3da4a6385175992,98023,24506,0,,0.9471654256896378,0.13295839139087814,KDB,0.14265300948666587,generative,0,122528,False,0.0,0.9950722314824748,0.011510100000009515,7075abdd5287934b75df5c87fdc619c2450095c964278d469ceb9aef1a83e684,98023,1,0,0.20356195926617826,0.9800814254351418,245057,1.0,False,"repeat=1,fold=2",6ad42d10abe6cb18a9026189931c0f8456523a0d25f42baaf5e049527ae00f7b,validation,eb84268ebf1a88121a16dcfd6831d803cd745c47ed3b0691d4dcd3c19baef44b,0602e7f3c1cc52aef5a94f500c4a15f94d504d07c3e3cc0789c2dfe0d2c6b5b6,172.0,13.114877048604,1.0,0.0
3,0.0,0,0,0.0,2,0.054240663358579265,2e219c54a929d16f0cc7,98023.0,98023.0,0.0,0.0,0,Skin Segmentation,UCI Skin Segmentation via OpenML data_id=1502,,0,0,0.011175303900043995,0.0,0,0,PRIMARY,367584,3,8cc2457d399737ea35c1db8bf491f1b494fe8dbc0aed73db29044ae1dae992e7,2,fe535706fc3ff360e16e694358c8f75d27e842591a6df197a3da4a6385175992,98023,24506,0,,0.9485260793010114,0.13054460405309704,KDB,0.1414012740863716,generative,0,122528,False,0.0,0.9950780214916797,0.07417199999997592,e96045f4a9149cc0dadca2537359f1fc7cd56c0a3a8398248a723ddf637f013b,98023,1,0,0.20106331207564782,0.9803594910963292,245057,1.0,False,"repeat=1,fold=2",6ad42d10abe6cb18a9026189931c0f8456523a0d25f42baaf5e049527ae00f7b,test,eb84268ebf1a88121a16dcfd6831d803cd745c47ed3b0691d4dcd3c19baef44b,0602e7f3c1cc52aef5a94f500c4a15f94d504d07c3e3cc0789c2dfe0d2c6b5b6,172.0,13.114877048604,1.0,0.0
55,0.0,0,0,0.0,2,0.00682492884323067,2e219c54a929d16f0cc7,5346.709090909091,2605.0,0.0,0.0,0,Skin Segmentation,UCI Skin Segmentation via OpenML data_id=1502,,0,0,0.003049110345064292,0.6666666666666666,196046,1,PRIMARY,294069,3,8cc2457d399737ea35c1db8bf491f1b494fe8dbc0aed73db29044ae1dae992e7,2,de15bebf101a8cdc6dd7b5c54247fe1dfebd1716a974e8204775d490de8c493c,98023,24506,1,,0.9950003569264491,0.014301579277344175,KDB,0.01944282627559732,generative,0,122528,False,0.0,0.9998935247824128,0.05930630000000292,4e4b0153d2239e8bc348df3d896ad547364cad6faf737050b9d486b08e5f10df,98023,1,196046,0.07282434734590075,0.9995742135487182,245057,1.0,False,"repeat=1,fold=2",fdc02b2535c0b99abc75de190a38b636b47dd8883fdee16bf79dbaa495f6802a,train,eb84268ebf1a88121a16dcfd6831d803cd745c47ed3b0691d4dcd3c19baef44b,0602e7f3c1cc52aef5a94f500c4a15f94d504d07c3e3cc0789c2dfe0d2c6b5b6,3438.0,58.63446085707619,1.0,0.0
55,0.0,0,0,0.0,2,0.0076715906308659106,2e219c54a929d16f0cc7,5346.709090909091,2605.0,0.0,0.0,0,Skin Segmentation,UCI Skin Segmentation via OpenML data_id=1502,,0,0,0.0031549545798499855,0.6666666666666666,49012,1,PRIMARY,73518,3,8cc2457d399737ea35c1db8bf491f1b494fe8dbc0aed73db29044ae1dae992e7,2,de15bebf101a8cdc6dd7b5c54247fe1dfebd1716a974e8204775d490de8c493c,98023,24506,1,,0.9944313385753246,0.015488827002460437,KDB,0.022593072036380467,generative,0,122528,False,0.0,0.9998545056259763,0.01364010000008875,f6f9090170c65b116f8d197cf5035942f6ec2f9655bdf16f2f21aae7861dbf61,98023,1,49012,0.07766165313976825,0.9994116844243989,245057,1.0,False,"repeat=1,fold=2",fdc02b2535c0b99abc75de190a38b636b47dd8883fdee16bf79dbaa495f6802a,validation,eb84268ebf1a88121a16dcfd6831d803cd745c47ed3b0691d4dcd3c19baef44b,0602e7f3c1cc52aef5a94f500c4a15f94d504d07c3e3cc0789c2dfe0d2c6b5b6,3438.0,58.63446085707619,1.0,0.0
55,0.0,0,0,0.0,2,0.008691890833115695,2e219c54a929d16f0cc7,5346.709090909091,2605.0,0.0,0.0,0,Skin Segmentation,UCI Skin Segmentation via OpenML data_id=1502,,0,0,0.004149482989766121,0.6666666666666666,245056,1,PRIMARY,367584,3,8cc2457d399737ea35c1db8bf491f1b494fe8dbc0aed73db29044ae1dae992e7,2,de15bebf101a8cdc6dd7b5c54247fe1dfebd1716a974e8204775d490de8c493c,98023,24506,1,,0.9947703253772427,0.014736120800423757,KDB,0.02546180797999963,generative,0,122528,False,0.0,0.9998246288613661,0.08227729999998701,730311cdb76e87ac199d08521855b4384368b2c300023b14fdad7a74aec55e6a,98023,1,245056,0.08206512692143726,0.9992852107165948,245057,1.0,False,"repeat=1,fold=2",fdc02b2535c0b99abc75de190a38b636b47dd8883fdee16bf79dbaa495f6802a,test,eb84268ebf1a88121a16dcfd6831d803cd745c47ed3b0691d4dcd3c19baef44b,0602e7f3c1cc52aef5a94f500c4a15f94d504d07c3e3cc0789c2dfe0d2c6b5b6,3438.0,58.63446085707619,1.0,0.0
668,0.0,0,0,0.0,2,0.0012548075451679708,2e219c54a929d16f0cc7,440.22305389221555,18.0,0.0,0.0,0,Skin Segmentation,UCI Skin Segmentation via OpenML data_id=1502,,0,0,0.0002583897288761517,1.0,294069,2,PRIMARY,294069,3,8cc2457d399737ea35c1db8bf491f1b494fe8dbc0aed73db29044ae1dae992e7,2,d07ea11715424c532585c0e6b8e1c596ad06427f7832775b0675ca48c6917d25,98023,24506,2,,0.998520394323554,0.004231343710700363,KDB,0.0029422549223845776,generative,0,122528,False,0.0,0.9999974945972708,0.06789119999996274,bed623d43432491a49a4e12d6dfb751afc640ae79d1981d3f8043962557fca48,98023,1,294069,0.02894480749173566,0.9999915775569662,245057,1.0,False,"repeat=1,fold=2",043774c253b5db849a91747362f6dcb05757f1043006bb04e47217dec756ebb9,train,eb84268ebf1a88121a16dcfd6831d803cd745c47ed3b0691d4dcd3c19baef44b,0602e7f3c1cc52aef5a94f500c4a15f94d504d07c3e3cc0789c2dfe0d2c6b5b6,41444.0,203.57799488156869,1.0,0.0
668,0.0,6,6,8.161266628580756e-05,2,0.00399902064800457,2e219c54a929d16f0cc7,440.22305389221555,18.0,0.0,0.0,0,Skin Segmentation,UCI Skin Segmentation via OpenML data_id=1502,,0,0,0.001002684146608545,0.9999183873337142,73512,2,PRIMARY,73518,3,8cc2457d399737ea35c1db8bf491f1b494fe8dbc0aed73db29044ae1dae992e7,2,d07ea11715424c532585c0e6b8e1c596ad06427f7832775b0675ca48c6917d25,98023,24506,2,,0.9969834444402079,0.007215091606570436,KDB,0.00920987394331598,generative,0,122528,False,0.0,0.9999615891045407,0.012410699999918506,cedad78cffb223f5e1d8d7db20a21143dac3fed7d3c7c43b4f3f49f4b64ffe12,98023,1,73518,0.049156614177091745,0.9998427105282448,245057,1.0,False,"repeat=1,fold=2",043774c253b5db849a91747362f6dcb05757f1043006bb04e47217dec756ebb9,validation,eb84268ebf1a88121a16dcfd6831d803cd745c47ed3b0691d4dcd3c19baef44b,0602e7f3c1cc52aef5a94f500c4a15f94d504d07c3e3cc0789c2dfe0d2c6b5b6,41444.0,203.57799488156869,1.0,0.0
668,0.0,46,46,0.00012514146426395055,2,0.003460433533559676,2e219c54a929d16f0cc7,440.22305389221555,18.0,0.0,0.0,0,Skin Segmentation,UCI Skin Segmentation via OpenML data_id=1502,,0,0,0.0008181760381374311,0.9998748585357361,367538,2,PRIMARY,367584,3,8cc2457d399737ea35c1db8bf491f1b494fe8dbc0aed73db29044ae1dae992e7,2,d07ea11715424c532585c0e6b8e1c596ad06427f7832775b0675ca48c6917d25,98023,24506,2,,0.9972530295380502,0.00686841601443404,KDB,0.007867933004176111,generative,0,122528,False,0.0,0.9999775434152791,0.0823341000000255,229f16bcc625a189c7c484d9c03f9e20a069f36698925e0484e869ec4842a17e,98023,1,367584,0.0457070698027613,0.9999133215103398,245057,1.0,False,"repeat=1,fold=2",043774c253b5db849a91747362f6dcb05757f1043006bb04e47217dec756ebb9,test,eb84268ebf1a88121a16dcfd6831d803cd745c47ed3b0691d4dcd3c19baef44b,0602e7f3c1cc52aef5a94f500c4a15f94d504d07c3e3cc0789c2dfe0d2c6b5b6,41444.0,203.57799488156869,1.0,0.0
668,0.0,0,0,0.0,2,0.0012548075451679708,2e219c54a929d16f0cc7,440.22305389221555,18.0,0.0,0.0,0,Skin Segmentation,UCI Skin Segmentation via OpenML data_id=1502,,0,0,0.0002583897288761517,1.0,294069,2,PRIMARY,294069,3,8cc2457d399737ea35c1db8bf491f1b494fe8dbc0aed73db29044ae1dae992e7,2,d07ea11715424c532585c0e6b8e1c596ad06427f7832775b0675ca48c6917d25,98023,24506,3,,0.998520394323554,0.004231343710700363,KDB,0.0029422549223845776,generative,0,122528,False,0.0,0.9999974945972708,0.07096130000002177,bed623d43432491a49a4e12d6dfb751afc640ae79d1981d3f8043962557fca48,98023,1,294069,0.02894480749173566,0.9999915775569662,245057,1.0,True,"repeat=1,fold=2",043774c253b5db849a91747362f6dcb05757f1043006bb04e47217dec756ebb9,train,eb84268ebf1a88121a16dcfd6831d803cd745c47ed3b0691d4dcd3c19baef44b,0602e7f3c1cc52aef5a94f500c4a15f94d504d07c3e3cc0789c2dfe0d2c6b5b6,41444.0,203.57799488156869,1.0,0.0
668,0.0,6,6,8.161266628580756e-05,2,0.00399902064800457,2e219c54a929d16f0cc7,440.22305389221555,18.0,0.0,0.0,0,Skin Segmentation,UCI Skin Segmentation via OpenML data_id=1502,,0,0,0.001002684146608545,0.9999183873337142,73512,2,PRIMARY,73518,3,8cc2457d399737ea35c1db8bf491f1b494fe8dbc0aed73db29044ae1dae992e7,2,d07ea11715424c532585c0e6b8e1c596ad06427f7832775b0675ca48c6917d25,98023,24506,3,,0.9969834444402079,0.007215091606570436,KDB,0.00920987394331598,generative,0,122528,False,0.0,0.9999615891045407,0.014075499999989916,cedad78cffb223f5e1d8d7db20a21143dac3fed7d3c7c43b4f3f49f4b64ffe12,98023,1,73518,0.049156614177091745,0.9998427105282448,245057,1.0,True,"repeat=1,fold=2",043774c253b5db849a91747362f6dcb05757f1043006bb04e47217dec756ebb9,validation,eb84268ebf1a88121a16dcfd6831d803cd745c47ed3b0691d4dcd3c19baef44b,0602e7f3c1cc52aef5a94f500c4a15f94d504d07c3e3cc0789c2dfe0d2c6b5b6,41444.0,203.57799488156869,1.0,0.0
668,0.0,46,46,0.00012514146426395055,2,0.003460433533559676,2e219c54a929d16f0cc7,440.22305389221555,18.0,0.0,0.0,0,Skin Segmentation,UCI Skin Segmentation via OpenML data_id=1502,,0,0,0.0008181760381374311,0.9998748585357361,367538,2,PRIMARY,367584,3,8cc2457d399737ea35c1db8bf491f1b494fe8dbc0aed73db29044ae1dae992e7,2,d07ea11715424c532585c0e6b8e1c596ad06427f7832775b0675ca48c6917d25,98023,24506,3,,0.9972530295380502,0.00686841601443404,KDB,0.007867933004176111,generative,0,122528,False,0.0,0.9999775434152791,0.079105899999945,229f16bcc625a189c7c484d9c03f9e20a069f36698925e0484e869ec4842a17e,98023,1,367584,0.0457070698027613,0.9999133215103398,245057,1.0,True,"repeat=1,fold=2",043774c253b5db849a91747362f6dcb05757f1043006bb04e47217dec756ebb9,test,eb84268ebf1a88121a16dcfd6831d803cd745c47ed3b0691d4dcd3c19baef44b,0602e7f3c1cc52aef5a94f500c4a15f94d504d07c3e3cc0789c2dfe0d2c6b5b6,41444.0,203.57799488156869,1.0,0.0
668,0.0,0,0,0.0,2,0.0012548075451679708,2e219c54a929d16f0cc7,440.22305389221555,18.0,0.0,0.0,0,Skin Segmentation,UCI Skin Segmentation via OpenML data_id=1502,,0,0,0.0002583897288761517,1.0,294069,2,PRIMARY,294069,3,8cc2457d399737ea35c1db8bf491f1b494fe8dbc0aed73db29044ae1dae992e7,2,d07ea11715424c532585c0e6b8e1c596ad06427f7832775b0675ca48c6917d25,98023,24506,4,,0.998520394323554,0.004231343710700363,KDB,0.0029422549223845776,generative,0,122528,False,0.0,0.9999974945972708,0.07652899999993679,bed623d43432491a49a4e12d6dfb751afc640ae79d1981d3f8043962557fca48,98023,1,294069,0.02894480749173566,0.9999915775569662,245057,1.0,True,"repeat=1,fold=2",043774c253b5db849a91747362f6dcb05757f1043006bb04e47217dec756ebb9,train,eb84268ebf1a88121a16dcfd6831d803cd745c47ed3b0691d4dcd3c19baef44b,0602e7f3c1cc52aef5a94f500c4a15f94d504d07c3e3cc0789c2dfe0d2c6b5b6,41444.0,203.57799488156869,1.0,0.0
668,0.0,6,6,8.161266628580756e-05,2,0.00399902064800457,2e219c54a929d16f0cc7,440.22305389221555,18.0,0.0,0.0,0,Skin Segmentation,UCI Skin Segmentation via OpenML data_id=1502,,0,0,0.001002684146608545,0.9999183873337142,73512,2,PRIMARY,73518,3,8cc2457d399737ea35c1db8bf491f1b494fe8dbc0aed73db29044ae1dae992e7,2,d07ea11715424c532585c0e6b8e1c596ad06427f7832775b0675ca48c6917d25,98023,24506,4,,0.9969834444402079,0.007215091606570436,KDB,0.00920987394331598,generative,0,122528,False,0.0,0.9999615891045407,0.01475730000004205,cedad78cffb223f5e1d8d7db20a21143dac3fed7d3c7c43b4f3f49f4b64ffe12,98023,1,73518,0.049156614177091745,0.9998427105282448,245057,1.0,True,"repeat=1,fold=2",043774c253b5db849a91747362f6dcb05757f1043006bb04e47217dec756ebb9,validation,eb84268ebf1a88121a16dcfd6831d803cd745c47ed3b0691d4dcd3c19baef44b,0602e7f3c1cc52aef5a94f500c4a15f94d504d07c3e3cc0789c2dfe0d2c6b5b6,41444.0,203.57799488156869,1.0,0.0
668,0.0,46,46,0.00012514146426395055,2,0.003460433533559676,2e219c54a929d16f0cc7,440.22305389221555,18.0,0.0,0.0,0,Skin Segmentation,UCI Skin Segmentation via OpenML data_id=1502,,0,0,0.0008181760381374311,0.9998748585357361,367538,2,PRIMARY,367584,3,8cc2457d399737ea35c1db8bf491f1b494fe8dbc0aed73db29044ae1dae992e7,2,d07ea11715424c532585c0e6b8e1c596ad06427f7832775b0675ca48c6917d25,98023,24506,4,,0.9972530295380502,0.00686841601443404,KDB,0.007867933004176111,generative,0,122528,False,0.0,0.9999775434152791,0.0834772000000612,229f16bcc625a189c7c484d9c03f9e20a069f36698925e0484e869ec4842a17e,98023,1,367584,0.0457070698027613,0.9999133215103398,245057,1.0,True,"repeat=1,fold=2",043774c253b5db849a91747362f6dcb05757f1043006bb04e47217dec756ebb9,test,eb84268ebf1a88121a16dcfd6831d803cd745c47ed3b0691d4dcd3c19baef44b,0602e7f3c1cc52aef5a94f500c4a15f94d504d07c3e3cc0789c2dfe0d2c6b5b6,41444.0,203.57799488156869,1.0,0.0
668,0.0,0,0,0.0,2,0.0012548075451679708,2e219c54a929d16f0cc7,440.22305389221555,18.0,0.0,0.0,0,Skin Segmentation,UCI Skin Segmentation via OpenML data_id=1502,,0,0,0.0002583897288761517,1.0,294069,2,PRIMARY,294069,3,8cc2457d399737ea35c1db8bf491f1b494fe8dbc0aed73db29044ae1dae992e7,2,d07ea11715424c532585c0e6b8e1c596ad06427f7832775b0675ca48c6917d25,98023,24506,5,,0.998520394323554,0.004231343710700363,KDB,0.0029422549223845776,generative,0,122528,False,0.0,0.9999974945972708,0.07285939999997026,bed623d43432491a49a4e12d6dfb751afc640ae79d1981d3f8043962557fca48,98023,1,294069,0.02894480749173566,0.9999915775569662,245057,1.0,True,"repeat=1,fold=2",043774c253b5db849a91747362f6dcb05757f1043006bb04e47217dec756ebb9,train,eb84268ebf1a88121a16dcfd6831d803cd745c47ed3b0691d4dcd3c19baef44b,0602e7f3c1cc52aef5a94f500c4a15f94d504d07c3e3cc0789c2dfe0d2c6b5b6,41444.0,203.57799488156869,1.0,0.0
668,0.0,6,6,8.161266628580756e-05,2,0.00399902064800457,2e219c54a929d16f0cc7,440.22305389221555,18.0,0.0,0.0,0,Skin Segmentation,UCI Skin Segmentation via OpenML data_id=1502,,0,0,0.001002684146608545,0.9999183873337142,73512,2,PRIMARY,73518,3,8cc2457d399737ea35c1db8bf491f1b494fe8dbc0aed73db29044ae1dae992e7,2,d07ea11715424c532585c0e6b8e1c596ad06427f7832775b0675ca48c6917d25,98023,24506,5,,0.9969834444402079,0.007215091606570436,KDB,0.00920987394331598,generative,0,122528,False,0.0,0.9999615891045407,0.017112199999928634,cedad78cffb223f5e1d8d7db20a21143dac3fed7d3c7c43b4f3f49f4b64ffe12,98023,1,73518,0.049156614177091745,0.9998427105282448,245057,1.0,True,"repeat=1,fold=2",043774c253b5db849a91747362f6dcb05757f1043006bb04e47217dec756ebb9,validation,eb84268ebf1a88121a16dcfd6831d803cd745c47ed3b0691d4dcd3c19baef44b,0602e7f3c1cc52aef5a94f500c4a15f94d504d07c3e3cc0789c2dfe0d2c6b5b6,41444.0,203.57799488156869,1.0,0.0
668,0.0,46,46,0.00012514146426395055,2,0.003460433533559676,2e219c54a929d16f0cc7,440.22305389221555,18.0,0.0,0.0,0,Skin Segmentation,UCI Skin Segmentation via OpenML data_id=1502,,0,0,0.0008181760381374311,0.9998748585357361,367538,2,PRIMARY,367584,3,8cc2457d399737ea35c1db8bf491f1b494fe8dbc0aed73db29044ae1dae992e7,2,d07ea11715424c532585c0e6b8e1c596ad06427f7832775b0675ca48c6917d25,98023,24506,5,,0.9972530295380502,0.00686841601443404,KDB,0.007867933004176111,generative,0,122528,False,0.0,0.9999775434152791,0.08141460000001643,229f16bcc625a189c7c484d9c03f9e20a069f36698925e0484e869ec4842a17e,98023,1,367584,0.0457070698027613,0.9999133215103398,245057,1.0,True,"repeat=1,fold=2",043774c253b5db849a91747362f6dcb05757f1043006bb04e47217dec756ebb9,test,eb84268ebf1a88121a16dcfd6831d803cd745c47ed3b0691d4dcd3c19baef44b,0602e7f3c1cc52aef5a94f500c4a15f94d504d07c3e3cc0789c2dfe0d2c6b5b6,41444.0,203.57799488156869,1.0,0.0
3,0.0,0,0,0.0,2,0.05202913631633715,2e219c54a929d16f0cc7,98022.0,98022.0,0.0,0.0,0,Skin Segmentation,UCI Skin Segmentation via OpenML data_id=1502,,0,0,0.006141831107647487,0.0,0,0,PRIMARY,294066,3,af45b7bd54ee1e9501c791ce0ff6bd1b2508a81aab3d19515d5c20392052f3fc,1,cab23086881016a7eb2204806263070afaeda7826af85d23116e390b21ad4b88,98022,24506,0,,0.9500282261465833,0.1273797727869203,KDB,0.13729624721867867,generative,0,122529,False,0.0,0.9953804866331366,0.02878889999999501,01136c6c82015fd37cb9f3093345698eecc9b3587b8534a2fc575d67984ddd9f,98022,2,0,0.19886568029241508,0.9814737126456706,245057,1.0,False,"repeat=2,fold=1",6ad42d10abe6cb18a9026189931c0f8456523a0d25f42baaf5e049527ae00f7b,train,6a3d5fe7db1796d4dc2b3f8ecf79d97002289e7ef7e9aa1b51cd2bafc7d4fe39,fe3d61e09f9b203205f170e5ba553b6f57bb3ac3b05ff4ca8a9dbebf46e4402f,180.0,13.416407864998739,1.0,0.0
3,0.0,0,0,0.0,2,0.055333387741777526,2e219c54a929d16f0cc7,98022.0,98022.0,0.0,0.0,0,Skin Segmentation,UCI Skin Segmentation via OpenML data_id=1502,,0,0,0.006860727201778769,0.0,0,0,PRIMARY,73518,3,af45b7bd54ee1e9501c791ce0ff6bd1b2508a81aab3d19515d5c20392052f3fc,1,cab23086881016a7eb2204806263070afaeda7826af85d23116e390b21ad4b88,98022,24506,0,,0.9491147429346766,0.1296400617957211,KDB,0.1457718645325978,generative,0,122529,False,0.0,0.9947922610761446,0.007813100000021223,15d19d76f42e52f8a67c68e7be6064d11668eed76f7a4749904904fd49ad9812,98022,2,0,0.20447611028196094,0.9794315831549055,245057,1.0,False,"repeat=2,fold=1",6ad42d10abe6cb18a9026189931c0f8456523a0d25f42baaf5e049527ae00f7b,validation,6a3d5fe7db1796d4dc2b3f8ecf79d97002289e7ef7e9aa1b51cd2bafc7d4fe39,fe3d61e09f9b203205f170e5ba553b6f57bb3ac3b05ff4ca8a9dbebf46e4402f,180.0,13.416407864998739,1.0,0.0
3,0.0,0,0,0.0,2,0.05385663802038701,2e219c54a929d16f0cc7,98022.0,98022.0,0.0,0.0,0,Skin Segmentation,UCI Skin Segmentation via OpenML data_id=1502,,0,0,0.006127095089598352,0.0,0,0,PRIMARY,367587,3,af45b7bd54ee1e9501c791ce0ff6bd1b2508a81aab3d19515d5c20392052f3fc,1,cab23086881016a7eb2204806263070afaeda7826af85d23116e390b21ad4b88,98022,24506,0,,0.9491208300126305,0.12926887243577648,KDB,0.14181961351444067,generative,0,122529,False,0.0,0.9950894005183891,0.05493489999992107,7e7d031f14bb0f8adf50e5ea38b7532388cf2b94278edd570ff750bae59327c5,98022,2,0,0.2022935390518926,0.9803619194159572,245057,1.0,False,"repeat=2,fold=1",6ad42d10abe6cb18a9026189931c0f8456523a0d25f42baaf5e049527ae00f7b,test,6a3d5fe7db1796d4dc2b3f8ecf79d97002289e7ef7e9aa1b51cd2bafc7d4fe39,fe3d61e09f9b203205f170e5ba553b6f57bb3ac3b05ff4ca8a9dbebf46e4402f,180.0,13.416407864998739,1.0,0.0
57,0.0,0,0,0.0,2,0.002764685478770072,2e219c54a929d16f0cc7,5159.0526315789475,1922.0,0.0,0.0,0,Skin Segmentation,UCI Skin Segmentation via OpenML data_id=1502,,0,0,0.0019349805160313763,0.6666666666666666,196044,1,PRIMARY,294066,3,af45b7bd54ee1e9501c791ce0ff6bd1b2508a81aab3d19515d5c20392052f3fc,1,b9219393231a53d4c6206c89e7ec9bfadfcb2f500ca397d296581c7443906b64,98022,24506,1,,0.9959635991506935,0.011811084896457678,KDB,0.008042686574605596,generative,0,122529,False,0.0,0.9999758603781208,0.0607658999999785,2a60aa7497a6225eef99da3d88d7fb81c206ef00a6b968f9e75721e201ffbd1a,98022,2,196044,0.044457913731146464,0.9999046230092545,245057,1.0,False,"repeat=2,fold=1",a7746a6c33f274eb5085ff0831dd2ee290cec236af7e58c9634ef7e16870080e,train,6a3d5fe7db1796d4dc2b3f8ecf79d97002289e7ef7e9aa1b51cd2bafc7d4fe39,fe3d61e09f9b203205f170e5ba553b6f57bb3ac3b05ff4ca8a9dbebf46e4402f,3744.0,61.18823416311342,1.0,0.0
57,0.0,0,0,0.0,2,0.004243858646861993,2e219c54a929d16f0cc7,5159.0526315789475,1922.0,0.0,0.0,0,Skin Segmentation,UCI Skin Segmentation via OpenML data_id=1502,,0,0,0.0009611282549090233,0.6666666666666666,49012,1,PRIMARY,73518,3,af45b7bd54ee1e9501c791ce0ff6bd1b2508a81aab3d19515d5c20392052f3fc,1,b9219393231a53d4c6206c89e7ec9bfadfcb2f500ca397d296581c7443906b64,98022,24506,1,,0.9952505979895969,0.013149103775312556,KDB,0.012703313494345966,generative,0,122529,False,0.0,0.9999351205126765,0.016654600000038045,7f7b298efc3604dfda8a5c46887aa0ab3a406baab9758803f83cc0c680387e2d,98022,2,49012,0.05676015384344192,0.9997363170157129,245057,1.0,False,"repeat=2,fold=1",a7746a6c33f274eb5085ff0831dd2ee290cec236af7e58c9634ef7e16870080e,validation,6a3d5fe7db1796d4dc2b3f8ecf79d97002289e7ef7e9aa1b51cd2bafc7d4fe39,fe3d61e09f9b203205f170e5ba553b6f57bb3ac3b05ff4ca8a9dbebf46e4402f,3744.0,61.18823416311342,1.0,0.0
57,0.0,0,0,0.0,2,0.004023537285050886,2e219c54a929d16f0cc7,5159.0526315789475,1922.0,0.0,0.0,0,Skin Segmentation,UCI Skin Segmentation via OpenML data_id=1502,,0,0,0.0009737579365026763,0.6666666666666666,245058,1,PRIMARY,367587,3,af45b7bd54ee1e9501c791ce0ff6bd1b2508a81aab3d19515d5c20392052f3fc,1,b9219393231a53d4c6206c89e7ec9bfadfcb2f500ca397d296581c7443906b64,98022,24506,1,,0.9956143778856287,0.01250046425548166,KDB,0.012256444085735785,generative,0,122529,False,0.0,0.9999354910966526,0.08045530000003964,2ca9d83b5c6961984b17ad5b25c2db1b09b7a3c63645acee044632140de99734,98022,2,245058,0.055004874029329236,0.9997362794713978,245057,1.0,False,"repeat=2,fold=1",a7746a6c33f274eb5085ff0831dd2ee290cec236af7e58c9634ef7e16870080e,test,6a3d5fe7db1796d4dc2b3f8ecf79d97002289e7ef7e9aa1b51cd2bafc7d4fe39,fe3d61e09f9b203205f170e5ba553b6f57bb3ac3b05ff4ca8a9dbebf46e4402f,3744.0,61.18823416311342,1.0,0.0
656,0.0,0,0,0.0,2,0.0009997755605884392,2e219c54a929d16f0cc7,448.2713414634146,19.0,0.0,0.0,0,Skin Segmentation,UCI Skin Segmentation via OpenML data_id=1502,,0,0,0.0003237776054215388,1.0,294066,2,PRIMARY,294066,3,af45b7bd54ee1e9501c791ce0ff6bd1b2508a81aab3d19515d5c20392052f3fc,1,e2eb5141b6d30db50a1080c0bd83b98c83e110ff4055abe2c594b57c886b3b0e,98022,24506,2,,0.9986979292356982,0.0041730889028844705,KDB,0.0025831273854665243,generative,0,122529,False,0.0,0.9999979529328848,0.057860699999991994,dd09678789cd0b456164b489320032913d4d49c30ba6d55a8cc45a10f06646f9,98022,2,294066,0.02644951246838677,0.9999935800236793,245057,1.0,False,"repeat=2,fold=1",13f9fa321882030cb06c826cd0105876d8f64c625809aa62ad1e176613fa017e,train,6a3d5fe7db1796d4dc2b3f8ecf79d97002289e7ef7e9aa1b51cd2bafc7d4fe39,fe3d61e09f9b203205f170e5ba553b6f57bb3ac3b05ff4ca8a9dbebf46e4402f,43278.0,208.0336511240429,1.0,0.0
656,0.0,7,7,9.521477733344215e-05,2,0.003917407981718763,2e219c54a929d16f0cc7,448.2713414634146,19.0,0.0,0.0,0,Skin Segmentation,UCI Skin Segmentation via OpenML data_id=1502,,0,0,0.0008260159164209986,0.9999047852226666,73511,2,PRIMARY,73518,3,af45b7bd54ee1e9501c791ce0ff6bd1b2508a81aab3d19515d5c20392052f3fc,1,e2eb5141b6d30db50a1080c0bd83b98c83e110ff4055abe2c594b57c886b3b0e,98022,24506,2,,0.9966775813712584,0.007999942011000622,KDB,0.008708154733425911,generative,0,122529,False,0.0,0.9999760057059889,0.019592300000113028,9b96460f3ae8779d1d7a8d19e893682c36f9bf51542436cdc93321a64c59907c,98022,2,73518,0.04850111009155067,0.9999079833050724,245057,1.0,False,"repeat=2,fold=1",13f9fa321882030cb06c826cd0105876d8f64c625809aa62ad1e176613fa017e,validation,6a3d5fe7db1796d4dc2b3f8ecf79d97002289e7ef7e9aa1b51cd2bafc7d4fe39,fe3d61e09f9b203205f170e5ba553b6f57bb3ac3b05ff4ca8a9dbebf46e4402f,43278.0,208.0336511240429,1.0,0.0
656,0.0,54,54,0.00014690399823715202,2,0.003901117286519926,2e219c54a929d16f0cc7,448.2713414634146,19.0,0.0,0.0,0,Skin Segmentation,UCI Skin Segmentation via OpenML data_id=1502,,0,0,0.000780301190113772,0.9998530960017629,367533,2,PRIMARY,367587,3,af45b7bd54ee1e9501c791ce0ff6bd1b2508a81aab3d19515d5c20392052f3fc,1,e2eb5141b6d30db50a1080c0bd83b98c83e110ff4055abe2c594b57c886b3b0e,98022,24506,2,,0.9968735078267528,0.007608486377443456,KDB,0.009053527528668368,generative,0,122529,False,0.0,0.9999735481823437,0.08657279999988532,0d87d50ff1dbd30b868f751e8ddaa96555f4033a75ff831aabcb136f7dcfd7ab,98022,2,367587,0.04927621519171261,0.9998960097873848,245057,1.0,False,"repeat=2,fold=1",13f9fa321882030cb06c826cd0105876d8f64c625809aa62ad1e176613fa017e,test,6a3d5fe7db1796d4dc2b3f8ecf79d97002289e7ef7e9aa1b51cd2bafc7d4fe39,fe3d61e09f9b203205f170e5ba553b6f57bb3ac3b05ff4ca8a9dbebf46e4402f,43278.0,208.0336511240429,1.0,0.0
656,0.0,0,0,0.0,2,0.0009997755605884392,2e219c54a929d16f0cc7,448.2713414634146,19.0,0.0,0.0,0,Skin Segmentation,UCI Skin Segmentation via OpenML data_id=1502,,0,0,0.0003237776054215388,1.0,294066,2,PRIMARY,294066,3,af45b7bd54ee1e9501c791ce0ff6bd1b2508a81aab3d19515d5c20392052f3fc,1,e2eb5141b6d30db50a1080c0bd83b98c83e110ff4055abe2c594b57c886b3b0e,98022,24506,3,,0.9986979292356982,0.0041730889028844705,KDB,0.0025831273854665243,generative,0,122529,False,0.0,0.9999979529328848,0.0731725999999071,dd09678789cd0b456164b489320032913d4d49c30ba6d55a8cc45a10f06646f9,98022,2,294066,0.02644951246838677,0.9999935800236793,245057,1.0,True,"repeat=2,fold=1",13f9fa321882030cb06c826cd0105876d8f64c625809aa62ad1e176613fa017e,train,6a3d5fe7db1796d4dc2b3f8ecf79d97002289e7ef7e9aa1b51cd2bafc7d4fe39,fe3d61e09f9b203205f170e5ba553b6f57bb3ac3b05ff4ca8a9dbebf46e4402f,43278.0,208.0336511240429,1.0,0.0
656,0.0,7,7,9.521477733344215e-05,2,0.003917407981718763,2e219c54a929d16f0cc7,448.2713414634146,19.0,0.0,0.0,0,Skin Segmentation,UCI Skin Segmentation via OpenML data_id=1502,,0,0,0.0008260159164209986,0.9999047852226666,73511,2,PRIMARY,73518,3,af45b7bd54ee1e9501c791ce0ff6bd1b2508a81aab3d19515d5c20392052f3fc,1,e2eb5141b6d30db50a1080c0bd83b98c83e110ff4055abe2c594b57c886b3b0e,98022,24506,3,,0.9966775813712584,0.007999942011000622,KDB,0.008708154733425911,generative,0,122529,False,0.0,0.9999760057059889,0.01412239999990561,9b96460f3ae8779d1d7a8d19e893682c36f9bf51542436cdc93321a64c59907c,98022,2,73518,0.04850111009155067,0.9999079833050724,245057,1.0,True,"repeat=2,fold=1",13f9fa321882030cb06c826cd0105876d8f64c625809aa62ad1e176613fa017e,validation,6a3d5fe7db1796d4dc2b3f8ecf79d97002289e7ef7e9aa1b51cd2bafc7d4fe39,fe3d61e09f9b203205f170e5ba553b6f57bb3ac3b05ff4ca8a9dbebf46e4402f,43278.0,208.0336511240429,1.0,0.0
656,0.0,54,54,0.00014690399823715202,2,0.003901117286519926,2e219c54a929d16f0cc7,448.2713414634146,19.0,0.0,0.0,0,Skin Segmentation,UCI Skin Segmentation via OpenML data_id=1502,,0,0,0.000780301190113772,0.9998530960017629,367533,2,PRIMARY,367587,3,af45b7bd54ee1e9501c791ce0ff6bd1b2508a81aab3d19515d5c20392052f3fc,1,e2eb5141b6d30db50a1080c0bd83b98c83e110ff4055abe2c594b57c886b3b0e,98022,24506,3,,0.9968735078267528,0.007608486377443456,KDB,0.009053527528668368,generative,0,122529,False,0.0,0.9999735481823437,0.0947407999999541,0d87d50ff1dbd30b868f751e8ddaa96555f4033a75ff831aabcb136f7dcfd7ab,98022,2,367587,0.04927621519171261,0.9998960097873848,245057,1.0,True,"repeat=2,fold=1",13f9fa321882030cb06c826cd0105876d8f64c625809aa62ad1e176613fa017e,test,6a3d5fe7db1796d4dc2b3f8ecf79d97002289e7ef7e9aa1b51cd2bafc7d4fe39,fe3d61e09f9b203205f170e5ba553b6f57bb3ac3b05ff4ca8a9dbebf46e4402f,43278.0,208.0336511240429,1.0,0.0
656,0.0,0,0,0.0,2,0.0009997755605884392,2e219c54a929d16f0cc7,448.2713414634146,19.0,0.0,0.0,0,Skin Segmentation,UCI Skin Segmentation via OpenML data_id=1502,,0,0,0.0003237776054215388,1.0,294066,2,PRIMARY,294066,3,af45b7bd54ee1e9501c791ce0ff6bd1b2508a81aab3d19515d5c20392052f3fc,1,e2eb5141b6d30db50a1080c0bd83b98c83e110ff4055abe2c594b57c886b3b0e,98022,24506,4,,0.9986979292356982,0.0041730889028844705,KDB,0.0025831273854665243,generative,0,122529,False,0.0,0.9999979529328848,0.06977390000020023,dd09678789cd0b456164b489320032913d4d49c30ba6d55a8cc45a10f06646f9,98022,2,294066,0.02644951246838677,0.9999935800236793,245057,1.0,True,"repeat=2,fold=1",13f9fa321882030cb06c826cd0105876d8f64c625809aa62ad1e176613fa017e,train,6a3d5fe7db1796d4dc2b3f8ecf79d97002289e7ef7e9aa1b51cd2bafc7d4fe39,fe3d61e09f9b203205f170e5ba553b6f57bb3ac3b05ff4ca8a9dbebf46e4402f,43278.0,208.0336511240429,1.0,0.0
656,0.0,7,7,9.521477733344215e-05,2,0.003917407981718763,2e219c54a929d16f0cc7,448.2713414634146,19.0,0.0,0.0,0,Skin Segmentation,UCI Skin Segmentation via OpenML data_id=1502,,0,0,0.0008260159164209986,0.9999047852226666,73511,2,PRIMARY,73518,3,af45b7bd54ee1e9501c791ce0ff6bd1b2508a81aab3d19515d5c20392052f3fc,1,e2eb5141b6d30db50a1080c0bd83b98c83e110ff4055abe2c594b57c886b3b0e,98022,24506,4,,0.9966775813712584,0.007999942011000622,KDB,0.008708154733425911,generative,0,122529,False,0.0,0.9999760057059889,0.011774299999842697,9b96460f3ae8779d1d7a8d19e893682c36f9bf51542436cdc93321a64c59907c,98022,2,73518,0.04850111009155067,0.9999079833050724,245057,1.0,True,"repeat=2,fold=1",13f9fa321882030cb06c826cd0105876d8f64c625809aa62ad1e176613fa017e,validation,6a3d5fe7db1796d4dc2b3f8ecf79d97002289e7ef7e9aa1b51cd2bafc7d4fe39,fe3d61e09f9b203205f170e5ba553b6f57bb3ac3b05ff4ca8a9dbebf46e4402f,43278.0,208.0336511240429,1.0,0.0
656,0.0,54,54,0.00014690399823715202,2,0.003901117286519926,2e219c54a929d16f0cc7,448.2713414634146,19.0,0.0,0.0,0,Skin Segmentation,UCI Skin Segmentation via OpenML data_id=1502,,0,0,0.000780301190113772,0.9998530960017629,367533,2,PRIMARY,367587,3,af45b7bd54ee1e9501c791ce0ff6bd1b2508a81aab3d19515d5c20392052f3fc,1,e2eb5141b6d30db50a1080c0bd83b98c83e110ff4055abe2c594b57c886b3b0e,98022,24506,4,,0.9968735078267528,0.007608486377443456,KDB,0.009053527528668368,generative,0,122529,False,0.0,0.9999735481823437,0.07731639999997242,0d87d50ff1dbd30b868f751e8ddaa96555f4033a75ff831aabcb136f7dcfd7ab,98022,2,367587,0.04927621519171261,0.9998960097873848,245057,1.0,True,"repeat=2,fold=1",13f9fa321882030cb06c826cd0105876d8f64c625809aa62ad1e176613fa017e,test,6a3d5fe7db1796d4dc2b3f8ecf79d97002289e7ef7e9aa1b51cd2bafc7d4fe39,fe3d61e09f9b203205f170e5ba553b6f57bb3ac3b05ff4ca8a9dbebf46e4402f,43278.0,208.0336511240429,1.0,0.0
656,0.0,0,0,0.0,2,0.0009997755605884392,2e219c54a929d16f0cc7,448.2713414634146,19.0,0.0,0.0,0,Skin Segmentation,UCI Skin Segmentation via OpenML data_id=1502,,0,0,0.0003237776054215388,1.0,294066,2,PRIMARY,294066,3,af45b7bd54ee1e9501c791ce0ff6bd1b2508a81aab3d19515d5c20392052f3fc,1,e2eb5141b6d30db50a1080c0bd83b98c83e110ff4055abe2c594b57c886b3b0e,98022,24506,5,,0.9986979292356982,0.0041730889028844705,KDB,0.0025831273854665243,generative,0,122529,False,0.0,0.9999979529328848,0.0647318000001178,dd09678789cd0b456164b489320032913d4d49c30ba6d55a8cc45a10f06646f9,98022,2,294066,0.02644951246838677,0.9999935800236793,245057,1.0,True,"repeat=2,fold=1",13f9fa321882030cb06c826cd0105876d8f64c625809aa62ad1e176613fa017e,train,6a3d5fe7db1796d4dc2b3f8ecf79d97002289e7ef7e9aa1b51cd2bafc7d4fe39,fe3d61e09f9b203205f170e5ba553b6f57bb3ac3b05ff4ca8a9dbebf46e4402f,43278.0,208.0336511240429,1.0,0.0
656,0.0,7,7,9.521477733344215e-05,2,0.003917407981718763,2e219c54a929d16f0cc7,448.2713414634146,19.0,0.0,0.0,0,Skin Segmentation,UCI Skin Segmentation via OpenML data_id=1502,,0,0,0.0008260159164209986,0.9999047852226666,73511,2,PRIMARY,73518,3,af45b7bd54ee1e9501c791ce0ff6bd1b2508a81aab3d19515d5c20392052f3fc,1,e2eb5141b6d30db50a1080c0bd83b98c83e110ff4055abe2c594b57c886b3b0e,98022,24506,5,,0.9966775813712584,0.007999942011000622,KDB,0.008708154733425911,generative,0,122529,False,0.0,0.9999760057059889,0.020907099999931233,9b96460f3ae8779d1d7a8d19e893682c36f9bf51542436cdc93321a64c59907c,98022,2,73518,0.04850111009155067,0.9999079833050724,245057,1.0,True,"repeat=2,fold=1",13f9fa321882030cb06c826cd0105876d8f64c625809aa62ad1e176613fa017e,validation,6a3d5fe7db1796d4dc2b3f8ecf79d97002289e7ef7e9aa1b51cd2bafc7d4fe39,fe3d61e09f9b203205f170e5ba553b6f57bb3ac3b05ff4ca8a9dbebf46e4402f,43278.0,208.0336511240429,1.0,0.0
656,0.0,54,54,0.00014690399823715202,2,0.003901117286519926,2e219c54a929d16f0cc7,448.2713414634146,19.0,0.0,0.0,0,Skin Segmentation,UCI Skin Segmentation via OpenML data_id=1502,,0,0,0.000780301190113772,0.9998530960017629,367533,2,PRIMARY,367587,3,af45b7bd54ee1e9501c791ce0ff6bd1b2508a81aab3d19515d5c20392052f3fc,1,e2eb5141b6d30db50a1080c0bd83b98c83e110ff4055abe2c594b57c886b3b0e,98022,24506,5,,0.9968735078267528,0.007608486377443456,KDB,0.009053527528668368,generative,0,122529,False,0.0,0.9999735481823437,0.1036696999999549,0d87d50ff1dbd30b868f751e8ddaa96555f4033a75ff831aabcb136f7dcfd7ab,98022,2,367587,0.04927621519171261,0.9998960097873848,245057,1.0,True,"repeat=2,fold=1",13f9fa321882030cb06c826cd0105876d8f64c625809aa62ad1e176613fa017e,test,6a3d5fe7db1796d4dc2b3f8ecf79d97002289e7ef7e9aa1b51cd2bafc7d4fe39,fe3d61e09f9b203205f170e5ba553b6f57bb3ac3b05ff4ca8a9dbebf46e4402f,43278.0,208.0336511240429,1.0,0.0
3,0.0,0,0,0.0,2,0.054558623996409004,2e219c54a929d16f0cc7,98023.0,98023.0,0.0,0.0,0,Skin Segmentation,UCI Skin Segmentation via OpenML data_id=1502,,0,0,0.00933630403722852,0.0,0,0,PRIMARY,294069,3,774bd8bc76e78517c6e7b1c10dcba992309885b756db751c2a7a49cb28a02771,2,ea93f52aee7a5518c3395b5fc260ea9b0d0b4877fb39a02747f11a438384d32a,98023,24506,0,,0.9489241971419973,0.12977310657623942,KDB,0.13998209565556818,generative,0,122528,False,0.0,0.9951822329199089,0.06396019999988312,ae3dea2a3c19e18a4d596c5a026fa00094d5548fbcf8184898c900db6f79eb34,98023,2,0,0.20088815552587314,0.9805781206789101,245057,1.0,False,"repeat=2,fold=2",6ad42d10abe6cb18a9026189931c0f8456523a0d25f42baaf5e049527ae00f7b,train,6905f10a9e262e4fda5fc0e0a5f816ce48eafe5351398eceef46d4b7ac15df05,0e439aae03c042cea69ef53104a3cc62b33d40284190c619f8b662f933f141c0,172.0,13.114877048604,1.0,0.0
3,0.0,0,0,0.0,2,0.05529258140863462,2e219c54a929d16f0cc7,98023.0,98023.0,0.0,0.0,0,Skin Segmentation,UCI Skin Segmentation via OpenML data_id=1502,,0,0,0.009161334000059477,0.0,0,0,PRIMARY,73518,3,774bd8bc76e78517c6e7b1c10dcba992309885b756db751c2a7a49cb28a02771,2,ea93f52aee7a5518c3395b5fc260ea9b0d0b4877fb39a02747f11a438384d32a,98023,24506,0,,0.949324012394556,0.12934154573212045,KDB,0.14155777997187952,generative,0,122528,False,0.0,0.9951111440730102,0.011607099999991988,c35729d0d3d9e6d5118c1fb12bc8879515521ac491c49194d441c73a5e315111,98023,2,0,0.20242720960303667,0.9802669420670947,245057,1.0,False,"repeat=2,fold=2",6ad42d10abe6cb18a9026189931c0f8456523a0d25f42baaf5e049527ae00f7b,validation,6905f10a9e262e4fda5fc0e0a5f816ce48eafe5351398eceef46d4b7ac15df05,0e439aae03c042cea69ef53104a3cc62b33d40284190c619f8b662f933f141c0,172.0,13.114877048604,1.0,0.0
3,0.0,0,0,0.0,2,0.05398765996343693,2e219c54a929d16f0cc7,98023.0,98023.0,0.0,0.0,0,Skin Segmentation,UCI Skin Segmentation via OpenML data_id=1502,,0,0,0.010654292704387492,0.0,0,0,PRIMARY,367584,3,774bd8bc76e78517c6e7b1c10dcba992309885b756db751c2a7a49cb28a02771,2,ea93f52aee7a5518c3395b5fc260ea9b0d0b4877fb39a02747f11a438384d32a,98023,24506,0,,0.9493964665566005,0.12894417135081573,KDB,0.14013803969215569,generative,0,122528,False,0.0,0.9951456126380636,0.06383810000011181,6e3aac639c3eccfddabd122ed7d109f8b088fcf83cbba6d0eb03d17455fd1aa7,98023,2,0,0.20010726367673268,0.9806154579265246,245057,1.0,False,"repeat=2,fold=2",6ad42d10abe6cb18a9026189931c0f8456523a0d25f42baaf5e049527ae00f7b,test,6905f10a9e262e4fda5fc0e0a5f816ce48eafe5351398eceef46d4b7ac15df05,0e439aae03c042cea69ef53104a3cc62b33d40284190c619f8b662f933f141c0,172.0,13.114877048604,1.0,0.0
55,0.0,0,0,0.0,2,0.006651500158126154,2e219c54a929d16f0cc7,5346.709090909091,2645.0,0.0,0.0,0,Skin Segmentation,UCI Skin Segmentation via OpenML data_id=1502,,0,0,0.00256847665242357,0.6666666666666666,196046,1,PRIMARY,294069,3,774bd8bc76e78517c6e7b1c10dcba992309885b756db751c2a7a49cb28a02771,2,15bd97286a6c8798f2c41dcff535c44543faa8e5277994c0684220abd3ed418a,98023,24506,1,,0.9946431331502165,0.014871610545241257,KDB,0.01919480761980666,generative,0,122528,False,0.0,0.9998871031249638,0.06382669999993595,2d5350361d481dcaa58b851e63155b1a6aeffbf6875a0f8c4ea9655343021aca,98023,2,196046,0.07101428119003868,0.9995473392478601,245057,1.0,False,"repeat=2,fold=2",fdc02b2535c0b99abc75de190a38b636b47dd8883fdee16bf79dbaa495f6802a,train,6905f10a9e262e4fda5fc0e0a5f816ce48eafe5351398eceef46d4b7ac15df05,0e439aae03c042cea69ef53104a3cc62b33d40284190c619f8b662f933f141c0,3438.0,58.63446085707619,1.0,0.0
55,0.0,0,0,0.0,2,0.008079653962294948,2e219c54a929d16f0cc7,5346.709090909091,2645.0,0.0,0.0,0,Skin Segmentation,UCI Skin Segmentation via OpenML data_id=1502,,0,0,0.0035737515831988295,0.6666666666666666,49012,1,PRIMARY,73518,3,774bd8bc76e78517c6e7b1c10dcba992309885b756db751c2a7a49cb28a02771,2,15bd97286a6c8798f2c41dcff535c44543faa8e5277994c0684220abd3ed418a,98023,24506,1,,0.9945639989817188,0.015112650059715611,KDB,0.02375884582947199,generative,0,122528,False,0.0,0.9998396653299787,0.016283700000030876,5e53ee57001d04ffa13359a2b2a93dfe21768cc5d8d04db39f54e479a0682acc,98023,2,49012,0.07809955582959446,0.9993537974845024,245057,1.0,False,"repeat=2,fold=2",fdc02b2535c0b99abc75de190a38b636b47dd8883fdee16bf79dbaa495f6802a,validation,6905f10a9e262e4fda5fc0e0a5f816ce48eafe5351398eceef46d4b7ac15df05,0e439aae03c042cea69ef53104a3cc62b33d40284190c619f8b662f933f141c0,3438.0,58.63446085707619,1.0,0.0
55,0.0,0,0,0.0,2,0.007761491250979368,2e219c54a929d16f0cc7,5346.709090909091,2645.0,0.0,0.0,0,Skin Segmentation,UCI Skin Segmentation via OpenML data_id=1502,,0,0,0.0028758833467038168,0.6666666666666666,245056,1,PRIMARY,367584,3,774bd8bc76e78517c6e7b1c10dcba992309885b756db751c2a7a49cb28a02771,2,15bd97286a6c8798f2c41dcff535c44543faa8e5277994c0684220abd3ed418a,98023,24506,1,,0.9943389736242748,0.015489178987591373,KDB,0.023196977187357245,generative,0,122528,False,0.0,0.9998382947861029,0.0629298999999719,8ceec9795270a0b65d2c16afaed4462e18cf23c3efd359b17ac11eb56956868f,98023,2,245056,0.07697313098727125,0.9993474166234126,245057,1.0,False,"repeat=2,fold=2",fdc02b2535c0b99abc75de190a38b636b47dd8883fdee16bf79dbaa495f6802a,test,6905f10a9e262e4fda5fc0e0a5f816ce48eafe5351398eceef46d4b7ac15df05,0e439aae03c042cea69ef53104a3cc62b33d40284190c619f8b662f933f141c0,3438.0,58.63446085707619,1.0,0.0
670,0.0,0,0,0.0,2,0.0010915805474225437,2e219c54a929d16f0cc7,438.9089552238806,18.0,0.0,0.0,0,Skin Segmentation,UCI Skin Segmentation via OpenML data_id=1502,,0,0,0.000264243752548412,1.0,294069,2,PRIMARY,294069,3,774bd8bc76e78517c6e7b1c10dcba992309885b756db751c2a7a49cb28a02771,2,46f65c16320082622e0717e8af6d01e87245f789d360b6d2bd328db039b5f5df,98023,24506,2,,0.9986948778033367,0.004252334845701888,KDB,0.002982021426676532,generative,0,122528,False,0.0,0.9999975085180552,0.06067610000013701,bdf18918d2ee21ae9542d19e2a364af968a2c69916ad718b1b7bc86c214f976c,98023,2,294069,0.02856650172709216,0.9999913823410627,245057,1.0,False,"repeat=2,fold=2",043774c253b5db849a91747362f6dcb05757f1043006bb04e47217dec756ebb9,train,6905f10a9e262e4fda5fc0e0a5f816ce48eafe5351398eceef46d4b7ac15df05,0e439aae03c042cea69ef53104a3cc62b33d40284190c619f8b662f933f141c0,41568.0,203.88231899799453,1.0,0.0
670,0.0,8,8,0.00010881688838107675,2,0.0023259609891455152,2e219c54a929d16f0cc7,438.9089552238806,18.0,0.0,0.0,0,Skin Segmentation,UCI Skin Segmentation via OpenML data_id=1502,,0,0,0.0004840322367717244,0.999891183111619,73510,2,PRIMARY,73518,3,774bd8bc76e78517c6e7b1c10dcba992309885b756db751c2a7a49cb28a02771,2,46f65c16320082622e0717e8af6d01e87245f789d360b6d2bd328db039b5f5df,98023,24506,2,,0.9977722799188945,0.0063262312841788635,KDB,0.007164359577125131,generative,0,122528,False,0.0,0.9999824284793274,0.013759500000105618,41dec19416063bca79fe3c8448b1af7f45ff7c8eb9e091a037c5628ec4212e9f,98023,2,73518,0.041793425085525956,0.9999324643930775,245057,1.0,False,"repeat=2,fold=2",043774c253b5db849a91747362f6dcb05757f1043006bb04e47217dec756ebb9,validation,6905f10a9e262e4fda5fc0e0a5f816ce48eafe5351398eceef46d4b7ac15df05,0e439aae03c042cea69ef53104a3cc62b33d40284190c619f8b662f933f141c0,41568.0,203.88231899799453,1.0,0.0
670,0.0,52,52,0.0001414642639505528,2,0.002791198746408984,2e219c54a929d16f0cc7,438.9089552238806,18.0,0.0,0.0,0,Skin Segmentation,UCI Skin Segmentation via OpenML data_id=1502,,0,0,0.0005893645893611962,0.9998585357360494,367532,2,PRIMARY,367584,3,774bd8bc76e78517c6e7b1c10dcba992309885b756db751c2a7a49cb28a02771,2,46f65c16320082622e0717e8af6d01e87245f789d360b6d2bd328db039b5f5df,98023,24506,2,,0.9975091085697343,0.006782052146582821,KDB,0.0073507018652765824,generative,0,122528,False,0.0,0.9999722836106396,0.08203720000005887,c803f57c0fc622cc7e4a73889b5c4755e8bf444efc851d3bb7378094ef7ce830,98023,2,367584,0.04272803125446514,0.9998951529686094,245057,1.0,False,"repeat=2,fold=2",043774c253b5db849a91747362f6dcb05757f1043006bb04e47217dec756ebb9,test,6905f10a9e262e4fda5fc0e0a5f816ce48eafe5351398eceef46d4b7ac15df05,0e439aae03c042cea69ef53104a3cc62b33d40284190c619f8b662f933f141c0,41568.0,203.88231899799453,1.0,0.0
670,0.0,0,0,0.0,2,0.0010915805474225437,2e219c54a929d16f0cc7,438.9089552238806,18.0,0.0,0.0,0,Skin Segmentation,UCI Skin Segmentation via OpenML data_id=1502,,0,0,0.000264243752548412,1.0,294069,2,PRIMARY,294069,3,774bd8bc76e78517c6e7b1c10dcba992309885b756db751c2a7a49cb28a02771,2,46f65c16320082622e0717e8af6d01e87245f789d360b6d2bd328db039b5f5df,98023,24506,3,,0.9986948778033367,0.004252334845701888,KDB,0.002982021426676532,generative,0,122528,False,0.0,0.9999975085180552,0.06929579999996349,bdf18918d2ee21ae9542d19e2a364af968a2c69916ad718b1b7bc86c214f976c,98023,2,294069,0.02856650172709216,0.9999913823410627,245057,1.0,True,"repeat=2,fold=2",043774c253b5db849a91747362f6dcb05757f1043006bb04e47217dec756ebb9,train,6905f10a9e262e4fda5fc0e0a5f816ce48eafe5351398eceef46d4b7ac15df05,0e439aae03c042cea69ef53104a3cc62b33d40284190c619f8b662f933f141c0,41568.0,203.88231899799453,1.0,0.0
670,0.0,8,8,0.00010881688838107675,2,0.0023259609891455152,2e219c54a929d16f0cc7,438.9089552238806,18.0,0.0,0.0,0,Skin Segmentation,UCI Skin Segmentation via OpenML data_id=1502,,0,0,0.0004840322367717244,0.999891183111619,73510,2,PRIMARY,73518,3,774bd8bc76e78517c6e7b1c10dcba992309885b756db751c2a7a49cb28a02771,2,46f65c16320082622e0717e8af6d01e87245f789d360b6d2bd328db039b5f5df,98023,24506,3,,0.9977722799188945,0.0063262312841788635,KDB,0.007164359577125131,generative,0,122528,False,0.0,0.9999824284793274,0.016601000000036947,41dec19416063bca79fe3c8448b1af7f45ff7c8eb9e091a037c5628ec4212e9f,98023,2,73518,0.041793425085525956,0.9999324643930775,245057,1.0,True,"repeat=2,fold=2",043774c253b5db849a91747362f6dcb05757f1043006bb04e47217dec756ebb9,validation,6905f10a9e262e4fda5fc0e0a5f816ce48eafe5351398eceef46d4b7ac15df05,0e439aae03c042cea69ef53104a3cc62b33d40284190c619f8b662f933f141c0,41568.0,203.88231899799453,1.0,0.0
670,0.0,52,52,0.0001414642639505528,2,0.002791198746408984,2e219c54a929d16f0cc7,438.9089552238806,18.0,0.0,0.0,0,Skin Segmentation,UCI Skin Segmentation via OpenML data_id=1502,,0,0,0.0005893645893611962,0.9998585357360494,367532,2,PRIMARY,367584,3,774bd8bc76e78517c6e7b1c10dcba992309885b756db751c2a7a49cb28a02771,2,46f65c16320082622e0717e8af6d01e87245f789d360b6d2bd328db039b5f5df,98023,24506,3,,0.9975091085697343,0.006782052146582821,KDB,0.0073507018652765824,generative,0,122528,False,0.0,0.9999722836106396,0.08743110000000343,c803f57c0fc622cc7e4a73889b5c4755e8bf444efc851d3bb7378094ef7ce830,98023,2,367584,0.04272803125446514,0.9998951529686094,245057,1.0,True,"repeat=2,fold=2",043774c253b5db849a91747362f6dcb05757f1043006bb04e47217dec756ebb9,test,6905f10a9e262e4fda5fc0e0a5f816ce48eafe5351398eceef46d4b7ac15df05,0e439aae03c042cea69ef53104a3cc62b33d40284190c619f8b662f933f141c0,41568.0,203.88231899799453,1.0,0.0
670,0.0,0,0,0.0,2,0.0010915805474225437,2e219c54a929d16f0cc7,438.9089552238806,18.0,0.0,0.0,0,Skin Segmentation,UCI Skin Segmentation via OpenML data_id=1502,,0,0,0.000264243752548412,1.0,294069,2,PRIMARY,294069,3,774bd8bc76e78517c6e7b1c10dcba992309885b756db751c2a7a49cb28a02771,2,46f65c16320082622e0717e8af6d01e87245f789d360b6d2bd328db039b5f5df,98023,24506,4,,0.9986948778033367,0.004252334845701888,KDB,0.002982021426676532,generative,0,122528,False,0.0,0.9999975085180552,0.05801970000015899,bdf18918d2ee21ae9542d19e2a364af968a2c69916ad718b1b7bc86c214f976c,98023,2,294069,0.02856650172709216,0.9999913823410627,245057,1.0,True,"repeat=2,fold=2",043774c253b5db849a91747362f6dcb05757f1043006bb04e47217dec756ebb9,train,6905f10a9e262e4fda5fc0e0a5f816ce48eafe5351398eceef46d4b7ac15df05,0e439aae03c042cea69ef53104a3cc62b33d40284190c619f8b662f933f141c0,41568.0,203.88231899799453,1.0,0.0
670,0.0,8,8,0.00010881688838107675,2,0.0023259609891455152,2e219c54a929d16f0cc7,438.9089552238806,18.0,0.0,0.0,0,Skin Segmentation,UCI Skin Segmentation via OpenML data_id=1502,,0,0,0.0004840322367717244,0.999891183111619,73510,2,PRIMARY,73518,3,774bd8bc76e78517c6e7b1c10dcba992309885b756db751c2a7a49cb28a02771,2,46f65c16320082622e0717e8af6d01e87245f789d360b6d2bd328db039b5f5df,98023,24506,4,,0.9977722799188945,0.0063262312841788635,KDB,0.007164359577125131,generative,0,122528,False,0.0,0.9999824284793274,0.022150600000031773,41dec19416063bca79fe3c8448b1af7f45ff7c8eb9e091a037c5628ec4212e9f,98023,2,73518,0.041793425085525956,0.9999324643930775,245057,1.0,True,"repeat=2,fold=2",043774c253b5db849a91747362f6dcb05757f1043006bb04e47217dec756ebb9,validation,6905f10a9e262e4fda5fc0e0a5f816ce48eafe5351398eceef46d4b7ac15df05,0e439aae03c042cea69ef53104a3cc62b33d40284190c619f8b662f933f141c0,41568.0,203.88231899799453,1.0,0.0
670,0.0,52,52,0.0001414642639505528,2,0.002791198746408984,2e219c54a929d16f0cc7,438.9089552238806,18.0,0.0,0.0,0,Skin Segmentation,UCI Skin Segmentation via OpenML data_id=1502,,0,0,0.0005893645893611962,0.9998585357360494,367532,2,PRIMARY,367584,3,774bd8bc76e78517c6e7b1c10dcba992309885b756db751c2a7a49cb28a02771,2,46f65c16320082622e0717e8af6d01e87245f789d360b6d2bd328db039b5f5df,98023,24506,4,,0.9975091085697343,0.006782052146582821,KDB,0.0073507018652765824,generative,0,122528,False,0.0,0.9999722836106396,0.08730620000005729,c803f57c0fc622cc7e4a73889b5c4755e8bf444efc851d3bb7378094ef7ce830,98023,2,367584,0.04272803125446514,0.9998951529686094,245057,1.0,True,"repeat=2,fold=2",043774c253b5db849a91747362f6dcb05757f1043006bb04e47217dec756ebb9,test,6905f10a9e262e4fda5fc0e0a5f816ce48eafe5351398eceef46d4b7ac15df05,0e439aae03c042cea69ef53104a3cc62b33d40284190c619f8b662f933f141c0,41568.0,203.88231899799453,1.0,0.0
670,0.0,0,0,0.0,2,0.0010915805474225437,2e219c54a929d16f0cc7,438.9089552238806,18.0,0.0,0.0,0,Skin Segmentation,UCI Skin Segmentation via OpenML data_id=1502,,0,0,0.000264243752548412,1.0,294069,2,PRIMARY,294069,3,774bd8bc76e78517c6e7b1c10dcba992309885b756db751c2a7a49cb28a02771,2,46f65c16320082622e0717e8af6d01e87245f789d360b6d2bd328db039b5f5df,98023,24506,5,,0.9986948778033367,0.004252334845701888,KDB,0.002982021426676532,generative,0,122528,False,0.0,0.9999975085180552,0.06861140000000887,bdf18918d2ee21ae9542d19e2a364af968a2c69916ad718b1b7bc86c214f976c,98023,2,294069,0.02856650172709216,0.9999913823410627,245057,1.0,True,"repeat=2,fold=2",043774c253b5db849a91747362f6dcb05757f1043006bb04e47217dec756ebb9,train,6905f10a9e262e4fda5fc0e0a5f816ce48eafe5351398eceef46d4b7ac15df05,0e439aae03c042cea69ef53104a3cc62b33d40284190c619f8b662f933f141c0,41568.0,203.88231899799453,1.0,0.0
670,0.0,8,8,0.00010881688838107675,2,0.0023259609891455152,2e219c54a929d16f0cc7,438.9089552238806,18.0,0.0,0.0,0,Skin Segmentation,UCI Skin Segmentation via OpenML data_id=1502,,0,0,0.0004840322367717244,0.999891183111619,73510,2,PRIMARY,73518,3,774bd8bc76e78517c6e7b1c10dcba992309885b756db751c2a7a49cb28a02771,2,46f65c16320082622e0717e8af6d01e87245f789d360b6d2bd328db039b5f5df,98023,24506,5,,0.9977722799188945,0.0063262312841788635,KDB,0.007164359577125131,generative,0,122528,False,0.0,0.9999824284793274,0.01615659999993113,41dec19416063bca79fe3c8448b1af7f45ff7c8eb9e091a037c5628ec4212e9f,98023,2,73518,0.041793425085525956,0.9999324643930775,245057,1.0,True,"repeat=2,fold=2",043774c253b5db849a91747362f6dcb05757f1043006bb04e47217dec756ebb9,validation,6905f10a9e262e4fda5fc0e0a5f816ce48eafe5351398eceef46d4b7ac15df05,0e439aae03c042cea69ef53104a3cc62b33d40284190c619f8b662f933f141c0,41568.0,203.88231899799453,1.0,0.0
670,0.0,52,52,0.0001414642639505528,2,0.002791198746408984,2e219c54a929d16f0cc7,438.9089552238806,18.0,0.0,0.0,0,Skin Segmentation,UCI Skin Segmentation via OpenML data_id=1502,,0,0,0.0005893645893611962,0.9998585357360494,367532,2,PRIMARY,367584,3,774bd8bc76e78517c6e7b1c10dcba992309885b756db751c2a7a49cb28a02771,2,46f65c16320082622e0717e8af6d01e87245f789d360b6d2bd328db039b5f5df,98023,24506,5,,0.9975091085697343,0.006782052146582821,KDB,0.0073507018652765824,generative,0,122528,False,0.0,0.9999722836106396,0.10484450000012657,c803f57c0fc622cc7e4a73889b5c4755e8bf444efc851d3bb7378094ef7ce830,98023,2,367584,0.04272803125446514,0.9998951529686094,245057,1.0,True,"repeat=2,fold=2",043774c253b5db849a91747362f6dcb05757f1043006bb04e47217dec756ebb9,test,6905f10a9e262e4fda5fc0e0a5f816ce48eafe5351398eceef46d4b7ac15df05,0e439aae03c042cea69ef53104a3cc62b33d40284190c619f8b662f933f141c0,41568.0,203.88231899799453,1.0,0.0
8,0.0,0,0,0.0,2,0.24555200204682104,2e219c54a929d16f0cc7,195425.0,195425.0,0.0,0.0,0,cod-rna,LIBSVM cod-rna train/validation/test files,,0,0,3.266307974858567e-06,0.0,0,0,PRIMARY,1563400,8,40361a2445d9ea17bd4730b7d80993581eb1fbfdb4b37e3305ad046d26d2694c,1,3c81c31ba9013906c995efa6ab12258a0e86aaf0c338ccd6fe94766b16517d20,195425,48857,0,,0.7544447316452043,0.4659521320909931,KDB,0.46594345257588654,generative,0,244283,False,0.0,0.6686562615504937,0.2732608999999684,def61906321329780751818e1ff3b4725f6665e2339922eaffb91be56a39103f,195425,1,0,0.3923431244962843,0.8198942219208648,488565,1.0,False,"repeat=1,fold=1",ccd3364e40193cc3986f11b4cba54e97feea50ec228b8f7ca20b81229a0e0522,train,44c64d8b8f03ad164abb6c7ba234c62cd652cad4ff4e97eb8fc96962d1cf7a43,9a29c7173df0585f9217928ba9be87556ba324ebc6c9fcde452a27a1b5635db3,50.0,7.0710678118654755,1.0,0.0
8,0.0,0,0,0.0,2,0.24391591788280081,2e219c54a929d16f0cc7,195425.0,195425.0,0.0,0.0,0,cod-rna,LIBSVM cod-rna train/validation/test files,,0,0,0.0035411974323980417,0.0,0,0,PRIMARY,390856,8,40361a2445d9ea17bd4730b7d80993581eb1fbfdb4b37e3305ad046d26d2694c,1,3c81c31ba9013906c995efa6ab12258a0e86aaf0c338ccd6fe94766b16517d20,195425,48857,0,,0.7541738813207906,0.46661579878741016,KDB,0.46699229899355355,generative,0,244283,False,0.0,0.6680264098561423,0.060739199999943594,87a8cb0473b1dd4c5ecaa85d36a659b2e20495876249dedb989b1e97badec916,195425,1,0,0.3923926916520137,0.8201284191013002,488565,1.0,False,"repeat=1,fold=1",ccd3364e40193cc3986f11b4cba54e97feea50ec228b8f7ca20b81229a0e0522,validation,44c64d8b8f03ad164abb6c7ba234c62cd652cad4ff4e97eb8fc96962d1cf7a43,9a29c7173df0585f9217928ba9be87556ba324ebc6c9fcde452a27a1b5635db3,50.0,7.0710678118654755,1.0,0.0
8,0.0,0,0,0.0,2,0.24553079829541966,2e219c54a929d16f0cc7,195425.0,195425.0,0.0,0.0,0,cod-rna,LIBSVM cod-rna train/validation/test files,,0,0,0.0015114133132242509,0.0,0,0,PRIMARY,1954264,8,40361a2445d9ea17bd4730b7d80993581eb1fbfdb4b37e3305ad046d26d2694c,1,3c81c31ba9013906c995efa6ab12258a0e86aaf0c338ccd6fe94766b16517d20,195425,48857,0,,0.7545588878120141,0.4657697259905667,KDB,0.46594247008069156,generative,0,244283,False,0.0,0.6677052970133075,0.3047696999999516,01e5f93e33696ffa636a81a1c40e913e7d2ec61364a69cd697a8c58387652cef,195425,1,0,0.3921210750745752,0.8205589060226599,488565,1.0,False,"repeat=1,fold=1",ccd3364e40193cc3986f11b4cba54e97feea50ec228b8f7ca20b81229a0e0522,test,44c64d8b8f03ad164abb6c7ba234c62cd652cad4ff4e97eb8fc96962d1cf7a43,9a29c7173df0585f9217928ba9be87556ba324ebc6c9fcde452a27a1b5635db3,50.0,7.0710678118654755,1.0,0.0
120,0.0,0,0,0.0,2,0.24555200204682104,2e219c54a929d16f0cc7,13028.333333333334,7305.0,0.0,0.0,0,cod-rna,LIBSVM cod-rna train/validation/test files,,0,0,3.266307974858567e-06,0.875,1367975,1,PRIMARY,1563400,8,40361a2445d9ea17bd4730b7d80993581eb1fbfdb4b37e3305ad046d26d2694c,1,655d15cd67755ac55ec7a22f6e2d2f0782242edca0a6324bb41814a9039aa349,195425,48857,1,,0.7544447316452043,0.4659521320909931,KDB,0.46594345257588654,generative,0,244283,False,0.0,0.6686562615504937,0.26020470000003115,def61906321329780751818e1ff3b4725f6665e2339922eaffb91be56a39103f,195425,1,1367975,0.3923431244962843,0.8198942219208648,488565,1.0,False,"repeat=1,fold=1",a5d01c1b48181105989c9fef1c937e3fae9ed964f445a6741470db720a732883,train,44c64d8b8f03ad164abb6c7ba234c62cd652cad4ff4e97eb8fc96962d1cf7a43,9a29c7173df0585f9217928ba9be87556ba324ebc6c9fcde452a27a1b5635db3,274.0,16.55294535724685,1.0,0.0
120,0.0,0,0,0.0,2,0.24391591788280081,2e219c54a929d16f0cc7,13028.333333333334,7305.0,0.0,0.0,0,cod-rna,LIBSVM cod-rna train/validation/test files,,0,0,0.0035411974323980417,0.875,341999,1,PRIMARY,390856,8,40361a2445d9ea17bd4730b7d80993581eb1fbfdb4b37e3305ad046d26d2694c,1,655d15cd67755ac55ec7a22f6e2d2f0782242edca0a6324bb41814a9039aa349,195425,48857,1,,0.7541738813207906,0.46661579878741016,KDB,0.46699229899355355,generative,0,244283,False,0.0,0.6680264098561423,0.05237260000012611,87a8cb0473b1dd4c5ecaa85d36a659b2e20495876249dedb989b1e97badec916,195425,1,341999,0.3923926916520137,0.8201284191013002,488565,1.0,False,"repeat=1,fold=1",a5d01c1b48181105989c9fef1c937e3fae9ed964f445a6741470db720a732883,validation,44c64d8b8f03ad164abb6c7ba234c62cd652cad4ff4e97eb8fc96962d1cf7a43,9a29c7173df0585f9217928ba9be87556ba324ebc6c9fcde452a27a1b5635db3,274.0,16.55294535724685,1.0,0.0
120,0.0,0,0,0.0,2,0.24553079829541966,2e219c54a929d16f0cc7,13028.333333333334,7305.0,0.0,0.0,0,cod-rna,LIBSVM cod-rna train/validation/test files,,0,0,0.0015114133132242509,0.875,1709981,1,PRIMARY,1954264,8,40361a2445d9ea17bd4730b7d80993581eb1fbfdb4b37e3305ad046d26d2694c,1,655d15cd67755ac55ec7a22f6e2d2f0782242edca0a6324bb41814a9039aa349,195425,48857,1,,0.7545588878120141,0.4657697259905667,KDB,0.46594247008069156,generative,0,244283,False,0.0,0.6677052970133075,0.3500411999998505,01e5f93e33696ffa636a81a1c40e913e7d2ec61364a69cd697a8c58387652cef,195425,1,1709981,0.3921210750745752,0.8205589060226599,488565,1.0,False,"repeat=1,fold=1",a5d01c1b48181105989c9fef1c937e3fae9ed964f445a6741470db720a732883,test,44c64d8b8f03ad164abb6c7ba234c62cd652cad4ff4e97eb8fc96962d1cf7a43,9a29c7173df0585f9217928ba9be87556ba324ebc6c9fcde452a27a1b5635db3,274.0,16.55294535724685,1.0,0.0
120,0.0,0,0,0.0,2,0.24555200204682104,2e219c54a929d16f0cc7,13028.333333333334,7305.0,0.0,0.0,0,cod-rna,LIBSVM cod-rna train/validation/test files,,0,0,3.266307974858567e-06,1.625,2540525,2,PRIMARY,1563400,8,40361a2445d9ea17bd4730b7d80993581eb1fbfdb4b37e3305ad046d26d2694c,1,a31297e2b6c636f7bbd890c3a1eaf300c2a6827f302a27a3898cf9fc588ddce6,195425,48857,2,,0.7544447316452043,0.4659521320909931,KDB,0.46594345257588654,generative,0,244283,False,0.0,0.6686562615504937,0.25820440000006784,def61906321329780751818e1ff3b4725f6665e2339922eaffb91be56a39103f,195425,1,2540525,0.3923431244962843,0.8198942219208648,488565,1.0,False,"repeat=1,fold=1",f2bb0842e49facdde83622a48f78491067fe45d63239c29efb630e4d3ff32dc9,train,44c64d8b8f03ad164abb6c7ba234c62cd652cad4ff4e97eb8fc96962d1cf7a43,9a29c7173df0585f9217928ba9be87556ba324ebc6c9fcde452a27a1b5635db3,274.0,16.55294535724685,1.0,0.0
120,0.0,0,0,0.0,2,0.24391591788280081,2e219c54a929d16f0cc7,13028.333333333334,7305.0,0.0,0.0,0,cod-rna,LIBSVM cod-rna train/validation/test files,,0,0,0.0035411974323980417,1.625,635141,2,PRIMARY,390856,8,40361a2445d9ea17bd4730b7d80993581eb1fbfdb4b37e3305ad046d26d2694c,1,a31297e2b6c636f7bbd890c3a1eaf300c2a6827f302a27a3898cf9fc588ddce6,195425,48857,2,,0.7541738813207906,0.46661579878741016,KDB,0.46699229899355355,generative,0,244283,False,0.0,0.6680264098561423,0.0632964000001266,87a8cb0473b1dd4c5ecaa85d36a659b2e20495876249dedb989b1e97badec916,195425,1,635141,0.3923926916520137,0.8201284191013002,488565,1.0,False,"repeat=1,fold=1",f2bb0842e49facdde83622a48f78491067fe45d63239c29efb630e4d3ff32dc9,validation,44c64d8b8f03ad164abb6c7ba234c62cd652cad4ff4e97eb8fc96962d1cf7a43,9a29c7173df0585f9217928ba9be87556ba324ebc6c9fcde452a27a1b5635db3,274.0,16.55294535724685,1.0,0.0
120,0.0,0,0,0.0,2,0.24553079829541966,2e219c54a929d16f0cc7,13028.333333333334,7305.0,0.0,0.0,0,cod-rna,LIBSVM cod-rna train/validation/test files,,0,0,0.0015114133132242509,1.625,3175679,2,PRIMARY,1954264,8,40361a2445d9ea17bd4730b7d80993581eb1fbfdb4b37e3305ad046d26d2694c,1,a31297e2b6c636f7bbd890c3a1eaf300c2a6827f302a27a3898cf9fc588ddce6,195425,48857,2,,0.7545588878120141,0.4657697259905667,KDB,0.46594247008069156,generative,0,244283,False,0.0,0.6677052970133075,0.4024178999998185,01e5f93e33696ffa636a81a1c40e913e7d2ec61364a69cd697a8c58387652cef,195425,1,3175679,0.3921210750745752,0.8205589060226599,488565,1.0,False,"repeat=1,fold=1",f2bb0842e49facdde83622a48f78491067fe45d63239c29efb630e4d3ff32dc9,test,44c64d8b8f03ad164abb6c7ba234c62cd652cad4ff4e97eb8fc96962d1cf7a43,9a29c7173df0585f9217928ba9be87556ba324ebc6c9fcde452a27a1b5635db3,274.0,16.55294535724685,1.0,0.0
120,0.0,0,0,0.0,2,0.24555200204682104,2e219c54a929d16f0cc7,13028.333333333334,7305.0,0.0,0.0,0,cod-rna,LIBSVM cod-rna train/validation/test files,,0,0,3.266307974858567e-06,2.25,3517650,3,PRIMARY,1563400,8,40361a2445d9ea17bd4730b7d80993581eb1fbfdb4b37e3305ad046d26d2694c,1,9360b30dd2a9fd43d6418feef99b79a0a6c9a8358b58436cf5152fbb9a4d583e,195425,48857,3,,0.7544447316452043,0.4659521320909931,KDB,0.46594345257588654,generative,0,244283,False,0.0,0.6686562615504937,0.3015320000004067,def61906321329780751818e1ff3b4725f6665e2339922eaffb91be56a39103f,195425,1,3517650,0.3923431244962843,0.8198942219208648,488565,1.0,False,"repeat=1,fold=1",942e5887af2fabd218d0312be47fc7d5a3054454d07ab12495864c25cdf73f07,train,44c64d8b8f03ad164abb6c7ba234c62cd652cad4ff4e97eb8fc96962d1cf7a43,9a29c7173df0585f9217928ba9be87556ba324ebc6c9fcde452a27a1b5635db3,274.0,16.55294535724685,1.0,0.0
120,0.0,0,0,0.0,2,0.24391591788280081,2e219c54a929d16f0cc7,13028.333333333334,7305.0,0.0,0.0,0,cod-rna,LIBSVM cod-rna train/validation/test files,,0,0,0.0035411974323980417,2.25,879426,3,PRIMARY,390856,8,40361a2445d9ea17bd4730b7d80993581eb1fbfdb4b37e3305ad046d26d2694c,1,9360b30dd2a9fd43d6418feef99b79a0a6c9a8358b58436cf5152fbb9a4d583e,195425,48857,3,,0.7541738813207906,0.46661579878741016,KDB,0.46699229899355355,generative,0,244283,False,0.0,0.6680264098561423,0.0667673999996623,87a8cb0473b1dd4c5ecaa85d36a659b2e20495876249dedb989b1e97badec916,195425,1,879426,0.3923926916520137,0.8201284191013002,488565,1.0,False,"repeat=1,fold=1",942e5887af2fabd218d0312be47fc7d5a3054454d07ab12495864c25cdf73f07,validation,44c64d8b8f03ad164abb6c7ba234c62cd652cad4ff4e97eb8fc96962d1cf7a43,9a29c7173df0585f9217928ba9be87556ba324ebc6c9fcde452a27a1b5635db3,274.0,16.55294535724685,1.0,0.0
120,0.0,0,0,0.0,2,0.24553079829541966,2e219c54a929d16f0cc7,13028.333333333334,7305.0,0.0,0.0,0,cod-rna,LIBSVM cod-rna train/validation/test files,,0,0,0.0015114133132242509,2.25,4397094,3,PRIMARY,1954264,8,40361a2445d9ea17bd4730b7d80993581eb1fbfdb4b37e3305ad046d26d2694c,1,9360b30dd2a9fd43d6418feef99b79a0a6c9a8358b58436cf5152fbb9a4d583e,195425,48857,3,,0.7545588878120141,0.4657697259905667,KDB,0.46594247008069156,generative,0,244283,False,0.0,0.6677052970133075,0.3703491999999642,01e5f93e33696ffa636a81a1c40e913e7d2ec61364a69cd697a8c58387652cef,195425,1,4397094,0.3921210750745752,0.8205589060226599,488565,1.0,False,"repeat=1,fold=1",942e5887af2fabd218d0312be47fc7d5a3054454d07ab12495864c25cdf73f07,test,44c64d8b8f03ad164abb6c7ba234c62cd652cad4ff4e97eb8fc96962d1cf7a43,9a29c7173df0585f9217928ba9be87556ba324ebc6c9fcde452a27a1b5635db3,274.0,16.55294535724685,1.0,0.0
120,0.0,0,0,0.0,2,0.24555200204682104,2e219c54a929d16f0cc7,13028.333333333334,7305.0,0.0,0.0,0,cod-rna,LIBSVM cod-rna train/validation/test files,,0,0,3.266307974858567e-06,2.75,4299350,4,PRIMARY,1563400,8,40361a2445d9ea17bd4730b7d80993581eb1fbfdb4b37e3305ad046d26d2694c,1,92397251e57bc4ee300c2600720db355fcfab7f80ccfd16f0dd22ab0ce75076f,195425,48857,4,,0.7544447316452043,0.4659521320909931,KDB,0.46594345257588654,generative,0,244283,False,0.0,0.6686562615504937,0.3108720000000176,def61906321329780751818e1ff3b4725f6665e2339922eaffb91be56a39103f,195425,1,4299350,0.3923431244962843,0.8198942219208648,488565,1.0,False,"repeat=1,fold=1",faf8c30045c672f51d6a375e94591ba7c26c40acd2c15d917cbabb96d7d24181,train,44c64d8b8f03ad164abb6c7ba234c62cd652cad4ff4e97eb8fc96962d1cf7a43,9a29c7173df0585f9217928ba9be87556ba324ebc6c9fcde452a27a1b5635db3,274.0,16.55294535724685,1.0,0.0
120,0.0,0,0,0.0,2,0.24391591788280081,2e219c54a929d16f0cc7,13028.333333333334,7305.0,0.0,0.0,0,cod-rna,LIBSVM cod-rna train/validation/test files,,0,0,0.0035411974323980417,2.75,1074854,4,PRIMARY,390856,8,40361a2445d9ea17bd4730b7d80993581eb1fbfdb4b37e3305ad046d26d2694c,1,92397251e57bc4ee300c2600720db355fcfab7f80ccfd16f0dd22ab0ce75076f,195425,48857,4,,0.7541738813207906,0.46661579878741016,KDB,0.46699229899355355,generative,0,244283,False,0.0,0.6680264098561423,0.04656780000004801,87a8cb0473b1dd4c5ecaa85d36a659b2e20495876249dedb989b1e97badec916,195425,1,1074854,0.3923926916520137,0.8201284191013002,488565,1.0,False,"repeat=1,fold=1",faf8c30045c672f51d6a375e94591ba7c26c40acd2c15d917cbabb96d7d24181,validation,44c64d8b8f03ad164abb6c7ba234c62cd652cad4ff4e97eb8fc96962d1cf7a43,9a29c7173df0585f9217928ba9be87556ba324ebc6c9fcde452a27a1b5635db3,274.0,16.55294535724685,1.0,0.0
120,0.0,0,0,0.0,2,0.24553079829541966,2e219c54a929d16f0cc7,13028.333333333334,7305.0,0.0,0.0,0,cod-rna,LIBSVM cod-rna train/validation/test files,,0,0,0.0015114133132242509,2.75,5374226,4,PRIMARY,1954264,8,40361a2445d9ea17bd4730b7d80993581eb1fbfdb4b37e3305ad046d26d2694c,1,92397251e57bc4ee300c2600720db355fcfab7f80ccfd16f0dd22ab0ce75076f,195425,48857,4,,0.7545588878120141,0.4657697259905667,KDB,0.46594247008069156,generative,0,244283,False,0.0,0.6677052970133075,0.42934710000008636,01e5f93e33696ffa636a81a1c40e913e7d2ec61364a69cd697a8c58387652cef,195425,1,5374226,0.3921210750745752,0.8205589060226599,488565,1.0,False,"repeat=1,fold=1",faf8c30045c672f51d6a375e94591ba7c26c40acd2c15d917cbabb96d7d24181,test,44c64d8b8f03ad164abb6c7ba234c62cd652cad4ff4e97eb8fc96962d1cf7a43,9a29c7173df0585f9217928ba9be87556ba324ebc6c9fcde452a27a1b5635db3,274.0,16.55294535724685,1.0,0.0
120,0.0,0,0,0.0,2,0.24555200204682104,2e219c54a929d16f0cc7,13028.333333333334,7305.0,0.0,0.0,0,cod-rna,LIBSVM cod-rna train/validation/test files,,0,0,3.266307974858567e-06,3.125,4885625,5,PRIMARY,1563400,8,40361a2445d9ea17bd4730b7d80993581eb1fbfdb4b37e3305ad046d26d2694c,1,c119749e78f41723a7747c995ced7886515f9b1f86b2aa015f6786e2311ed30d,195425,48857,5,,0.7544447316452043,0.4659521320909931,KDB,0.46594345257588654,generative,0,244283,False,0.0,0.6686562615504937,0.25123690000009447,def61906321329780751818e1ff3b4725f6665e2339922eaffb91be56a39103f,195425,1,4885625,0.3923431244962843,0.8198942219208648,488565,1.0,False,"repeat=1,fold=1",42de883fd4bfe0c1dfb839edceaa8881cc5b98bcfc9676a72bb938a3f4eb4052,train,44c64d8b8f03ad164abb6c7ba234c62cd652cad4ff4e97eb8fc96962d1cf7a43,9a29c7173df0585f9217928ba9be87556ba324ebc6c9fcde452a27a1b5635db3,274.0,16.55294535724685,1.0,0.0
120,0.0,0,0,0.0,2,0.24391591788280081,2e219c54a929d16f0cc7,13028.333333333334,7305.0,0.0,0.0,0,cod-rna,LIBSVM cod-rna train/validation/test files,,0,0,0.0035411974323980417,3.125,1221425,5,PRIMARY,390856,8,40361a2445d9ea17bd4730b7d80993581eb1fbfdb4b37e3305ad046d26d2694c,1,c119749e78f41723a7747c995ced7886515f9b1f86b2aa015f6786e2311ed30d,195425,48857,5,,0.7541738813207906,0.46661579878741016,KDB,0.46699229899355355,generative,0,244283,False,0.0,0.6680264098561423,0.05562740000004851,87a8cb0473b1dd4c5ecaa85d36a659b2e20495876249dedb989b1e97badec916,195425,1,1221425,0.3923926916520137,0.8201284191013002,488565,1.0,False,"repeat=1,fold=1",42de883fd4bfe0c1dfb839edceaa8881cc5b98bcfc9676a72bb938a3f4eb4052,validation,44c64d8b8f03ad164abb6c7ba234c62cd652cad4ff4e97eb8fc96962d1cf7a43,9a29c7173df0585f9217928ba9be87556ba324ebc6c9fcde452a27a1b5635db3,274.0,16.55294535724685,1.0,0.0
120,0.0,0,0,0.0,2,0.24553079829541966,2e219c54a929d16f0cc7,13028.333333333334,7305.0,0.0,0.0,0,cod-rna,LIBSVM cod-rna train/validation/test files,,0,0,0.0015114133132242509,3.125,6107075,5,PRIMARY,1954264,8,40361a2445d9ea17bd4730b7d80993581eb1fbfdb4b37e3305ad046d26d2694c,1,c119749e78f41723a7747c995ced7886515f9b1f86b2aa015f6786e2311ed30d,195425,48857,5,,0.7545588878120141,0.4657697259905667,KDB,0.46594247008069156,generative,0,244283,False,0.0,0.6677052970133075,0.31508179999991626,01e5f93e33696ffa636a81a1c40e913e7d2ec61364a69cd697a8c58387652cef,195425,1,6107075,0.3921210750745752,0.8205589060226599,488565,1.0,False,"repeat=1,fold=1",42de883fd4bfe0c1dfb839edceaa8881cc5b98bcfc9676a72bb938a3f4eb4052,test,44c64d8b8f03ad164abb6c7ba234c62cd652cad4ff4e97eb8fc96962d1cf7a43,9a29c7173df0585f9217928ba9be87556ba324ebc6c9fcde452a27a1b5635db3,274.0,16.55294535724685,1.0,0.0
8,0.0,0,0,0.0,2,0.24509021317531957,2e219c54a929d16f0cc7,195426.0,195426.0,0.0,0.0,0,cod-rna,LIBSVM cod-rna train/validation/test files,,0,0,3.0861314545884054e-06,0.0,0,0,PRIMARY,1563408,8,bda091832c67be108386ffea7097ee46b1aa1372c030278093c50d846a66bb47,2,9e8e207e62c203665a6327a9ccfd2a6b84517e18ad6d54ff90a4c492ecf482a1,195426,48857,0,,0.7549067006932259,0.4656081598692379,KDB,0.4656006712627237,generative,0,244282,False,0.0,0.6716166409578275,0.38778750000028595,e4f85dfd28f4bc195daaea8e36fe7697e333da0f07556d89d785fa5db2eaf9cd,195426,1,0,0.3920204309144526,0.8211885123354142,488565,1.0,False,"repeat=1,fold=2",ccd3364e40193cc3986f11b4cba54e97feea50ec228b8f7ca20b81229a0e0522,train,5d082d29f6c6349e82cf854611498538585e0d8ed1523bea389e3d23f90541a9,b32c769959c7f737e4f0bf6577035a299c67e805d4ef1ecff7abddca935a8e4d,50.0,7.0710678118654755,1.0,0.0
8,0.0,0,0,0.0,2,0.24450948686984464,2e219c54a929d16f0cc7,195426.0,195426.0,0.0,0.0,0,cod-rna,LIBSVM cod-rna train/validation/test files,,0,0,0.002852837519195782,0.0,0,0,PRIMARY,390856,8,bda091832c67be108386ffea7097ee46b1aa1372c030278093c50d846a66bb47,2,9e8e207e62c203665a6327a9ccfd2a6b84517e18ad6d54ff90a4c492ecf482a1,195426,48857,0,,0.7547117201292767,0.46544410480318404,KDB,0.4637468488010793,generative,0,244282,False,0.0,0.6726127570508953,0.08282509999980903,fa0ad0bc4d55923be2da5791a274b5746a74823ed51b36b71e52d33dd33ed7c8,195426,1,0,0.3913692845528757,0.8229743683579507,488565,1.0,False,"repeat=1,fold=2",ccd3364e40193cc3986f11b4cba54e97feea50ec228b8f7ca20b81229a0e0522,validation,5d082d29f6c6349e82cf854611498538585e0d8ed1523bea389e3d23f90541a9,b32c769959c7f737e4f0bf6577035a299c67e805d4ef1ecff7abddca935a8e4d,50.0,7.0710678118654755,1.0,0.0
8,0.0,0,0,0.0,2,0.24529437289689784,2e219c54a929d16f0cc7,195426.0,195426.0,0.0,0.0,0,cod-rna,LIBSVM cod-rna train/validation/test files,,0,0,0.0013082037613137312,0.0,0,0,PRIMARY,1954256,8,bda091832c67be108386ffea7097ee46b1aa1372c030278093c50d846a66bb47,2,9e8e207e62c203665a6327a9ccfd2a6b84517e18ad6d54ff90a4c492ecf482a1,195426,48857,0,,0.7547099646797254,0.46588702615984473,KDB,0.4666589105842986,generative,0,244282,False,0.0,0.6715394704762697,0.48444859999972323,8fa30def31dfcca43b8fd52eb80a5ffc6a93c477d022124fbe00adcfadf4ae82,195426,1,0,0.39250413760296504,0.82003789371864,488565,1.0,False,"repeat=1,fold=2",ccd3364e40193cc3986f11b4cba54e97feea50ec228b8f7ca20b81229a0e0522,test,5d082d29f6c6349e82cf854611498538585e0d8ed1523bea389e3d23f90541a9,b32c769959c7f737e4f0bf6577035a299c67e805d4ef1ecff7abddca935a8e4d,50.0,7.0710678118654755,1.0,0.0
120,0.0,0,0,0.0,2,0.24509021317531957,2e219c54a929d16f0cc7,13028.4,8870.0,0.0,0.0,0,cod-rna,LIBSVM cod-rna train/validation/test files,,0,0,3.0861314545884054e-06,0.875,1367982,1,PRIMARY,1563408,8,bda091832c67be108386ffea7097ee46b1aa1372c030278093c50d846a66bb47,2,b09838adb540f880bcd1083030bcf058463b1256d073424c62c3ec8c36a10c6d,195426,48857,1,,0.7549067006932259,0.4656081598692379,KDB,0.4656006712627237,generative,0,244282,False,0.0,0.6716166409578275,0.32350799999994706,e4f85dfd28f4bc195daaea8e36fe7697e333da0f07556d89d785fa5db2eaf9cd,195426,1,1367982,0.3920204309144526,0.8211885123354142,488565,1.0,False,"repeat=1,fold=2",a5d01c1b48181105989c9fef1c937e3fae9ed964f445a6741470db720a732883,train,5d082d29f6c6349e82cf854611498538585e0d8ed1523bea389e3d23f90541a9,b32c769959c7f737e4f0bf6577035a299c67e805d4ef1ecff7abddca935a8e4d,274.0,16.55294535724685,1.0,0.0
120,0.0,0,0,0.0,2,0.24450948686984464,2e219c54a929d16f0cc7,13028.4,8870.0,0.0,0.0,0,cod-rna,LIBSVM cod-rna train/validation/test files,,0,0,0.002852837519195782,0.875,341999,1,PRIMARY,390856,8,bda091832c67be108386ffea7097ee46b1aa1372c030278093c50d846a66bb47,2,b09838adb540f880bcd1083030bcf058463b1256d073424c62c3ec8c36a10c6d,195426,48857,1,,0.7547117201292767,0.46544410480318404,KDB,0.4637468488010793,generative,0,244282,False,0.0,0.6726127570508953,0.05365840000013122,fa0ad0bc4d55923be2da5791a274b5746a74823ed51b36b71e52d33dd33ed7c8,195426,1,341999,0.3913692845528757,0.8229743683579507,488565,1.0,False,"repeat=1,fold=2",a5d01c1b48181105989c9fef1c937e3fae9ed964f445a6741470db720a732883,validation,5d082d29f6c6349e82cf854611498538585e0d8ed1523bea389e3d23f90541a9,b32c769959c7f737e4f0bf6577035a299c67e805d4ef1ecff7abddca935a8e4d,274.0,16.55294535724685,1.0,0.0
120,0.0,0,0,0.0,2,0.24529437289689784,2e219c54a929d16f0cc7,13028.4,8870.0,0.0,0.0,0,cod-rna,LIBSVM cod-rna train/validation/test files,,0,0,0.0013082037613137312,0.875,1709974,1,PRIMARY,1954256,8,bda091832c67be108386ffea7097ee46b1aa1372c030278093c50d846a66bb47,2,b09838adb540f880bcd1083030bcf058463b1256d073424c62c3ec8c36a10c6d,195426,48857,1,,0.7547099646797254,0.46588702615984473,KDB,0.4666589105842986,generative,0,244282,False,0.0,0.6715394704762697,0.38334670000040205,8fa30def31dfcca43b8fd52eb80a5ffc6a93c477d022124fbe00adcfadf4ae82,195426,1,1709974,0.39250413760296504,0.82003789371864,488565,1.0,False,"repeat=1,fold=2",a5d01c1b48181105989c9fef1c937e3fae9ed964f445a6741470db720a732883,test,5d082d29f6c6349e82cf854611498538585e0d8ed1523bea389e3d23f90541a9,b32c769959c7f737e4f0bf6577035a299c67e805d4ef1ecff7abddca935a8e4d,274.0,16.55294535724685,1.0,0.0
120,0.0,0,0,0.0,2,0.24509021317531957,2e219c54a929d16f0cc7,13028.4,8870.0,0.0,0.0,0,cod-rna,LIBSVM cod-rna train/validation/test files,,0,0,3.0861314545884054e-06,1.625,2540538,2,PRIMARY,1563408,8,bda091832c67be108386ffea7097ee46b1aa1372c030278093c50d846a66bb47,2,18636996e62034bb263e5db6526d72fa0f628c1f98da1c18294b4afef919db55,195426,48857,2,,0.7549067006932259,0.4656081598692379,KDB,0.4656006712627237,generative,0,244282,False,0.0,0.6716166409578275,0.2728916000000936,e4f85dfd28f4bc195daaea8e36fe7697e333da0f07556d89d785fa5db2eaf9cd,195426,1,2540538,0.3920204309144526,0.8211885123354142,488565,1.0,False,"repeat=1,fold=2",f2bb0842e49facdde83622a48f78491067fe45d63239c29efb630e4d3ff32dc9,train,5d082d29f6c6349e82cf854611498538585e0d8ed1523bea389e3d23f90541a9,b32c769959c7f737e4f0bf6577035a299c67e805d4ef1ecff7abddca935a8e4d,274.0,16.55294535724685,1.0,0.0
120,0.0,0,0,0.0,2,0.24450948686984464,2e219c54a929d16f0cc7,13028.4,8870.0,0.0,0.0,0,cod-rna,LIBSVM cod-rna train/validation/test files,,0,0,0.002852837519195782,1.625,635141,2,PRIMARY,390856,8,bda091832c67be108386ffea7097ee46b1aa1372c030278093c50d846a66bb47,2,18636996e62034bb263e5db6526d72fa0f628c1f98da1c18294b4afef919db55,195426,48857,2,,0.7547117201292767,0.46544410480318404,KDB,0.4637468488010793,generative,0,244282,False,0.0,0.6726127570508953,0.05094229999986055,fa0ad0bc4d55923be2da5791a274b5746a74823ed51b36b71e52d33dd33ed7c8,195426,1,635141,0.3913692845528757,0.8229743683579507,488565,1.0,False,"repeat=1,fold=2",f2bb0842e49facdde83622a48f78491067fe45d63239c29efb630e4d3ff32dc9,validation,5d082d29f6c6349e82cf854611498538585e0d8ed1523bea389e3d23f90541a9,b32c769959c7f737e4f0bf6577035a299c67e805d4ef1ecff7abddca935a8e4d,274.0,16.55294535724685,1.0,0.0
120,0.0,0,0,0.0,2,0.24529437289689784,2e219c54a929d16f0cc7,13028.4,8870.0,0.0,0.0,0,cod-rna,LIBSVM cod-rna train/validation/test files,,0,0,0.0013082037613137312,1.625,3175666,2,PRIMARY,1954256,8,bda091832c67be108386ffea7097ee46b1aa1372c030278093c50d846a66bb47,2,18636996e62034bb263e5db6526d72fa0f628c1f98da1c18294b4afef919db55,195426,48857,2,,0.7547099646797254,0.46588702615984473,KDB,0.4666589105842986,generative,0,244282,False,0.0,0.6715394704762697,0.3083031999999548,8fa30def31dfcca43b8fd52eb80a5ffc6a93c477d022124fbe00adcfadf4ae82,195426,1,3175666,0.39250413760296504,0.82003789371864,488565,1.0,False,"repeat=1,fold=2",f2bb0842e49facdde83622a48f78491067fe45d63239c29efb630e4d3ff32dc9,test,5d082d29f6c6349e82cf854611498538585e0d8ed1523bea389e3d23f90541a9,b32c769959c7f737e4f0bf6577035a299c67e805d4ef1ecff7abddca935a8e4d,274.0,16.55294535724685,1.0,0.0
120,0.0,0,0,0.0,2,0.24509021317531957,2e219c54a929d16f0cc7,13028.4,8870.0,0.0,0.0,0,cod-rna,LIBSVM cod-rna train/validation/test files,,0,0,3.0861314545884054e-06,2.25,3517668,3,PRIMARY,1563408,8,bda091832c67be108386ffea7097ee46b1aa1372c030278093c50d846a66bb47,2,901d5005517b456bdd4d35cdce3972da67666552db0c46da508d708f6bf55509,195426,48857,3,,0.7549067006932259,0.4656081598692379,KDB,0.4656006712627237,generative,0,244282,False,0.0,0.6716166409578275,0.27347680000002583,e4f85dfd28f4bc195daaea8e36fe7697e333da0f07556d89d785fa5db2eaf9cd,195426,1,3517668,0.3920204309144526,0.8211885123354142,488565,1.0,False,"repeat=1,fold=2",942e5887af2fabd218d0312be47fc7d5a3054454d07ab12495864c25cdf73f07,train,5d082d29f6c6349e82cf854611498538585e0d8ed1523bea389e3d23f90541a9,b32c769959c7f737e4f0bf6577035a299c67e805d4ef1ecff7abddca935a8e4d,274.0,16.55294535724685,1.0,0.0
120,0.0,0,0,0.0,2,0.24450948686984464,2e219c54a929d16f0cc7,13028.4,8870.0,0.0,0.0,0,cod-rna,LIBSVM cod-rna train/validation/test files,,0,0,0.002852837519195782,2.25,879426,3,PRIMARY,390856,8,bda091832c67be108386ffea7097ee46b1aa1372c030278093c50d846a66bb47,2,901d5005517b456bdd4d35cdce3972da67666552db0c46da508d708f6bf55509,195426,48857,3,,0.7547117201292767,0.46544410480318404,KDB,0.4637468488010793,generative,0,244282,False,0.0,0.6726127570508953,0.04813209999974788,fa0ad0bc4d55923be2da5791a274b5746a74823ed51b36b71e52d33dd33ed7c8,195426,1,879426,0.3913692845528757,0.8229743683579507,488565,1.0,False,"repeat=1,fold=2",942e5887af2fabd218d0312be47fc7d5a3054454d07ab12495864c25cdf73f07,validation,5d082d29f6c6349e82cf854611498538585e0d8ed1523bea389e3d23f90541a9,b32c769959c7f737e4f0bf6577035a299c67e805d4ef1ecff7abddca935a8e4d,274.0,16.55294535724685,1.0,0.0
120,0.0,0,0,0.0,2,0.24529437289689784,2e219c54a929d16f0cc7,13028.4,8870.0,0.0,0.0,0,cod-rna,LIBSVM cod-rna train/validation/test files,,0,0,0.0013082037613137312,2.25,4397076,3,PRIMARY,1954256,8,bda091832c67be108386ffea7097ee46b1aa1372c030278093c50d846a66bb47,2,901d5005517b456bdd4d35cdce3972da67666552db0c46da508d708f6bf55509,195426,48857,3,,0.7547099646797254,0.46588702615984473,KDB,0.4666589105842986,generative,0,244282,False,0.0,0.6715394704762697,0.36188490000040474,8fa30def31dfcca43b8fd52eb80a5ffc6a93c477d022124fbe00adcfadf4ae82,195426,1,4397076,0.39250413760296504,0.82003789371864,488565,1.0,False,"repeat=1,fold=2",942e5887af2fabd218d0312be47fc7d5a3054454d07ab12495864c25cdf73f07,test,5d082d29f6c6349e82cf854611498538585e0d8ed1523bea389e3d23f90541a9,b32c769959c7f737e4f0bf6577035a299c67e805d4ef1ecff7abddca935a8e4d,274.0,16.55294535724685,1.0,0.0
120,0.0,0,0,0.0,2,0.24509021317531957,2e219c54a929d16f0cc7,13028.4,8870.0,0.0,0.0,0,cod-rna,LIBSVM cod-rna train/validation/test files,,0,0,3.0861314545884054e-06,2.75,4299372,4,PRIMARY,1563408,8,bda091832c67be108386ffea7097ee46b1aa1372c030278093c50d846a66bb47,2,ee26f554d52545b543445f5aa072ccaebda02aa515b946ca0b37bc2828e2640a,195426,48857,4,,0.7549067006932259,0.4656081598692379,KDB,0.4656006712627237,generative,0,244282,False,0.0,0.6716166409578275,0.27623290000065026,e4f85dfd28f4bc195daaea8e36fe7697e333da0f07556d89d785fa5db2eaf9cd,195426,1,4299372,0.3920204309144526,0.8211885123354142,488565,1.0,False,"repeat=1,fold=2",faf8c30045c672f51d6a375e94591ba7c26c40acd2c15d917cbabb96d7d24181,train,5d082d29f6c6349e82cf854611498538585e0d8ed1523bea389e3d23f90541a9,b32c769959c7f737e4f0bf6577035a299c67e805d4ef1ecff7abddca935a8e4d,274.0,16.55294535724685,1.0,0.0
120,0.0,0,0,0.0,2,0.24450948686984464,2e219c54a929d16f0cc7,13028.4,8870.0,0.0,0.0,0,cod-rna,LIBSVM cod-rna train/validation/test files,,0,0,0.002852837519195782,2.75,1074854,4,PRIMARY,390856,8,bda091832c67be108386ffea7097ee46b1aa1372c030278093c50d846a66bb47,2,ee26f554d52545b543445f5aa072ccaebda02aa515b946ca0b37bc2828e2640a,195426,48857,4,,0.7547117201292767,0.46544410480318404,KDB,0.4637468488010793,generative,0,244282,False,0.0,0.6726127570508953,0.05693500000052154,fa0ad0bc4d55923be2da5791a274b5746a74823ed51b36b71e52d33dd33ed7c8,195426,1,1074854,0.3913692845528757,0.8229743683579507,488565,1.0,False,"repeat=1,fold=2",faf8c30045c672f51d6a375e94591ba7c26c40acd2c15d917cbabb96d7d24181,validation,5d082d29f6c6349e82cf854611498538585e0d8ed1523bea389e3d23f90541a9,b32c769959c7f737e4f0bf6577035a299c67e805d4ef1ecff7abddca935a8e4d,274.0,16.55294535724685,1.0,0.0
120,0.0,0,0,0.0,2,0.24529437289689784,2e219c54a929d16f0cc7,13028.4,8870.0,0.0,0.0,0,cod-rna,LIBSVM cod-rna train/validation/test files,,0,0,0.0013082037613137312,2.75,5374204,4,PRIMARY,1954256,8,bda091832c67be108386ffea7097ee46b1aa1372c030278093c50d846a66bb47,2,ee26f554d52545b543445f5aa072ccaebda02aa515b946ca0b37bc2828e2640a,195426,48857,4,,0.7547099646797254,0.46588702615984473,KDB,0.4666589105842986,generative,0,244282,False,0.0,0.6715394704762697,0.35560330000043905,8fa30def31dfcca43b8fd52eb80a5ffc6a93c477d022124fbe00adcfadf4ae82,195426,1,5374204,0.39250413760296504,0.82003789371864,488565,1.0,False,"repeat=1,fold=2",faf8c30045c672f51d6a375e94591ba7c26c40acd2c15d917cbabb96d7d24181,test,5d082d29f6c6349e82cf854611498538585e0d8ed1523bea389e3d23f90541a9,b32c769959c7f737e4f0bf6577035a299c67e805d4ef1ecff7abddca935a8e4d,274.0,16.55294535724685,1.0,0.0
120,0.0,0,0,0.0,2,0.24509021317531957,2e219c54a929d16f0cc7,13028.4,8870.0,0.0,0.0,0,cod-rna,LIBSVM cod-rna train/validation/test files,,0,0,3.0861314545884054e-06,3.125,4885650,5,PRIMARY,1563408,8,bda091832c67be108386ffea7097ee46b1aa1372c030278093c50d846a66bb47,2,0235dd8d3eb73192ffa2dd4112e20933b74ef408327fc987d63cecf6d24dca02,195426,48857,5,,0.7549067006932259,0.4656081598692379,KDB,0.4656006712627237,generative,0,244282,False,0.0,0.6716166409578275,0.26405810000051133,e4f85dfd28f4bc195daaea8e36fe7697e333da0f07556d89d785fa5db2eaf9cd,195426,1,4885650,0.3920204309144526,0.8211885123354142,488565,1.0,False,"repeat=1,fold=2",42de883fd4bfe0c1dfb839edceaa8881cc5b98bcfc9676a72bb938a3f4eb4052,train,5d082d29f6c6349e82cf854611498538585e0d8ed1523bea389e3d23f90541a9,b32c769959c7f737e4f0bf6577035a299c67e805d4ef1ecff7abddca935a8e4d,274.0,16.55294535724685,1.0,0.0
120,0.0,0,0,0.0,2,0.24450948686984464,2e219c54a929d16f0cc7,13028.4,8870.0,0.0,0.0,0,cod-rna,LIBSVM cod-rna train/validation/test files,,0,0,0.002852837519195782,3.125,1221425,5,PRIMARY,390856,8,bda091832c67be108386ffea7097ee46b1aa1372c030278093c50d846a66bb47,2,0235dd8d3eb73192ffa2dd4112e20933b74ef408327fc987d63cecf6d24dca02,195426,48857,5,,0.7547117201292767,0.46544410480318404,KDB,0.4637468488010793,generative,0,244282,False,0.0,0.6726127570508953,0.061307400000259804,fa0ad0bc4d55923be2da5791a274b5746a74823ed51b36b71e52d33dd33ed7c8,195426,1,1221425,0.3913692845528757,0.8229743683579507,488565,1.0,False,"repeat=1,fold=2",42de883fd4bfe0c1dfb839edceaa8881cc5b98bcfc9676a72bb938a3f4eb4052,validation,5d082d29f6c6349e82cf854611498538585e0d8ed1523bea389e3d23f90541a9,b32c769959c7f737e4f0bf6577035a299c67e805d4ef1ecff7abddca935a8e4d,274.0,16.55294535724685,1.0,0.0
120,0.0,0,0,0.0,2,0.24529437289689784,2e219c54a929d16f0cc7,13028.4,8870.0,0.0,0.0,0,cod-rna,LIBSVM cod-rna train/validation/test files,,0,0,0.0013082037613137312,3.125,6107050,5,PRIMARY,1954256,8,bda091832c67be108386ffea7097ee46b1aa1372c030278093c50d846a66bb47,2,0235dd8d3eb73192ffa2dd4112e20933b74ef408327fc987d63cecf6d24dca02,195426,48857,5,,0.7547099646797254,0.46588702615984473,KDB,0.4666589105842986,generative,0,244282,False,0.0,0.6715394704762697,0.33495079999920563,8fa30def31dfcca43b8fd52eb80a5ffc6a93c477d022124fbe00adcfadf4ae82,195426,1,6107050,0.39250413760296504,0.82003789371864,488565,1.0,False,"repeat=1,fold=2",42de883fd4bfe0c1dfb839edceaa8881cc5b98bcfc9676a72bb938a3f4eb4052,test,5d082d29f6c6349e82cf854611498538585e0d8ed1523bea389e3d23f90541a9,b32c769959c7f737e4f0bf6577035a299c67e805d4ef1ecff7abddca935a8e4d,274.0,16.55294535724685,1.0,0.0
8,0.0,0,0,0.0,2,0.2444671869003454,2e219c54a929d16f0cc7,195425.0,195425.0,0.0,0.0,0,cod-rna,LIBSVM cod-rna train/validation/test files,,0,0,3.069742885503169e-06,0.0,0,0,PRIMARY,1563400,8,5ee13912429f12e5db015c4a6246e8d27d0ffafc0e055e0c3e540bae616acd28,1,e9748a9e0d20027283f302322b7ca8f8e828becd94232d10f3f9e392eff0c2c5,195425,48857,0,,0.7555297433567691,0.4652620663996772,KDB,0.4652545557361769,generative,0,244283,False,0.0,0.6740517963480948,0.2623673999996754,e96a3d789a569e6e46323413fde2104241a0a792e517e18d008c4d370d59a5ce,195425,2,0,0.39187717390697685,0.8217984601247896,488565,1.0,False,"repeat=2,fold=1",ccd3364e40193cc3986f11b4cba54e97feea50ec228b8f7ca20b81229a0e0522,train,578f2deabeeae9cf9474ed571cad08616fc02383149966cb9da6530ffaf38f49,f6447bbfe94fd63fc3cd999f0cb9d1b5a81a441ba738032b3dec635d62fe72ed,52.0,7.211102550927978,1.0,0.0
8,0.0,0,0,0.0,2,0.24641300120760587,2e219c54a929d16f0cc7,195425.0,195425.0,0.0,0.0,0,cod-rna,LIBSVM cod-rna train/validation/test files,,0,0,0.006529015729087386,0.0,0,0,PRIMARY,390856,8,5ee13912429f12e5db015c4a6246e8d27d0ffafc0e055e0c3e540bae616acd28,1,e9748a9e0d20027283f302322b7ca8f8e828becd94232d10f3f9e392eff0c2c5,195425,48857,0,,0.7553464901107605,0.46506248670440664,KDB,0.4631534969238442,generative,0,244283,False,0.0,0.6755627705109646,0.0602601999999024,e552739782ac61a58311866fda01e618cf63dfd8011cff2cc834d964237e87bc,195425,2,0,0.39105879713745473,0.8227053832534064,488565,1.0,False,"repeat=2,fold=1",ccd3364e40193cc3986f11b4cba54e97feea50ec228b8f7ca20b81229a0e0522,validation,578f2deabeeae9cf9474ed571cad08616fc02383149966cb9da6530ffaf38f49,f6447bbfe94fd63fc3cd999f0cb9d1b5a81a441ba738032b3dec635d62fe72ed,52.0,7.211102550927978,1.0,0.0
8,0.0,0,0,0.0,2,0.246329052778949,2e219c54a929d16f0cc7,195425.0,195425.0,0.0,0.0,0,cod-rna,LIBSVM cod-rna train/validation/test files,,0,0,0.0030465839655386363,0.0,0,0,PRIMARY,1954264,8,5ee13912429f12e5db015c4a6246e8d27d0ffafc0e055e0c3e540bae616acd28,1,e9748a9e0d20027283f302322b7ca8f8e828becd94232d10f3f9e392eff0c2c5,195425,48857,0,,0.7554139932259416,0.4655651035981465,KDB,0.4670756405725888,generative,0,244283,False,0.0,0.671905581491521,0.3679463999997097,c772dd725fa395b108e5360bc8c221c16d4473e1885a7e6a15909caa30a62d14,195425,2,0,0.3927306016503153,0.8198809194685464,488565,1.0,False,"repeat=2,fold=1",ccd3364e40193cc3986f11b4cba54e97feea50ec228b8f7ca20b81229a0e0522,test,578f2deabeeae9cf9474ed571cad08616fc02383149966cb9da6530ffaf38f49,f6447bbfe94fd63fc3cd999f0cb9d1b5a81a441ba738032b3dec635d62fe72ed,52.0,7.211102550927978,1.0,0.0
127,0.0,0,0,0.0,2,0.2444671869003454,2e219c54a929d16f0cc7,12310.236220472441,7338.0,0.0,0.0,0,cod-rna,LIBSVM cod-rna train/validation/test files,,0,0,3.069742885503169e-06,0.875,1367975,1,PRIMARY,1563400,8,5ee13912429f12e5db015c4a6246e8d27d0ffafc0e055e0c3e540bae616acd28,1,cbb309549f86ff767537926de65cdb028118cb317f82a2582ec3312399d76c2d,195425,48857,1,,0.7555297433567691,0.4652620663996772,KDB,0.4652545557361769,generative,0,244283,False,0.0,0.6740517963480948,0.304340300000149,e96a3d789a569e6e46323413fde2104241a0a792e517e18d008c4d370d59a5ce,195425,2,1367975,0.39187717390697685,0.8217984601247896,488565,1.0,False,"repeat=2,fold=1",a5d01c1b48181105989c9fef1c937e3fae9ed964f445a6741470db720a732883,train,578f2deabeeae9cf9474ed571cad08616fc02383149966cb9da6530ffaf38f49,f6447bbfe94fd63fc3cd999f0cb9d1b5a81a441ba738032b3dec635d62fe72ed,290.0,17.029386365926403,1.0,0.0
127,0.0,0,0,0.0,2,0.24641300120760587,2e219c54a929d16f0cc7,12310.236220472441,7338.0,0.0,0.0,0,cod-rna,LIBSVM cod-rna train/validation/test files,,0,0,0.006529015729087386,0.875,341999,1,PRIMARY,390856,8,5ee13912429f12e5db015c4a6246e8d27d0ffafc0e055e0c3e540bae616acd28,1,cbb309549f86ff767537926de65cdb028118cb317f82a2582ec3312399d76c2d,195425,48857,1,,0.7553464901107605,0.46506248670440664,KDB,0.4631534969238442,generative,0,244283,False,0.0,0.6755627705109646,0.051297799999701965,e552739782ac61a58311866fda01e618cf63dfd8011cff2cc834d964237e87bc,195425,2,341999,0.39105879713745473,0.8227053832534064,488565,1.0,False,"repeat=2,fold=1",a5d01c1b48181105989c9fef1c937e3fae9ed964f445a6741470db720a732883,validation,578f2deabeeae9cf9474ed571cad08616fc02383149966cb9da6530ffaf38f49,f6447bbfe94fd63fc3cd999f0cb9d1b5a81a441ba738032b3dec635d62fe72ed,290.0,17.029386365926403,1.0,0.0
127,0.0,0,0,0.0,2,0.246329052778949,2e219c54a929d16f0cc7,12310.236220472441,7338.0,0.0,0.0,0,cod-rna,LIBSVM cod-rna train/validation/test files,,0,0,0.0030465839655386363,0.875,1709981,1,PRIMARY,1954264,8,5ee13912429f12e5db015c4a6246e8d27d0ffafc0e055e0c3e540bae616acd28,1,cbb309549f86ff767537926de65cdb028118cb317f82a2582ec3312399d76c2d,195425,48857,1,,0.7554139932259416,0.4655651035981465,KDB,0.4670756405725888,generative,0,244283,False,0.0,0.671905581491521,0.32704719999946974,c772dd725fa395b108e5360bc8c221c16d4473e1885a7e6a15909caa30a62d14,195425,2,1709981,0.3927306016503153,0.8198809194685464,488565,1.0,False,"repeat=2,fold=1",a5d01c1b48181105989c9fef1c937e3fae9ed964f445a6741470db720a732883,test,578f2deabeeae9cf9474ed571cad08616fc02383149966cb9da6530ffaf38f49,f6447bbfe94fd63fc3cd999f0cb9d1b5a81a441ba738032b3dec635d62fe72ed,290.0,17.029386365926403,1.0,0.0
127,0.0,0,0,0.0,2,0.2444671869003454,2e219c54a929d16f0cc7,12310.236220472441,7338.0,0.0,0.0,0,cod-rna,LIBSVM cod-rna train/validation/test files,,0,0,3.069742885503169e-06,1.625,2540525,2,PRIMARY,1563400,8,5ee13912429f12e5db015c4a6246e8d27d0ffafc0e055e0c3e540bae616acd28,1,4d3ae6652b2e907cbd1d9d535c50e67cf84137d460d00a937ec2205fcf792081,195425,48857,2,,0.7555297433567691,0.4652620663996772,KDB,0.4652545557361769,generative,0,244283,False,0.0,0.6740517963480948,0.2827271000005567,e96a3d789a569e6e46323413fde2104241a0a792e517e18d008c4d370d59a5ce,195425,2,2540525,0.39187717390697685,0.8217984601247896,488565,1.0,False,"repeat=2,fold=1",f2bb0842e49facdde83622a48f78491067fe45d63239c29efb630e4d3ff32dc9,train,578f2deabeeae9cf9474ed571cad08616fc02383149966cb9da6530ffaf38f49,f6447bbfe94fd63fc3cd999f0cb9d1b5a81a441ba738032b3dec635d62fe72ed,290.0,17.029386365926403,1.0,0.0
127,0.0,0,0,0.0,2,0.24641300120760587,2e219c54a929d16f0cc7,12310.236220472441,7338.0,0.0,0.0,0,cod-rna,LIBSVM cod-rna train/validation/test files,,0,0,0.006529015729087386,1.625,635141,2,PRIMARY,390856,8,5ee13912429f12e5db015c4a6246e8d27d0ffafc0e055e0c3e540bae616acd28,1,4d3ae6652b2e907cbd1d9d535c50e67cf84137d460d00a937ec2205fcf792081,195425,48857,2,,0.7553464901107605,0.46506248670440664,KDB,0.4631534969238442,generative,0,244283,False,0.0,0.6755627705109646,0.06293660000028467,e552739782ac61a58311866fda01e618cf63dfd8011cff2cc834d964237e87bc,195425,2,635141,0.39105879713745473,0.8227053832534064,488565,1.0,False,"repeat=2,fold=1",f2bb0842e49facdde83622a48f78491067fe45d63239c29efb630e4d3ff32dc9,validation,578f2deabeeae9cf9474ed571cad08616fc02383149966cb9da6530ffaf38f49,f6447bbfe94fd63fc3cd999f0cb9d1b5a81a441ba738032b3dec635d62fe72ed,290.0,17.029386365926403,1.0,0.0
127,0.0,0,0,0.0,2,0.246329052778949,2e219c54a929d16f0cc7,12310.236220472441,7338.0,0.0,0.0,0,cod-rna,LIBSVM cod-rna train/validation/test files,,0,0,0.0030465839655386363,1.625,3175679,2,PRIMARY,1954264,8,5ee13912429f12e5db015c4a6246e8d27d0ffafc0e055e0c3e540bae616acd28,1,4d3ae6652b2e907cbd1d9d535c50e67cf84137d460d00a937ec2205fcf792081,195425,48857,2,,0.7554139932259416,0.4655651035981465,KDB,0.4670756405725888,generative,0,244283,False,0.0,0.671905581491521,0.33066499999949883,c772dd725fa395b108e5360bc8c221c16d4473e1885a7e6a15909caa30a62d14,195425,2,3175679,0.3927306016503153,0.8198809194685464,488565,1.0,False,"repeat=2,fold=1",f2bb0842e49facdde83622a48f78491067fe45d63239c29efb630e4d3ff32dc9,test,578f2deabeeae9cf9474ed571cad08616fc02383149966cb9da6530ffaf38f49,f6447bbfe94fd63fc3cd999f0cb9d1b5a81a441ba738032b3dec635d62fe72ed,290.0,17.029386365926403,1.0,0.0
127,0.0,0,0,0.0,2,0.2444671869003454,2e219c54a929d16f0cc7,12310.236220472441,7338.0,0.0,0.0,0,cod-rna,LIBSVM cod-rna train/validation/test files,,0,0,3.069742885503169e-06,2.25,3517650,3,PRIMARY,1563400,8,5ee13912429f12e5db015c4a6246e8d27d0ffafc0e055e0c3e540bae616acd28,1,4ac4448929690b11b6e37371d713e68487bf8b35a510845772290887eac5f89b,195425,48857,3,,0.7555297433567691,0.4652620663996772,KDB,0.4652545557361769,generative,0,244283,False,0.0,0.6740517963480948,0.3086860000003071,e96a3d789a569e6e46323413fde2104241a0a792e517e18d008c4d370d59a5ce,195425,2,3517650,0.39187717390697685,0.8217984601247896,488565,1.0,False,"repeat=2,fold=1",942e5887af2fabd218d0312be47fc7d5a3054454d07ab12495864c25cdf73f07,train,578f2deabeeae9cf9474ed571cad08616fc02383149966cb9da6530ffaf38f49,f6447bbfe94fd63fc3cd999f0cb9d1b5a81a441ba738032b3dec635d62fe72ed,290.0,17.029386365926403,1.0,0.0
127,0.0,0,0,0.0,2,0.24641300120760587,2e219c54a929d16f0cc7,12310.236220472441,7338.0,0.0,0.0,0,cod-rna,LIBSVM cod-rna train/validation/test files,,0,0,0.006529015729087386,2.25,879426,3,PRIMARY,390856,8,5ee13912429f12e5db015c4a6246e8d27d0ffafc0e055e0c3e540bae616acd28,1,4ac4448929690b11b6e37371d713e68487bf8b35a510845772290887eac5f89b,195425,48857,3,,0.7553464901107605,0.46506248670440664,KDB,0.4631534969238442,generative,0,244283,False,0.0,0.6755627705109646,0.04626220000045578,e552739782ac61a58311866fda01e618cf63dfd8011cff2cc834d964237e87bc,195425,2,879426,0.39105879713745473,0.8227053832534064,488565,1.0,False,"repeat=2,fold=1",942e5887af2fabd218d0312be47fc7d5a3054454d07ab12495864c25cdf73f07,validation,578f2deabeeae9cf9474ed571cad08616fc02383149966cb9da6530ffaf38f49,f6447bbfe94fd63fc3cd999f0cb9d1b5a81a441ba738032b3dec635d62fe72ed,290.0,17.029386365926403,1.0,0.0
127,0.0,0,0,0.0,2,0.246329052778949,2e219c54a929d16f0cc7,12310.236220472441,7338.0,0.0,0.0,0,cod-rna,LIBSVM cod-rna train/validation/test files,,0,0,0.0030465839655386363,2.25,4397094,3,PRIMARY,1954264,8,5ee13912429f12e5db015c4a6246e8d27d0ffafc0e055e0c3e540bae616acd28,1,4ac4448929690b11b6e37371d713e68487bf8b35a510845772290887eac5f89b,195425,48857,3,,0.7554139932259416,0.4655651035981465,KDB,0.4670756405725888,generative,0,244283,False,0.0,0.671905581491521,0.4191086999999243,c772dd725fa395b108e5360bc8c221c16d4473e1885a7e6a15909caa30a62d14,195425,2,4397094,0.3927306016503153,0.8198809194685464,488565,1.0,False,"repeat=2,fold=1",942e5887af2fabd218d0312be47fc7d5a3054454d07ab12495864c25cdf73f07,test,578f2deabeeae9cf9474ed571cad08616fc02383149966cb9da6530ffaf38f49,f6447bbfe94fd63fc3cd999f0cb9d1b5a81a441ba738032b3dec635d62fe72ed,290.0,17.029386365926403,1.0,0.0
127,0.0,0,0,0.0,2,0.2444671869003454,2e219c54a929d16f0cc7,12310.236220472441,7338.0,0.0,0.0,0,cod-rna,LIBSVM cod-rna train/validation/test files,,0,0,3.069742885503169e-06,2.75,4299350,4,PRIMARY,1563400,8,5ee13912429f12e5db015c4a6246e8d27d0ffafc0e055e0c3e540bae616acd28,1,f54d49773b4a16c56f6983bbe9aea97add4729dd558c14b8dd28d42fd311b45b,195425,48857,4,,0.7555297433567691,0.4652620663996772,KDB,0.4652545557361769,generative,0,244283,False,0.0,0.6740517963480948,0.30855699999938224,e96a3d789a569e6e46323413fde2104241a0a792e517e18d008c4d370d59a5ce,195425,2,4299350,0.39187717390697685,0.8217984601247896,488565,1.0,False,"repeat=2,fold=1",faf8c30045c672f51d6a375e94591ba7c26c40acd2c15d917cbabb96d7d24181,train,578f2deabeeae9cf9474ed571cad08616fc02383149966cb9da6530ffaf38f49,f6447bbfe94fd63fc3cd999f0cb9d1b5a81a441ba738032b3dec635d62fe72ed,290.0,17.029386365926403,1.0,0.0
127,0.0,0,0,0.0,2,0.24641300120760587,2e219c54a929d16f0cc7,12310.236220472441,7338.0,0.0,0.0,0,cod-rna,LIBSVM cod-rna train/validation/test files,,0,0,0.006529015729087386,2.75,1074854,4,PRIMARY,390856,8,5ee13912429f12e5db015c4a6246e8d27d0ffafc0e055e0c3e540bae616acd28,1,f54d49773b4a16c56f6983bbe9aea97add4729dd558c14b8dd28d42fd311b45b,195425,48857,4,,0.7553464901107605,0.46506248670440664,KDB,0.4631534969238442,generative,0,244283,False,0.0,0.6755627705109646,0.06102339999961259,e552739782ac61a58311866fda01e618cf63dfd8011cff2cc834d964237e87bc,195425,2,1074854,0.39105879713745473,0.8227053832534064,488565,1.0,False,"repeat=2,fold=1",faf8c30045c672f51d6a375e94591ba7c26c40acd2c15d917cbabb96d7d24181,validation,578f2deabeeae9cf9474ed571cad08616fc02383149966cb9da6530ffaf38f49,f6447bbfe94fd63fc3cd999f0cb9d1b5a81a441ba738032b3dec635d62fe72ed,290.0,17.029386365926403,1.0,0.0
127,0.0,0,0,0.0,2,0.246329052778949,2e219c54a929d16f0cc7,12310.236220472441,7338.0,0.0,0.0,0,cod-rna,LIBSVM cod-rna train/validation/test files,,0,0,0.0030465839655386363,2.75,5374226,4,PRIMARY,1954264,8,5ee13912429f12e5db015c4a6246e8d27d0ffafc0e055e0c3e540bae616acd28,1,f54d49773b4a16c56f6983bbe9aea97add4729dd558c14b8dd28d42fd311b45b,195425,48857,4,,0.7554139932259416,0.4655651035981465,KDB,0.4670756405725888,generative,0,244283,False,0.0,0.671905581491521,0.3169223000004422,c772dd725fa395b108e5360bc8c221c16d4473e1885a7e6a15909caa30a62d14,195425,2,5374226,0.3927306016503153,0.8198809194685464,488565,1.0,False,"repeat=2,fold=1",faf8c30045c672f51d6a375e94591ba7c26c40acd2c15d917cbabb96d7d24181,test,578f2deabeeae9cf9474ed571cad08616fc02383149966cb9da6530ffaf38f49,f6447bbfe94fd63fc3cd999f0cb9d1b5a81a441ba738032b3dec635d62fe72ed,290.0,17.029386365926403,1.0,0.0
127,0.0,0,0,0.0,2,0.2444671869003454,2e219c54a929d16f0cc7,12310.236220472441,7338.0,0.0,0.0,0,cod-rna,LIBSVM cod-rna train/validation/test files,,0,0,3.069742885503169e-06,3.125,4885625,5,PRIMARY,1563400,8,5ee13912429f12e5db015c4a6246e8d27d0ffafc0e055e0c3e540bae616acd28,1,dfb17101917b3863bf0ceaa03a25a4b6b2c2b6eedbdae19a245f1a89df9dcfee,195425,48857,5,,0.7555297433567691,0.4652620663996772,KDB,0.4652545557361769,generative,0,244283,False,0.0,0.6740517963480948,0.26986979999946925,e96a3d789a569e6e46323413fde2104241a0a792e517e18d008c4d370d59a5ce,195425,2,4885625,0.39187717390697685,0.8217984601247896,488565,1.0,False,"repeat=2,fold=1",42de883fd4bfe0c1dfb839edceaa8881cc5b98bcfc9676a72bb938a3f4eb4052,train,578f2deabeeae9cf9474ed571cad08616fc02383149966cb9da6530ffaf38f49,f6447bbfe94fd63fc3cd999f0cb9d1b5a81a441ba738032b3dec635d62fe72ed,290.0,17.029386365926403,1.0,0.0
127,0.0,0,0,0.0,2,0.24641300120760587,2e219c54a929d16f0cc7,12310.236220472441,7338.0,0.0,0.0,0,cod-rna,LIBSVM cod-rna train/validation/test files,,0,0,0.006529015729087386,3.125,1221425,5,PRIMARY,390856,8,5ee13912429f12e5db015c4a6246e8d27d0ffafc0e055e0c3e540bae616acd28,1,dfb17101917b3863bf0ceaa03a25a4b6b2c2b6eedbdae19a245f1a89df9dcfee,195425,48857,5,,0.7553464901107605,0.46506248670440664,KDB,0.4631534969238442,generative,0,244283,False,0.0,0.6755627705109646,0.0559849999999642,e552739782ac61a58311866fda01e618cf63dfd8011cff2cc834d964237e87bc,195425,2,1221425,0.39105879713745473,0.8227053832534064,488565,1.0,False,"repeat=2,fold=1",42de883fd4bfe0c1dfb839edceaa8881cc5b98bcfc9676a72bb938a3f4eb4052,validation,578f2deabeeae9cf9474ed571cad08616fc02383149966cb9da6530ffaf38f49,f6447bbfe94fd63fc3cd999f0cb9d1b5a81a441ba738032b3dec635d62fe72ed,290.0,17.029386365926403,1.0,0.0
127,0.0,0,0,0.0,2,0.246329052778949,2e219c54a929d16f0cc7,12310.236220472441,7338.0,0.0,0.0,0,cod-rna,LIBSVM cod-rna train/validation/test files,,0,0,0.0030465839655386363,3.125,6107075,5,PRIMARY,1954264,8,5ee13912429f12e5db015c4a6246e8d27d0ffafc0e055e0c3e540bae616acd28,1,dfb17101917b3863bf0ceaa03a25a4b6b2c2b6eedbdae19a245f1a89df9dcfee,195425,48857,5,,0.7554139932259416,0.4655651035981465,KDB,0.4670756405725888,generative,0,244283,False,0.0,0.671905581491521,0.3056797999997798,c772dd725fa395b108e5360bc8c221c16d4473e1885a7e6a15909caa30a62d14,195425,2,6107075,0.3927306016503153,0.8198809194685464,488565,1.0,False,"repeat=2,fold=1",42de883fd4bfe0c1dfb839edceaa8881cc5b98bcfc9676a72bb938a3f4eb4052,test,578f2deabeeae9cf9474ed571cad08616fc02383149966cb9da6530ffaf38f49,f6447bbfe94fd63fc3cd999f0cb9d1b5a81a441ba738032b3dec635d62fe72ed,290.0,17.029386365926403,1.0,0.0
8,0.0,0,0,0.0,2,0.24507997912253232,2e219c54a929d16f0cc7,195426.0,195426.0,0.0,0.0,0,cod-rna,LIBSVM cod-rna train/validation/test files,,0,0,3.3096664138137317e-06,0.0,0,0,PRIMARY,1563408,8,1fac9a558449d331195103f5dabb294b314f110099559fdf9253d326cb89b2c5,2,9495f50dbb91b38623cb0f0e41c0ea2312445694b4e23e40eb3461c3cd8fb618,195426,48857,0,,0.754916711211054,0.46639275174169154,KDB,0.46638482050764707,generative,0,244282,False,0.0,0.66884208912538,0.2891764999994848,8e8a6c91bdaafa42b8cd3b327e1a9fb2307ce27cee213f976b8cca496f5a86de,195426,2,0,0.392435665268075,0.8201878833502662,488565,1.0,False,"repeat=2,fold=2",ccd3364e40193cc3986f11b4cba54e97feea50ec228b8f7ca20b81229a0e0522,train,513430d1bd1e882b257362da3861902764a8efe717bb8034595f2993a5d5ab22,804f1bc778447de68d54cad7f3f67daedc427bfa6dba0187c78f5cd421de8184,50.0,7.0710678118654755,1.0,0.0
8,0.0,0,0,0.0,2,0.24743639601285383,2e219c54a929d16f0cc7,195426.0,195426.0,0.0,0.0,0,cod-rna,LIBSVM cod-rna train/validation/test files,,0,0,0.0031953168093816625,0.0,0,0,PRIMARY,390856,8,1fac9a558449d331195103f5dabb294b314f110099559fdf9253d326cb89b2c5,2,9495f50dbb91b38623cb0f0e41c0ea2312445694b4e23e40eb3461c3cd8fb618,195426,48857,0,,0.754978334307786,0.4664516010877829,KDB,0.4681514413356636,generative,0,244282,False,0.0,0.6668255394304775,0.050310300000091956,cb055f39a0baa1379843953700fdb11a4954374a41a816aad0fb0f85aad2d007,195426,2,0,0.39328649225947393,0.8181760259442175,488565,1.0,False,"repeat=2,fold=2",ccd3364e40193cc3986f11b4cba54e97feea50ec228b8f7ca20b81229a0e0522,validation,513430d1bd1e882b257362da3861902764a8efe717bb8034595f2993a5d5ab22,804f1bc778447de68d54cad7f3f67daedc427bfa6dba0187c78f5cd421de8184,50.0,7.0710678118654755,1.0,0.0
8,0.0,0,0,0.0,2,0.24520431304803464,2e219c54a929d16f0cc7,195426.0,195426.0,0.0,0.0,0,cod-rna,LIBSVM cod-rna train/validation/test files,,0,0,0.0017236046140595438,0.0,0,0,PRIMARY,1954256,8,1fac9a558449d331195103f5dabb294b314f110099559fdf9253d326cb89b2c5,2,9495f50dbb91b38623cb0f0e41c0ea2312445694b4e23e40eb3461c3cd8fb618,195426,48857,0,,0.7550632417512506,0.46597324485489305,KDB,0.4652158159111684,generative,0,244282,False,0.0,0.6696797857617216,0.31005110000023706,d4c476a37d1bba049bf106e695c9aaebe2afcee341216653297432164051b1b9,195426,2,0,0.3918698173498848,0.8212055263204852,488565,1.0,False,"repeat=2,fold=2",ccd3364e40193cc3986f11b4cba54e97feea50ec228b8f7ca20b81229a0e0522,test,513430d1bd1e882b257362da3861902764a8efe717bb8034595f2993a5d5ab22,804f1bc778447de68d54cad7f3f67daedc427bfa6dba0187c78f5cd421de8184,50.0,7.0710678118654755,1.0,0.0
120,0.0,0,0,0.0,2,0.24507997912253232,2e219c54a929d16f0cc7,13028.4,9175.0,0.0,0.0,0,cod-rna,LIBSVM cod-rna train/validation/test files,,0,0,3.3096664138137317e-06,0.875,1367982,1,PRIMARY,1563408,8,1fac9a558449d331195103f5dabb294b314f110099559fdf9253d326cb89b2c5,2,0a6bf85ea24b28e016cc934913a8a58fab4cc8b317456e0e193b71d134a752cb,195426,48857,1,,0.754916711211054,0.46639275174169154,KDB,0.46638482050764707,generative,0,244282,False,0.0,0.66884208912538,0.28210390000003827,8e8a6c91bdaafa42b8cd3b327e1a9fb2307ce27cee213f976b8cca496f5a86de,195426,2,1367982,0.392435665268075,0.8201878833502662,488565,1.0,False,"repeat=2,fold=2",a5d01c1b48181105989c9fef1c937e3fae9ed964f445a6741470db720a732883,train,513430d1bd1e882b257362da3861902764a8efe717bb8034595f2993a5d5ab22,804f1bc778447de68d54cad7f3f67daedc427bfa6dba0187c78f5cd421de8184,274.0,16.55294535724685,1.0,0.0
120,0.0,0,0,0.0,2,0.24743639601285383,2e219c54a929d16f0cc7,13028.4,9175.0,0.0,0.0,0,cod-rna,LIBSVM cod-rna train/validation/test files,,0,0,0.0031953168093816625,0.875,341999,1,PRIMARY,390856,8,1fac9a558449d331195103f5dabb294b314f110099559fdf9253d326cb89b2c5,2,0a6bf85ea24b28e016cc934913a8a58fab4cc8b317456e0e193b71d134a752cb,195426,48857,1,,0.754978334307786,0.4664516010877829,KDB,0.4681514413356636,generative,0,244282,False,0.0,0.6668255394304775,0.045640999999704945,cb055f39a0baa1379843953700fdb11a4954374a41a816aad0fb0f85aad2d007,195426,2,341999,0.39328649225947393,0.8181760259442175,488565,1.0,False,"repeat=2,fold=2",a5d01c1b48181105989c9fef1c937e3fae9ed964f445a6741470db720a732883,validation,513430d1bd1e882b257362da3861902764a8efe717bb8034595f2993a5d5ab22,804f1bc778447de68d54cad7f3f67daedc427bfa6dba0187c78f5cd421de8184,274.0,16.55294535724685,1.0,0.0
120,0.0,0,0,0.0,2,0.24520431304803464,2e219c54a929d16f0cc7,13028.4,9175.0,0.0,0.0,0,cod-rna,LIBSVM cod-rna train/validation/test files,,0,0,0.0017236046140595438,0.875,1709974,1,PRIMARY,1954256,8,1fac9a558449d331195103f5dabb294b314f110099559fdf9253d326cb89b2c5,2,0a6bf85ea24b28e016cc934913a8a58fab4cc8b317456e0e193b71d134a752cb,195426,48857,1,,0.7550632417512506,0.46597324485489305,KDB,0.4652158159111684,generative,0,244282,False,0.0,0.6696797857617216,0.3035602999998446,d4c476a37d1bba049bf106e695c9aaebe2afcee341216653297432164051b1b9,195426,2,1709974,0.3918698173498848,0.8212055263204852,488565,1.0,False,"repeat=2,fold=2",a5d01c1b48181105989c9fef1c937e3fae9ed964f445a6741470db720a732883,test,513430d1bd1e882b257362da3861902764a8efe717bb8034595f2993a5d5ab22,804f1bc778447de68d54cad7f3f67daedc427bfa6dba0187c78f5cd421de8184,274.0,16.55294535724685,1.0,0.0
120,0.0,0,0,0.0,2,0.24507997912253232,2e219c54a929d16f0cc7,13028.4,9175.0,0.0,0.0,0,cod-rna,LIBSVM cod-rna train/validation/test files,,0,0,3.3096664138137317e-06,1.625,2540538,2,PRIMARY,1563408,8,1fac9a558449d331195103f5dabb294b314f110099559fdf9253d326cb89b2c5,2,a391a935d98bd454a03fa012e8272dd493bc1204753d24b8051ebfa4ef4564cb,195426,48857,2,,0.754916711211054,0.46639275174169154,KDB,0.46638482050764707,generative,0,244282,False,0.0,0.66884208912538,0.27285659999961354,8e8a6c91bdaafa42b8cd3b327e1a9fb2307ce27cee213f976b8cca496f5a86de,195426,2,2540538,0.392435665268075,0.8201878833502662,488565,1.0,False,"repeat=2,fold=2",f2bb0842e49facdde83622a48f78491067fe45d63239c29efb630e4d3ff32dc9,train,513430d1bd1e882b257362da3861902764a8efe717bb8034595f2993a5d5ab22,804f1bc778447de68d54cad7f3f67daedc427bfa6dba0187c78f5cd421de8184,274.0,16.55294535724685,1.0,0.0
120,0.0,0,0,0.0,2,0.24743639601285383,2e219c54a929d16f0cc7,13028.4,9175.0,0.0,0.0,0,cod-rna,LIBSVM cod-rna train/validation/test files,,0,0,0.0031953168093816625,1.625,635141,2,PRIMARY,390856,8,1fac9a558449d331195103f5dabb294b314f110099559fdf9253d326cb89b2c5,2,a391a935d98bd454a03fa012e8272dd493bc1204753d24b8051ebfa4ef4564cb,195426,48857,2,,0.754978334307786,0.4664516010877829,KDB,0.4681514413356636,generative,0,244282,False,0.0,0.6668255394304775,0.07079909999993106,cb055f39a0baa1379843953700fdb11a4954374a41a816aad0fb0f85aad2d007,195426,2,635141,0.39328649225947393,0.8181760259442175,488565,1.0,False,"repeat=2,fold=2",f2bb0842e49facdde83622a48f78491067fe45d63239c29efb630e4d3ff32dc9,validation,513430d1bd1e882b257362da3861902764a8efe717bb8034595f2993a5d5ab22,804f1bc778447de68d54cad7f3f67daedc427bfa6dba0187c78f5cd421de8184,274.0,16.55294535724685,1.0,0.0
120,0.0,0,0,0.0,2,0.24520431304803464,2e219c54a929d16f0cc7,13028.4,9175.0,0.0,0.0,0,cod-rna,LIBSVM cod-rna train/validation/test files,,0,0,0.0017236046140595438,1.625,3175666,2,PRIMARY,1954256,8,1fac9a558449d331195103f5dabb294b314f110099559fdf9253d326cb89b2c5,2,a391a935d98bd454a03fa012e8272dd493bc1204753d24b8051ebfa4ef4564cb,195426,48857,2,,0.7550632417512506,0.46597324485489305,KDB,0.4652158159111684,generative,0,244282,False,0.0,0.6696797857617216,0.31275900000036927,d4c476a37d1bba049bf106e695c9aaebe2afcee341216653297432164051b1b9,195426,2,3175666,0.3918698173498848,0.8212055263204852,488565,1.0,False,"repeat=2,fold=2",f2bb0842e49facdde83622a48f78491067fe45d63239c29efb630e4d3ff32dc9,test,513430d1bd1e882b257362da3861902764a8efe717bb8034595f2993a5d5ab22,804f1bc778447de68d54cad7f3f67daedc427bfa6dba0187c78f5cd421de8184,274.0,16.55294535724685,1.0,0.0
120,0.0,0,0,0.0,2,0.24507997912253232,2e219c54a929d16f0cc7,13028.4,9175.0,0.0,0.0,0,cod-rna,LIBSVM cod-rna train/validation/test files,,0,0,3.3096664138137317e-06,2.25,3517668,3,PRIMARY,1563408,8,1fac9a558449d331195103f5dabb294b314f110099559fdf9253d326cb89b2c5,2,35caf7495f70d428433103b4126f64835ce7e575357599cd154944386112ee2c,195426,48857,3,,0.754916711211054,0.46639275174169154,KDB,0.46638482050764707,generative,0,244282,False,0.0,0.66884208912538,0.2707854000000225,8e8a6c91bdaafa42b8cd3b327e1a9fb2307ce27cee213f976b8cca496f5a86de,195426,2,3517668,0.392435665268075,0.8201878833502662,488565,1.0,False,"repeat=2,fold=2",942e5887af2fabd218d0312be47fc7d5a3054454d07ab12495864c25cdf73f07,train,513430d1bd1e882b257362da3861902764a8efe717bb8034595f2993a5d5ab22,804f1bc778447de68d54cad7f3f67daedc427bfa6dba0187c78f5cd421de8184,274.0,16.55294535724685,1.0,0.0
120,0.0,0,0,0.0,2,0.24743639601285383,2e219c54a929d16f0cc7,13028.4,9175.0,0.0,0.0,0,cod-rna,LIBSVM cod-rna train/validation/test files,,0,0,0.0031953168093816625,2.25,879426,3,PRIMARY,390856,8,1fac9a558449d331195103f5dabb294b314f110099559fdf9253d326cb89b2c5,2,35caf7495f70d428433103b4126f64835ce7e575357599cd154944386112ee2c,195426,48857,3,,0.754978334307786,0.4664516010877829,KDB,0.4681514413356636,generative,0,244282,False,0.0,0.6668255394304775,0.06016840000029333,cb055f39a0baa1379843953700fdb11a4954374a41a816aad0fb0f85aad2d007,195426,2,879426,0.39328649225947393,0.8181760259442175,488565,1.0,False,"repeat=2,fold=2",942e5887af2fabd218d0312be47fc7d5a3054454d07ab12495864c25cdf73f07,validation,513430d1bd1e882b257362da3861902764a8efe717bb8034595f2993a5d5ab22,804f1bc778447de68d54cad7f3f67daedc427bfa6dba0187c78f5cd421de8184,274.0,16.55294535724685,1.0,0.0
120,0.0,0,0,0.0,2,0.24520431304803464,2e219c54a929d16f0cc7,13028.4,9175.0,0.0,0.0,0,cod-rna,LIBSVM cod-rna train/validation/test files,,0,0,0.0017236046140595438,2.25,4397076,3,PRIMARY,1954256,8,1fac9a558449d331195103f5dabb294b314f110099559fdf9253d326cb89b2c5,2,35caf7495f70d428433103b4126f64835ce7e575357599cd154944386112ee2c,195426,48857,3,,0.7550632417512506,0.46597324485489305,KDB,0.4652158159111684,generative,0,244282,False,0.0,0.6696797857617216,0.3354779999999664,d4c476a37d1bba049bf106e695c9aaebe2afcee341216653297432164051b1b9,195426,2,4397076,0.3918698173498848,0.8212055263204852,488565,1.0,False,"repeat=2,fold=2",942e5887af2fabd218d0312be47fc7d5a3054454d07ab12495864c25cdf73f07,test,513430d1bd1e882b257362da3861902764a8efe717bb8034595f2993a5d5ab22,804f1bc778447de68d54cad7f3f67daedc427bfa6dba0187c78f5cd421de8184,274.0,16.55294535724685,1.0,0.0
120,0.0,0,0,0.0,2,0.24507997912253232,2e219c54a929d16f0cc7,13028.4,9175.0,0.0,0.0,0,cod-rna,LIBSVM cod-rna train/validation/test files,,0,0,3.3096664138137317e-06,2.75,4299372,4,PRIMARY,1563408,8,1fac9a558449d331195103f5dabb294b314f110099559fdf9253d326cb89b2c5,2,644d4e95b30cb85574becb32a0478353c4ea1dbcc6070f8943393200e8d25e0c,195426,48857,4,,0.754916711211054,0.46639275174169154,KDB,0.46638482050764707,generative,0,244282,False,0.0,0.66884208912538,0.25927649999994173,8e8a6c91bdaafa42b8cd3b327e1a9fb2307ce27cee213f976b8cca496f5a86de,195426,2,4299372,0.392435665268075,0.8201878833502662,488565,1.0,False,"repeat=2,fold=2",faf8c30045c672f51d6a375e94591ba7c26c40acd2c15d917cbabb96d7d24181,train,513430d1bd1e882b257362da3861902764a8efe717bb8034595f2993a5d5ab22,804f1bc778447de68d54cad7f3f67daedc427bfa6dba0187c78f5cd421de8184,274.0,16.55294535724685,1.0,0.0
120,0.0,0,0,0.0,2,0.24743639601285383,2e219c54a929d16f0cc7,13028.4,9175.0,0.0,0.0,0,cod-rna,LIBSVM cod-rna train/validation/test files,,0,0,0.0031953168093816625,2.75,1074854,4,PRIMARY,390856,8,1fac9a558449d331195103f5dabb294b314f110099559fdf9253d326cb89b2c5,2,644d4e95b30cb85574becb32a0478353c4ea1dbcc6070f8943393200e8d25e0c,195426,48857,4,,0.754978334307786,0.4664516010877829,KDB,0.4681514413356636,generative,0,244282,False,0.0,0.6668255394304775,0.0747841000002154,cb055f39a0baa1379843953700fdb11a4954374a41a816aad0fb0f85aad2d007,195426,2,1074854,0.39328649225947393,0.8181760259442175,488565,1.0,False,"repeat=2,fold=2",faf8c30045c672f51d6a375e94591ba7c26c40acd2c15d917cbabb96d7d24181,validation,513430d1bd1e882b257362da3861902764a8efe717bb8034595f2993a5d5ab22,804f1bc778447de68d54cad7f3f67daedc427bfa6dba0187c78f5cd421de8184,274.0,16.55294535724685,1.0,0.0
120,0.0,0,0,0.0,2,0.24520431304803464,2e219c54a929d16f0cc7,13028.4,9175.0,0.0,0.0,0,cod-rna,LIBSVM cod-rna train/validation/test files,,0,0,0.0017236046140595438,2.75,5374204,4,PRIMARY,1954256,8,1fac9a558449d331195103f5dabb294b314f110099559fdf9253d326cb89b2c5,2,644d4e95b30cb85574becb32a0478353c4ea1dbcc6070f8943393200e8d25e0c,195426,48857,4,,0.7550632417512506,0.46597324485489305,KDB,0.4652158159111684,generative,0,244282,False,0.0,0.6696797857617216,0.3135312000003978,d4c476a37d1bba049bf106e695c9aaebe2afcee341216653297432164051b1b9,195426,2,5374204,0.3918698173498848,0.8212055263204852,488565,1.0,False,"repeat=2,fold=2",faf8c30045c672f51d6a375e94591ba7c26c40acd2c15d917cbabb96d7d24181,test,513430d1bd1e882b257362da3861902764a8efe717bb8034595f2993a5d5ab22,804f1bc778447de68d54cad7f3f67daedc427bfa6dba0187c78f5cd421de8184,274.0,16.55294535724685,1.0,0.0
120,0.0,0,0,0.0,2,0.24507997912253232,2e219c54a929d16f0cc7,13028.4,9175.0,0.0,0.0,0,cod-rna,LIBSVM cod-rna train/validation/test files,,0,0,3.3096664138137317e-06,3.125,4885650,5,PRIMARY,1563408,8,1fac9a558449d331195103f5dabb294b314f110099559fdf9253d326cb89b2c5,2,345df678a80840268ef787d50fc342c78e9acd0733818304ee93059ff474d0ef,195426,48857,5,,0.754916711211054,0.46639275174169154,KDB,0.46638482050764707,generative,0,244282,False,0.0,0.66884208912538,0.2566434999998819,8e8a6c91bdaafa42b8cd3b327e1a9fb2307ce27cee213f976b8cca496f5a86de,195426,2,4885650,0.392435665268075,0.8201878833502662,488565,1.0,False,"repeat=2,fold=2",42de883fd4bfe0c1dfb839edceaa8881cc5b98bcfc9676a72bb938a3f4eb4052,train,513430d1bd1e882b257362da3861902764a8efe717bb8034595f2993a5d5ab22,804f1bc778447de68d54cad7f3f67daedc427bfa6dba0187c78f5cd421de8184,274.0,16.55294535724685,1.0,0.0
120,0.0,0,0,0.0,2,0.24743639601285383,2e219c54a929d16f0cc7,13028.4,9175.0,0.0,0.0,0,cod-rna,LIBSVM cod-rna train/validation/test files,,0,0,0.0031953168093816625,3.125,1221425,5,PRIMARY,390856,8,1fac9a558449d331195103f5dabb294b314f110099559fdf9253d326cb89b2c5,2,345df678a80840268ef787d50fc342c78e9acd0733818304ee93059ff474d0ef,195426,48857,5,,0.754978334307786,0.4664516010877829,KDB,0.4681514413356636,generative,0,244282,False,0.0,0.6668255394304775,0.050926699999763514,cb055f39a0baa1379843953700fdb11a4954374a41a816aad0fb0f85aad2d007,195426,2,1221425,0.39328649225947393,0.8181760259442175,488565,1.0,False,"repeat=2,fold=2",42de883fd4bfe0c1dfb839edceaa8881cc5b98bcfc9676a72bb938a3f4eb4052,validation,513430d1bd1e882b257362da3861902764a8efe717bb8034595f2993a5d5ab22,804f1bc778447de68d54cad7f3f67daedc427bfa6dba0187c78f5cd421de8184,274.0,16.55294535724685,1.0,0.0
120,0.0,0,0,0.0,2,0.24520431304803464,2e219c54a929d16f0cc7,13028.4,9175.0,0.0,0.0,0,cod-rna,LIBSVM cod-rna train/validation/test files,,0,0,0.0017236046140595438,3.125,6107050,5,PRIMARY,1954256,8,1fac9a558449d331195103f5dabb294b314f110099559fdf9253d326cb89b2c5,2,345df678a80840268ef787d50fc342c78e9acd0733818304ee93059ff474d0ef,195426,48857,5,,0.7550632417512506,0.46597324485489305,KDB,0.4652158159111684,generative,0,244282,False,0.0,0.6696797857617216,0.30164610000065295,d4c476a37d1bba049bf106e695c9aaebe2afcee341216653297432164051b1b9,195426,2,6107050,0.3918698173498848,0.8212055263204852,488565,1.0,False,"repeat=2,fold=2",42de883fd4bfe0c1dfb839edceaa8881cc5b98bcfc9676a72bb938a3f4eb4052,test,513430d1bd1e882b257362da3861902764a8efe717bb8034595f2993a5d5ab22,804f1bc778447de68d54cad7f3f67daedc427bfa6dba0187c78f5cd421de8184,274.0,16.55294535724685,1.0,0.0
4,0.0,0,0,0.0,11,0.4994995753973068,2e219c54a929d16f0cc7,65944.0,65944.0,0.0,0.0,0,Localization,UCI 196 ConfLongDemo_JSI: tag identifier and x/y/z,"{'extension': 'fewpla-datasets-v1', 'override': None, 'registry': {'group': 'core', 'note': 'Four-feature reconstruction: omit sequence identifier and both timestamps. Paper does not explicitly identify its four columns.', 'paper_shape': [164860, 4, 11], 'source': 'UCI 196 ConfLongDemo_JSI: tag identifier and x/y/z', 'url': 'https://archive.ics.uci.edu/dataset/196/localization+data+for+person+activity'}, 'strict_paper_shape': False}",0,0,0.03225090409523562,0.0,0,0,PRIMARY,263776,4,78fd0b226911bc5a5ddc998502279a6a2b39421f90239f7458eb9016d703d1e7,1,a6d9a6fff0ba6216f37037c3975ea152b6cb2108603de7b543ba3a98e5ca1fa7,65944,16486,0,,0.5258379451342333,1.322413591914909,KDB,1.3825610376880364,generative,0,82430,False,0.0,,0.11543260000053124,0b0122f199909d6273bd1fe9c373e29175defadc9ed4da0a2f9a7b7314f183b3,65944,1,0,0.6794201088353746,,164860,1.0,False,"repeat=1,fold=1",b24eb3e0b4f97bc948767862270e34a98cefdab00ee4ec5394c875d94b910736,train,ceb2d459b2e0cdac443189d02543b9683d665846d5e6f4b50f4fa67664a6c8e8,33a498e5549698c7f17dbe15b091f641d3dff7edfa8e86637fb068de278deea6,814.0,28.53068523537421,1.0,0.0
4,0.0,0,0,0.0,11,0.5081887662258886,2e219c54a929d16f0cc7,65944.0,65944.0,0.0,0.0,0,Localization,UCI 196 ConfLongDemo_JSI: tag identifier and x/y/z,"{'extension': 'fewpla-datasets-v1', 'override': None, 'registry': {'group': 'core', 'note': 'Four-feature reconstruction: omit sequence identifier and both timestamps. Paper does not explicitly identify its four columns.', 'paper_shape': [164860, 4, 11], 'source': 'UCI 196 ConfLongDemo_JSI: tag identifier and x/y/z', 'url': 'https://archive.ics.uci.edu/dataset/196/localization+data+for+person+activity'}, 'strict_paper_shape': False}",0,0,0.038470063852553325,0.0,0,0,PRIMARY,65944,4,78fd0b226911bc5a5ddc998502279a6a2b39421f90239f7458eb9016d703d1e7,1,a6d9a6fff0ba6216f37037c3975ea152b6cb2108603de7b543ba3a98e5ca1fa7,65944,16486,0,,0.5234239895593158,1.328334642700451,KDB,1.3969057634150182,generative,0,82430,False,0.0,,0.025872299999718962,3c3105a67c5e27f41f853f536fd6385e4c5d04cf5ba24bdb528afe9a3338ae45,65944,1,0,0.6822604478122442,,164860,1.0,False,"repeat=1,fold=1",b24eb3e0b4f97bc948767862270e34a98cefdab00ee4ec5394c875d94b910736,validation,ceb2d459b2e0cdac443189d02543b9683d665846d5e6f4b50f4fa67664a6c8e8,33a498e5549698c7f17dbe15b091f641d3dff7edfa8e86637fb068de278deea6,814.0,28.53068523537421,1.0,0.0
4,0.0,0,0,0.0,11,0.5052772049011283,2e219c54a929d16f0cc7,65944.0,65944.0,0.0,0.0,0,Localization,UCI 196 ConfLongDemo_JSI: tag identifier and x/y/z,"{'extension': 'fewpla-datasets-v1', 'override': None, 'registry': {'group': 'core', 'note': 'Four-feature reconstruction: omit sequence identifier and both timestamps. Paper does not explicitly identify its four columns.', 'paper_shape': [164860, 4, 11], 'source': 'UCI 196 ConfLongDemo_JSI: tag identifier and x/y/z', 'url': 'https://archive.ics.uci.edu/dataset/196/localization+data+for+person+activity'}, 'strict_paper_shape': False}",0,0,0.03602150431819153,0.0,0,0,PRIMARY,329720,4,78fd0b226911bc5a5ddc998502279a6a2b39421f90239f7458eb9016d703d1e7,1,a6d9a6fff0ba6216f37037c3975ea152b6cb2108603de7b543ba3a98e5ca1fa7,65944,16486,0,,0.5251631059321625,1.3241661521422257,KDB,1.402065523437555,generative,0,82430,False,0.0,,0.1377513999996154,aecf67693ee40c1ea01b215c1b614d67c695db9260ec945986e987a1f35ed8d7,65944,1,0,0.6821590802340933,,164860,1.0,False,"repeat=1,fold=1",b24eb3e0b4f97bc948767862270e34a98cefdab00ee4ec5394c875d94b910736,test,ceb2d459b2e0cdac443189d02543b9683d665846d5e6f4b50f4fa67664a6c8e8,33a498e5549698c7f17dbe15b091f641d3dff7edfa8e86637fb068de278deea6,814.0,28.53068523537421,1.0,0.0
74,0.0,0,0,0.0,11,0.4080280237777508,2e219c54a929d16f0cc7,3564.5405405405404,2099.0,0.0,0.0,0,Localization,UCI 196 ConfLongDemo_JSI: tag identifier and x/y/z,"{'extension': 'fewpla-datasets-v1', 'override': None, 'registry': {'group': 'core', 'note': 'Four-feature reconstruction: omit sequence identifier and both timestamps. Paper does not explicitly identify its four columns.', 'paper_shape': [164860, 4, 11], 'source': 'UCI 196 ConfLongDemo_JSI: tag identifier and x/y/z', 'url': 'https://archive.ics.uci.edu/dataset/196/localization+data+for+person+activity'}, 'strict_paper_shape': False}",0,0,0.030166417732285792,0.75,197832,1,PRIMARY,263776,4,78fd0b226911bc5a5ddc998502279a6a2b39421f90239f7458eb9016d703d1e7,1,0e36dcf49f841c5dd1b1968ed98f1fa372467901f1d976445f4ce654aa422cc7,65944,16486,1,,0.6217159062805209,1.0450781545363979,KDB,1.1257171295270452,generative,0,82430,False,0.0,,0.11554290000003675,73d32c773ab8d8189375e923a0362f31fb909a5c54938db14f7bdd68dcd74b69,65944,1,197832,0.6108732890603953,,164860,1.0,False,"repeat=1,fold=1",1f81fd561639db2a83073e8834083541b8242afcbbb817d2cbf99158d53a2828,train,ceb2d459b2e0cdac443189d02543b9683d665846d5e6f4b50f4fa67664a6c8e8,33a498e5549698c7f17dbe15b091f641d3dff7edfa8e86637fb068de278deea6,13409.0,115.79723658188048,1.0,0.0
74,0.0,0,0,0.0,11,0.42059929637267984,2e219c54a929d16f0cc7,3564.5405405405404,2099.0,0.0,0.0,0,Localization,UCI 196 ConfLongDemo_JSI: tag identifier and x/y/z,"{'extension': 'fewpla-datasets-v1', 'override': None, 'registry': {'group': 'core', 'note': 'Four-feature reconstruction: omit sequence identifier and both timestamps. Paper does not explicitly identify its four columns.', 'paper_shape': [164860, 4, 11], 'source': 'UCI 196 ConfLongDemo_JSI: tag identifier and x/y/z', 'url': 'https://archive.ics.uci.edu/dataset/196/localization+data+for+person+activity'}, 'strict_paper_shape': False}",0,0,0.04070485425462695,0.75,49458,1,PRIMARY,65944,4,78fd0b226911bc5a5ddc998502279a6a2b39421f90239f7458eb9016d703d1e7,1,0e36dcf49f841c5dd1b1968ed98f1fa372467901f1d976445f4ce654aa422cc7,65944,16486,1,,0.6181065269024902,1.0534238601492036,KDB,1.2375509603760217,generative,0,82430,False,0.0,,0.03234950000023673,6cff398de3795020f40a1d5d87e9264e99bb2bde2bedfdaeb893f2f28251de89,65944,1,49458,0.6229744028830552,,164860,1.0,False,"repeat=1,fold=1",1f81fd561639db2a83073e8834083541b8242afcbbb817d2cbf99158d53a2828,validation,ceb2d459b2e0cdac443189d02543b9683d665846d5e6f4b50f4fa67664a6c8e8,33a498e5549698c7f17dbe15b091f641d3dff7edfa8e86637fb068de278deea6,13409.0,115.79723658188048,1.0,0.0
74,0.0,0,0,0.0,11,0.42082979497755674,2e219c54a929d16f0cc7,3564.5405405405404,2099.0,0.0,0.0,0,Localization,UCI 196 ConfLongDemo_JSI: tag identifier and x/y/z,"{'extension': 'fewpla-datasets-v1', 'override': None, 'registry': {'group': 'core', 'note': 'Four-feature reconstruction: omit sequence identifier and both timestamps. Paper does not explicitly identify its four columns.', 'paper_shape': [164860, 4, 11], 'source': 'UCI 196 ConfLongDemo_JSI: tag identifier and x/y/z', 'url': 'https://archive.ics.uci.edu/dataset/196/localization+data+for+person+activity'}, 'strict_paper_shape': False}",0,0,0.04256583220481893,0.75,247290,1,PRIMARY,329720,4,78fd0b226911bc5a5ddc998502279a6a2b39421f90239f7458eb9016d703d1e7,1,0e36dcf49f841c5dd1b1968ed98f1fa372467901f1d976445f4ce654aa422cc7,65944,16486,1,,0.6198102442425278,1.0487884343067417,KDB,1.232923465437231,generative,0,82430,False,0.0,,0.15494370000033086,1aa5b9a09598734ec67f591b6fc475c1f17b7d8f8209863f8bd97e60325bb1ad,65944,1,247290,0.6223602661480125,,164860,1.0,False,"repeat=1,fold=1",1f81fd561639db2a83073e8834083541b8242afcbbb817d2cbf99158d53a2828,test,ceb2d459b2e0cdac443189d02543b9683d665846d5e6f4b50f4fa67664a6c8e8,33a498e5549698c7f17dbe15b091f641d3dff7edfa8e86637fb068de278deea6,13409.0,115.79723658188048,1.0,0.0
1019,0.0,0,0,0.0,11,0.3051983501152493,2e219c54a929d16f0cc7,258.8577036310108,72.0,0.0,0.0,0,Localization,UCI 196 ConfLongDemo_JSI: tag identifier and x/y/z,"{'extension': 'fewpla-datasets-v1', 'override': None, 'registry': {'group': 'core', 'note': 'Four-feature reconstruction: omit sequence identifier and both timestamps. Paper does not explicitly identify its four columns.', 'paper_shape': [164860, 4, 11], 'source': 'UCI 196 ConfLongDemo_JSI: tag identifier and x/y/z', 'url': 'https://archive.ics.uci.edu/dataset/196/localization+data+for+person+activity'}, 'strict_paper_shape': False}",0,0,0.0055933588363219445,1.25,329720,2,PRIMARY,263776,4,78fd0b226911bc5a5ddc998502279a6a2b39421f90239f7458eb9016d703d1e7,1,2c579197b99eb6da3970060b9b067ed326de29c60f19e38b45e1b6b784692c83,65944,16486,2,,0.6988865901759957,0.8233999832715888,KDB,0.807048168678749,generative,0,82430,False,0.0,,0.161680800000795,e7fbcbeca32bfbf1f7c7c9908d65274ee1653716bf5d5dc9bbdb4ad2c41151d5,65944,1,329720,0.5212465444575368,,164860,1.0,False,"repeat=1,fold=1",2e80984a2d1f88f6edb05b7b73b84f517fafdae7c05f4c6a19a1e8be4af3c73f,train,ceb2d459b2e0cdac443189d02543b9683d665846d5e6f4b50f4fa67664a6c8e8,33a498e5549698c7f17dbe15b091f641d3dff7edfa8e86637fb068de278deea6,148159.0,384.91427617068194,1.0,0.0
1019,0.0,2,2,3.0328763799587527e-05,11,0.370071575882567,2e219c54a929d16f0cc7,258.8577036310108,72.0,0.0,0.0,0,Localization,UCI 196 ConfLongDemo_JSI: tag identifier and x/y/z,"{'extension': 'fewpla-datasets-v1', 'override': None, 'registry': {'group': 'core', 'note': 'Four-feature reconstruction: omit sequence identifier and both timestamps. Paper does not explicitly identify its four columns.', 'paper_shape': [164860, 4, 11], 'source': 'UCI 196 ConfLongDemo_JSI: tag identifier and x/y/z', 'url': 'https://archive.ics.uci.edu/dataset/196/localization+data+for+person+activity'}, 'strict_paper_shape': False}",0,0,0.05760667653487617,1.2499696712362005,82428,2,PRIMARY,65944,4,78fd0b226911bc5a5ddc998502279a6a2b39421f90239f7458eb9016d703d1e7,1,2c579197b99eb6da3970060b9b067ed326de29c60f19e38b45e1b6b784692c83,65944,16486,2,,0.6875351006523092,0.8535376693046465,KDB,1.2165368768026144,generative,0,82430,False,0.0,,0.03902219999963563,be061d3877f936361dc278a4e2cec35cbb8437557cc1949ae2ff0c4fedb24872,65944,1,82430,0.5820556533876672,,164860,1.0,False,"repeat=1,fold=1",2e80984a2d1f88f6edb05b7b73b84f517fafdae7c05f4c6a19a1e8be4af3c73f,validation,ceb2d459b2e0cdac443189d02543b9683d665846d5e6f4b50f4fa67664a6c8e8,33a498e5549698c7f17dbe15b091f641d3dff7edfa8e86637fb068de278deea6,148159.0,384.91427617068194,1.0,0.0
1019,0.0,36,36,0.00010918354967851511,11,0.3689433458692224,2e219c54a929d16f0cc7,258.8577036310108,72.0,0.0,0.0,0,Localization,UCI 196 ConfLongDemo_JSI: tag identifier and x/y/z,"{'extension': 'fewpla-datasets-v1', 'override': None, 'registry': {'group': 'core', 'note': 'Four-feature reconstruction: omit sequence identifier and both timestamps. Paper does not explicitly identify its four columns.', 'paper_shape': [164860, 4, 11], 'source': 'UCI 196 ConfLongDemo_JSI: tag identifier and x/y/z', 'url': 'https://archive.ics.uci.edu/dataset/196/localization+data+for+person+activity'}, 'strict_paper_shape': False}",0,0,0.0593003294786508,1.2498908164503215,412114,2,PRIMARY,329720,4,78fd0b226911bc5a5ddc998502279a6a2b39421f90239f7458eb9016d703d1e7,1,2c579197b99eb6da3970060b9b067ed326de29c60f19e38b45e1b6b784692c83,65944,16486,2,,0.6903532244414501,0.8474600791277217,KDB,1.200257892260127,generative,0,82430,False,0.0,,0.1660917999997764,ca95596deb734178733ba6527ccc519de07ccd394f2ef708ab74efbf400cf9b1,65944,1,412150,0.5804527146297065,,164860,1.0,False,"repeat=1,fold=1",2e80984a2d1f88f6edb05b7b73b84f517fafdae7c05f4c6a19a1e8be4af3c73f,test,ceb2d459b2e0cdac443189d02543b9683d665846d5e6f4b50f4fa67664a6c8e8,33a498e5549698c7f17dbe15b091f641d3dff7edfa8e86637fb068de278deea6,148159.0,384.91427617068194,1.0,0.0
6092,0.0,0,0,0.0,11,0.26933458692223705,2e219c54a929d16f0cc7,43.29875246224557,5.0,0.0,0.0,0,Localization,UCI 196 ConfLongDemo_JSI: tag identifier and x/y/z,"{'extension': 'fewpla-datasets-v1', 'override': None, 'registry': {'group': 'core', 'note': 'Four-feature reconstruction: omit sequence identifier and both timestamps. Paper does not explicitly identify its four columns.', 'paper_shape': [164860, 4, 11], 'source': 'UCI 196 ConfLongDemo_JSI: tag identifier and x/y/z', 'url': 'https://archive.ics.uci.edu/dataset/196/localization+data+for+person+activity'}, 'strict_paper_shape': False}",0,0,0.006004810541461731,1.5,395664,3,PRIMARY,263776,4,78fd0b226911bc5a5ddc998502279a6a2b39421f90239f7458eb9016d703d1e7,1,ddd0485f4436817c2a40258621fee4246778979144b5f46141ff7302e8d1d234,65944,16486,3,,0.7264223358416315,0.7478345688974021,KDB,0.6990273944688093,generative,0,82430,False,0.0,,0.13857430000007298,4f57eab7fd5440a4896ff3a5234b4494a564bc54868b25c5c72074900c5ce35f,65944,1,395664,0.4854722178972657,,164860,1.0,False,"repeat=1,fold=1",3ed21bdaccfb2e8924ce3b8bf8aed9d50e78725c73fd3c8341cab0b0ecb966e6,train,ceb2d459b2e0cdac443189d02543b9683d665846d5e6f4b50f4fa67664a6c8e8,33a498e5549698c7f17dbe15b091f641d3dff7edfa8e86637fb068de278deea6,482977.0,694.9654667679539,1.0,0.0
6092,0.0,351,351,0.005322698046827611,11,0.36121557685308747,2e219c54a929d16f0cc7,43.29875246224557,5.0,0.0,0.0,0,Localization,UCI 196 ConfLongDemo_JSI: tag identifier and x/y/z,"{'extension': 'fewpla-datasets-v1', 'override': None, 'registry': {'group': 'core', 'note': 'Four-feature reconstruction: omit sequence identifier and both timestamps. Paper does not explicitly identify its four columns.', 'paper_shape': [164860, 4, 11], 'source': 'UCI 196 ConfLongDemo_JSI: tag identifier and x/y/z', 'url': 'https://archive.ics.uci.edu/dataset/196/localization+data+for+person+activity'}, 'strict_paper_shape': False}",0,0,0.0716948295728531,1.4946621375712725,98564,3,PRIMARY,65944,4,78fd0b226911bc5a5ddc998502279a6a2b39421f90239f7458eb9016d703d1e7,1,ddd0485f4436817c2a40258621fee4246778979144b5f46141ff7302e8d1d234,65944,16486,3,,0.7104792527197656,0.7938153387921286,KDB,1.2380872378315642,generative,0,82430,False,0.0,,0.045080800000505405,d607b743a1d50c8c26133f062ccd6de59dcd0ffffffd38876712fcc23fd753b6,65944,1,98916,0.5743139616370212,,164860,1.0,False,"repeat=1,fold=1",3ed21bdaccfb2e8924ce3b8bf8aed9d50e78725c73fd3c8341cab0b0ecb966e6,validation,ceb2d459b2e0cdac443189d02543b9683d665846d5e6f4b50f4fa67664a6c8e8,33a498e5549698c7f17dbe15b091f641d3dff7edfa8e86637fb068de278deea6,482977.0,694.9654667679539,1.0,0.0
6092,0.0,1737,1737,0.0052681062719883535,11,0.3590683003760767,2e219c54a929d16f0cc7,43.29875246224557,5.0,0.0,0.0,0,Localization,UCI 196 ConfLongDemo_JSI: tag identifier and x/y/z,"{'extension': 'fewpla-datasets-v1', 'override': None, 'registry': {'group': 'core', 'note': 'Four-feature reconstruction: omit sequence identifier and both timestamps. Paper does not explicitly identify its four columns.', 'paper_shape': [164860, 4, 11], 'source': 'UCI 196 ConfLongDemo_JSI: tag identifier and x/y/z', 'url': 'https://archive.ics.uci.edu/dataset/196/localization+data+for+person+activity'}, 'strict_paper_shape': False}",0,0,0.07035770079607737,1.4946773019531725,492825,3,PRIMARY,329720,4,78fd0b226911bc5a5ddc998502279a6a2b39421f90239f7458eb9016d703d1e7,1,ddd0485f4436817c2a40258621fee4246778979144b5f46141ff7302e8d1d234,65944,16486,3,,0.7112894004200008,0.7899520720161937,KDB,1.2218857621239216,generative,0,82430,False,0.0,,0.20094930000050226,385901782edb3dd6b2bf9ca1e4cd718577517c6175990e9c493789c4b3b52327,65944,1,494580,0.5726914539642979,,164860,1.0,False,"repeat=1,fold=1",3ed21bdaccfb2e8924ce3b8bf8aed9d50e78725c73fd3c8341cab0b0ecb966e6,test,ceb2d459b2e0cdac443189d02543b9683d665846d5e6f4b50f4fa67664a6c8e8,33a498e5549698c7f17dbe15b091f641d3dff7edfa8e86637fb068de278deea6,482977.0,694.9654667679539,1.0,0.0
6092,0.0,0,0,0.0,11,0.26933458692223705,2e219c54a929d16f0cc7,43.29875246224557,5.0,0.0,0.0,0,Localization,UCI 196 ConfLongDemo_JSI: tag identifier and x/y/z,"{'extension': 'fewpla-datasets-v1', 'override': None, 'registry': {'group': 'core', 'note': 'Four-feature reconstruction: omit sequence identifier and both timestamps. Paper does not explicitly identify its four columns.', 'paper_shape': [164860, 4, 11], 'source': 'UCI 196 ConfLongDemo_JSI: tag identifier and x/y/z', 'url': 'https://archive.ics.uci.edu/dataset/196/localization+data+for+person+activity'}, 'strict_paper_shape': False}",0,0,0.006004810541461731,1.5,395664,3,PRIMARY,263776,4,78fd0b226911bc5a5ddc998502279a6a2b39421f90239f7458eb9016d703d1e7,1,ddd0485f4436817c2a40258621fee4246778979144b5f46141ff7302e8d1d234,65944,16486,4,,0.7264223358416315,0.7478345688974021,KDB,0.6990273944688093,generative,0,82430,False,0.0,,0.1334791999997833,4f57eab7fd5440a4896ff3a5234b4494a564bc54868b25c5c72074900c5ce35f,65944,1,395664,0.4854722178972657,,164860,1.0,True,"repeat=1,fold=1",3ed21bdaccfb2e8924ce3b8bf8aed9d50e78725c73fd3c8341cab0b0ecb966e6,train,ceb2d459b2e0cdac443189d02543b9683d665846d5e6f4b50f4fa67664a6c8e8,33a498e5549698c7f17dbe15b091f641d3dff7edfa8e86637fb068de278deea6,482977.0,694.9654667679539,1.0,0.0
6092,0.0,351,351,0.005322698046827611,11,0.36121557685308747,2e219c54a929d16f0cc7,43.29875246224557,5.0,0.0,0.0,0,Localization,UCI 196 ConfLongDemo_JSI: tag identifier and x/y/z,"{'extension': 'fewpla-datasets-v1', 'override': None, 'registry': {'group': 'core', 'note': 'Four-feature reconstruction: omit sequence identifier and both timestamps. Paper does not explicitly identify its four columns.', 'paper_shape': [164860, 4, 11], 'source': 'UCI 196 ConfLongDemo_JSI: tag identifier and x/y/z', 'url': 'https://archive.ics.uci.edu/dataset/196/localization+data+for+person+activity'}, 'strict_paper_shape': False}",0,0,0.0716948295728531,1.4946621375712725,98564,3,PRIMARY,65944,4,78fd0b226911bc5a5ddc998502279a6a2b39421f90239f7458eb9016d703d1e7,1,ddd0485f4436817c2a40258621fee4246778979144b5f46141ff7302e8d1d234,65944,16486,4,,0.7104792527197656,0.7938153387921286,KDB,1.2380872378315642,generative,0,82430,False,0.0,,0.025845300000582938,d607b743a1d50c8c26133f062ccd6de59dcd0ffffffd38876712fcc23fd753b6,65944,1,98916,0.5743139616370212,,164860,1.0,True,"repeat=1,fold=1",3ed21bdaccfb2e8924ce3b8bf8aed9d50e78725c73fd3c8341cab0b0ecb966e6,validation,ceb2d459b2e0cdac443189d02543b9683d665846d5e6f4b50f4fa67664a6c8e8,33a498e5549698c7f17dbe15b091f641d3dff7edfa8e86637fb068de278deea6,482977.0,694.9654667679539,1.0,0.0
6092,0.0,1737,1737,0.0052681062719883535,11,0.3590683003760767,2e219c54a929d16f0cc7,43.29875246224557,5.0,0.0,0.0,0,Localization,UCI 196 ConfLongDemo_JSI: tag identifier and x/y/z,"{'extension': 'fewpla-datasets-v1', 'override': None, 'registry': {'group': 'core', 'note': 'Four-feature reconstruction: omit sequence identifier and both timestamps. Paper does not explicitly identify its four columns.', 'paper_shape': [164860, 4, 11], 'source': 'UCI 196 ConfLongDemo_JSI: tag identifier and x/y/z', 'url': 'https://archive.ics.uci.edu/dataset/196/localization+data+for+person+activity'}, 'strict_paper_shape': False}",0,0,0.07035770079607737,1.4946773019531725,492825,3,PRIMARY,329720,4,78fd0b226911bc5a5ddc998502279a6a2b39421f90239f7458eb9016d703d1e7,1,ddd0485f4436817c2a40258621fee4246778979144b5f46141ff7302e8d1d234,65944,16486,4,,0.7112894004200008,0.7899520720161937,KDB,1.2218857621239216,generative,0,82430,False,0.0,,0.14747850000003382,385901782edb3dd6b2bf9ca1e4cd718577517c6175990e9c493789c4b3b52327,65944,1,494580,0.5726914539642979,,164860,1.0,True,"repeat=1,fold=1",3ed21bdaccfb2e8924ce3b8bf8aed9d50e78725c73fd3c8341cab0b0ecb966e6,test,ceb2d459b2e0cdac443189d02543b9683d665846d5e6f4b50f4fa67664a6c8e8,33a498e5549698c7f17dbe15b091f641d3dff7edfa8e86637fb068de278deea6,482977.0,694.9654667679539,1.0,0.0
6092,0.0,0,0,0.0,11,0.26933458692223705,2e219c54a929d16f0cc7,43.29875246224557,5.0,0.0,0.0,0,Localization,UCI 196 ConfLongDemo_JSI: tag identifier and x/y/z,"{'extension': 'fewpla-datasets-v1', 'override': None, 'registry': {'group': 'core', 'note': 'Four-feature reconstruction: omit sequence identifier and both timestamps. Paper does not explicitly identify its four columns.', 'paper_shape': [164860, 4, 11], 'source': 'UCI 196 ConfLongDemo_JSI: tag identifier and x/y/z', 'url': 'https://archive.ics.uci.edu/dataset/196/localization+data+for+person+activity'}, 'strict_paper_shape': False}",0,0,0.006004810541461731,1.5,395664,3,PRIMARY,263776,4,78fd0b226911bc5a5ddc998502279a6a2b39421f90239f7458eb9016d703d1e7,1,ddd0485f4436817c2a40258621fee4246778979144b5f46141ff7302e8d1d234,65944,16486,5,,0.7264223358416315,0.7478345688974021,KDB,0.6990273944688093,generative,0,82430,False,0.0,,0.14184339999974327,4f57eab7fd5440a4896ff3a5234b4494a564bc54868b25c5c72074900c5ce35f,65944,1,395664,0.4854722178972657,,164860,1.0,True,"repeat=1,fold=1",3ed21bdaccfb2e8924ce3b8bf8aed9d50e78725c73fd3c8341cab0b0ecb966e6,train,ceb2d459b2e0cdac443189d02543b9683d665846d5e6f4b50f4fa67664a6c8e8,33a498e5549698c7f17dbe15b091f641d3dff7edfa8e86637fb068de278deea6,482977.0,694.9654667679539,1.0,0.0
6092,0.0,351,351,0.005322698046827611,11,0.36121557685308747,2e219c54a929d16f0cc7,43.29875246224557,5.0,0.0,0.0,0,Localization,UCI 196 ConfLongDemo_JSI: tag identifier and x/y/z,"{'extension': 'fewpla-datasets-v1', 'override': None, 'registry': {'group': 'core', 'note': 'Four-feature reconstruction: omit sequence identifier and both timestamps. Paper does not explicitly identify its four columns.', 'paper_shape': [164860, 4, 11], 'source': 'UCI 196 ConfLongDemo_JSI: tag identifier and x/y/z', 'url': 'https://archive.ics.uci.edu/dataset/196/localization+data+for+person+activity'}, 'strict_paper_shape': False}",0,0,0.0716948295728531,1.4946621375712725,98564,3,PRIMARY,65944,4,78fd0b226911bc5a5ddc998502279a6a2b39421f90239f7458eb9016d703d1e7,1,ddd0485f4436817c2a40258621fee4246778979144b5f46141ff7302e8d1d234,65944,16486,5,,0.7104792527197656,0.7938153387921286,KDB,1.2380872378315642,generative,0,82430,False,0.0,,0.051933200000348734,d607b743a1d50c8c26133f062ccd6de59dcd0ffffffd38876712fcc23fd753b6,65944,1,98916,0.5743139616370212,,164860,1.0,True,"repeat=1,fold=1",3ed21bdaccfb2e8924ce3b8bf8aed9d50e78725c73fd3c8341cab0b0ecb966e6,validation,ceb2d459b2e0cdac443189d02543b9683d665846d5e6f4b50f4fa67664a6c8e8,33a498e5549698c7f17dbe15b091f641d3dff7edfa8e86637fb068de278deea6,482977.0,694.9654667679539,1.0,0.0
6092,0.0,1737,1737,0.0052681062719883535,11,0.3590683003760767,2e219c54a929d16f0cc7,43.29875246224557,5.0,0.0,0.0,0,Localization,UCI 196 ConfLongDemo_JSI: tag identifier and x/y/z,"{'extension': 'fewpla-datasets-v1', 'override': None, 'registry': {'group': 'core', 'note': 'Four-feature reconstruction: omit sequence identifier and both timestamps. Paper does not explicitly identify its four columns.', 'paper_shape': [164860, 4, 11], 'source': 'UCI 196 ConfLongDemo_JSI: tag identifier and x/y/z', 'url': 'https://archive.ics.uci.edu/dataset/196/localization+data+for+person+activity'}, 'strict_paper_shape': False}",0,0,0.07035770079607737,1.4946773019531725,492825,3,PRIMARY,329720,4,78fd0b226911bc5a5ddc998502279a6a2b39421f90239f7458eb9016d703d1e7,1,ddd0485f4436817c2a40258621fee4246778979144b5f46141ff7302e8d1d234,65944,16486,5,,0.7112894004200008,0.7899520720161937,KDB,1.2218857621239216,generative,0,82430,False,0.0,,0.2130053000000771,385901782edb3dd6b2bf9ca1e4cd718577517c6175990e9c493789c4b3b52327,65944,1,494580,0.5726914539642979,,164860,1.0,True,"repeat=1,fold=1",3ed21bdaccfb2e8924ce3b8bf8aed9d50e78725c73fd3c8341cab0b0ecb966e6,test,ceb2d459b2e0cdac443189d02543b9683d665846d5e6f4b50f4fa67664a6c8e8,33a498e5549698c7f17dbe15b091f641d3dff7edfa8e86637fb068de278deea6,482977.0,694.9654667679539,1.0,0.0
4,0.0,0,0,0.0,11,0.4997422055077035,2e219c54a929d16f0cc7,65944.0,65944.0,0.0,0.0,0,Localization,UCI 196 ConfLongDemo_JSI: tag identifier and x/y/z,"{'extension': 'fewpla-datasets-v1', 'override': None, 'registry': {'group': 'core', 'note': 'Four-feature reconstruction: omit sequence identifier and both timestamps. Paper does not explicitly identify its four columns.', 'paper_shape': [164860, 4, 11], 'source': 'UCI 196 ConfLongDemo_JSI: tag identifier and x/y/z', 'url': 'https://archive.ics.uci.edu/dataset/196/localization+data+for+person+activity'}, 'strict_paper_shape': False}",0,0,0.03485655254887245,0.0,0,0,PRIMARY,263776,4,5f69c9708f351c9921ea49b13a3a8a83f5f86bf488db37e32eec1d95dcd718b6,2,a205c2ea279df5a38a6a6ea3e00533b698688b87d3db75833ab81dce8d5be5dc,65944,16486,0,,0.5247662186140791,1.3266271464544135,KDB,1.3825339570546773,generative,0,82430,False,0.0,,0.09204410000074859,586514fbf4afa2c2e2cefe19804a553433a95f94c5f8d0ccb32134fa16139ecb,65944,1,0,0.6801886278317205,,164860,1.0,False,"repeat=1,fold=2",b24eb3e0b4f97bc948767862270e34a98cefdab00ee4ec5394c875d94b910736,train,17e529c95530bbf90dedb9d3b8d0900ffa77e7ada9f28b648b33a8aad0ce0771,c8a22cdb6e45639a09bdb7f189fd7f0cc9ab9cce228ce998f1ed5fe5a02027dc,803.0,28.337254630609507,1.0,0.0
4,0.0,0,0,0.0,11,0.49793764406162805,2e219c54a929d16f0cc7,65944.0,65944.0,0.0,0.0,0,Localization,UCI 196 ConfLongDemo_JSI: tag identifier and x/y/z,"{'extension': 'fewpla-datasets-v1', 'override': None, 'registry': {'group': 'core', 'note': 'Four-feature reconstruction: omit sequence identifier and both timestamps. Paper does not explicitly identify its four columns.', 'paper_shape': [164860, 4, 11], 'source': 'UCI 196 ConfLongDemo_JSI: tag identifier and x/y/z', 'url': 'https://archive.ics.uci.edu/dataset/196/localization+data+for+person+activity'}, 'strict_paper_shape': False}",0,0,0.034404325101926966,0.0,0,0,PRIMARY,65944,4,5f69c9708f351c9921ea49b13a3a8a83f5f86bf488db37e32eec1d95dcd718b6,2,a205c2ea279df5a38a6a6ea3e00533b698688b87d3db75833ab81dce8d5be5dc,65944,16486,0,,0.5245951898839747,1.3258523712650545,KDB,1.3903546120513088,generative,0,82430,False,0.0,,0.021821400000590074,a3bfd717f7bc4f744b5f37c5f4b6d45536854f95ae545e46a4cbb3d1c4d3f37e,65944,1,0,0.6804006536088788,,164860,1.0,False,"repeat=1,fold=2",b24eb3e0b4f97bc948767862270e34a98cefdab00ee4ec5394c875d94b910736,validation,17e529c95530bbf90dedb9d3b8d0900ffa77e7ada9f28b648b33a8aad0ce0771,c8a22cdb6e45639a09bdb7f189fd7f0cc9ab9cce228ce998f1ed5fe5a02027dc,803.0,28.337254630609507,1.0,0.0
4,0.0,0,0,0.0,11,0.4994176877350479,2e219c54a929d16f0cc7,65944.0,65944.0,0.0,0.0,0,Localization,UCI 196 ConfLongDemo_JSI: tag identifier and x/y/z,"{'extension': 'fewpla-datasets-v1', 'override': None, 'registry': {'group': 'core', 'note': 'Four-feature reconstruction: omit sequence identifier and both timestamps. Paper does not explicitly identify its four columns.', 'paper_shape': [164860, 4, 11], 'source': 'UCI 196 ConfLongDemo_JSI: tag identifier and x/y/z', 'url': 'https://archive.ics.uci.edu/dataset/196/localization+data+for+person+activity'}, 'strict_paper_shape': False}",0,0,0.033037467521022344,0.0,0,0,PRIMARY,329720,4,5f69c9708f351c9921ea49b13a3a8a83f5f86bf488db37e32eec1d95dcd718b6,2,a205c2ea279df5a38a6a6ea3e00533b698688b87d3db75833ab81dce8d5be5dc,65944,16486,0,,0.5238836362931868,1.3276666262451207,KDB,1.3949515749094845,generative,0,82430,False,0.0,,0.1090645999993285,2befe876799b3f9dd564c5cdf295170545d302c72c5abd467e30f2f83ff17b21,65944,1,0,0.6812834025908213,,164860,1.0,False,"repeat=1,fold=2",b24eb3e0b4f97bc948767862270e34a98cefdab00ee4ec5394c875d94b910736,test,17e529c95530bbf90dedb9d3b8d0900ffa77e7ada9f28b648b33a8aad0ce0771,c8a22cdb6e45639a09bdb7f189fd7f0cc9ab9cce228ce998f1ed5fe5a02027dc,803.0,28.337254630609507,1.0,0.0
75,0.0,0,0,0.0,11,0.40381232560960817,2e219c54a929d16f0cc7,3517.0133333333333,2133.0,0.0,0.0,0,Localization,UCI 196 ConfLongDemo_JSI: tag identifier and x/y/z,"{'extension': 'fewpla-datasets-v1', 'override': None, 'registry': {'group': 'core', 'note': 'Four-feature reconstruction: omit sequence identifier and both timestamps. Paper does not explicitly identify its four columns.', 'paper_shape': [164860, 4, 11], 'source': 'UCI 196 ConfLongDemo_JSI: tag identifier and x/y/z', 'url': 'https://archive.ics.uci.edu/dataset/196/localization+data+for+person+activity'}, 'strict_paper_shape': False}",0,0,0.025808550119065424,0.75,197832,1,PRIMARY,263776,4,5f69c9708f351c9921ea49b13a3a8a83f5f86bf488db37e32eec1d95dcd718b6,2,c8e68e0d465ee38de8c40c938ba64c1c1d3beed9586b7529c39b92fbba4c375e,65944,16486,1,,0.6219962245094572,1.0427305796773456,KDB,1.117603838749438,generative,0,82430,False,0.0,,0.10512089999974705,8f1f72f220ffd2ed1e89451c1d5799102b320222cc9ff2c3b736c4f05cbdadb7,65944,1,197832,0.608047021687466,,164860,1.0,False,"repeat=1,fold=2",3f9f37870da65e947a18bf072dd5ca33a9703427bf8638c6baa5c02eb65757c9,train,17e529c95530bbf90dedb9d3b8d0900ffa77e7ada9f28b648b33a8aad0ce0771,c8a22cdb6e45639a09bdb7f189fd7f0cc9ab9cce228ce998f1ed5fe5a02027dc,13211.0,114.93911431710269,1.0,0.0
75,0.0,0,0,0.0,11,0.4155647215819483,2e219c54a929d16f0cc7,3517.0133333333333,2133.0,0.0,0.0,0,Localization,UCI 196 ConfLongDemo_JSI: tag identifier and x/y/z,"{'extension': 'fewpla-datasets-v1', 'override': None, 'registry': {'group': 'core', 'note': 'Four-feature reconstruction: omit sequence identifier and both timestamps. Paper does not explicitly identify its four columns.', 'paper_shape': [164860, 4, 11], 'source': 'UCI 196 ConfLongDemo_JSI: tag identifier and x/y/z', 'url': 'https://archive.ics.uci.edu/dataset/196/localization+data+for+person+activity'}, 'strict_paper_shape': False}",0,0,0.04113717527465361,0.75,49458,1,PRIMARY,65944,4,5f69c9708f351c9921ea49b13a3a8a83f5f86bf488db37e32eec1d95dcd718b6,2,c8e68e0d465ee38de8c40c938ba64c1c1d3beed9586b7529c39b92fbba4c375e,65944,16486,1,,0.6220295525950604,1.0411037491347388,KDB,1.2191772101860239,generative,0,82430,False,0.0,,0.028898100000333216,7cd5026de5cda270e34821222b277c714e7d428a57845e9f1022e9092baedce0,65944,1,49458,0.6186556129538949,,164860,1.0,False,"repeat=1,fold=2",3f9f37870da65e947a18bf072dd5ca33a9703427bf8638c6baa5c02eb65757c9,validation,17e529c95530bbf90dedb9d3b8d0900ffa77e7ada9f28b648b33a8aad0ce0771,c8a22cdb6e45639a09bdb7f189fd7f0cc9ab9cce228ce998f1ed5fe5a02027dc,13211.0,114.93911431710269,1.0,0.0
75,0.0,0,0,0.0,11,0.41710542278296736,2e219c54a929d16f0cc7,3517.0133333333333,2133.0,0.0,0.0,0,Localization,UCI 196 ConfLongDemo_JSI: tag identifier and x/y/z,"{'extension': 'fewpla-datasets-v1', 'override': None, 'registry': {'group': 'core', 'note': 'Four-feature reconstruction: omit sequence identifier and both timestamps. Paper does not explicitly identify its four columns.', 'paper_shape': [164860, 4, 11], 'source': 'UCI 196 ConfLongDemo_JSI: tag identifier and x/y/z', 'url': 'https://archive.ics.uci.edu/dataset/196/localization+data+for+person+activity'}, 'strict_paper_shape': False}",0,0,0.039425822610019354,0.75,247290,1,PRIMARY,329720,4,5f69c9708f351c9921ea49b13a3a8a83f5f86bf488db37e32eec1d95dcd718b6,2,c8e68e0d465ee38de8c40c938ba64c1c1d3beed9586b7529c39b92fbba4c375e,65944,16486,1,,0.622320399827052,1.0431885313806482,KDB,1.2286709815890113,generative,0,82430,False,0.0,,0.13256060000003345,9edf9a53346ed60a1e1bbc63110fe9e25e550123b22f74fdbfa0a9571ce26fe7,65944,1,247290,0.6199861679139205,,164860,1.0,False,"repeat=1,fold=2",3f9f37870da65e947a18bf072dd5ca33a9703427bf8638c6baa5c02eb65757c9,test,17e529c95530bbf90dedb9d3b8d0900ffa77e7ada9f28b648b33a8aad0ce0771,c8a22cdb6e45639a09bdb7f189fd7f0cc9ab9cce228ce998f1ed5fe5a02027dc,13211.0,114.93911431710269,1.0,0.0
986,0.0,0,0,0.0,11,0.3030450078854786,2e219c54a929d16f0cc7,267.52129817444217,80.0,0.0,0.0,0,Localization,UCI 196 ConfLongDemo_JSI: tag identifier and x/y/z,"{'extension': 'fewpla-datasets-v1', 'override': None, 'registry': {'group': 'core', 'note': 'Four-feature reconstruction: omit sequence identifier and both timestamps. Paper does not explicitly identify its four columns.', 'paper_shape': [164860, 4, 11], 'source': 'UCI 196 ConfLongDemo_JSI: tag identifier and x/y/z', 'url': 'https://archive.ics.uci.edu/dataset/196/localization+data+for+person+activity'}, 'strict_paper_shape': False}",0,0,0.007100926169354489,1.25,329720,2,PRIMARY,263776,4,5f69c9708f351c9921ea49b13a3a8a83f5f86bf488db37e32eec1d95dcd718b6,2,b2e71170ee59a6701e967de5dabfeea72cc4e865de3c94fdfecf9943d1ecf9d4,65944,16486,2,,0.7030509487221578,0.8074143593985755,KDB,0.7966316295969802,generative,0,82430,False,0.0,,0.10552240000015445,1cb98f8075aef072fb947cb2f41432179693f027fd0de5b9035a143fbb9e7588,65944,1,329720,0.5181002067798954,,164860,1.0,False,"repeat=1,fold=2",d1e47170584b6cf302f841e505adc964268902fa5b4c6ccf561274f993cb3fe7,train,17e529c95530bbf90dedb9d3b8d0900ffa77e7ada9f28b648b33a8aad0ce0771,c8a22cdb6e45639a09bdb7f189fd7f0cc9ab9cce228ce998f1ed5fe5a02027dc,143407.0,378.6911670477673,1.0,0.0
986,0.0,15,15,0.00022746572849690645,11,0.35933519349751303,2e219c54a929d16f0cc7,267.52129817444217,80.0,0.0,0.0,0,Localization,UCI 196 ConfLongDemo_JSI: tag identifier and x/y/z,"{'extension': 'fewpla-datasets-v1', 'override': None, 'registry': {'group': 'core', 'note': 'Four-feature reconstruction: omit sequence identifier and both timestamps. Paper does not explicitly identify its four columns.', 'paper_shape': [164860, 4, 11], 'source': 'UCI 196 ConfLongDemo_JSI: tag identifier and x/y/z', 'url': 'https://archive.ics.uci.edu/dataset/196/localization+data+for+person+activity'}, 'strict_paper_shape': False}",0,0,0.05679700869750316,1.2497725342715031,82415,2,PRIMARY,65944,4,5f69c9708f351c9921ea49b13a3a8a83f5f86bf488db37e32eec1d95dcd718b6,2,b2e71170ee59a6701e967de5dabfeea72cc4e865de3c94fdfecf9943d1ecf9d4,65944,16486,2,,0.6966889096659191,0.8258794191627475,KDB,1.1784597143237752,generative,0,82430,False,0.0,,0.029847099999642523,41aa75660b7de940cb04a7d9e9189e5f73ba5cb2d853df4c130f0390989a958b,65944,1,82430,0.5752114550744685,,164860,1.0,False,"repeat=1,fold=2",d1e47170584b6cf302f841e505adc964268902fa5b4c6ccf561274f993cb3fe7,validation,17e529c95530bbf90dedb9d3b8d0900ffa77e7ada9f28b648b33a8aad0ce0771,c8a22cdb6e45639a09bdb7f189fd7f0cc9ab9cce228ce998f1ed5fe5a02027dc,143407.0,378.6911670477673,1.0,0.0
986,0.0,35,35,0.00010615067329855635,11,0.36629867766589835,2e219c54a929d16f0cc7,267.52129817444217,80.0,0.0,0.0,0,Localization,UCI 196 ConfLongDemo_JSI: tag identifier and x/y/z,"{'extension': 'fewpla-datasets-v1', 'override': None, 'registry': {'group': 'core', 'note': 'Four-feature reconstruction: omit sequence identifier and both timestamps. Paper does not explicitly identify its four columns.', 'paper_shape': [164860, 4, 11], 'source': 'UCI 196 ConfLongDemo_JSI: tag identifier and x/y/z', 'url': 'https://archive.ics.uci.edu/dataset/196/localization+data+for+person+activity'}, 'strict_paper_shape': False}",0,0,0.06039389014666313,1.2498938493267013,412115,2,PRIMARY,329720,4,5f69c9708f351c9921ea49b13a3a8a83f5f86bf488db37e32eec1d95dcd718b6,2,b2e71170ee59a6701e967de5dabfeea72cc4e865de3c94fdfecf9943d1ecf9d4,65944,16486,2,,0.6938611262582114,0.8317926085000427,KDB,1.1925085433695137,generative,0,82430,False,0.0,,0.14800910000030854,285f1ff62fc28cb0d833085c72eb29e7e1c489a651faf582a232ba089b0f9010,65944,1,412150,0.5780790687241729,,164860,1.0,False,"repeat=1,fold=2",d1e47170584b6cf302f841e505adc964268902fa5b4c6ccf561274f993cb3fe7,test,17e529c95530bbf90dedb9d3b8d0900ffa77e7ada9f28b648b33a8aad0ce0771,c8a22cdb6e45639a09bdb7f189fd7f0cc9ab9cce228ce998f1ed5fe5a02027dc,143407.0,378.6911670477673,1.0,0.0
5829,0.0,0,0,0.0,11,0.26461846415140117,2e219c54a929d16f0cc7,45.25235889517928,6.0,0.0,0.0,0,Localization,UCI 196 ConfLongDemo_JSI: tag identifier and x/y/z,"{'extension': 'fewpla-datasets-v1', 'override': None, 'registry': {'group': 'core', 'note': 'Four-feature reconstruction: omit sequence identifier and both timestamps. Paper does not explicitly identify its four columns.', 'paper_shape': [164860, 4, 11], 'source': 'UCI 196 ConfLongDemo_JSI: tag identifier and x/y/z', 'url': 'https://archive.ics.uci.edu/dataset/196/localization+data+for+person+activity'}, 'strict_paper_shape': False}",0,0,0.006288196781908492,1.5,395664,3,PRIMARY,263776,4,5f69c9708f351c9921ea49b13a3a8a83f5f86bf488db37e32eec1d95dcd718b6,2,31ef7f3f1625820cd5574767f5765eb9139a7c288dab23349f2f91a6f2fb2927,65944,16486,3,,0.7304482677020904,0.7346714251349857,KDB,0.6839137333785753,generative,0,82430,False,0.0,,0.12301699999989069,fe36565cfce211b641c0ec348684b0121148a07f711638c4258ed6b3b533c22f,65944,1,395664,0.48009184627086765,,164860,1.0,False,"repeat=1,fold=2",6406fc7d8b2737bb0eb5acdd110d246be5ff806babf30cb544b71ce51ac544d6,train,17e529c95530bbf90dedb9d3b8d0900ffa77e7ada9f28b648b33a8aad0ce0771,c8a22cdb6e45639a09bdb7f189fd7f0cc9ab9cce228ce998f1ed5fe5a02027dc,463045.0,680.4740994336228,1.0,0.0
5829,0.0,291,291,0.004412835132839985,11,0.35199563265801287,2e219c54a929d16f0cc7,45.25235889517928,6.0,0.0,0.0,0,Localization,UCI 196 ConfLongDemo_JSI: tag identifier and x/y/z,"{'extension': 'fewpla-datasets-v1', 'override': None, 'registry': {'group': 'core', 'note': 'Four-feature reconstruction: omit sequence identifier and both timestamps. Paper does not explicitly identify its four columns.', 'paper_shape': [164860, 4, 11], 'source': 'UCI 196 ConfLongDemo_JSI: tag identifier and x/y/z', 'url': 'https://archive.ics.uci.edu/dataset/196/localization+data+for+person+activity'}, 'strict_paper_shape': False}",0,0,0.0706790943067563,1.4954961785757612,98619,3,PRIMARY,65944,4,5f69c9708f351c9921ea49b13a3a8a83f5f86bf488db37e32eec1d95dcd718b6,2,31ef7f3f1625820cd5574767f5765eb9139a7c288dab23349f2f91a6f2fb2927,65944,16486,3,,0.7186387685404549,0.7665134125390757,KDB,1.2099610942175771,generative,0,82430,False,0.0,,0.03871009999966191,f6c7b37551611c2e1673581f77f375d8ee15f9ae761a80f9b4db27b70bbc5d7d,65944,1,98916,0.568497472559204,,164860,1.0,False,"repeat=1,fold=2",6406fc7d8b2737bb0eb5acdd110d246be5ff806babf30cb544b71ce51ac544d6,validation,17e529c95530bbf90dedb9d3b8d0900ffa77e7ada9f28b648b33a8aad0ce0771,c8a22cdb6e45639a09bdb7f189fd7f0cc9ab9cce228ce998f1ed5fe5a02027dc,463045.0,680.4740994336228,1.0,0.0
5829,0.0,1377,1377,0.004176270775203203,11,0.3574790731529783,2e219c54a929d16f0cc7,45.25235889517928,6.0,0.0,0.0,0,Localization,UCI 196 ConfLongDemo_JSI: tag identifier and x/y/z,"{'extension': 'fewpla-datasets-v1', 'override': None, 'registry': {'group': 'core', 'note': 'Four-feature reconstruction: omit sequence identifier and both timestamps. Paper does not explicitly identify its four columns.', 'paper_shape': [164860, 4, 11], 'source': 'UCI 196 ConfLongDemo_JSI: tag identifier and x/y/z', 'url': 'https://archive.ics.uci.edu/dataset/196/localization+data+for+person+activity'}, 'strict_paper_shape': False}",0,0,0.07381795840799253,1.4957600388208177,493182,3,PRIMARY,329720,4,5f69c9708f351c9921ea49b13a3a8a83f5f86bf488db37e32eec1d95dcd718b6,2,31ef7f3f1625820cd5574767f5765eb9139a7c288dab23349f2f91a6f2fb2927,65944,16486,3,,0.7163388852550142,0.7720558866812557,KDB,1.2254644402658728,generative,0,82430,False,0.0,,0.15060019999964425,10c04bd3602022936bffaf98b40792259a6a3c8a08117a6ebc34921d4457ca3d,65944,1,494580,0.5716132023956441,,164860,1.0,False,"repeat=1,fold=2",6406fc7d8b2737bb0eb5acdd110d246be5ff806babf30cb544b71ce51ac544d6,test,17e529c95530bbf90dedb9d3b8d0900ffa77e7ada9f28b648b33a8aad0ce0771,c8a22cdb6e45639a09bdb7f189fd7f0cc9ab9cce228ce998f1ed5fe5a02027dc,463045.0,680.4740994336228,1.0,0.0
5829,0.0,0,0,0.0,11,0.26461846415140117,2e219c54a929d16f0cc7,45.25235889517928,6.0,0.0,0.0,0,Localization,UCI 196 ConfLongDemo_JSI: tag identifier and x/y/z,"{'extension': 'fewpla-datasets-v1', 'override': None, 'registry': {'group': 'core', 'note': 'Four-feature reconstruction: omit sequence identifier and both timestamps. Paper does not explicitly identify its four columns.', 'paper_shape': [164860, 4, 11], 'source': 'UCI 196 ConfLongDemo_JSI: tag identifier and x/y/z', 'url': 'https://archive.ics.uci.edu/dataset/196/localization+data+for+person+activity'}, 'strict_paper_shape': False}",0,0,0.006288196781908492,1.5,395664,3,PRIMARY,263776,4,5f69c9708f351c9921ea49b13a3a8a83f5f86bf488db37e32eec1d95dcd718b6,2,31ef7f3f1625820cd5574767f5765eb9139a7c288dab23349f2f91a6f2fb2927,65944,16486,4,,0.7304482677020904,0.7346714251349857,KDB,0.6839137333785753,generative,0,82430,False,0.0,,0.13828930000090622,fe36565cfce211b641c0ec348684b0121148a07f711638c4258ed6b3b533c22f,65944,1,395664,0.48009184627086765,,164860,1.0,True,"repeat=1,fold=2",6406fc7d8b2737bb0eb5acdd110d246be5ff806babf30cb544b71ce51ac544d6,train,17e529c95530bbf90dedb9d3b8d0900ffa77e7ada9f28b648b33a8aad0ce0771,c8a22cdb6e45639a09bdb7f189fd7f0cc9ab9cce228ce998f1ed5fe5a02027dc,463045.0,680.4740994336228,1.0,0.0
5829,0.0,291,291,0.004412835132839985,11,0.35199563265801287,2e219c54a929d16f0cc7,45.25235889517928,6.0,0.0,0.0,0,Localization,UCI 196 ConfLongDemo_JSI: tag identifier and x/y/z,"{'extension': 'fewpla-datasets-v1', 'override': None, 'registry': {'group': 'core', 'note': 'Four-feature reconstruction: omit sequence identifier and both timestamps. Paper does not explicitly identify its four columns.', 'paper_shape': [164860, 4, 11], 'source': 'UCI 196 ConfLongDemo_JSI: tag identifier and x/y/z', 'url': 'https://archive.ics.uci.edu/dataset/196/localization+data+for+person+activity'}, 'strict_paper_shape': False}",0,0,0.0706790943067563,1.4954961785757612,98619,3,PRIMARY,65944,4,5f69c9708f351c9921ea49b13a3a8a83f5f86bf488db37e32eec1d95dcd718b6,2,31ef7f3f1625820cd5574767f5765eb9139a7c288dab23349f2f91a6f2fb2927,65944,16486,4,,0.7186387685404549,0.7665134125390757,KDB,1.2099610942175771,generative,0,82430,False,0.0,,0.05389599999944039,f6c7b37551611c2e1673581f77f375d8ee15f9ae761a80f9b4db27b70bbc5d7d,65944,1,98916,0.568497472559204,,164860,1.0,True,"repeat=1,fold=2",6406fc7d8b2737bb0eb5acdd110d246be5ff806babf30cb544b71ce51ac544d6,validation,17e529c95530bbf90dedb9d3b8d0900ffa77e7ada9f28b648b33a8aad0ce0771,c8a22cdb6e45639a09bdb7f189fd7f0cc9ab9cce228ce998f1ed5fe5a02027dc,463045.0,680.4740994336228,1.0,0.0
5829,0.0,1377,1377,0.004176270775203203,11,0.3574790731529783,2e219c54a929d16f0cc7,45.25235889517928,6.0,0.0,0.0,0,Localization,UCI 196 ConfLongDemo_JSI: tag identifier and x/y/z,"{'extension': 'fewpla-datasets-v1', 'override': None, 'registry': {'group': 'core', 'note': 'Four-feature reconstruction: omit sequence identifier and both timestamps. Paper does not explicitly identify its four columns.', 'paper_shape': [164860, 4, 11], 'source': 'UCI 196 ConfLongDemo_JSI: tag identifier and x/y/z', 'url': 'https://archive.ics.uci.edu/dataset/196/localization+data+for+person+activity'}, 'strict_paper_shape': False}",0,0,0.07381795840799253,1.4957600388208177,493182,3,PRIMARY,329720,4,5f69c9708f351c9921ea49b13a3a8a83f5f86bf488db37e32eec1d95dcd718b6,2,31ef7f3f1625820cd5574767f5765eb9139a7c288dab23349f2f91a6f2fb2927,65944,16486,4,,0.7163388852550142,0.7720558866812557,KDB,1.2254644402658728,generative,0,82430,False,0.0,,0.14382109999860404,10c04bd3602022936bffaf98b40792259a6a3c8a08117a6ebc34921d4457ca3d,65944,1,494580,0.5716132023956441,,164860,1.0,True,"repeat=1,fold=2",6406fc7d8b2737bb0eb5acdd110d246be5ff806babf30cb544b71ce51ac544d6,test,17e529c95530bbf90dedb9d3b8d0900ffa77e7ada9f28b648b33a8aad0ce0771,c8a22cdb6e45639a09bdb7f189fd7f0cc9ab9cce228ce998f1ed5fe5a02027dc,463045.0,680.4740994336228,1.0,0.0
5829,0.0,0,0,0.0,11,0.26461846415140117,2e219c54a929d16f0cc7,45.25235889517928,6.0,0.0,0.0,0,Localization,UCI 196 ConfLongDemo_JSI: tag identifier and x/y/z,"{'extension': 'fewpla-datasets-v1', 'override': None, 'registry': {'group': 'core', 'note': 'Four-feature reconstruction: omit sequence identifier and both timestamps. Paper does not explicitly identify its four columns.', 'paper_shape': [164860, 4, 11], 'source': 'UCI 196 ConfLongDemo_JSI: tag identifier and x/y/z', 'url': 'https://archive.ics.uci.edu/dataset/196/localization+data+for+person+activity'}, 'strict_paper_shape': False}",0,0,0.006288196781908492,1.5,395664,3,PRIMARY,263776,4,5f69c9708f351c9921ea49b13a3a8a83f5f86bf488db37e32eec1d95dcd718b6,2,31ef7f3f1625820cd5574767f5765eb9139a7c288dab23349f2f91a6f2fb2927,65944,16486,5,,0.7304482677020904,0.7346714251349857,KDB,0.6839137333785753,generative,0,82430,False,0.0,,0.14716219999900204,fe36565cfce211b641c0ec348684b0121148a07f711638c4258ed6b3b533c22f,65944,1,395664,0.48009184627086765,,164860,1.0,True,"repeat=1,fold=2",6406fc7d8b2737bb0eb5acdd110d246be5ff806babf30cb544b71ce51ac544d6,train,17e529c95530bbf90dedb9d3b8d0900ffa77e7ada9f28b648b33a8aad0ce0771,c8a22cdb6e45639a09bdb7f189fd7f0cc9ab9cce228ce998f1ed5fe5a02027dc,463045.0,680.4740994336228,1.0,0.0
5829,0.0,291,291,0.004412835132839985,11,0.35199563265801287,2e219c54a929d16f0cc7,45.25235889517928,6.0,0.0,0.0,0,Localization,UCI 196 ConfLongDemo_JSI: tag identifier and x/y/z,"{'extension': 'fewpla-datasets-v1', 'override': None, 'registry': {'group': 'core', 'note': 'Four-feature reconstruction: omit sequence identifier and both timestamps. Paper does not explicitly identify its four columns.', 'paper_shape': [164860, 4, 11], 'source': 'UCI 196 ConfLongDemo_JSI: tag identifier and x/y/z', 'url': 'https://archive.ics.uci.edu/dataset/196/localization+data+for+person+activity'}, 'strict_paper_shape': False}",0,0,0.0706790943067563,1.4954961785757612,98619,3,PRIMARY,65944,4,5f69c9708f351c9921ea49b13a3a8a83f5f86bf488db37e32eec1d95dcd718b6,2,31ef7f3f1625820cd5574767f5765eb9139a7c288dab23349f2f91a6f2fb2927,65944,16486,5,,0.7186387685404549,0.7665134125390757,KDB,1.2099610942175771,generative,0,82430,False,0.0,,0.04063259999929869,f6c7b37551611c2e1673581f77f375d8ee15f9ae761a80f9b4db27b70bbc5d7d,65944,1,98916,0.568497472559204,,164860,1.0,True,"repeat=1,fold=2",6406fc7d8b2737bb0eb5acdd110d246be5ff806babf30cb544b71ce51ac544d6,validation,17e529c95530bbf90dedb9d3b8d0900ffa77e7ada9f28b648b33a8aad0ce0771,c8a22cdb6e45639a09bdb7f189fd7f0cc9ab9cce228ce998f1ed5fe5a02027dc,463045.0,680.4740994336228,1.0,0.0
5829,0.0,1377,1377,0.004176270775203203,11,0.3574790731529783,2e219c54a929d16f0cc7,45.25235889517928,6.0,0.0,0.0,0,Localization,UCI 196 ConfLongDemo_JSI: tag identifier and x/y/z,"{'extension': 'fewpla-datasets-v1', 'override': None, 'registry': {'group': 'core', 'note': 'Four-feature reconstruction: omit sequence identifier and both timestamps. Paper does not explicitly identify its four columns.', 'paper_shape': [164860, 4, 11], 'source': 'UCI 196 ConfLongDemo_JSI: tag identifier and x/y/z', 'url': 'https://archive.ics.uci.edu/dataset/196/localization+data+for+person+activity'}, 'strict_paper_shape': False}",0,0,0.07381795840799253,1.4957600388208177,493182,3,PRIMARY,329720,4,5f69c9708f351c9921ea49b13a3a8a83f5f86bf488db37e32eec1d95dcd718b6,2,31ef7f3f1625820cd5574767f5765eb9139a7c288dab23349f2f91a6f2fb2927,65944,16486,5,,0.7163388852550142,0.7720558866812557,KDB,1.2254644402658728,generative,0,82430,False,0.0,,0.15686769999956596,10c04bd3602022936bffaf98b40792259a6a3c8a08117a6ebc34921d4457ca3d,65944,1,494580,0.5716132023956441,,164860,1.0,True,"repeat=1,fold=2",6406fc7d8b2737bb0eb5acdd110d246be5ff806babf30cb544b71ce51ac544d6,test,17e529c95530bbf90dedb9d3b8d0900ffa77e7ada9f28b648b33a8aad0ce0771,c8a22cdb6e45639a09bdb7f189fd7f0cc9ab9cce228ce998f1ed5fe5a02027dc,463045.0,680.4740994336228,1.0,0.0
4,0.0,0,0,0.0,11,0.49737656193133567,2e219c54a929d16f0cc7,65944.0,65944.0,0.0,0.0,0,Localization,UCI 196 ConfLongDemo_JSI: tag identifier and x/y/z,"{'extension': 'fewpla-datasets-v1', 'override': None, 'registry': {'group': 'core', 'note': 'Four-feature reconstruction: omit sequence identifier and both timestamps. Paper does not explicitly identify its four columns.', 'paper_shape': [164860, 4, 11], 'source': 'UCI 196 ConfLongDemo_JSI: tag identifier and x/y/z', 'url': 'https://archive.ics.uci.edu/dataset/196/localization+data+for+person+activity'}, 'strict_paper_shape': False}",0,0,0.03353563640724211,0.0,0,0,PRIMARY,263776,4,ee51d1a4a8240a6bbefd3563c587d4300f68a1e7f84874bf707a70ef1d28f5d4,1,da77bd42882ec8415015c9e9d2eb2779d8a94ee0556d37dfba3151bd9562b4fb,65944,16486,0,,0.5245784872041329,1.325264927322838,KDB,1.3821106096557638,generative,0,82430,False,0.0,,0.09676500000023225,6d53e94ba1d5b57488283da7863ba105f65fa38117d031c5dc8367ad4a4d3829,65944,2,0,0.6799872961601142,,164860,1.0,False,"repeat=2,fold=1",b24eb3e0b4f97bc948767862270e34a98cefdab00ee4ec5394c875d94b910736,train,c50061832f665039da52dc33b7a48472acf8a85eb1d9901e864bf8f16346dd6d,ef0162bf60e2489225875a828697b9b5cde280f615b72f14d88dd8dab3a317a5,869.0,29.478805945967352,1.0,0.0
4,0.0,0,0,0.0,11,0.5017590683003761,2e219c54a929d16f0cc7,65944.0,65944.0,0.0,0.0,0,Localization,UCI 196 ConfLongDemo_JSI: tag identifier and x/y/z,"{'extension': 'fewpla-datasets-v1', 'override': None, 'registry': {'group': 'core', 'note': 'Four-feature reconstruction: omit sequence identifier and both timestamps. Paper does not explicitly identify its four columns.', 'paper_shape': [164860, 4, 11], 'source': 'UCI 196 ConfLongDemo_JSI: tag identifier and x/y/z', 'url': 'https://archive.ics.uci.edu/dataset/196/localization+data+for+person+activity'}, 'strict_paper_shape': False}",0,0,0.033747369507906154,0.0,0,0,PRIMARY,65944,4,ee51d1a4a8240a6bbefd3563c587d4300f68a1e7f84874bf707a70ef1d28f5d4,1,da77bd42882ec8415015c9e9d2eb2779d8a94ee0556d37dfba3151bd9562b4fb,65944,16486,0,,0.5255679656873565,1.3238718261561964,KDB,1.4044630170939545,generative,0,82430,False,0.0,,0.021596600001430488,7a1409e55dace99ef87cb8c3d27c94e45682c6806094544ca3077642e6e95589,65944,2,0,0.6824977124537424,,164860,1.0,False,"repeat=2,fold=1",b24eb3e0b4f97bc948767862270e34a98cefdab00ee4ec5394c875d94b910736,validation,c50061832f665039da52dc33b7a48472acf8a85eb1d9901e864bf8f16346dd6d,ef0162bf60e2489225875a828697b9b5cde280f615b72f14d88dd8dab3a317a5,869.0,29.478805945967352,1.0,0.0
4,0.0,0,0,0.0,11,0.49870192890937765,2e219c54a929d16f0cc7,65944.0,65944.0,0.0,0.0,0,Localization,UCI 196 ConfLongDemo_JSI: tag identifier and x/y/z,"{'extension': 'fewpla-datasets-v1', 'override': None, 'registry': {'group': 'core', 'note': 'Four-feature reconstruction: omit sequence identifier and both timestamps. Paper does not explicitly identify its four columns.', 'paper_shape': [164860, 4, 11], 'source': 'UCI 196 ConfLongDemo_JSI: tag identifier and x/y/z', 'url': 'https://archive.ics.uci.edu/dataset/196/localization+data+for+person+activity'}, 'strict_paper_shape': False}",0,0,0.03490234079396441,0.0,0,0,PRIMARY,329720,4,ee51d1a4a8240a6bbefd3563c587d4300f68a1e7f84874bf707a70ef1d28f5d4,1,da77bd42882ec8415015c9e9d2eb2779d8a94ee0556d37dfba3151bd9562b4fb,65944,16486,0,,0.525184871420239,1.3238950205677602,KDB,1.3942740443238635,generative,0,82430,False,0.0,,0.1072930999998789,af489d9c077050dd3b2d34e1aaa811dc62fe47dbcd230799b7d58f297099aefa,65944,2,0,0.6805985533411085,,164860,1.0,False,"repeat=2,fold=1",b24eb3e0b4f97bc948767862270e34a98cefdab00ee4ec5394c875d94b910736,test,c50061832f665039da52dc33b7a48472acf8a85eb1d9901e864bf8f16346dd6d,ef0162bf60e2489225875a828697b9b5cde280f615b72f14d88dd8dab3a317a5,869.0,29.478805945967352,1.0,0.0
82,0.0,0,0,0.0,11,0.4038729831372073,2e219c54a929d16f0cc7,3216.7804878048782,2037.0,0.0,0.0,0,Localization,UCI 196 ConfLongDemo_JSI: tag identifier and x/y/z,"{'extension': 'fewpla-datasets-v1', 'override': None, 'registry': {'group': 'core', 'note': 'Four-feature reconstruction: omit sequence identifier and both timestamps. Paper does not explicitly identify its four columns.', 'paper_shape': [164860, 4, 11], 'source': 'UCI 196 ConfLongDemo_JSI: tag identifier and x/y/z', 'url': 'https://archive.ics.uci.edu/dataset/196/localization+data+for+person+activity'}, 'strict_paper_shape': False}",0,0,0.026937823729554822,0.75,197832,1,PRIMARY,263776,4,ee51d1a4a8240a6bbefd3563c587d4300f68a1e7f84874bf707a70ef1d28f5d4,1,21568953726caecf2b3af889a550fa3a6441d2b63bee3b40dd90b6555aa8dd76,65944,16486,1,,0.6227382311669099,1.03722468940561,KDB,1.1116950448084164,generative,0,82430,False,0.0,,0.12672159999965515,904e0621dc036d4b37f07bbb2f880fd039fd85c06ebf938de1c42ddd244a5296,65944,2,197832,0.607340609952126,,164860,1.0,False,"repeat=2,fold=1",3f9f37870da65e947a18bf072dd5ca33a9703427bf8638c6baa5c02eb65757c9,train,c50061832f665039da52dc33b7a48472acf8a85eb1d9901e864bf8f16346dd6d,ef0162bf60e2489225875a828697b9b5cde280f615b72f14d88dd8dab3a317a5,15587.0,124.84790747145104,1.0,0.0
82,0.0,0,0,0.0,11,0.42533058352541553,2e219c54a929d16f0cc7,3216.7804878048782,2037.0,0.0,0.0,0,Localization,UCI 196 ConfLongDemo_JSI: tag identifier and x/y/z,"{'extension': 'fewpla-datasets-v1', 'override': None, 'registry': {'group': 'core', 'note': 'Four-feature reconstruction: omit sequence identifier and both timestamps. Paper does not explicitly identify its four columns.', 'paper_shape': [164860, 4, 11], 'source': 'UCI 196 ConfLongDemo_JSI: tag identifier and x/y/z', 'url': 'https://archive.ics.uci.edu/dataset/196/localization+data+for+person+activity'}, 'strict_paper_shape': False}",0,0,0.04885208698975354,0.75,49458,1,PRIMARY,65944,4,ee51d1a4a8240a6bbefd3563c587d4300f68a1e7f84874bf707a70ef1d28f5d4,1,21568953726caecf2b3af889a550fa3a6441d2b63bee3b40dd90b6555aa8dd76,65944,16486,1,,0.6234235954585473,1.0362802076339341,KDB,1.2480363377472417,generative,0,82430,False,0.0,,0.038368100000298,8a829849c92b4f46f89a69c5a1c5b3d73406db9f53322288a78d1396a4d4cb96,65944,2,49458,0.6226740989794701,,164860,1.0,False,"repeat=2,fold=1",3f9f37870da65e947a18bf072dd5ca33a9703427bf8638c6baa5c02eb65757c9,validation,c50061832f665039da52dc33b7a48472acf8a85eb1d9901e864bf8f16346dd6d,ef0162bf60e2489225875a828697b9b5cde280f615b72f14d88dd8dab3a317a5,15587.0,124.84790747145104,1.0,0.0
82,0.0,0,0,0.0,11,0.41744510493752274,2e219c54a929d16f0cc7,3216.7804878048782,2037.0,0.0,0.0,0,Localization,UCI 196 ConfLongDemo_JSI: tag identifier and x/y/z,"{'extension': 'fewpla-datasets-v1', 'override': None, 'registry': {'group': 'core', 'note': 'Four-feature reconstruction: omit sequence identifier and both timestamps. Paper does not explicitly identify its four columns.', 'paper_shape': [164860, 4, 11], 'source': 'UCI 196 ConfLongDemo_JSI: tag identifier and x/y/z', 'url': 'https://archive.ics.uci.edu/dataset/196/localization+data+for+person+activity'}, 'strict_paper_shape': False}",0,0,0.04084029273485442,0.75,247290,1,PRIMARY,329720,4,ee51d1a4a8240a6bbefd3563c587d4300f68a1e7f84874bf707a70ef1d28f5d4,1,21568953726caecf2b3af889a550fa3a6441d2b63bee3b40dd90b6555aa8dd76,65944,16486,1,,0.6233345778811541,1.036668321464067,KDB,1.2319272399938468,generative,0,82430,False,0.0,,0.1585427999998501,fd9bb231c46c96880aa5da62d6bccc1d264fe0add9c0bd7b0068a7909bfbbb24,65944,2,247290,0.619575723907096,,164860,1.0,False,"repeat=2,fold=1",3f9f37870da65e947a18bf072dd5ca33a9703427bf8638c6baa5c02eb65757c9,test,c50061832f665039da52dc33b7a48472acf8a85eb1d9901e864bf8f16346dd6d,ef0162bf60e2489225875a828697b9b5cde280f615b72f14d88dd8dab3a317a5,15587.0,124.84790747145104,1.0,0.0
1165,0.0,0,0,0.0,11,0.29249059808322214,2e219c54a929d16f0cc7,226.41716738197425,69.0,0.0,0.0,0,Localization,UCI 196 ConfLongDemo_JSI: tag identifier and x/y/z,"{'extension': 'fewpla-datasets-v1', 'override': None, 'registry': {'group': 'core', 'note': 'Four-feature reconstruction: omit sequence identifier and both timestamps. Paper does not explicitly identify its four columns.', 'paper_shape': [164860, 4, 11], 'source': 'UCI 196 ConfLongDemo_JSI: tag identifier and x/y/z', 'url': 'https://archive.ics.uci.edu/dataset/196/localization+data+for+person+activity'}, 'strict_paper_shape': False}",0,0,0.006645506239042924,1.25,329720,2,PRIMARY,263776,4,ee51d1a4a8240a6bbefd3563c587d4300f68a1e7f84874bf707a70ef1d28f5d4,1,1e633672278fb053f9e30f8a7a6577ed52044590eb43e0c8b4db300d34f82510,65944,16486,2,,0.7105552756937478,0.7807463718692862,KDB,0.7603878877958874,generative,0,82430,False,0.0,,0.11747669999931531,687497ad7625c8091c3a9e9faabdca7188d25c173a036296fb439e1b9cd07e47,65944,2,329720,0.5063859651817041,,164860,1.0,False,"repeat=2,fold=1",d1e47170584b6cf302f841e505adc964268902fa5b4c6ccf561274f993cb3fe7,train,c50061832f665039da52dc33b7a48472acf8a85eb1d9901e864bf8f16346dd6d,ef0162bf60e2489225875a828697b9b5cde280f615b72f14d88dd8dab3a317a5,177155.0,420.897849840077,1.0,0.0
1165,0.0,12,12,0.00018197258279752516,11,0.37722916413926966,2e219c54a929d16f0cc7,226.41716738197425,69.0,0.0,0.0,0,Localization,UCI 196 ConfLongDemo_JSI: tag identifier and x/y/z,"{'extension': 'fewpla-datasets-v1', 'override': None, 'registry': {'group': 'core', 'note': 'Four-feature reconstruction: omit sequence identifier and both timestamps. Paper does not explicitly identify its four columns.', 'paper_shape': [164860, 4, 11], 'source': 'UCI 196 ConfLongDemo_JSI: tag identifier and x/y/z', 'url': 'https://archive.ics.uci.edu/dataset/196/localization+data+for+person+activity'}, 'strict_paper_shape': False}",0,0,0.07467877706882844,1.2498180274172024,82418,2,PRIMARY,65944,4,ee51d1a4a8240a6bbefd3563c587d4300f68a1e7f84874bf707a70ef1d28f5d4,1,1e633672278fb053f9e30f8a7a6577ed52044590eb43e0c8b4db300d34f82510,65944,16486,2,,0.6973801691701635,0.8168383712737959,KDB,1.247308821668593,generative,0,82430,False,0.0,,0.030858500000249478,9929ebf2592679069596d9336655eaeca200ee545dab109fbd2ecbc9afb985ad,65944,2,82430,0.5839214078115295,,164860,1.0,False,"repeat=2,fold=1",d1e47170584b6cf302f841e505adc964268902fa5b4c6ccf561274f993cb3fe7,validation,c50061832f665039da52dc33b7a48472acf8a85eb1d9901e864bf8f16346dd6d,ef0162bf60e2489225875a828697b9b5cde280f615b72f14d88dd8dab3a317a5,177155.0,420.897849840077,1.0,0.0
1165,0.0,56,56,0.00016984107727769016,11,0.36887055683610337,2e219c54a929d16f0cc7,226.41716738197425,69.0,0.0,0.0,0,Localization,UCI 196 ConfLongDemo_JSI: tag identifier and x/y/z,"{'extension': 'fewpla-datasets-v1', 'override': None, 'registry': {'group': 'core', 'note': 'Four-feature reconstruction: omit sequence identifier and both timestamps. Paper does not explicitly identify its four columns.', 'paper_shape': [164860, 4, 11], 'source': 'UCI 196 ConfLongDemo_JSI: tag identifier and x/y/z', 'url': 'https://archive.ics.uci.edu/dataset/196/localization+data+for+person+activity'}, 'strict_paper_shape': False}",0,0,0.06802859051732404,1.2498301589227223,412094,2,PRIMARY,329720,4,ee51d1a4a8240a6bbefd3563c587d4300f68a1e7f84874bf707a70ef1d28f5d4,1,1e633672278fb053f9e30f8a7a6577ed52044590eb43e0c8b4db300d34f82510,65944,16486,2,,0.6989449858653048,0.8138928760128258,KDB,1.2154290932858474,generative,0,82430,False,0.0,,0.17335490000004938,7503193b245665c215f0e23d05e30e8a4d601b438bee5a7739afe8b0cf04d95f,65944,2,412150,0.5785507523003062,,164860,1.0,False,"repeat=2,fold=1",d1e47170584b6cf302f841e505adc964268902fa5b4c6ccf561274f993cb3fe7,test,c50061832f665039da52dc33b7a48472acf8a85eb1d9901e864bf8f16346dd6d,ef0162bf60e2489225875a828697b9b5cde280f615b72f14d88dd8dab3a317a5,177155.0,420.897849840077,1.0,0.0
7236,0.0,0,0,0.0,11,0.2515922600994783,2e219c54a929d16f0cc7,36.45328911000553,5.0,0.0,0.0,0,Localization,UCI 196 ConfLongDemo_JSI: tag identifier and x/y/z,"{'extension': 'fewpla-datasets-v1', 'override': None, 'registry': {'group': 'core', 'note': 'Four-feature reconstruction: omit sequence identifier and both timestamps. Paper does not explicitly identify its four columns.', 'paper_shape': [164860, 4, 11], 'source': 'UCI 196 ConfLongDemo_JSI: tag identifier and x/y/z', 'url': 'https://archive.ics.uci.edu/dataset/196/localization+data+for+person+activity'}, 'strict_paper_shape': False}",0,0,0.008152584810082247,1.5,395664,3,PRIMARY,263776,4,ee51d1a4a8240a6bbefd3563c587d4300f68a1e7f84874bf707a70ef1d28f5d4,1,863b7e9424bbb6873b3e6233e3d7480e099749044254d0b66201b10982447a7c,65944,16486,3,,0.742133868881935,0.7015060447603897,KDB,0.6426051876250747,generative,0,82430,False,0.0,,0.13095520000024408,1c2545c16a62537478a1d319af58155e320670a80dffa1bf6d7e6bc737803df6,65944,2,395664,0.46554172802988864,,164860,1.0,False,"repeat=2,fold=1",6406fc7d8b2737bb0eb5acdd110d246be5ff806babf30cb544b71ce51ac544d6,train,c50061832f665039da52dc33b7a48472acf8a85eb1d9901e864bf8f16346dd6d,ef0162bf60e2489225875a828697b9b5cde280f615b72f14d88dd8dab3a317a5,577841.0,760.1585360962541,1.0,0.0
7236,0.0,377,377,0.005716971976222249,11,0.36709935703020746,2e219c54a929d16f0cc7,36.45328911000553,5.0,0.0,0.0,0,Localization,UCI 196 ConfLongDemo_JSI: tag identifier and x/y/z,"{'extension': 'fewpla-datasets-v1', 'override': None, 'registry': {'group': 'core', 'note': 'Four-feature reconstruction: omit sequence identifier and both timestamps. Paper does not explicitly identify its four columns.', 'paper_shape': [164860, 4, 11], 'source': 'UCI 196 ConfLongDemo_JSI: tag identifier and x/y/z', 'url': 'https://archive.ics.uci.edu/dataset/196/localization+data+for+person+activity'}, 'strict_paper_shape': False}",0,0,0.08996883849618,1.494192041732379,98533,3,PRIMARY,65944,4,ee51d1a4a8240a6bbefd3563c587d4300f68a1e7f84874bf707a70ef1d28f5d4,1,863b7e9424bbb6873b3e6233e3d7480e099749044254d0b66201b10982447a7c,65944,16486,3,,0.7228694814659726,0.7523618909270897,KDB,1.281158977705163,generative,0,82430,False,0.0,,0.04268649999903573,5d5aeae69e0c5a50402c5bd13bfc613e96dc24491ab8440e675106f70f4d48dc,65944,2,98916,0.5773013431682319,,164860,1.0,False,"repeat=2,fold=1",6406fc7d8b2737bb0eb5acdd110d246be5ff806babf30cb544b71ce51ac544d6,validation,c50061832f665039da52dc33b7a48472acf8a85eb1d9901e864bf8f16346dd6d,ef0162bf60e2489225875a828697b9b5cde280f615b72f14d88dd8dab3a317a5,577841.0,760.1585360962541,1.0,0.0
7236,0.0,1974,1974,0.005986897974038578,11,0.3602814509280602,2e219c54a929d16f0cc7,36.45328911000553,5.0,0.0,0.0,0,Localization,UCI 196 ConfLongDemo_JSI: tag identifier and x/y/z,"{'extension': 'fewpla-datasets-v1', 'override': None, 'registry': {'group': 'core', 'note': 'Four-feature reconstruction: omit sequence identifier and both timestamps. Paper does not explicitly identify its four columns.', 'paper_shape': [164860, 4, 11], 'source': 'UCI 196 ConfLongDemo_JSI: tag identifier and x/y/z', 'url': 'https://archive.ics.uci.edu/dataset/196/localization+data+for+person+activity'}, 'strict_paper_shape': False}",0,0,0.08341635173878355,1.493955477374742,492587,3,PRIMARY,329720,4,ee51d1a4a8240a6bbefd3563c587d4300f68a1e7f84874bf707a70ef1d28f5d4,1,863b7e9424bbb6873b3e6233e3d7480e099749044254d0b66201b10982447a7c,65944,16486,3,,0.7231349008107233,0.7525279629895236,KDB,1.2531304756917447,generative,0,82430,False,0.0,,0.15473340000062308,89cfae4be34241dd0cf9694e092b0f66b5c88bd9dad546b190c2568c4305d71c,65944,2,494580,0.5728696966521802,,164860,1.0,False,"repeat=2,fold=1",6406fc7d8b2737bb0eb5acdd110d246be5ff806babf30cb544b71ce51ac544d6,test,c50061832f665039da52dc33b7a48472acf8a85eb1d9901e864bf8f16346dd6d,ef0162bf60e2489225875a828697b9b5cde280f615b72f14d88dd8dab3a317a5,577841.0,760.1585360962541,1.0,0.0
7236,0.0,0,0,0.0,11,0.2515922600994783,2e219c54a929d16f0cc7,36.45328911000553,5.0,0.0,0.0,0,Localization,UCI 196 ConfLongDemo_JSI: tag identifier and x/y/z,"{'extension': 'fewpla-datasets-v1', 'override': None, 'registry': {'group': 'core', 'note': 'Four-feature reconstruction: omit sequence identifier and both timestamps. Paper does not explicitly identify its four columns.', 'paper_shape': [164860, 4, 11], 'source': 'UCI 196 ConfLongDemo_JSI: tag identifier and x/y/z', 'url': 'https://archive.ics.uci.edu/dataset/196/localization+data+for+person+activity'}, 'strict_paper_shape': False}",0,0,0.008152584810082247,1.5,395664,3,PRIMARY,263776,4,ee51d1a4a8240a6bbefd3563c587d4300f68a1e7f84874bf707a70ef1d28f5d4,1,863b7e9424bbb6873b3e6233e3d7480e099749044254d0b66201b10982447a7c,65944,16486,4,,0.742133868881935,0.7015060447603897,KDB,0.6426051876250747,generative,0,82430,False,0.0,,0.1324863000008918,1c2545c16a62537478a1d319af58155e320670a80dffa1bf6d7e6bc737803df6,65944,2,395664,0.46554172802988864,,164860,1.0,True,"repeat=2,fold=1",6406fc7d8b2737bb0eb5acdd110d246be5ff806babf30cb544b71ce51ac544d6,train,c50061832f665039da52dc33b7a48472acf8a85eb1d9901e864bf8f16346dd6d,ef0162bf60e2489225875a828697b9b5cde280f615b72f14d88dd8dab3a317a5,577841.0,760.1585360962541,1.0,0.0
7236,0.0,377,377,0.005716971976222249,11,0.36709935703020746,2e219c54a929d16f0cc7,36.45328911000553,5.0,0.0,0.0,0,Localization,UCI 196 ConfLongDemo_JSI: tag identifier and x/y/z,"{'extension': 'fewpla-datasets-v1', 'override': None, 'registry': {'group': 'core', 'note': 'Four-feature reconstruction: omit sequence identifier and both timestamps. Paper does not explicitly identify its four columns.', 'paper_shape': [164860, 4, 11], 'source': 'UCI 196 ConfLongDemo_JSI: tag identifier and x/y/z', 'url': 'https://archive.ics.uci.edu/dataset/196/localization+data+for+person+activity'}, 'strict_paper_shape': False}",0,0,0.08996883849618,1.494192041732379,98533,3,PRIMARY,65944,4,ee51d1a4a8240a6bbefd3563c587d4300f68a1e7f84874bf707a70ef1d28f5d4,1,863b7e9424bbb6873b3e6233e3d7480e099749044254d0b66201b10982447a7c,65944,16486,4,,0.7228694814659726,0.7523618909270897,KDB,1.281158977705163,generative,0,82430,False,0.0,,0.04060599999866099,5d5aeae69e0c5a50402c5bd13bfc613e96dc24491ab8440e675106f70f4d48dc,65944,2,98916,0.5773013431682319,,164860,1.0,True,"repeat=2,fold=1",6406fc7d8b2737bb0eb5acdd110d246be5ff806babf30cb544b71ce51ac544d6,validation,c50061832f665039da52dc33b7a48472acf8a85eb1d9901e864bf8f16346dd6d,ef0162bf60e2489225875a828697b9b5cde280f615b72f14d88dd8dab3a317a5,577841.0,760.1585360962541,1.0,0.0
7236,0.0,1974,1974,0.005986897974038578,11,0.3602814509280602,2e219c54a929d16f0cc7,36.45328911000553,5.0,0.0,0.0,0,Localization,UCI 196 ConfLongDemo_JSI: tag identifier and x/y/z,"{'extension': 'fewpla-datasets-v1', 'override': None, 'registry': {'group': 'core', 'note': 'Four-feature reconstruction: omit sequence identifier and both timestamps. Paper does not explicitly identify its four columns.', 'paper_shape': [164860, 4, 11], 'source': 'UCI 196 ConfLongDemo_JSI: tag identifier and x/y/z', 'url': 'https://archive.ics.uci.edu/dataset/196/localization+data+for+person+activity'}, 'strict_paper_shape': False}",0,0,0.08341635173878355,1.493955477374742,492587,3,PRIMARY,329720,4,ee51d1a4a8240a6bbefd3563c587d4300f68a1e7f84874bf707a70ef1d28f5d4,1,863b7e9424bbb6873b3e6233e3d7480e099749044254d0b66201b10982447a7c,65944,16486,4,,0.7231349008107233,0.7525279629895236,KDB,1.2531304756917447,generative,0,82430,False,0.0,,0.1591435000009369,89cfae4be34241dd0cf9694e092b0f66b5c88bd9dad546b190c2568c4305d71c,65944,2,494580,0.5728696966521802,,164860,1.0,True,"repeat=2,fold=1",6406fc7d8b2737bb0eb5acdd110d246be5ff806babf30cb544b71ce51ac544d6,test,c50061832f665039da52dc33b7a48472acf8a85eb1d9901e864bf8f16346dd6d,ef0162bf60e2489225875a828697b9b5cde280f615b72f14d88dd8dab3a317a5,577841.0,760.1585360962541,1.0,0.0
7236,0.0,0,0,0.0,11,0.2515922600994783,2e219c54a929d16f0cc7,36.45328911000553,5.0,0.0,0.0,0,Localization,UCI 196 ConfLongDemo_JSI: tag identifier and x/y/z,"{'extension': 'fewpla-datasets-v1', 'override': None, 'registry': {'group': 'core', 'note': 'Four-feature reconstruction: omit sequence identifier and both timestamps. Paper does not explicitly identify its four columns.', 'paper_shape': [164860, 4, 11], 'source': 'UCI 196 ConfLongDemo_JSI: tag identifier and x/y/z', 'url': 'https://archive.ics.uci.edu/dataset/196/localization+data+for+person+activity'}, 'strict_paper_shape': False}",0,0,0.008152584810082247,1.5,395664,3,PRIMARY,263776,4,ee51d1a4a8240a6bbefd3563c587d4300f68a1e7f84874bf707a70ef1d28f5d4,1,863b7e9424bbb6873b3e6233e3d7480e099749044254d0b66201b10982447a7c,65944,16486,5,,0.742133868881935,0.7015060447603897,KDB,0.6426051876250747,generative,0,82430,False,0.0,,0.12327809999987949,1c2545c16a62537478a1d319af58155e320670a80dffa1bf6d7e6bc737803df6,65944,2,395664,0.46554172802988864,,164860,1.0,True,"repeat=2,fold=1",6406fc7d8b2737bb0eb5acdd110d246be5ff806babf30cb544b71ce51ac544d6,train,c50061832f665039da52dc33b7a48472acf8a85eb1d9901e864bf8f16346dd6d,ef0162bf60e2489225875a828697b9b5cde280f615b72f14d88dd8dab3a317a5,577841.0,760.1585360962541,1.0,0.0
7236,0.0,377,377,0.005716971976222249,11,0.36709935703020746,2e219c54a929d16f0cc7,36.45328911000553,5.0,0.0,0.0,0,Localization,UCI 196 ConfLongDemo_JSI: tag identifier and x/y/z,"{'extension': 'fewpla-datasets-v1', 'override': None, 'registry': {'group': 'core', 'note': 'Four-feature reconstruction: omit sequence identifier and both timestamps. Paper does not explicitly identify its four columns.', 'paper_shape': [164860, 4, 11], 'source': 'UCI 196 ConfLongDemo_JSI: tag identifier and x/y/z', 'url': 'https://archive.ics.uci.edu/dataset/196/localization+data+for+person+activity'}, 'strict_paper_shape': False}",0,0,0.08996883849618,1.494192041732379,98533,3,PRIMARY,65944,4,ee51d1a4a8240a6bbefd3563c587d4300f68a1e7f84874bf707a70ef1d28f5d4,1,863b7e9424bbb6873b3e6233e3d7480e099749044254d0b66201b10982447a7c,65944,16486,5,,0.7228694814659726,0.7523618909270897,KDB,1.281158977705163,generative,0,82430,False,0.0,,0.043382500000006985,5d5aeae69e0c5a50402c5bd13bfc613e96dc24491ab8440e675106f70f4d48dc,65944,2,98916,0.5773013431682319,,164860,1.0,True,"repeat=2,fold=1",6406fc7d8b2737bb0eb5acdd110d246be5ff806babf30cb544b71ce51ac544d6,validation,c50061832f665039da52dc33b7a48472acf8a85eb1d9901e864bf8f16346dd6d,ef0162bf60e2489225875a828697b9b5cde280f615b72f14d88dd8dab3a317a5,577841.0,760.1585360962541,1.0,0.0
7236,0.0,1974,1974,0.005986897974038578,11,0.3602814509280602,2e219c54a929d16f0cc7,36.45328911000553,5.0,0.0,0.0,0,Localization,UCI 196 ConfLongDemo_JSI: tag identifier and x/y/z,"{'extension': 'fewpla-datasets-v1', 'override': None, 'registry': {'group': 'core', 'note': 'Four-feature reconstruction: omit sequence identifier and both timestamps. Paper does not explicitly identify its four columns.', 'paper_shape': [164860, 4, 11], 'source': 'UCI 196 ConfLongDemo_JSI: tag identifier and x/y/z', 'url': 'https://archive.ics.uci.edu/dataset/196/localization+data+for+person+activity'}, 'strict_paper_shape': False}",0,0,0.08341635173878355,1.493955477374742,492587,3,PRIMARY,329720,4,ee51d1a4a8240a6bbefd3563c587d4300f68a1e7f84874bf707a70ef1d28f5d4,1,863b7e9424bbb6873b3e6233e3d7480e099749044254d0b66201b10982447a7c,65944,16486,5,,0.7231349008107233,0.7525279629895236,KDB,1.2531304756917447,generative,0,82430,False,0.0,,0.21867639999982202,89cfae4be34241dd0cf9694e092b0f66b5c88bd9dad546b190c2568c4305d71c,65944,2,494580,0.5728696966521802,,164860,1.0,True,"repeat=2,fold=1",6406fc7d8b2737bb0eb5acdd110d246be5ff806babf30cb544b71ce51ac544d6,test,c50061832f665039da52dc33b7a48472acf8a85eb1d9901e864bf8f16346dd6d,ef0162bf60e2489225875a828697b9b5cde280f615b72f14d88dd8dab3a317a5,577841.0,760.1585360962541,1.0,0.0
4,0.0,0,0,0.0,11,0.4988171782118161,2e219c54a929d16f0cc7,65944.0,65944.0,0.0,0.0,0,Localization,UCI 196 ConfLongDemo_JSI: tag identifier and x/y/z,"{'extension': 'fewpla-datasets-v1', 'override': None, 'registry': {'group': 'core', 'note': 'Four-feature reconstruction: omit sequence identifier and both timestamps. Paper does not explicitly identify its four columns.', 'paper_shape': [164860, 4, 11], 'source': 'UCI 196 ConfLongDemo_JSI: tag identifier and x/y/z', 'url': 'https://archive.ics.uci.edu/dataset/196/localization+data+for+person+activity'}, 'strict_paper_shape': False}",0,0,0.032958613161377485,0.0,0,0,PRIMARY,263776,4,b080cbc8b67f7d0f7c46dfd0b95ba49bb34a19f426252036a53658a9723d7239,2,5b1bc2300ab6f3338964063eb42a0b982e52eda114f3490f5e5670cb961f041d,65944,16486,0,,0.5279296466234239,1.3172279242421452,KDB,1.3764952229022527,generative,0,82430,False,0.0,,0.0988904999994702,dec51db4b1deadee4e2373db1a9368e8c88ce783004911452e0be239b55811c2,65944,2,0,0.6776353567265547,,164860,1.0,False,"repeat=2,fold=2",b24eb3e0b4f97bc948767862270e34a98cefdab00ee4ec5394c875d94b910736,train,e3eecf29273059508b59d57e99b91baa9d2fe57f2e93be7ba807de55cb12aed4,0d0a8de14c1f96ab3b2185cb53b0f4680716b4032f749f1b10e519dcd9a01c3a,847.0,29.103264421710495,1.0,0.0
4,0.0,0,0,0.0,11,0.5072182457843019,2e219c54a929d16f0cc7,65944.0,65944.0,0.0,0.0,0,Localization,UCI 196 ConfLongDemo_JSI: tag identifier and x/y/z,"{'extension': 'fewpla-datasets-v1', 'override': None, 'registry': {'group': 'core', 'note': 'Four-feature reconstruction: omit sequence identifier and both timestamps. Paper does not explicitly identify its four columns.', 'paper_shape': [164860, 4, 11], 'source': 'UCI 196 ConfLongDemo_JSI: tag identifier and x/y/z', 'url': 'https://archive.ics.uci.edu/dataset/196/localization+data+for+person+activity'}, 'strict_paper_shape': False}",0,0,0.03797658373143081,0.0,0,0,PRIMARY,65944,4,b080cbc8b67f7d0f7c46dfd0b95ba49bb34a19f426252036a53658a9723d7239,2,5b1bc2300ab6f3338964063eb42a0b982e52eda114f3490f5e5670cb961f041d,65944,16486,0,,0.5264526792210438,1.3201981754834637,KDB,1.40493303240383,generative,0,82430,False,0.0,,0.021648099998856196,7a6f0603a90e0efa1d7666a6bd1611ec6d381e89da95a0d87123a2cfdf154753,65944,2,0,0.6825130470551359,,164860,1.0,False,"repeat=2,fold=2",b24eb3e0b4f97bc948767862270e34a98cefdab00ee4ec5394c875d94b910736,validation,e3eecf29273059508b59d57e99b91baa9d2fe57f2e93be7ba807de55cb12aed4,0d0a8de14c1f96ab3b2185cb53b0f4680716b4032f749f1b10e519dcd9a01c3a,847.0,29.103264421710495,1.0,0.0
4,0.0,0,0,0.0,11,0.5038820817663472,2e219c54a929d16f0cc7,65944.0,65944.0,0.0,0.0,0,Localization,UCI 196 ConfLongDemo_JSI: tag identifier and x/y/z,"{'extension': 'fewpla-datasets-v1', 'override': None, 'registry': {'group': 'core', 'note': 'Four-feature reconstruction: omit sequence identifier and both timestamps. Paper does not explicitly identify its four columns.', 'paper_shape': [164860, 4, 11], 'source': 'UCI 196 ConfLongDemo_JSI: tag identifier and x/y/z', 'url': 'https://archive.ics.uci.edu/dataset/196/localization+data+for+person+activity'}, 'strict_paper_shape': False}",0,0,0.03391141762652902,0.0,0,0,PRIMARY,329720,4,b080cbc8b67f7d0f7c46dfd0b95ba49bb34a19f426252036a53658a9723d7239,2,5b1bc2300ab6f3338964063eb42a0b982e52eda114f3490f5e5670cb961f041d,65944,16486,0,,0.5265881106849276,1.3211846324851122,KDB,1.4029994214252528,generative,0,82430,False,0.0,,0.12353849999999511,00c11c4ec558dab462cd454973677c1e4cc8e4d29862f6a4382fe5294456fa34,65944,2,0,0.6821691729025364,,164860,1.0,False,"repeat=2,fold=2",b24eb3e0b4f97bc948767862270e34a98cefdab00ee4ec5394c875d94b910736,test,e3eecf29273059508b59d57e99b91baa9d2fe57f2e93be7ba807de55cb12aed4,0d0a8de14c1f96ab3b2185cb53b0f4680716b4032f749f1b10e519dcd9a01c3a,847.0,29.103264421710495,1.0,0.0
76,0.0,0,0,0.0,11,0.4024778600024263,2e219c54a929d16f0cc7,3470.7368421052633,2185.0,0.0,0.0,0,Localization,UCI 196 ConfLongDemo_JSI: tag identifier and x/y/z,"{'extension': 'fewpla-datasets-v1', 'override': None, 'registry': {'group': 'core', 'note': 'Four-feature reconstruction: omit sequence identifier and both timestamps. Paper does not explicitly identify its four columns.', 'paper_shape': [164860, 4, 11], 'source': 'UCI 196 ConfLongDemo_JSI: tag identifier and x/y/z', 'url': 'https://archive.ics.uci.edu/dataset/196/localization+data+for+person+activity'}, 'strict_paper_shape': False}",0,0,0.027932115537935377,0.75,197832,1,PRIMARY,263776,4,b080cbc8b67f7d0f7c46dfd0b95ba49bb34a19f426252036a53658a9723d7239,2,54b93b8cb2c1494c9f63d5fc3c54c73d532bdd2b0ad2b1ac54fd87ca1c10aea2,65944,16486,1,,0.6254386496693579,1.034948327562477,KDB,1.1152439101081792,generative,0,82430,False,0.0,,0.15157369999906223,b9543a854f17f112681e18c50d15003319b11efd9455cd41303c56df0027160b,65944,2,197832,0.6069259570801299,,164860,1.0,False,"repeat=2,fold=2",1f81fd561639db2a83073e8834083541b8242afcbbb817d2cbf99158d53a2828,train,e3eecf29273059508b59d57e99b91baa9d2fe57f2e93be7ba807de55cb12aed4,0d0a8de14c1f96ab3b2185cb53b0f4680716b4032f749f1b10e519dcd9a01c3a,14399.0,119.99583326099285,1.0,0.0
76,0.0,0,0,0.0,11,0.4196894334586922,2e219c54a929d16f0cc7,3470.7368421052633,2185.0,0.0,0.0,0,Localization,UCI 196 ConfLongDemo_JSI: tag identifier and x/y/z,"{'extension': 'fewpla-datasets-v1', 'override': None, 'registry': {'group': 'core', 'note': 'Four-feature reconstruction: omit sequence identifier and both timestamps. Paper does not explicitly identify its four columns.', 'paper_shape': [164860, 4, 11], 'source': 'UCI 196 ConfLongDemo_JSI: tag identifier and x/y/z', 'url': 'https://archive.ics.uci.edu/dataset/196/localization+data+for+person+activity'}, 'strict_paper_shape': False}",0,0,0.04365289771231894,0.75,49458,1,PRIMARY,65944,4,b080cbc8b67f7d0f7c46dfd0b95ba49bb34a19f426252036a53658a9723d7239,2,54b93b8cb2c1494c9f63d5fc3c54c73d532bdd2b0ad2b1ac54fd87ca1c10aea2,65944,16486,1,,0.6239634642536266,1.038544200650725,KDB,1.2350470280873402,generative,0,82430,False,0.0,,0.02795450000121491,7dde789cad382ab464cb7fe6e29d75037831fe4b27f5280b31dd983c198eef43,65944,2,49458,0.6206675911522301,,164860,1.0,False,"repeat=2,fold=2",1f81fd561639db2a83073e8834083541b8242afcbbb817d2cbf99158d53a2828,validation,e3eecf29273059508b59d57e99b91baa9d2fe57f2e93be7ba807de55cb12aed4,0d0a8de14c1f96ab3b2185cb53b0f4680716b4032f749f1b10e519dcd9a01c3a,14399.0,119.99583326099285,1.0,0.0
76,0.0,0,0,0.0,11,0.41960451292005335,2e219c54a929d16f0cc7,3470.7368421052633,2185.0,0.0,0.0,0,Localization,UCI 196 ConfLongDemo_JSI: tag identifier and x/y/z,"{'extension': 'fewpla-datasets-v1', 'override': None, 'registry': {'group': 'core', 'note': 'Four-feature reconstruction: omit sequence identifier and both timestamps. Paper does not explicitly identify its four columns.', 'paper_shape': [164860, 4, 11], 'source': 'UCI 196 ConfLongDemo_JSI: tag identifier and x/y/z', 'url': 'https://archive.ics.uci.edu/dataset/196/localization+data+for+person+activity'}, 'strict_paper_shape': False}",0,0,0.042240122865936605,0.75,247290,1,PRIMARY,329720,4,b080cbc8b67f7d0f7c46dfd0b95ba49bb34a19f426252036a53658a9723d7239,2,54b93b8cb2c1494c9f63d5fc3c54c73d532bdd2b0ad2b1ac54fd87ca1c10aea2,65944,16486,1,,0.6224899119644628,1.042080273173986,KDB,1.239048589847076,generative,0,82430,False,0.0,,0.1306360999988101,3b8db6ab230726ccbb68ec81d258525c7675bd6f97bb77f58e400151c20caf0f,65944,2,247290,0.6216317414175291,,164860,1.0,False,"repeat=2,fold=2",1f81fd561639db2a83073e8834083541b8242afcbbb817d2cbf99158d53a2828,test,e3eecf29273059508b59d57e99b91baa9d2fe57f2e93be7ba807de55cb12aed4,0d0a8de14c1f96ab3b2185cb53b0f4680716b4032f749f1b10e519dcd9a01c3a,14399.0,119.99583326099285,1.0,0.0
1029,0.0,0,0,0.0,11,0.3013769258765013,2e219c54a929d16f0cc7,256.3420796890185,86.0,0.0,0.0,0,Localization,UCI 196 ConfLongDemo_JSI: tag identifier and x/y/z,"{'extension': 'fewpla-datasets-v1', 'override': None, 'registry': {'group': 'core', 'note': 'Four-feature reconstruction: omit sequence identifier and both timestamps. Paper does not explicitly identify its four columns.', 'paper_shape': [164860, 4, 11], 'source': 'UCI 196 ConfLongDemo_JSI: tag identifier and x/y/z', 'url': 'https://archive.ics.uci.edu/dataset/196/localization+data+for+person+activity'}, 'strict_paper_shape': False}",0,0,0.0040782523889019645,1.25,329720,2,PRIMARY,263776,4,b080cbc8b67f7d0f7c46dfd0b95ba49bb34a19f426252036a53658a9723d7239,2,13107ec23bf82a6e44b12132abf29dcdd9707692e156815ad3ee8dc6a45a532e,65944,16486,2,,0.7023626487264949,0.8076817802021524,KDB,0.7901600437936922,generative,0,82430,False,0.0,,0.1494615999999951,1f1b24858479e6f7335ecd101de77529690b444889c82874e98b3f3d8fd06cb0,65944,2,329720,0.5163290337091461,,164860,1.0,False,"repeat=2,fold=2",2e80984a2d1f88f6edb05b7b73b84f517fafdae7c05f4c6a19a1e8be4af3c73f,train,e3eecf29273059508b59d57e99b91baa9d2fe57f2e93be7ba807de55cb12aed4,0d0a8de14c1f96ab3b2185cb53b0f4680716b4032f749f1b10e519dcd9a01c3a,155672.0,394.5529115340552,1.0,0.0
1029,0.0,18,18,0.00027295887419628774,11,0.3740143151765134,2e219c54a929d16f0cc7,256.3420796890185,86.0,0.0,0.0,0,Localization,UCI 196 ConfLongDemo_JSI: tag identifier and x/y/z,"{'extension': 'fewpla-datasets-v1', 'override': None, 'registry': {'group': 'core', 'note': 'Four-feature reconstruction: omit sequence identifier and both timestamps. Paper does not explicitly identify its four columns.', 'paper_shape': [164860, 4, 11], 'source': 'UCI 196 ConfLongDemo_JSI: tag identifier and x/y/z', 'url': 'https://archive.ics.uci.edu/dataset/196/localization+data+for+person+activity'}, 'strict_paper_shape': False}",0,0,0.06551435112465022,1.2497270411258037,82412,2,PRIMARY,65944,4,b080cbc8b67f7d0f7c46dfd0b95ba49bb34a19f426252036a53658a9723d7239,2,13107ec23bf82a6e44b12132abf29dcdd9707692e156815ad3ee8dc6a45a532e,65944,16486,2,,0.6914162110416417,0.8343408057046848,KDB,1.2236357884308102,generative,0,82430,False,0.0,,0.04531909999968775,38d033f70a765730a36a3e0d096ffe6e9cc55cc106bb4063d49da867661d7a6a,65944,2,82430,0.5830173083386397,,164860,1.0,False,"repeat=2,fold=2",2e80984a2d1f88f6edb05b7b73b84f517fafdae7c05f4c6a19a1e8be4af3c73f,validation,e3eecf29273059508b59d57e99b91baa9d2fe57f2e93be7ba807de55cb12aed4,0d0a8de14c1f96ab3b2185cb53b0f4680716b4032f749f1b10e519dcd9a01c3a,155672.0,394.5529115340552,1.0,0.0
1029,0.0,80,80,0.00024263011039670022,11,0.3712725949290307,2e219c54a929d16f0cc7,256.3420796890185,86.0,0.0,0.0,0,Localization,UCI 196 ConfLongDemo_JSI: tag identifier and x/y/z,"{'extension': 'fewpla-datasets-v1', 'override': None, 'registry': {'group': 'core', 'note': 'Four-feature reconstruction: omit sequence identifier and both timestamps. Paper does not explicitly identify its four columns.', 'paper_shape': [164860, 4, 11], 'source': 'UCI 196 ConfLongDemo_JSI: tag identifier and x/y/z', 'url': 'https://archive.ics.uci.edu/dataset/196/localization+data+for+person+activity'}, 'strict_paper_shape': False}",0,0,0.0629773460824503,1.2497573698896034,412070,2,PRIMARY,329720,4,b080cbc8b67f7d0f7c46dfd0b95ba49bb34a19f426252036a53658a9723d7239,2,13107ec23bf82a6e44b12132abf29dcdd9707692e156815ad3ee8dc6a45a532e,65944,16486,2,,0.6917047511534197,0.8367796004994823,KDB,1.221658367970319,generative,0,82430,False,0.0,,0.21950850000030186,f0627948091fbd9acc371587fc2b22dd5b150b77ad4cbfe0ecf4ce57b049542a,65944,2,412150,0.581595868020952,,164860,1.0,False,"repeat=2,fold=2",2e80984a2d1f88f6edb05b7b73b84f517fafdae7c05f4c6a19a1e8be4af3c73f,test,e3eecf29273059508b59d57e99b91baa9d2fe57f2e93be7ba807de55cb12aed4,0d0a8de14c1f96ab3b2185cb53b0f4680716b4032f749f1b10e519dcd9a01c3a,155672.0,394.5529115340552,1.0,0.0
6108,0.0,0,0,0.0,11,0.26399672449350964,2e219c54a929d16f0cc7,43.18533071381794,5.0,0.0,0.0,0,Localization,UCI 196 ConfLongDemo_JSI: tag identifier and x/y/z,"{'extension': 'fewpla-datasets-v1', 'override': None, 'registry': {'group': 'core', 'note': 'Four-feature reconstruction: omit sequence identifier and both timestamps. Paper does not explicitly identify its four columns.', 'paper_shape': [164860, 4, 11], 'source': 'UCI 196 ConfLongDemo_JSI: tag identifier and x/y/z', 'url': 'https://archive.ics.uci.edu/dataset/196/localization+data+for+person+activity'}, 'strict_paper_shape': False}",0,0,0.00618433313414753,1.5,395664,3,PRIMARY,263776,4,b080cbc8b67f7d0f7c46dfd0b95ba49bb34a19f426252036a53658a9723d7239,2,b7d52da61a58029b8308cbd1447769ed3e9e68c698a5a464db35481cdc83b83f,65944,16486,3,,0.7315873748823515,0.7319671190907743,KDB,0.6809240415870659,generative,0,82430,False,0.0,,0.13785749999988184,9ee02d7627db56c588d0a95353135328735ec143a8dbd230e1f02e3717a53816,65944,2,395664,0.4791866724398088,,164860,1.0,False,"repeat=2,fold=2",3ed21bdaccfb2e8924ce3b8bf8aed9d50e78725c73fd3c8341cab0b0ecb966e6,train,e3eecf29273059508b59d57e99b91baa9d2fe57f2e93be7ba807de55cb12aed4,0d0a8de14c1f96ab3b2185cb53b0f4680716b4032f749f1b10e519dcd9a01c3a,490886.0,700.6325713239429,1.0,0.0
6108,0.0,323,323,0.0048980953536333855,11,0.3652796312022322,2e219c54a929d16f0cc7,43.18533071381794,5.0,0.0,0.0,0,Localization,UCI 196 ConfLongDemo_JSI: tag identifier and x/y/z,"{'extension': 'fewpla-datasets-v1', 'override': None, 'registry': {'group': 'core', 'note': 'Four-feature reconstruction: omit sequence identifier and both timestamps. Paper does not explicitly identify its four columns.', 'paper_shape': [164860, 4, 11], 'source': 'UCI 196 ConfLongDemo_JSI: tag identifier and x/y/z', 'url': 'https://archive.ics.uci.edu/dataset/196/localization+data+for+person+activity'}, 'strict_paper_shape': False}",0,0,0.08003846578730518,1.4949654252092686,98584,3,PRIMARY,65944,4,b080cbc8b67f7d0f7c46dfd0b95ba49bb34a19f426252036a53658a9723d7239,2,b7d52da61a58029b8308cbd1447769ed3e9e68c698a5a464db35481cdc83b83f,65944,16486,3,,0.7147588345850732,0.7735648433642892,KDB,1.2502310132572432,generative,0,82430,False,0.0,,0.04253629999948316,ae3f4d34504fc218add10eb9ed0848d27f408cb5733d0faf006784699e868dcd,65944,2,98916,0.5757147367202147,,164860,1.0,False,"repeat=2,fold=2",3ed21bdaccfb2e8924ce3b8bf8aed9d50e78725c73fd3c8341cab0b0ecb966e6,validation,e3eecf29273059508b59d57e99b91baa9d2fe57f2e93be7ba807de55cb12aed4,0d0a8de14c1f96ab3b2185cb53b0f4680716b4032f749f1b10e519dcd9a01c3a,490886.0,700.6325713239429,1.0,0.0
6108,0.0,1694,1694,0.0051376925876501275,11,0.36450321484896275,2e219c54a929d16f0cc7,43.18533071381794,5.0,0.0,0.0,0,Localization,UCI 196 ConfLongDemo_JSI: tag identifier and x/y/z,"{'extension': 'fewpla-datasets-v1', 'override': None, 'registry': {'group': 'core', 'note': 'Four-feature reconstruction: omit sequence identifier and both timestamps. Paper does not explicitly identify its four columns.', 'paper_shape': [164860, 4, 11], 'source': 'UCI 196 ConfLongDemo_JSI: tag identifier and x/y/z', 'url': 'https://archive.ics.uci.edu/dataset/196/localization+data+for+person+activity'}, 'strict_paper_shape': False}",0,0,0.08012443959421954,1.4947409923571515,492846,3,PRIMARY,329720,4,b080cbc8b67f7d0f7c46dfd0b95ba49bb34a19f426252036a53658a9723d7239,2,b7d52da61a58029b8308cbd1447769ed3e9e68c698a5a464db35481cdc83b83f,65944,16486,3,,0.7156212247452567,0.7752717631484579,KDB,1.256167642470369,generative,0,82430,False,0.0,,0.20315000000118744,f48dad85fb625d2600e4a9f99abb1e0f1401ea16c12041efb12f465292e6e84a,65944,2,494580,0.5759794702168883,,164860,1.0,False,"repeat=2,fold=2",3ed21bdaccfb2e8924ce3b8bf8aed9d50e78725c73fd3c8341cab0b0ecb966e6,test,e3eecf29273059508b59d57e99b91baa9d2fe57f2e93be7ba807de55cb12aed4,0d0a8de14c1f96ab3b2185cb53b0f4680716b4032f749f1b10e519dcd9a01c3a,490886.0,700.6325713239429,1.0,0.0
6108,0.0,0,0,0.0,11,0.26399672449350964,2e219c54a929d16f0cc7,43.18533071381794,5.0,0.0,0.0,0,Localization,UCI 196 ConfLongDemo_JSI: tag identifier and x/y/z,"{'extension': 'fewpla-datasets-v1', 'override': None, 'registry': {'group': 'core', 'note': 'Four-feature reconstruction: omit sequence identifier and both timestamps. Paper does not explicitly identify its four columns.', 'paper_shape': [164860, 4, 11], 'source': 'UCI 196 ConfLongDemo_JSI: tag identifier and x/y/z', 'url': 'https://archive.ics.uci.edu/dataset/196/localization+data+for+person+activity'}, 'strict_paper_shape': False}",0,0,0.00618433313414753,1.5,395664,3,PRIMARY,263776,4,b080cbc8b67f7d0f7c46dfd0b95ba49bb34a19f426252036a53658a9723d7239,2,b7d52da61a58029b8308cbd1447769ed3e9e68c698a5a464db35481cdc83b83f,65944,16486,4,,0.7315873748823515,0.7319671190907743,KDB,0.6809240415870659,generative,0,82430,False,0.0,,0.15931239999918034,9ee02d7627db56c588d0a95353135328735ec143a8dbd230e1f02e3717a53816,65944,2,395664,0.4791866724398088,,164860,1.0,True,"repeat=2,fold=2",3ed21bdaccfb2e8924ce3b8bf8aed9d50e78725c73fd3c8341cab0b0ecb966e6,train,e3eecf29273059508b59d57e99b91baa9d2fe57f2e93be7ba807de55cb12aed4,0d0a8de14c1f96ab3b2185cb53b0f4680716b4032f749f1b10e519dcd9a01c3a,490886.0,700.6325713239429,1.0,0.0
6108,0.0,323,323,0.0048980953536333855,11,0.3652796312022322,2e219c54a929d16f0cc7,43.18533071381794,5.0,0.0,0.0,0,Localization,UCI 196 ConfLongDemo_JSI: tag identifier and x/y/z,"{'extension': 'fewpla-datasets-v1', 'override': None, 'registry': {'group': 'core', 'note': 'Four-feature reconstruction: omit sequence identifier and both timestamps. Paper does not explicitly identify its four columns.', 'paper_shape': [164860, 4, 11], 'source': 'UCI 196 ConfLongDemo_JSI: tag identifier and x/y/z', 'url': 'https://archive.ics.uci.edu/dataset/196/localization+data+for+person+activity'}, 'strict_paper_shape': False}",0,0,0.08003846578730518,1.4949654252092686,98584,3,PRIMARY,65944,4,b080cbc8b67f7d0f7c46dfd0b95ba49bb34a19f426252036a53658a9723d7239,2,b7d52da61a58029b8308cbd1447769ed3e9e68c698a5a464db35481cdc83b83f,65944,16486,4,,0.7147588345850732,0.7735648433642892,KDB,1.2502310132572432,generative,0,82430,False,0.0,,0.03741739999895799,ae3f4d34504fc218add10eb9ed0848d27f408cb5733d0faf006784699e868dcd,65944,2,98916,0.5757147367202147,,164860,1.0,True,"repeat=2,fold=2",3ed21bdaccfb2e8924ce3b8bf8aed9d50e78725c73fd3c8341cab0b0ecb966e6,validation,e3eecf29273059508b59d57e99b91baa9d2fe57f2e93be7ba807de55cb12aed4,0d0a8de14c1f96ab3b2185cb53b0f4680716b4032f749f1b10e519dcd9a01c3a,490886.0,700.6325713239429,1.0,0.0
6108,0.0,1694,1694,0.0051376925876501275,11,0.36450321484896275,2e219c54a929d16f0cc7,43.18533071381794,5.0,0.0,0.0,0,Localization,UCI 196 ConfLongDemo_JSI: tag identifier and x/y/z,"{'extension': 'fewpla-datasets-v1', 'override': None, 'registry': {'group': 'core', 'note': 'Four-feature reconstruction: omit sequence identifier and both timestamps. Paper does not explicitly identify its four columns.', 'paper_shape': [164860, 4, 11], 'source': 'UCI 196 ConfLongDemo_JSI: tag identifier and x/y/z', 'url': 'https://archive.ics.uci.edu/dataset/196/localization+data+for+person+activity'}, 'strict_paper_shape': False}",0,0,0.08012443959421954,1.4947409923571515,492846,3,PRIMARY,329720,4,b080cbc8b67f7d0f7c46dfd0b95ba49bb34a19f426252036a53658a9723d7239,2,b7d52da61a58029b8308cbd1447769ed3e9e68c698a5a464db35481cdc83b83f,65944,16486,4,,0.7156212247452567,0.7752717631484579,KDB,1.256167642470369,generative,0,82430,False,0.0,,0.21758910000062315,f48dad85fb625d2600e4a9f99abb1e0f1401ea16c12041efb12f465292e6e84a,65944,2,494580,0.5759794702168883,,164860,1.0,True,"repeat=2,fold=2",3ed21bdaccfb2e8924ce3b8bf8aed9d50e78725c73fd3c8341cab0b0ecb966e6,test,e3eecf29273059508b59d57e99b91baa9d2fe57f2e93be7ba807de55cb12aed4,0d0a8de14c1f96ab3b2185cb53b0f4680716b4032f749f1b10e519dcd9a01c3a,490886.0,700.6325713239429,1.0,0.0
6108,0.0,0,0,0.0,11,0.26399672449350964,2e219c54a929d16f0cc7,43.18533071381794,5.0,0.0,0.0,0,Localization,UCI 196 ConfLongDemo_JSI: tag identifier and x/y/z,"{'extension': 'fewpla-datasets-v1', 'override': None, 'registry': {'group': 'core', 'note': 'Four-feature reconstruction: omit sequence identifier and both timestamps. Paper does not explicitly identify its four columns.', 'paper_shape': [164860, 4, 11], 'source': 'UCI 196 ConfLongDemo_JSI: tag identifier and x/y/z', 'url': 'https://archive.ics.uci.edu/dataset/196/localization+data+for+person+activity'}, 'strict_paper_shape': False}",0,0,0.00618433313414753,1.5,395664,3,PRIMARY,263776,4,b080cbc8b67f7d0f7c46dfd0b95ba49bb34a19f426252036a53658a9723d7239,2,b7d52da61a58029b8308cbd1447769ed3e9e68c698a5a464db35481cdc83b83f,65944,16486,5,,0.7315873748823515,0.7319671190907743,KDB,0.6809240415870659,generative,0,82430,False,0.0,,0.13267979999909585,9ee02d7627db56c588d0a95353135328735ec143a8dbd230e1f02e3717a53816,65944,2,395664,0.4791866724398088,,164860,1.0,True,"repeat=2,fold=2",3ed21bdaccfb2e8924ce3b8bf8aed9d50e78725c73fd3c8341cab0b0ecb966e6,train,e3eecf29273059508b59d57e99b91baa9d2fe57f2e93be7ba807de55cb12aed4,0d0a8de14c1f96ab3b2185cb53b0f4680716b4032f749f1b10e519dcd9a01c3a,490886.0,700.6325713239429,1.0,0.0
6108,0.0,323,323,0.0048980953536333855,11,0.3652796312022322,2e219c54a929d16f0cc7,43.18533071381794,5.0,0.0,0.0,0,Localization,UCI 196 ConfLongDemo_JSI: tag identifier and x/y/z,"{'extension': 'fewpla-datasets-v1', 'override': None, 'registry': {'group': 'core', 'note': 'Four-feature reconstruction: omit sequence identifier and both timestamps. Paper does not explicitly identify its four columns.', 'paper_shape': [164860, 4, 11], 'source': 'UCI 196 ConfLongDemo_JSI: tag identifier and x/y/z', 'url': 'https://archive.ics.uci.edu/dataset/196/localization+data+for+person+activity'}, 'strict_paper_shape': False}",0,0,0.08003846578730518,1.4949654252092686,98584,3,PRIMARY,65944,4,b080cbc8b67f7d0f7c46dfd0b95ba49bb34a19f426252036a53658a9723d7239,2,b7d52da61a58029b8308cbd1447769ed3e9e68c698a5a464db35481cdc83b83f,65944,16486,5,,0.7147588345850732,0.7735648433642892,KDB,1.2502310132572432,generative,0,82430,False,0.0,,0.04323590000058175,ae3f4d34504fc218add10eb9ed0848d27f408cb5733d0faf006784699e868dcd,65944,2,98916,0.5757147367202147,,164860,1.0,True,"repeat=2,fold=2",3ed21bdaccfb2e8924ce3b8bf8aed9d50e78725c73fd3c8341cab0b0ecb966e6,validation,e3eecf29273059508b59d57e99b91baa9d2fe57f2e93be7ba807de55cb12aed4,0d0a8de14c1f96ab3b2185cb53b0f4680716b4032f749f1b10e519dcd9a01c3a,490886.0,700.6325713239429,1.0,0.0
6108,0.0,1694,1694,0.0051376925876501275,11,0.36450321484896275,2e219c54a929d16f0cc7,43.18533071381794,5.0,0.0,0.0,0,Localization,UCI 196 ConfLongDemo_JSI: tag identifier and x/y/z,"{'extension': 'fewpla-datasets-v1', 'override': None, 'registry': {'group': 'core', 'note': 'Four-feature reconstruction: omit sequence identifier and both timestamps. Paper does not explicitly identify its four columns.', 'paper_shape': [164860, 4, 11], 'source': 'UCI 196 ConfLongDemo_JSI: tag identifier and x/y/z', 'url': 'https://archive.ics.uci.edu/dataset/196/localization+data+for+person+activity'}, 'strict_paper_shape': False}",0,0,0.08012443959421954,1.4947409923571515,492846,3,PRIMARY,329720,4,b080cbc8b67f7d0f7c46dfd0b95ba49bb34a19f426252036a53658a9723d7239,2,b7d52da61a58029b8308cbd1447769ed3e9e68c698a5a464db35481cdc83b83f,65944,16486,5,,0.7156212247452567,0.7752717631484579,KDB,1.256167642470369,generative,0,82430,False,0.0,,0.19415549999939685,f48dad85fb625d2600e4a9f99abb1e0f1401ea16c12041efb12f465292e6e84a,65944,2,494580,0.5759794702168883,,164860,1.0,True,"repeat=2,fold=2",3ed21bdaccfb2e8924ce3b8bf8aed9d50e78725c73fd3c8341cab0b0ecb966e6,test,e3eecf29273059508b59d57e99b91baa9d2fe57f2e93be7ba807de55cb12aed4,0d0a8de14c1f96ab3b2185cb53b0f4680716b4032f749f1b10e519dcd9a01c3a,490886.0,700.6325713239429,1.0,0.0
10,0.0,0,0,0.0,10,0.5774699759026741,2e219c54a929d16f0cc7,410004.0,410004.0,0.0,0.0,0,PokerHand,"UCI 158, complete training + test partitions","{'extension': 'fewpla-datasets-v1', 'override': None, 'registry': {'group': 'core', 'note': 'UCI has 1,025,010 rows; paper Table 1 says 164,860. No undocumented truncation.', 'paper_shape': [164860, 10, 10], 'source': 'UCI 158, complete training + test partitions', 'url': 'https://archive.ics.uci.edu/dataset/158/poker+hand'}, 'strict_paper_shape': False}",0,0,0.07870783852384323,0.0,0,0,PRIMARY,4100040,10,d646df8bc0adbd736d719cf1356db209e0912b0ce14b96873bc2174660d8cb4f,1,c108c56e88c57856641c9e638b949171046e62b8d3578a448b0314356937d57f,410004,102501,0,,0.5012378626211694,0.9795624740127529,KDB,1.1247216994873126,generative,0,512505,False,0.0,,1.3004077999994479,e90f084cc96d6c05068c4cb79a223316878eda0b013b9fee0e836ad53e8ab66d,410004,1,0,0.5889693659866039,,1025010,1.0,False,"repeat=1,fold=1",b0d72a05652bf9d9c096a097d2ee2813f41ebd80dc885a59321fbd2098498c68,train,eb1966668a75ac2ab1e82a9df787fd494a76f8567549c17d169731600fd3df2f,9bb296250645169915a01ad2d0044dc308e00f52bc913fde58af8c302f434ae8,1060.0,32.55764119219941,1.0,0.0
10,0.0,0,0,0.0,10,0.577467536902079,2e219c54a929d16f0cc7,410004.0,410004.0,0.0,0.0,0,PokerHand,"UCI 158, complete training + test partitions","{'extension': 'fewpla-datasets-v1', 'override': None, 'registry': {'group': 'core', 'note': 'UCI has 1,025,010 rows; paper Table 1 says 164,860. No undocumented truncation.', 'paper_shape': [164860, 10, 10], 'source': 'UCI 158, complete training + test partitions', 'url': 'https://archive.ics.uci.edu/dataset/158/poker+hand'}, 'strict_paper_shape': False}",0,0,0.07870723841262929,0.0,0,0,PRIMARY,1025010,10,d646df8bc0adbd736d719cf1356db209e0912b0ce14b96873bc2174660d8cb4f,1,c108c56e88c57856641c9e638b949171046e62b8d3578a448b0314356937d57f,410004,102501,0,,0.5012397015105503,0.9795208239817909,KDB,1.1262124530594504,generative,0,512505,False,0.0,,0.3043166999996174,9fd043861d1402a9fdab9754149904442ce52d377bed5a2090bf86246a9df215,410004,1,0,0.5889347749289289,,1025010,1.0,False,"repeat=1,fold=1",b0d72a05652bf9d9c096a097d2ee2813f41ebd80dc885a59321fbd2098498c68,validation,eb1966668a75ac2ab1e82a9df787fd494a76f8567549c17d169731600fd3df2f,9bb296250645169915a01ad2d0044dc308e00f52bc913fde58af8c302f434ae8,1060.0,32.55764119219941,1.0,0.0
10,0.0,0,0,0.0,10,0.5774714393030312,2e219c54a929d16f0cc7,410004.0,410004.0,0.0,0.0,0,PokerHand,"UCI 158, complete training + test partitions","{'extension': 'fewpla-datasets-v1', 'override': None, 'registry': {'group': 'core', 'note': 'UCI has 1,025,010 rows; paper Table 1 says 164,860. No undocumented truncation.', 'paper_shape': [164860, 10, 10], 'source': 'UCI 158, complete training + test partitions', 'url': 'https://archive.ics.uci.edu/dataset/158/poker+hand'}, 'strict_paper_shape': False}",0,0,0.07871927261621736,0.0,0,0,PRIMARY,5125050,10,d646df8bc0adbd736d719cf1356db209e0912b0ce14b96873bc2174660d8cb4f,1,c108c56e88c57856641c9e638b949171046e62b8d3578a448b0314356937d57f,410004,102501,0,,0.5012478333131861,0.9795538990823924,KDB,1.1255728382566061,generative,0,512505,False,0.0,,1.5333164999992732,c6e8530fcdad542b833d24e8ee807e2658f4c58af8d74c2b1b902e7949963494,410004,1,0,0.5889050190763433,,1025010,1.0,False,"repeat=1,fold=1",b0d72a05652bf9d9c096a097d2ee2813f41ebd80dc885a59321fbd2098498c68,test,eb1966668a75ac2ab1e82a9df787fd494a76f8567549c17d169731600fd3df2f,9bb296250645169915a01ad2d0044dc308e00f52bc913fde58af8c302f434ae8,1060.0,32.55764119219941,1.0,0.0
82,0.0,0,0,0.0,10,0.7451512668169091,2e219c54a929d16f0cc7,50000.48780487805,31590.0,0.0,0.0,0,PokerHand,"UCI 158, complete training + test partitions","{'extension': 'fewpla-datasets-v1', 'override': None, 'registry': {'group': 'core', 'note': 'UCI has 1,025,010 rows; paper Table 1 says 164,860. No undocumented truncation.', 'paper_shape': [164860, 10, 10], 'source': 'UCI 158, complete training + test partitions', 'url': 'https://archive.ics.uci.edu/dataset/158/poker+hand'}, 'strict_paper_shape': False}",0,0,0.4048693760042057,0.9,3690036,1,PRIMARY,4100040,10,d646df8bc0adbd736d719cf1356db209e0912b0ce14b96873bc2174660d8cb4f,1,105167745c44aa18bed71e3daa3ce7babed0a6a86321329111cf710ae1b2a26e,410004,102501,1,,0.6597181091872969,0.7605703345388473,KDB,3.110647281606556,generative,0,512505,False,0.0,,1.5213927000004333,4fd85a1554f7853886800aa21328ebfa07f0fc6ec2c6826fc4a128a815cc2171,410004,1,3690036,0.7023490875709372,,1025010,1.0,False,"repeat=1,fold=1",a79e795b21cfe77e5e6bdd4405fd69a14b5daebda70762b070a79678b2d41d47,train,eb1966668a75ac2ab1e82a9df787fd494a76f8567549c17d169731600fd3df2f,9bb296250645169915a01ad2d0044dc308e00f52bc913fde58af8c302f434ae8,9700.0,98.48857801796105,1.0,0.0
82,0.0,0,0,0.0,10,0.746597594169813,2e219c54a929d16f0cc7,50000.48780487805,31590.0,0.0,0.0,0,PokerHand,"UCI 158, complete training + test partitions","{'extension': 'fewpla-datasets-v1', 'override': None, 'registry': {'group': 'core', 'note': 'UCI has 1,025,010 rows; paper Table 1 says 164,860. No undocumented truncation.', 'paper_shape': [164860, 10, 10], 'source': 'UCI 158, complete training + test partitions', 'url': 'https://archive.ics.uci.edu/dataset/158/poker+hand'}, 'strict_paper_shape': False}",0,0,0.40644671541872135,0.9,922509,1,PRIMARY,1025010,10,d646df8bc0adbd736d719cf1356db209e0912b0ce14b96873bc2174660d8cb4f,1,105167745c44aa18bed71e3daa3ce7babed0a6a86321329111cf710ae1b2a26e,410004,102501,1,,0.6598491212489084,0.7602923816745587,KDB,3.1190439933933733,generative,0,512505,False,0.0,,0.33911580000130925,470fbc1858019a2202d6c608b3538995f5936ba1d9ac787b50703fda49ee6789,410004,1,922509,0.702806110345448,,1025010,1.0,False,"repeat=1,fold=1",a79e795b21cfe77e5e6bdd4405fd69a14b5daebda70762b070a79678b2d41d47,validation,eb1966668a75ac2ab1e82a9df787fd494a76f8567549c17d169731600fd3df2f,9bb296250645169915a01ad2d0044dc308e00f52bc913fde58af8c302f434ae8,9700.0,98.48857801796105,1.0,0.0
82,0.0,0,0,0.0,10,0.7461956468717378,2e219c54a929d16f0cc7,50000.48780487805,31590.0,0.0,0.0,0,PokerHand,"UCI 158, complete training + test partitions","{'extension': 'fewpla-datasets-v1', 'override': None, 'registry': {'group': 'core', 'note': 'UCI has 1,025,010 rows; paper Table 1 says 164,860. No undocumented truncation.', 'paper_shape': [164860, 10, 10], 'source': 'UCI 158, complete training + test partitions', 'url': 'https://archive.ics.uci.edu/dataset/158/poker+hand'}, 'strict_paper_shape': False}",0,0,0.40597961662480514,0.9,4612545,1,PRIMARY,5125050,10,d646df8bc0adbd736d719cf1356db209e0912b0ce14b96873bc2174660d8cb4f,1,105167745c44aa18bed71e3daa3ce7babed0a6a86321329111cf710ae1b2a26e,410004,102501,1,,0.6597839697530673,0.7603365882918482,KDB,3.122266626064856,generative,0,512505,False,0.0,,1.787534400000368,7215eda48af6f00bb7bdd939a8e3e04b0fda78920375143589974cff358389f7,410004,1,4612545,0.702604695497246,,1025010,1.0,False,"repeat=1,fold=1",a79e795b21cfe77e5e6bdd4405fd69a14b5daebda70762b070a79678b2d41d47,test,eb1966668a75ac2ab1e82a9df787fd494a76f8567549c17d169731600fd3df2f,9bb296250645169915a01ad2d0044dc308e00f52bc913fde58af8c302f434ae8,9700.0,98.48857801796105,1.0,0.0
790,0.0,0,0,0.0,10,0.8643842499097569,2e219c54a929d16f0cc7,5189.9240506329115,2481.0,0.0,0.0,0,PokerHand,"UCI 158, complete training + test partitions","{'extension': 'fewpla-datasets-v1', 'override': None, 'registry': {'group': 'core', 'note': 'UCI has 1,025,010 rows; paper Table 1 says 164,860. No undocumented truncation.', 'paper_shape': [164860, 10, 10], 'source': 'UCI 158, complete training + test partitions', 'url': 'https://archive.ics.uci.edu/dataset/158/poker+hand'}, 'strict_paper_shape': False}",0,0,0.6389847497692352,1.7,6970068,2,PRIMARY,4100040,10,d646df8bc0adbd736d719cf1356db209e0912b0ce14b96873bc2174660d8cb4f,1,19ba136acba0fd32193aaac22bf96bd2d478c348fd014f104294127bfed93d6f,410004,102501,2,,0.7746004998594785,0.5551963572470019,KDB,3.6218901678383517,generative,0,512505,False,0.0,,1.4209469000015815,700a01cf59df7495fa933b8db2c3c4052541e74545198b03f7da7cb16f57e396,410004,1,6970068,0.8056275881659906,,1025010,1.0,False,"repeat=1,fold=1",a8095acc6f84523c726c02a4adf1f4cdf539b94f2dc2746f613e8d9a9f3f7176,train,eb1966668a75ac2ab1e82a9df787fd494a76f8567549c17d169731600fd3df2f,9bb296250645169915a01ad2d0044dc308e00f52bc913fde58af8c302f434ae8,94300.0,307.08305065568175,1.0,0.0
790,0.0,0,0,0.0,10,0.8660500873162214,2e219c54a929d16f0cc7,5189.9240506329115,2481.0,0.0,0.0,0,PokerHand,"UCI 158, complete training + test partitions","{'extension': 'fewpla-datasets-v1', 'override': None, 'registry': {'group': 'core', 'note': 'UCI has 1,025,010 rows; paper Table 1 says 164,860. No undocumented truncation.', 'paper_shape': [164860, 10, 10], 'source': 'UCI 158, complete training + test partitions', 'url': 'https://archive.ics.uci.edu/dataset/158/poker+hand'}, 'strict_paper_shape': False}",0,0,0.6402299572867886,1.7,1742517,2,PRIMARY,1025010,10,d646df8bc0adbd736d719cf1356db209e0912b0ce14b96873bc2174660d8cb4f,1,19ba136acba0fd32193aaac22bf96bd2d478c348fd014f104294127bfed93d6f,410004,102501,2,,0.774179869970567,0.5563667182449075,KDB,3.6243352749880837,generative,0,512505,False,0.0,,0.4196695999999065,2b8ceead5e78760702abd7cfdd7c35bae44dcf8b6c0567de88ce81a243bb369a,410004,1,1742517,0.804951977716671,,1025010,1.0,False,"repeat=1,fold=1",a8095acc6f84523c726c02a4adf1f4cdf539b94f2dc2746f613e8d9a9f3f7176,validation,eb1966668a75ac2ab1e82a9df787fd494a76f8567549c17d169731600fd3df2f,9bb296250645169915a01ad2d0044dc308e00f52bc913fde58af8c302f434ae8,94300.0,307.08305065568175,1.0,0.0
790,0.0,0,0,0.0,10,0.8671427595828334,2e219c54a929d16f0cc7,5189.9240506329115,2481.0,0.0,0.0,0,PokerHand,"UCI 158, complete training + test partitions","{'extension': 'fewpla-datasets-v1', 'override': None, 'registry': {'group': 'core', 'note': 'UCI has 1,025,010 rows; paper Table 1 says 164,860. No undocumented truncation.', 'paper_shape': [164860, 10, 10], 'source': 'UCI 158, complete training + test partitions', 'url': 'https://archive.ics.uci.edu/dataset/158/poker+hand'}, 'strict_paper_shape': False}",0,0,0.6411968310520841,1.7,8712585,2,PRIMARY,5125050,10,d646df8bc0adbd736d719cf1356db209e0912b0ce14b96873bc2174660d8cb4f,1,19ba136acba0fd32193aaac22bf96bd2d478c348fd014f104294127bfed93d6f,410004,102501,2,,0.7740540714692509,0.5565854866104005,KDB,3.632145649148121,generative,0,512505,False,0.0,,1.7889838999999483,71232074dd33deaf76007539975ac4bb1ea6a6c5adb891acd3845ce3f5fd208b,410004,1,8712585,0.8054164812799076,,1025010,1.0,False,"repeat=1,fold=1",a8095acc6f84523c726c02a4adf1f4cdf539b94f2dc2746f613e8d9a9f3f7176,test,eb1966668a75ac2ab1e82a9df787fd494a76f8567549c17d169731600fd3df2f,9bb296250645169915a01ad2d0044dc308e00f52bc913fde58af8c302f434ae8,94300.0,307.08305065568175,1.0,0.0
7786,0.0,0,0,0.0,10,0.9367811045745895,2e219c54a929d16f0cc7,526.5913177498073,197.0,0.0,0.0,0,PokerHand,"UCI 158, complete training + test partitions","{'extension': 'fewpla-datasets-v1', 'override': None, 'registry': {'group': 'core', 'note': 'UCI has 1,025,010 rows; paper Table 1 says 164,860. No undocumented truncation.', 'paper_shape': [164860, 10, 10], 'source': 'UCI 158, complete training + test partitions', 'url': 'https://archive.ics.uci.edu/dataset/158/poker+hand'}, 'strict_paper_shape': False}",0,0,0.8198865373693502,2.4,9840096,3,PRIMARY,4100040,10,d646df8bc0adbd736d719cf1356db209e0912b0ce14b96873bc2174660d8cb4f,1,86f5802b3f94e2db3322cc7ed0ad015d678dd082204c1509d6646e106358981e,410004,102501,3,,0.8831054327947605,0.3183311019320577,KDB,4.204573476528267,generative,0,512505,False,0.0,,1.8664542000005895,f98b3f40baf3bac92133fc65f3d7766a4340581652294532e6b118b3eb615471,410004,1,9840096,0.8986096249808565,,1025010,1.0,False,"repeat=1,fold=1",90c03cfb304453b3ff6a3ded16b06892a53ff89cf0f3de3bc51db480c3a829ac,train,eb1966668a75ac2ab1e82a9df787fd494a76f8567549c17d169731600fd3df2f,9bb296250645169915a01ad2d0044dc308e00f52bc913fde58af8c302f434ae8,879100.0,937.6033276391461,1.0,0.0
7786,0.0,0,0,0.0,10,0.9347421000770724,2e219c54a929d16f0cc7,526.5913177498073,197.0,0.0,0.0,0,PokerHand,"UCI 158, complete training + test partitions","{'extension': 'fewpla-datasets-v1', 'override': None, 'registry': {'group': 'core', 'note': 'UCI has 1,025,010 rows; paper Table 1 says 164,860. No undocumented truncation.', 'paper_shape': [164860, 10, 10], 'source': 'UCI 158, complete training + test partitions', 'url': 'https://archive.ics.uci.edu/dataset/158/poker+hand'}, 'strict_paper_shape': False}",0,0,0.8004526605612992,2.4,2460024,3,PRIMARY,1025010,10,d646df8bc0adbd736d719cf1356db209e0912b0ce14b96873bc2174660d8cb4f,1,86f5802b3f94e2db3322cc7ed0ad015d678dd082204c1509d6646e106358981e,410004,102501,3,,0.8656938785460355,0.358698820833604,KDB,3.9933626161527696,generative,0,512505,False,0.0,,0.4280436000008194,18326b897675f0af2de3edf3f821fc6e8fcea5824624438f152261e45c961faf,410004,1,2460024,0.8883871045194919,,1025010,1.0,False,"repeat=1,fold=1",90c03cfb304453b3ff6a3ded16b06892a53ff89cf0f3de3bc51db480c3a829ac,validation,eb1966668a75ac2ab1e82a9df787fd494a76f8567549c17d169731600fd3df2f,9bb296250645169915a01ad2d0044dc308e00f52bc913fde58af8c302f434ae8,879100.0,937.6033276391461,1.0,0.0
7786,0.0,0,0,0.0,10,0.9359557467732023,2e219c54a929d16f0cc7,526.5913177498073,197.0,0.0,0.0,0,PokerHand,"UCI 158, complete training + test partitions","{'extension': 'fewpla-datasets-v1', 'override': None, 'registry': {'group': 'core', 'note': 'UCI has 1,025,010 rows; paper Table 1 says 164,860. No undocumented truncation.', 'paper_shape': [164860, 10, 10], 'source': 'UCI 158, complete training + test partitions', 'url': 'https://archive.ics.uci.edu/dataset/158/poker+hand'}, 'strict_paper_shape': False}",0,0,0.8015653301717804,2.4,12300120,3,PRIMARY,5125050,10,d646df8bc0adbd736d719cf1356db209e0912b0ce14b96873bc2174660d8cb4f,1,86f5802b3f94e2db3322cc7ed0ad015d678dd082204c1509d6646e106358981e,410004,102501,3,,0.8656095833985784,0.3588450511161882,KDB,3.9957332372877676,generative,0,512505,False,0.0,,2.001623899999686,0d79fabd57ff821a1a437784de266cfbb830bc497d956c47d5944ee4612bd91b,410004,1,12300120,0.8890127054845891,,1025010,1.0,False,"repeat=1,fold=1",90c03cfb304453b3ff6a3ded16b06892a53ff89cf0f3de3bc51db480c3a829ac,test,eb1966668a75ac2ab1e82a9df787fd494a76f8567549c17d169731600fd3df2f,9bb296250645169915a01ad2d0044dc308e00f52bc913fde58af8c302f434ae8,879100.0,937.6033276391461,1.0,0.0
72072,0.0,0,0,0.0,10,0.975197802948264,2e219c54a929d16f0cc7,56.88811188811189,16.0,0.0,0.0,0,PokerHand,"UCI 158, complete training + test partitions","{'extension': 'fewpla-datasets-v1', 'override': None, 'registry': {'group': 'core', 'note': 'UCI has 1,025,010 rows; paper Table 1 says 164,860. No undocumented truncation.', 'paper_shape': [164860, 10, 10], 'source': 'UCI 158, complete training + test partitions', 'url': 'https://archive.ics.uci.edu/dataset/158/poker+hand'}, 'strict_paper_shape': False}",0,0,0.952512109043595,3.0,12300120,4,PRIMARY,4100040,10,d646df8bc0adbd736d719cf1356db209e0912b0ce14b96873bc2174660d8cb4f,1,863b2134259578508be829c2f769e7bc470f844a988a761faf4fa68afe63d7f1,410004,102501,4,,0.9773143060953308,0.09939053562426091,KDB,5.850429132355787,generative,0,512505,False,0.0,,1.7039064999989932,a9aaea0cc5da3b1f6ddcb01dca617acd2f1af0349ec738ab796ebcf5d339a45c,410004,1,12300120,0.9714983146209153,,1025010,1.0,False,"repeat=1,fold=1",178436af2cbc3598ec51c7826d20a807fa998528c355076387a9d30588d89471,train,eb1966668a75ac2ab1e82a9df787fd494a76f8567549c17d169731600fd3df2f,9bb296250645169915a01ad2d0044dc308e00f52bc913fde58af8c302f434ae8,7108570.0,2666.1901657608746,1.0,0.0
72072,0.0,11,11,1.0731602618511039e-05,10,0.901239987902557,2e219c54a929d16f0cc7,56.88811188811189,16.0,0.0,0.0,0,PokerHand,"UCI 158, complete training + test partitions","{'extension': 'fewpla-datasets-v1', 'override': None, 'registry': {'group': 'core', 'note': 'UCI has 1,025,010 rows; paper Table 1 says 164,860. No undocumented truncation.', 'paper_shape': [164860, 10, 10], 'source': 'UCI 158, complete training + test partitions', 'url': 'https://archive.ics.uci.edu/dataset/158/poker+hand'}, 'strict_paper_shape': False}",0,0,0.7658119892735196,2.9999892683973814,3075019,4,PRIMARY,1025010,10,d646df8bc0adbd736d719cf1356db209e0912b0ce14b96873bc2174660d8cb4f,1,863b2134259578508be829c2f769e7bc470f844a988a761faf4fa68afe63d7f1,410004,102501,4,,0.8645720013709625,0.3587810927050346,KDB,4.249524677742545,generative,0,512505,False,0.0,,0.481986799999504,1467c91399023bdaf6318a680955974c52c248e36916b6829514ebfc8376a17c,410004,1,3075030,0.900499803300968,,1025010,1.0,False,"repeat=1,fold=1",178436af2cbc3598ec51c7826d20a807fa998528c355076387a9d30588d89471,validation,eb1966668a75ac2ab1e82a9df787fd494a76f8567549c17d169731600fd3df2f,9bb296250645169915a01ad2d0044dc308e00f52bc913fde58af8c302f434ae8,7108570.0,2666.1901657608746,1.0,0.0
72072,0.0,45,45,8.780402142418123e-06,10,0.9014038887425488,2e219c54a929d16f0cc7,56.88811188811189,16.0,0.0,0.0,0,PokerHand,"UCI 158, complete training + test partitions","{'extension': 'fewpla-datasets-v1', 'override': None, 'registry': {'group': 'core', 'note': 'UCI has 1,025,010 rows; paper Table 1 says 164,860. No undocumented truncation.', 'paper_shape': [164860, 10, 10], 'source': 'UCI 158, complete training + test partitions', 'url': 'https://archive.ics.uci.edu/dataset/158/poker+hand'}, 'strict_paper_shape': False}",0,0,0.7665502641577775,2.9999912195978578,15375105,4,PRIMARY,5125050,10,d646df8bc0adbd736d719cf1356db209e0912b0ce14b96873bc2174660d8cb4f,1,863b2134259578508be829c2f769e7bc470f844a988a761faf4fa68afe63d7f1,410004,102501,4,,0.8651463754152283,0.3574419169714523,KDB,4.255945006169537,generative,0,512505,False,0.0,,2.1869169999990845,d9cd5ffdfffddba010833d140e6e7a281850ae63df0d0e0aa9114efcb7526263,410004,1,15375150,0.9010356596539089,,1025010,1.0,False,"repeat=1,fold=1",178436af2cbc3598ec51c7826d20a807fa998528c355076387a9d30588d89471,test,eb1966668a75ac2ab1e82a9df787fd494a76f8567549c17d169731600fd3df2f,9bb296250645169915a01ad2d0044dc308e00f52bc913fde58af8c302f434ae8,7108570.0,2666.1901657608746,1.0,0.0
434419,0.0,0,0,0.0,10,0.9752148759524297,2e219c54a929d16f0cc7,9.437984986844498,2.0,0.0,0.0,0,PokerHand,"UCI 158, complete training + test partitions","{'extension': 'fewpla-datasets-v1', 'override': None, 'registry': {'group': 'core', 'note': 'UCI has 1,025,010 rows; paper Table 1 says 164,860. No undocumented truncation.', 'paper_shape': [164860, 10, 10], 'source': 'UCI 158, complete training + test partitions', 'url': 'https://archive.ics.uci.edu/dataset/158/poker+hand'}, 'strict_paper_shape': False}",0,0,0.9710082716299117,3.5,14350140,5,PRIMARY,4100040,10,d646df8bc0adbd736d719cf1356db209e0912b0ce14b96873bc2174660d8cb4f,1,7da792006bfd00e00d5b2575865aee7d2765fe063eccf22c682f20387b228d76,410004,102501,5,,0.9957933956774819,0.02413440263496154,KDB,7.780424580784689,generative,0,512505,False,0.0,,2.0220028000003367,097c3e36d529315ac86398a66fb85b14fc84039282fd98a1540a2738574ba352,410004,1,14350140,0.9843719447233189,,1025010,1.0,False,"repeat=1,fold=1",703e3d4a72bd89e988fdd2aba5cb21e95c22e969c660e1e2d99350005171b8e1,train,eb1966668a75ac2ab1e82a9df787fd494a76f8567549c17d169731600fd3df2f,9bb296250645169915a01ad2d0044dc308e00f52bc913fde58af8c302f434ae8,28849390.0,5371.1628163741225,1.0,0.0
434419,0.0,36177,36177,0.03529428981180671,10,0.8651232670900771,2e219c54a929d16f0cc7,9.437984986844498,2.0,0.0,0.0,0,PokerHand,"UCI 158, complete training + test partitions","{'extension': 'fewpla-datasets-v1', 'override': None, 'registry': {'group': 'core', 'note': 'UCI has 1,025,010 rows; paper Table 1 says 164,860. No undocumented truncation.', 'paper_shape': [164860, 10, 10], 'source': 'UCI 158, complete training + test partitions', 'url': 'https://archive.ics.uci.edu/dataset/158/poker+hand'}, 'strict_paper_shape': False}",0,0,0.7099650803265325,3.4646979053862887,3551350,5,PRIMARY,1025010,10,d646df8bc0adbd736d719cf1356db209e0912b0ce14b96873bc2174660d8cb4f,1,7da792006bfd00e00d5b2575865aee7d2765fe063eccf22c682f20387b228d76,410004,102501,5,,0.8448418132364552,0.41659887510742805,KDB,4.092683565812645,generative,0,512505,False,0.0,,0.7726309999998193,e929d1f9c93cd733e62764875bc77d7ee15e58082bcac6c4607c336f9fc1d763,410004,1,3587535,0.8791362840588943,,1025010,1.0,False,"repeat=1,fold=1",703e3d4a72bd89e988fdd2aba5cb21e95c22e969c660e1e2d99350005171b8e1,validation,eb1966668a75ac2ab1e82a9df787fd494a76f8567549c17d169731600fd3df2f,9bb296250645169915a01ad2d0044dc308e00f52bc913fde58af8c302f434ae8,28849390.0,5371.1628163741225,1.0,0.0
434419,0.0,180716,180716,0.035261314523760745,10,0.8667330074828539,2e219c54a929d16f0cc7,9.437984986844498,2.0,0.0,0.0,0,PokerHand,"UCI 158, complete training + test partitions","{'extension': 'fewpla-datasets-v1', 'override': None, 'registry': {'group': 'core', 'note': 'UCI has 1,025,010 rows; paper Table 1 says 164,860. No undocumented truncation.', 'paper_shape': [164860, 10, 10], 'source': 'UCI 158, complete training + test partitions', 'url': 'https://archive.ics.uci.edu/dataset/158/poker+hand'}, 'strict_paper_shape': False}",0,0,0.7116821573277479,3.464732246514668,17756926,5,PRIMARY,5125050,10,d646df8bc0adbd736d719cf1356db209e0912b0ce14b96873bc2174660d8cb4f,1,7da792006bfd00e00d5b2575865aee7d2765fe063eccf22c682f20387b228d76,410004,102501,5,,0.8449491498448937,0.41639343304543724,KDB,4.088148109919715,generative,0,512505,False,0.0,,2.429317300000548,ac45e2048423b6b4264686c6c7b0bc55c6726033626a08259357138f8e6e83f9,410004,1,17937675,0.8792655633281153,,1025010,1.0,False,"repeat=1,fold=1",703e3d4a72bd89e988fdd2aba5cb21e95c22e969c660e1e2d99350005171b8e1,test,eb1966668a75ac2ab1e82a9df787fd494a76f8567549c17d169731600fd3df2f,9bb296250645169915a01ad2d0044dc308e00f52bc913fde58af8c302f434ae8,28849390.0,5371.1628163741225,1.0,0.0
10,0.0,0,0,0.0,10,0.49883171871493937,2e219c54a929d16f0cc7,410004.0,410004.0,0.0,0.0,0,PokerHand,"UCI 158, complete training + test partitions","{'extension': 'fewpla-datasets-v1', 'override': None, 'registry': {'group': 'core', 'note': 'UCI has 1,025,010 rows; paper Table 1 says 164,860. No undocumented truncation.', 'paper_shape': [164860, 10, 10], 'source': 'UCI 158, complete training + test partitions', 'url': 'https://archive.ics.uci.edu/dataset/158/poker+hand'}, 'strict_paper_shape': False}",0,0,0.00688172635298288,0.0,0,0,PRIMARY,4100040,10,ddcdb1154a69da6f28ca448ed1fb6877b31564a66daf685b997281f3b416528f,2,439674d4d1ad0231869fdf7c4863f391fa6c8515b73e8511f48ffb5eff2f00ea,410004,102501,0,,0.5012293007119971,0.9800124603452436,KDB,0.980942814433727,generative,0,512505,False,0.0,,1.157768799999758,8c052639424b2e0cb003732790a721662434c45266e69c47b83f0f04668d600a,410004,1,0,0.5799807335780217,,1025010,1.0,False,"repeat=1,fold=2",b0d72a05652bf9d9c096a097d2ee2813f41ebd80dc885a59321fbd2098498c68,train,425f26df0f0f3d3b8abed6f34a15689b77e3b6dc23c628ed62127f33740acb55,fff3f8ac177bd01fb1f3ea68c0c02496fbda9245a489b53fb6f78308290d27c3,1060.0,32.55764119219941,1.0,0.0
10,0.0,0,0,0.0,10,0.49883415771553447,2e219c54a929d16f0cc7,410004.0,410004.0,0.0,0.0,0,PokerHand,"UCI 158, complete training + test partitions","{'extension': 'fewpla-datasets-v1', 'override': None, 'registry': {'group': 'core', 'note': 'UCI has 1,025,010 rows; paper Table 1 says 164,860. No undocumented truncation.', 'paper_shape': [164860, 10, 10], 'source': 'UCI 158, complete training + test partitions', 'url': 'https://archive.ics.uci.edu/dataset/158/poker+hand'}, 'strict_paper_shape': False}",0,0,0.0012434780185391773,0.0,0,0,PRIMARY,1025010,10,ddcdb1154a69da6f28ca448ed1fb6877b31564a66daf685b997281f3b416528f,2,439674d4d1ad0231869fdf7c4863f391fa6c8515b73e8511f48ffb5eff2f00ea,410004,102501,0,,0.5012031251920044,0.9800411249627886,KDB,0.9814951988567407,generative,0,512505,False,0.0,,0.298264899996866,50681fea2a7a01f97eb27898dde31823971b2033a0af31990b17393fcdd14fe9,410004,1,0,0.5800853490521412,,1025010,1.0,False,"repeat=1,fold=2",b0d72a05652bf9d9c096a097d2ee2813f41ebd80dc885a59321fbd2098498c68,validation,425f26df0f0f3d3b8abed6f34a15689b77e3b6dc23c628ed62127f33740acb55,fff3f8ac177bd01fb1f3ea68c0c02496fbda9245a489b53fb6f78308290d27c3,1060.0,32.55764119219941,1.0,0.0
10,0.0,0,0,0.0,10,0.4988322065150584,2e219c54a929d16f0cc7,410004.0,410004.0,0.0,0.0,0,PokerHand,"UCI 158, complete training + test partitions","{'extension': 'fewpla-datasets-v1', 'override': None, 'registry': {'group': 'core', 'note': 'UCI has 1,025,010 rows; paper Table 1 says 164,860. No undocumented truncation.', 'paper_shape': [164860, 10, 10], 'source': 'UCI 158, complete training + test partitions', 'url': 'https://archive.ics.uci.edu/dataset/158/poker+hand'}, 'strict_paper_shape': False}",0,0,0.0022066763079588514,0.0,0,0,PRIMARY,5125050,10,ddcdb1154a69da6f28ca448ed1fb6877b31564a66daf685b997281f3b416528f,2,439674d4d1ad0231869fdf7c4863f391fa6c8515b73e8511f48ffb5eff2f00ea,410004,102501,0,,0.5012419272966759,0.9799856813182486,KDB,0.9819151912937892,generative,0,512505,False,0.0,,1.458591399998113,e284be39dea91cc687184258a1b9ec3548dc485d73a7b633db0086a517e18854,410004,1,0,0.5800733570549491,,1025010,1.0,False,"repeat=1,fold=2",b0d72a05652bf9d9c096a097d2ee2813f41ebd80dc885a59321fbd2098498c68,test,425f26df0f0f3d3b8abed6f34a15689b77e3b6dc23c628ed62127f33740acb55,fff3f8ac177bd01fb1f3ea68c0c02496fbda9245a489b53fb6f78308290d27c3,1060.0,32.55764119219941,1.0,0.0
82,0.0,0,0,0.0,10,0.329021180281168,2e219c54a929d16f0cc7,50000.48780487805,31580.0,0.0,0.0,0,PokerHand,"UCI 158, complete training + test partitions","{'extension': 'fewpla-datasets-v1', 'override': None, 'registry': {'group': 'core', 'note': 'UCI has 1,025,010 rows; paper Table 1 says 164,860. No undocumented truncation.', 'paper_shape': [164860, 10, 10], 'source': 'UCI 158, complete training + test partitions', 'url': 'https://archive.ics.uci.edu/dataset/158/poker+hand'}, 'strict_paper_shape': False}",0,0,0.014998318828127088,0.9,3690036,1,PRIMARY,4100040,10,ddcdb1154a69da6f28ca448ed1fb6877b31564a66daf685b997281f3b416528f,2,334230b99e5cff0da73679b391e1e65171282563063b69be25a476a552bddef3,410004,102501,1,,0.6602311029742003,0.7602358033155205,KDB,0.8046507256759896,generative,0,512505,False,0.0,,1.2769277000006696,961ade670c3959151971b27f1846655a1186b5ca26dfabfe37f4b44f2e6d27d2,410004,1,3690036,0.49876454186319863,,1025010,1.0,False,"repeat=1,fold=2",3bb33d3915a30fce21d3f7e160fbc4070a953cd9625e4c4f450605b4ecb75a9a,train,425f26df0f0f3d3b8abed6f34a15689b77e3b6dc23c628ed62127f33740acb55,fff3f8ac177bd01fb1f3ea68c0c02496fbda9245a489b53fb6f78308290d27c3,9700.0,98.48857801796105,1.0,0.0
82,0.0,0,0,0.0,10,0.3296845884430396,2e219c54a929d16f0cc7,50000.48780487805,31580.0,0.0,0.0,0,PokerHand,"UCI 158, complete training + test partitions","{'extension': 'fewpla-datasets-v1', 'override': None, 'registry': {'group': 'core', 'note': 'UCI has 1,025,010 rows; paper Table 1 says 164,860. No undocumented truncation.', 'paper_shape': [164860, 10, 10], 'source': 'UCI 158, complete training + test partitions', 'url': 'https://archive.ics.uci.edu/dataset/158/poker+hand'}, 'strict_paper_shape': False}",0,0,0.012441064110788215,0.9,922509,1,PRIMARY,1025010,10,ddcdb1154a69da6f28ca448ed1fb6877b31564a66daf685b997281f3b416528f,2,334230b99e5cff0da73679b391e1e65171282563063b69be25a476a552bddef3,410004,102501,1,,0.6601831274938599,0.7602279754480712,KDB,0.809833103275956,generative,0,512505,False,0.0,,0.3529960000014398,5ae21edfa0ba2d443321b7a1e8a46a18e4c135521f3678d5b30d7c1a00de95cf,410004,1,922509,0.5000628975944148,,1025010,1.0,False,"repeat=1,fold=2",3bb33d3915a30fce21d3f7e160fbc4070a953cd9625e4c4f450605b4ecb75a9a,validation,425f26df0f0f3d3b8abed6f34a15689b77e3b6dc23c628ed62127f33740acb55,fff3f8ac177bd01fb1f3ea68c0c02496fbda9245a489b53fb6f78308290d27c3,9700.0,98.48857801796105,1.0,0.0
82,0.0,0,0,0.0,10,0.3293548355625799,2e219c54a929d16f0cc7,50000.48780487805,31580.0,0.0,0.0,0,PokerHand,"UCI 158, complete training + test partitions","{'extension': 'fewpla-datasets-v1', 'override': None, 'registry': {'group': 'core', 'note': 'UCI has 1,025,010 rows; paper Table 1 says 164,860. No undocumented truncation.', 'paper_shape': [164860, 10, 10], 'source': 'UCI 158, complete training + test partitions', 'url': 'https://archive.ics.uci.edu/dataset/158/poker+hand'}, 'strict_paper_shape': False}",0,0,0.012827950189758353,0.9,4612545,1,PRIMARY,5125050,10,ddcdb1154a69da6f28ca448ed1fb6877b31564a66daf685b997281f3b416528f,2,334230b99e5cff0da73679b391e1e65171282563063b69be25a476a552bddef3,410004,102501,1,,0.6602018900355712,0.7602040728101529,KDB,0.811112168447009,generative,0,512505,False,0.0,,1.584586400000262,3896c2265780f3a7ec91e00aa0854d160874d13536d82df02bfebc09e148a3e6,410004,1,4612545,0.5001805450551994,,1025010,1.0,False,"repeat=1,fold=2",3bb33d3915a30fce21d3f7e160fbc4070a953cd9625e4c4f450605b4ecb75a9a,test,425f26df0f0f3d3b8abed6f34a15689b77e3b6dc23c628ed62127f33740acb55,fff3f8ac177bd01fb1f3ea68c0c02496fbda9245a489b53fb6f78308290d27c3,9700.0,98.48857801796105,1.0,0.0
790,0.0,0,0,0.0,10,0.19293958107725778,2e219c54a929d16f0cc7,5189.9240506329115,2480.0,0.0,0.0,0,PokerHand,"UCI 158, complete training + test partitions","{'extension': 'fewpla-datasets-v1', 'override': None, 'registry': {'group': 'core', 'note': 'UCI has 1,025,010 rows; paper Table 1 says 164,860. No undocumented truncation.', 'paper_shape': [164860, 10, 10], 'source': 'UCI 158, complete training + test partitions', 'url': 'https://archive.ics.uci.edu/dataset/158/poker+hand'}, 'strict_paper_shape': False}",0,0,0.06379713001334301,1.7,6970068,2,PRIMARY,4100040,10,ddcdb1154a69da6f28ca448ed1fb6877b31564a66daf685b997281f3b416528f,2,dcd8451e12b27a25661abd4c7d46ecdaff9d893655a424b4b83c26a5cc67c979,410004,102501,2,,0.7712198561395399,0.5572410331778396,KDB,0.5588797958299789,generative,0,512505,False,0.0,,1.2416059000024688,87675b5e3ef294889415e94fda3713420c3c05e62d17f6088246846a0dc5bb36,410004,1,6970068,0.3917834423900328,,1025010,1.0,False,"repeat=1,fold=2",a27c213815d1df1e739f9acf4a052768fc759cddfc87ee89e0ca0c6294f4c117,train,425f26df0f0f3d3b8abed6f34a15689b77e3b6dc23c628ed62127f33740acb55,fff3f8ac177bd01fb1f3ea68c0c02496fbda9245a489b53fb6f78308290d27c3,94300.0,307.08305065568175,1.0,0.0
790,0.0,0,0,0.0,10,0.1944956634569419,2e219c54a929d16f0cc7,5189.9240506329115,2480.0,0.0,0.0,0,PokerHand,"UCI 158, complete training + test partitions","{'extension': 'fewpla-datasets-v1', 'override': None, 'registry': {'group': 'core', 'note': 'UCI has 1,025,010 rows; paper Table 1 says 164,860. No undocumented truncation.', 'paper_shape': [164860, 10, 10], 'source': 'UCI 158, complete training + test partitions', 'url': 'https://archive.ics.uci.edu/dataset/158/poker+hand'}, 'strict_paper_shape': False}",0,0,0.05869637500088532,1.7,1742517,2,PRIMARY,1025010,10,ddcdb1154a69da6f28ca448ed1fb6877b31564a66daf685b997281f3b416528f,2,dcd8451e12b27a25661abd4c7d46ecdaff9d893655a424b4b83c26a5cc67c979,410004,102501,2,,0.7709018908553432,0.5586372374258698,KDB,0.6033526002685895,generative,0,512505,False,0.0,,0.36071829999855254,8bbe2cf249c9aadeca4d9bdcc9b2e195d5c8affd9c839f80b7b90c3671886a8a,410004,1,1742517,0.40286027722604134,,1025010,1.0,False,"repeat=1,fold=2",a27c213815d1df1e739f9acf4a052768fc759cddfc87ee89e0ca0c6294f4c117,validation,425f26df0f0f3d3b8abed6f34a15689b77e3b6dc23c628ed62127f33740acb55,fff3f8ac177bd01fb1f3ea68c0c02496fbda9245a489b53fb6f78308290d27c3,94300.0,307.08305065568175,1.0,0.0
790,0.0,0,0,0.0,10,0.19505760919405665,2e219c54a929d16f0cc7,5189.9240506329115,2480.0,0.0,0.0,0,PokerHand,"UCI 158, complete training + test partitions","{'extension': 'fewpla-datasets-v1', 'override': None, 'registry': {'group': 'core', 'note': 'UCI has 1,025,010 rows; paper Table 1 says 164,860. No undocumented truncation.', 'paper_shape': [164860, 10, 10], 'source': 'UCI 158, complete training + test partitions', 'url': 'https://archive.ics.uci.edu/dataset/158/poker+hand'}, 'strict_paper_shape': False}",0,0,0.05881154591064228,1.7,8712585,2,PRIMARY,5125050,10,ddcdb1154a69da6f28ca448ed1fb6877b31564a66daf685b997281f3b416528f,2,dcd8451e12b27a25661abd4c7d46ecdaff9d893655a424b4b83c26a5cc67c979,410004,102501,2,,0.7709034520198953,0.5587659624308248,KDB,0.6053269442041838,generative,0,512505,False,0.0,,1.636089700001321,74ac252abccca32f25f6261191cb0142be4ab1720f37745580c92fec9e976fe0,410004,1,8712585,0.4034774551362359,,1025010,1.0,False,"repeat=1,fold=2",a27c213815d1df1e739f9acf4a052768fc759cddfc87ee89e0ca0c6294f4c117,test,425f26df0f0f3d3b8abed6f34a15689b77e3b6dc23c628ed62127f33740acb55,fff3f8ac177bd01fb1f3ea68c0c02496fbda9245a489b53fb6f78308290d27c3,94300.0,307.08305065568175,1.0,0.0
7786,0.0,0,0,0.0,10,0.07187490853747769,2e219c54a929d16f0cc7,526.5913177498073,197.0,0.0,0.0,0,PokerHand,"UCI 158, complete training + test partitions","{'extension': 'fewpla-datasets-v1', 'override': None, 'registry': {'group': 'core', 'note': 'UCI has 1,025,010 rows; paper Table 1 says 164,860. No undocumented truncation.', 'paper_shape': [164860, 10, 10], 'source': 'UCI 158, complete training + test partitions', 'url': 'https://archive.ics.uci.edu/dataset/158/poker+hand'}, 'strict_paper_shape': False}",0,0,0.04469045726189595,2.4,9840096,3,PRIMARY,4100040,10,ddcdb1154a69da6f28ca448ed1fb6877b31564a66daf685b997281f3b416528f,2,ab1f14831f527c195bc95ac64ad8d0cdd3b887f10133a71e5d1787b194399603,410004,102501,3,,0.8836813739938796,0.3175914690437107,KDB,0.26714042988025327,generative,0,512505,False,0.0,,1.5465677000029245,9098a8c5d702731a145a8420882c441271c794a56cfc759b8aeb0616c09127e2,410004,1,9840096,0.250627608101162,,1025010,1.0,False,"repeat=1,fold=2",5a8f816d5c26d6b5d02f3fcb726a270d102f8cafc3d3dcc461efc695a17632fd,train,425f26df0f0f3d3b8abed6f34a15689b77e3b6dc23c628ed62127f33740acb55,fff3f8ac177bd01fb1f3ea68c0c02496fbda9245a489b53fb6f78308290d27c3,879100.0,937.6033276391461,1.0,0.0
7786,0.0,0,0,0.0,10,0.0976185598189286,2e219c54a929d16f0cc7,526.5913177498073,197.0,0.0,0.0,0,PokerHand,"UCI 158, complete training + test partitions","{'extension': 'fewpla-datasets-v1', 'override': None, 'registry': {'group': 'core', 'note': 'UCI has 1,025,010 rows; paper Table 1 says 164,860. No undocumented truncation.', 'paper_shape': [164860, 10, 10], 'source': 'UCI 158, complete training + test partitions', 'url': 'https://archive.ics.uci.edu/dataset/158/poker+hand'}, 'strict_paper_shape': False}",0,0,0.05498185126281694,2.4,2460024,3,PRIMARY,1025010,10,ddcdb1154a69da6f28ca448ed1fb6877b31564a66daf685b997281f3b416528f,2,ab1f14831f527c195bc95ac64ad8d0cdd3b887f10133a71e5d1787b194399603,410004,102501,3,,0.8659648652679903,0.3591309529897558,KDB,0.4164245358679069,generative,0,512505,False,0.0,,0.4684540999987803,0eab8559e311edbd3d93326c33c1fbf0222510ed1f97f8b5d15f5e23098975b1,410004,1,2460024,0.30788843189782267,,1025010,1.0,False,"repeat=1,fold=2",5a8f816d5c26d6b5d02f3fcb726a270d102f8cafc3d3dcc461efc695a17632fd,validation,425f26df0f0f3d3b8abed6f34a15689b77e3b6dc23c628ed62127f33740acb55,fff3f8ac177bd01fb1f3ea68c0c02496fbda9245a489b53fb6f78308290d27c3,879100.0,937.6033276391461,1.0,0.0
7786,0.0,0,0,0.0,10,0.09830343118603721,2e219c54a929d16f0cc7,526.5913177498073,197.0,0.0,0.0,0,PokerHand,"UCI 158, complete training + test partitions","{'extension': 'fewpla-datasets-v1', 'override': None, 'registry': {'group': 'core', 'note': 'UCI has 1,025,010 rows; paper Table 1 says 164,860. No undocumented truncation.', 'paper_shape': [164860, 10, 10], 'source': 'UCI 158, complete training + test partitions', 'url': 'https://archive.ics.uci.edu/dataset/158/poker+hand'}, 'strict_paper_shape': False}",0,0,0.05569100695425043,2.4,12300120,3,PRIMARY,5125050,10,ddcdb1154a69da6f28ca448ed1fb6877b31564a66daf685b997281f3b416528f,2,ab1f14831f527c195bc95ac64ad8d0cdd3b887f10133a71e5d1787b194399603,410004,102501,3,,0.8658361678428661,0.3592357450619281,KDB,0.4193234159327847,generative,0,512505,False,0.0,,1.9077677999994194,9141b319c6fe083079576a1e733dbda6a159a4a3e35e1c1f4f144d2b7c5c2ab4,410004,1,12300120,0.30928297732790133,,1025010,1.0,False,"repeat=1,fold=2",5a8f816d5c26d6b5d02f3fcb726a270d102f8cafc3d3dcc461efc695a17632fd,test,425f26df0f0f3d3b8abed6f34a15689b77e3b6dc23c628ed62127f33740acb55,fff3f8ac177bd01fb1f3ea68c0c02496fbda9245a489b53fb6f78308290d27c3,879100.0,937.6033276391461,1.0,0.0
72074,,0,0,0.0,10,0.0034902098516112036,2e219c54a929d16f0cc7,,,,54.3350762,0,PokerHand,"UCI 158, complete training + test partitions","{'extension': 'fewpla-datasets-v1', 'override': None, 'registry': {'group': 'core', 'note': 'UCI has 1,025,010 rows; paper Table 1 says 164,860. No undocumented truncation.', 'paper_shape': [164860, 10, 10], 'source': 'UCI 158, complete training + test partitions', 'url': 'https://archive.ics.uci.edu/dataset/158/poker+hand'}, 'strict_paper_shape': False}",0,0,0.019116223952397524,3.0,12300120,4,PRIMARY,4100040,10,ddcdb1154a69da6f28ca448ed1fb6877b31564a66daf685b997281f3b416528f,2,,410004,102501,4,,0.9773954839116784,0.09898800001478526,KDB,0.07409423677493432,generative,0,512505,False,0.0,,18.483376099999987,cb6c227b2962dd04a7817d2b617b507f781d20f333eb9046b85f4aedeff6db1c,410004,1,12300120,0.0709277809077277,,1025010,1.0,False,"repeat=1,fold=2",3dc636bbad8121e3ff53fc5109d18a8d90234f29928ba122cc5450cd4dbb8c7e,train,425f26df0f0f3d3b8abed6f34a15689b77e3b6dc23c628ed62127f33740acb55,fff3f8ac177bd01fb1f3ea68c0c02496fbda9245a489b53fb6f78308290d27c3,,,,
72074,,11,11,1.0731602618511039e-05,10,0.14715953990692773,2e219c54a929d16f0cc7,,,,54.3350762,0,PokerHand,"UCI 158, complete training + test partitions","{'extension': 'fewpla-datasets-v1', 'override': None, 'registry': {'group': 'core', 'note': 'UCI has 1,025,010 rows; paper Table 1 says 164,860. No undocumented truncation.', 'paper_shape': [164860, 10, 10], 'source': 'UCI 158, complete training + test partitions', 'url': 'https://archive.ics.uci.edu/dataset/158/poker+hand'}, 'strict_paper_shape': False}",0,0,0.01724668635918777,2.9999892683973814,3075019,4,PRIMARY,1025010,10,ddcdb1154a69da6f28ca448ed1fb6877b31564a66daf685b997281f3b416528f,2,,410004,102501,4,,0.8653928783098075,0.3564549480046834,KDB,0.4023264105959954,generative,0,512505,False,0.0,,16.743901100000016,526982f4d6d87f9459a2e34625a3f141b728ed5260862a878dff30b091c816cb,410004,1,3075030,0.3377791712936159,,1025010,1.0,False,"repeat=1,fold=2",3dc636bbad8121e3ff53fc5109d18a8d90234f29928ba122cc5450cd4dbb8c7e,validation,425f26df0f0f3d3b8abed6f34a15689b77e3b6dc23c628ed62127f33740acb55,fff3f8ac177bd01fb1f3ea68c0c02496fbda9245a489b53fb6f78308290d27c3,,,,
72074,,36,36,7.0243217139344985e-06,10,0.14818587135735262,2e219c54a929d16f0cc7,,,,54.3350762,0,PokerHand,"UCI 158, complete training + test partitions","{'extension': 'fewpla-datasets-v1', 'override': None, 'registry': {'group': 'core', 'note': 'UCI has 1,025,010 rows; paper Table 1 says 164,860. No undocumented truncation.', 'paper_shape': [164860, 10, 10], 'source': 'UCI 158, complete training + test partitions', 'url': 'https://archive.ics.uci.edu/dataset/158/poker+hand'}, 'strict_paper_shape': False}",0,0,0.017593004989174904,2.999992975678286,15375114,4,PRIMARY,5125050,10,ddcdb1154a69da6f28ca448ed1fb6877b31564a66daf685b997281f3b416528f,2,,410004,102501,4,,0.8653527415846742,0.357172889984581,KDB,0.4045053796996468,generative,0,512505,False,0.0,,18.286092699999983,b329a32d5263e88356a16aedca9be7b74c1eff12728634017273bbd508d6ac10,410004,1,15375150,0.3386161468167232,,1025010,1.0,False,"repeat=1,fold=2",3dc636bbad8121e3ff53fc5109d18a8d90234f29928ba122cc5450cd4dbb8c7e,test,425f26df0f0f3d3b8abed6f34a15689b77e3b6dc23c628ed62127f33740acb55,fff3f8ac177bd01fb1f3ea68c0c02496fbda9245a489b53fb6f78308290d27c3,,,,
10,,0,0,0.0,10,0.577467536902079,2e219c54a929d16f0cc7,,,,7.52369809999999,0,PokerHand,"UCI 158, complete training + test partitions","{'extension': 'fewpla-datasets-v1', 'override': None, 'registry': {'group': 'core', 'note': 'UCI has 1,025,010 rows; paper Table 1 says 164,860. No undocumented truncation.', 'paper_shape': [164860, 10, 10], 'source': 'UCI 158, complete training + test partitions', 'url': 'https://archive.ics.uci.edu/dataset/158/poker+hand'}, 'strict_paper_shape': False}",0,0,0.07869511004402592,0.0,0,0,PRIMARY,4100040,10,7937f738ec55417129be47c5f7464b7dce5c41f39ab4d2cb0708ff26c7026c90,1,,410004,102501,0,,0.501227573141947,0.9800044291361136,KDB,1.0160231648563451,generative,0,512505,False,0.0,,1.174101300000018,124689878d5e69ffe38f34d98b9a287147e9c34d4644f31c9923ec5984afe4fe,410004,2,0,0.5869765365316564,,1025010,1.0,False,"repeat=2,fold=1",b0d72a05652bf9d9c096a097d2ee2813f41ebd80dc885a59321fbd2098498c68,train,0a47316ebaf05f9e4baadbce18a032c98c3976d1972a89d10a86d8bbd5996678,9f9d92289c6ffcc135398122c204fd5059a635cb79c548246db2064159cfb3ad,,,,
10,,0,0,0.0,10,0.577467536902079,2e219c54a929d16f0cc7,,,,7.52369809999999,0,PokerHand,"UCI 158, complete training + test partitions","{'extension': 'fewpla-datasets-v1', 'override': None, 'registry': {'group': 'core', 'note': 'UCI has 1,025,010 rows; paper Table 1 says 164,860. No undocumented truncation.', 'paper_shape': [164860, 10, 10], 'source': 'UCI 158, complete training + test partitions', 'url': 'https://archive.ics.uci.edu/dataset/158/poker+hand'}, 'strict_paper_shape': False}",0,0,0.07872009838293977,0.0,0,0,PRIMARY,1025010,10,7937f738ec55417129be47c5f7464b7dce5c41f39ab4d2cb0708ff26c7026c90,1,,410004,102501,0,,0.5012525614808606,0.9799172913543374,KDB,1.0165166787661077,generative,0,512505,False,0.0,,0.2966633999999999,ef61db9e2ab4674d9a3745b583c3d86447bd2eddeb683a349591df2544ccb229,410004,2,0,0.5869196633672449,,1025010,1.0,False,"repeat=2,fold=1",b0d72a05652bf9d9c096a097d2ee2813f41ebd80dc885a59321fbd2098498c68,validation,0a47316ebaf05f9e4baadbce18a032c98c3976d1972a89d10a86d8bbd5996678,9f9d92289c6ffcc135398122c204fd5059a635cb79c548246db2064159cfb3ad,,,,
10,,0,0,0.0,10,0.5774714393030312,2e219c54a929d16f0cc7,,,,7.52369809999999,0,PokerHand,"UCI 158, complete training + test partitions","{'extension': 'fewpla-datasets-v1', 'override': None, 'registry': {'group': 'core', 'note': 'UCI has 1,025,010 rows; paper Table 1 says 164,860. No undocumented truncation.', 'paper_shape': [164860, 10, 10], 'source': 'UCI 158, complete training + test partitions', 'url': 'https://archive.ics.uci.edu/dataset/158/poker+hand'}, 'strict_paper_shape': False}",0,0,0.07870694851717228,0.0,0,0,PRIMARY,5125050,10,7937f738ec55417129be47c5f7464b7dce5c41f39ab4d2cb0708ff26c7026c90,1,,410004,102501,0,,0.5012355092141412,0.9799745742225727,KDB,1.0167133483971476,generative,0,512505,False,0.0,,1.4915659000000119,8e1985009f143ae4f677875d319fc30f28496b09d7ecc3dd8a3809e4c266102e,410004,2,0,0.5869344927294168,,1025010,1.0,False,"repeat=2,fold=1",b0d72a05652bf9d9c096a097d2ee2813f41ebd80dc885a59321fbd2098498c68,test,0a47316ebaf05f9e4baadbce18a032c98c3976d1972a89d10a86d8bbd5996678,9f9d92289c6ffcc135398122c204fd5059a635cb79c548246db2064159cfb3ad,,,,
82,,0,0,0.0,10,0.7448293187383538,2e219c54a929d16f0cc7,,,,56.60228860000001,0,PokerHand,"UCI 158, complete training + test partitions","{'extension': 'fewpla-datasets-v1', 'override': None, 'registry': {'group': 'core', 'note': 'UCI has 1,025,010 rows; paper Table 1 says 164,860. No undocumented truncation.', 'paper_shape': [164860, 10, 10], 'source': 'UCI 158, complete training + test partitions', 'url': 'https://archive.ics.uci.edu/dataset/158/poker+hand'}, 'strict_paper_shape': False}",0,0,0.40433330443691473,0.9,3690036,1,PRIMARY,4100040,10,7937f738ec55417129be47c5f7464b7dce5c41f39ab4d2cb0708ff26c7026c90,1,,410004,102501,1,,0.6595039856985608,0.7601365660048939,KDB,2.548296149074379,generative,0,512505,False,0.0,,1.2501699999997982,9e66d0b85df229a1b472fa801d8fa62840fc9c2b0c19620488ec5189be8218c3,410004,2,3690036,0.6973989350616931,,1025010,1.0,False,"repeat=2,fold=1",675aaa4268fcfabbf95bae9eea046fb0ea9e59f172c956282d8025ab7586d32e,train,0a47316ebaf05f9e4baadbce18a032c98c3976d1972a89d10a86d8bbd5996678,9f9d92289c6ffcc135398122c204fd5059a635cb79c548246db2064159cfb3ad,,,,
82,,0,0,0.0,10,0.7463146701007795,2e219c54a929d16f0cc7,,,,56.60228860000001,0,PokerHand,"UCI 158, complete training + test partitions","{'extension': 'fewpla-datasets-v1', 'override': None, 'registry': {'group': 'core', 'note': 'UCI has 1,025,010 rows; paper Table 1 says 164,860. No undocumented truncation.', 'paper_shape': [164860, 10, 10], 'source': 'UCI 158, complete training + test partitions', 'url': 'https://archive.ics.uci.edu/dataset/158/poker+hand'}, 'strict_paper_shape': False}",0,0,0.4059332730987062,0.9,922509,1,PRIMARY,1025010,10,7937f738ec55417129be47c5f7464b7dce5c41f39ab4d2cb0708ff26c7026c90,1,,410004,102501,1,,0.6596186029979267,0.7596566287527237,KDB,2.5586755747028986,generative,0,512505,False,0.0,,0.36539889999994557,e81dce0406f9ce76da53fbd61b44d837270d9c4cbfcd3107505680fb5301510f,410004,2,922509,0.6977314260362831,,1025010,1.0,False,"repeat=2,fold=1",675aaa4268fcfabbf95bae9eea046fb0ea9e59f172c956282d8025ab7586d32e,validation,0a47316ebaf05f9e4baadbce18a032c98c3976d1972a89d10a86d8bbd5996678,9f9d92289c6ffcc135398122c204fd5059a635cb79c548246db2064159cfb3ad,,,,
82,,0,0,0.0,10,0.7453917522755875,2e219c54a929d16f0cc7,,,,56.60228860000001,0,PokerHand,"UCI 158, complete training + test partitions","{'extension': 'fewpla-datasets-v1', 'override': None, 'registry': {'group': 'core', 'note': 'UCI has 1,025,010 rows; paper Table 1 says 164,860. No undocumented truncation.', 'paper_shape': [164860, 10, 10], 'source': 'UCI 158, complete training + test partitions', 'url': 'https://archive.ics.uci.edu/dataset/158/poker+hand'}, 'strict_paper_shape': False}",0,0,0.40489248830210195,0.9,4612545,1,PRIMARY,5125050,10,7937f738ec55417129be47c5f7464b7dce5c41f39ab4d2cb0708ff26c7026c90,1,,410004,102501,1,,0.6595007360265146,0.7600466094573775,KDB,2.5507236295978766,generative,0,512505,False,0.0,,1.600486900000078,6aab0822857298b7b552e0ec3efca11d86c3ef8ff74ba859bfb63e9403f0d95b,410004,2,4612545,0.6973005242811554,,1025010,1.0,False,"repeat=2,fold=1",675aaa4268fcfabbf95bae9eea046fb0ea9e59f172c956282d8025ab7586d32e,test,0a47316ebaf05f9e4baadbce18a032c98c3976d1972a89d10a86d8bbd5996678,9f9d92289c6ffcc135398122c204fd5059a635cb79c548246db2064159cfb3ad,,,,
790,,0,0,0.0,10,0.870032975288046,2e219c54a929d16f0cc7,,,,56.60228860000001,0,PokerHand,"UCI 158, complete training + test partitions","{'extension': 'fewpla-datasets-v1', 'override': None, 'registry': {'group': 'core', 'note': 'UCI has 1,025,010 rows; paper Table 1 says 164,860. No undocumented truncation.', 'paper_shape': [164860, 10, 10], 'source': 'UCI 158, complete training + test partitions', 'url': 'https://archive.ics.uci.edu/dataset/158/poker+hand'}, 'strict_paper_shape': False}",0,0,0.6447476182925516,1.7,6970068,2,PRIMARY,4100040,10,7937f738ec55417129be47c5f7464b7dce5c41f39ab4d2cb0708ff26c7026c90,1,,410004,102501,2,,0.7747146430045055,0.5555570022329616,KDB,3.2803702990748835,generative,0,512505,False,0.0,,1.377255200000036,9cda080116764236f77b3d735e3f48c6a6a570f35f535113b782be54ab11a411,410004,2,6970068,0.8046713847673967,,1025010,1.0,False,"repeat=2,fold=1",e6f7f57bf6ea2d17a645de1427f9ffc909ea1296b232fb63a768e671273f41c2,train,0a47316ebaf05f9e4baadbce18a032c98c3976d1972a89d10a86d8bbd5996678,9f9d92289c6ffcc135398122c204fd5059a635cb79c548246db2064159cfb3ad,,,,
790,,0,0,0.0,10,0.8733573330991893,2e219c54a929d16f0cc7,,,,56.60228860000001,0,PokerHand,"UCI 158, complete training + test partitions","{'extension': 'fewpla-datasets-v1', 'override': None, 'registry': {'group': 'core', 'note': 'UCI has 1,025,010 rows; paper Table 1 says 164,860. No undocumented truncation.', 'paper_shape': [164860, 10, 10], 'source': 'UCI 158, complete training + test partitions', 'url': 'https://archive.ics.uci.edu/dataset/158/poker+hand'}, 'strict_paper_shape': False}",0,0,0.6474066078757574,1.7,1742517,2,PRIMARY,1025010,10,7937f738ec55417129be47c5f7464b7dce5c41f39ab4d2cb0708ff26c7026c90,1,,410004,102501,2,,0.7740492747765682,0.5571389862898511,KDB,3.2757420093534333,generative,0,512505,False,0.0,,0.5080880999998953,f02e94857641edf22d873b980921039b808a0dafc74b28d39c2c459bf8547515,410004,2,1742517,0.8036206347823087,,1025010,1.0,False,"repeat=2,fold=1",e6f7f57bf6ea2d17a645de1427f9ffc909ea1296b232fb63a768e671273f41c2,validation,0a47316ebaf05f9e4baadbce18a032c98c3976d1972a89d10a86d8bbd5996678,9f9d92289c6ffcc135398122c204fd5059a635cb79c548246db2064159cfb3ad,,,,
790,,0,0,0.0,10,0.8718432015297412,2e219c54a929d16f0cc7,,,,56.60228860000001,0,PokerHand,"UCI 158, complete training + test partitions","{'extension': 'fewpla-datasets-v1', 'override': None, 'registry': {'group': 'core', 'note': 'UCI has 1,025,010 rows; paper Table 1 says 164,860. No undocumented truncation.', 'paper_shape': [164860, 10, 10], 'source': 'UCI 158, complete training + test partitions', 'url': 'https://archive.ics.uci.edu/dataset/158/poker+hand'}, 'strict_paper_shape': False}",0,0,0.6459752894333249,1.7,8712585,2,PRIMARY,5125050,10,7937f738ec55417129be47c5f7464b7dce5c41f39ab4d2cb0708ff26c7026c90,1,,410004,102501,2,,0.7741315603406572,0.5569760428765357,KDB,3.2666324054467037,generative,0,512505,False,0.0,,1.7061069999999745,ae7591c6bab43300dac3f0fe4acc28c562dd685b94dd9e262b4475dd5e106970,410004,2,8712585,0.8030233118661844,,1025010,1.0,False,"repeat=2,fold=1",e6f7f57bf6ea2d17a645de1427f9ffc909ea1296b232fb63a768e671273f41c2,test,0a47316ebaf05f9e4baadbce18a032c98c3976d1972a89d10a86d8bbd5996678,9f9d92289c6ffcc135398122c204fd5059a635cb79c548246db2064159cfb3ad,,,,
7786,,0,0,0.0,10,0.9496565887162076,2e219c54a929d16f0cc7,,,,56.60228860000001,0,PokerHand,"UCI 158, complete training + test partitions","{'extension': 'fewpla-datasets-v1', 'override': None, 'registry': {'group': 'core', 'note': 'UCI has 1,025,010 rows; paper Table 1 says 164,860. No undocumented truncation.', 'paper_shape': [164860, 10, 10], 'source': 'UCI 158, complete training + test partitions', 'url': 'https://archive.ics.uci.edu/dataset/158/poker+hand'}, 'strict_paper_shape': False}",0,0,0.8319812089767633,2.4,9840096,3,PRIMARY,4100040,10,7937f738ec55417129be47c5f7464b7dce5c41f39ab4d2cb0708ff26c7026c90,1,,410004,102501,3,,0.8823246202605556,0.32023865378472266,KDB,4.058532390849184,generative,0,512505,False,0.0,,2.4797121999999945,3609716c10a0fa8f7707d0f2f50da3f267c84f6e818bf1e020d5578f1d233cd7,410004,2,9840096,0.9049736793495279,,1025010,1.0,False,"repeat=2,fold=1",68c5e2223bfc3bd6e6d6c0689bb46b704647c8328a9ec0cb18e44bb6516fb45d,train,0a47316ebaf05f9e4baadbce18a032c98c3976d1972a89d10a86d8bbd5996678,9f9d92289c6ffcc135398122c204fd5059a635cb79c548246db2064159cfb3ad,,,,
7786,,0,0,0.0,10,0.9464005229217276,2e219c54a929d16f0cc7,,,,56.60228860000001,0,PokerHand,"UCI 158, complete training + test partitions","{'extension': 'fewpla-datasets-v1', 'override': None, 'registry': {'group': 'core', 'note': 'UCI has 1,025,010 rows; paper Table 1 says 164,860. No undocumented truncation.', 'paper_shape': [164860, 10, 10], 'source': 'UCI 158, complete training + test partitions', 'url': 'https://archive.ics.uci.edu/dataset/158/poker+hand'}, 'strict_paper_shape': False}",0,0,0.8115046216479392,2.4,2460024,3,PRIMARY,1025010,10,7937f738ec55417129be47c5f7464b7dce5c41f39ab4d2cb0708ff26c7026c90,1,,410004,102501,3,,0.8651040987262115,0.36064476330558437,KDB,3.7989362025966407,generative,0,512505,False,0.0,,1.798921199999313,ced0986f6be2ea5a4710c8e9eb59e1b0d54453e4cef2e5aa8ec67683bd878eb9,410004,2,2460024,0.8922969699226325,,1025010,1.0,False,"repeat=2,fold=1",68c5e2223bfc3bd6e6d6c0689bb46b704647c8328a9ec0cb18e44bb6516fb45d,validation,0a47316ebaf05f9e4baadbce18a032c98c3976d1972a89d10a86d8bbd5996678,9f9d92289c6ffcc135398122c204fd5059a635cb79c548246db2064159cfb3ad,,,,
7786,,0,0,0.0,10,0.9468239334250398,2e219c54a929d16f0cc7,,,,56.60228860000001,0,PokerHand,"UCI 158, complete training + test partitions","{'extension': 'fewpla-datasets-v1', 'override': None, 'registry': {'group': 'core', 'note': 'UCI has 1,025,010 rows; paper Table 1 says 164,860. No undocumented truncation.', 'paper_shape': [164860, 10, 10], 'source': 'UCI 158, complete training + test partitions', 'url': 'https://archive.ics.uci.edu/dataset/158/poker+hand'}, 'strict_paper_shape': False}",0,0,0.8116746021223682,2.4,12300120,3,PRIMARY,5125050,10,7937f738ec55417129be47c5f7464b7dce5c41f39ab4d2cb0708ff26c7026c90,1,,410004,102501,3,,0.8648506686973285,0.36118367934052475,KDB,3.7884790151584844,generative,0,512505,False,0.0,,2.7769852999999785,f36d28fa3279f3f163d8c8a35b6c36bc9e1bcd417b30e1f37a9c8835ceb3714b,410004,2,12300120,0.8924217874047945,,1025010,1.0,False,"repeat=2,fold=1",68c5e2223bfc3bd6e6d6c0689bb46b704647c8328a9ec0cb18e44bb6516fb45d,test,0a47316ebaf05f9e4baadbce18a032c98c3976d1972a89d10a86d8bbd5996678,9f9d92289c6ffcc135398122c204fd5059a635cb79c548246db2064159cfb3ad,,,,
72074,,0,0,0.0,10,0.9924098301479986,2e219c54a929d16f0cc7,,,,56.60228860000001,0,PokerHand,"UCI 158, complete training + test partitions","{'extension': 'fewpla-datasets-v1', 'override': None, 'registry': {'group': 'core', 'note': 'UCI has 1,025,010 rows; paper Table 1 says 164,860. No undocumented truncation.', 'paper_shape': [164860, 10, 10], 'source': 'UCI 158, complete training + test partitions', 'url': 'https://archive.ics.uci.edu/dataset/158/poker+hand'}, 'strict_paper_shape': False}",0,0,0.9678153418502788,3.0,12300120,4,PRIMARY,4100040,10,7937f738ec55417129be47c5f7464b7dce5c41f39ab4d2cb0708ff26c7026c90,1,,410004,102501,4,,0.9754055117022808,0.10404989281764936,KDB,5.749128463789909,generative,0,512505,False,0.0,,12.80884370000058,e0dc73cc695aa39f3bf7e368b1dda7b3fca385244b9aa1621c2355759c443ea2,410004,2,12300120,0.9790726236287768,,1025010,1.0,False,"repeat=2,fold=1",f0cda0e72e952c0bcb20ad5ac84d078ab94411266c42fc77fd95365d8d7e8b9c,train,0a47316ebaf05f9e4baadbce18a032c98c3976d1972a89d10a86d8bbd5996678,9f9d92289c6ffcc135398122c204fd5059a635cb79c548246db2064159cfb3ad,,,,
72074,,2,2,1.9512004760929162e-06,10,0.8955327265099853,2e219c54a929d16f0cc7,,,,56.60228860000001,0,PokerHand,"UCI 158, complete training + test partitions","{'extension': 'fewpla-datasets-v1', 'override': None, 'registry': {'group': 'core', 'note': 'UCI has 1,025,010 rows; paper Table 1 says 164,860. No undocumented truncation.', 'paper_shape': [164860, 10, 10], 'source': 'UCI 158, complete training + test partitions', 'url': 'https://archive.ics.uci.edu/dataset/158/poker+hand'}, 'strict_paper_shape': False}",0,0,0.763791520152234,2.9999980487995237,3075028,4,PRIMARY,1025010,10,7937f738ec55417129be47c5f7464b7dce5c41f39ab4d2cb0708ff26c7026c90,1,,410004,102501,4,,0.8682587936422486,0.35069726729207923,KDB,4.076368155310835,generative,0,512505,False,0.0,,12.236341199999515,90082af99b617228df935a3b3e031e535995983fa3afd331055bc319c3f4b133,410004,2,3075030,0.8971696005801894,,1025010,1.0,False,"repeat=2,fold=1",f0cda0e72e952c0bcb20ad5ac84d078ab94411266c42fc77fd95365d8d7e8b9c,validation,0a47316ebaf05f9e4baadbce18a032c98c3976d1972a89d10a86d8bbd5996678,9f9d92289c6ffcc135398122c204fd5059a635cb79c548246db2064159cfb3ad,,,,
72074,,28,28,5.463361333060165e-06,10,0.8937805484824538,2e219c54a929d16f0cc7,,,,56.60228860000001,0,PokerHand,"UCI 158, complete training + test partitions","{'extension': 'fewpla-datasets-v1', 'override': None, 'registry': {'group': 'core', 'note': 'UCI has 1,025,010 rows; paper Table 1 says 164,860. No undocumented truncation.', 'paper_shape': [164860, 10, 10], 'source': 'UCI 158, complete training + test partitions', 'url': 'https://archive.ics.uci.edu/dataset/158/poker+hand'}, 'strict_paper_shape': False}",0,0,0.7617708278471808,2.999994536638667,15375122,4,PRIMARY,5125050,10,7937f738ec55417129be47c5f7464b7dce5c41f39ab4d2cb0708ff26c7026c90,1,,410004,102501,4,,0.8679902793647273,0.3513449029578637,KDB,4.064163544453849,generative,0,512505,False,0.0,,13.290123099999619,0c68378cee4fffc1af6d6aebd7c3fe456e21479e5328dcbc24049e51e5b684b6,410004,2,15375150,0.8962710678965443,,1025010,1.0,False,"repeat=2,fold=1",f0cda0e72e952c0bcb20ad5ac84d078ab94411266c42fc77fd95365d8d7e8b9c,test,0a47316ebaf05f9e4baadbce18a032c98c3976d1972a89d10a86d8bbd5996678,9f9d92289c6ffcc135398122c204fd5059a635cb79c548246db2064159cfb3ad,,,,
434761,,0,0,0.0,10,0.992441537155735,2e219c54a929d16f0cc7,,,,56.60228860000001,0,PokerHand,"UCI 158, complete training + test partitions","{'extension': 'fewpla-datasets-v1', 'override': None, 'registry': {'group': 'core', 'note': 'UCI has 1,025,010 rows; paper Table 1 says 164,860. No undocumented truncation.', 'paper_shape': [164860, 10, 10], 'source': 'UCI 158, complete training + test partitions', 'url': 'https://archive.ics.uci.edu/dataset/158/poker+hand'}, 'strict_paper_shape': False}",0,0,0.9880153812466272,3.5,14350140,5,PRIMARY,4100040,10,7937f738ec55417129be47c5f7464b7dce5c41f39ab4d2cb0708ff26c7026c90,1,,410004,102501,5,,0.9955738440908922,0.024989206895489054,KDB,7.759764071179319,generative,0,512505,False,0.0,,51.94657169999846,d4df5bd1ab5979bab900dc70fd89a7d1cbf5432338af6d01bca7c707c2beff9e,410004,2,14350140,0.9928956819659607,,1025010,1.0,False,"repeat=2,fold=1",f86d6deabaa8dcab8fb9e1fee8ea74dfddb1952946eaca24e825ae95ea05195e,train,0a47316ebaf05f9e4baadbce18a032c98c3976d1972a89d10a86d8bbd5996678,9f9d92289c6ffcc135398122c204fd5059a635cb79c548246db2064159cfb3ad,,,,
434761,,36104,36104,0.035223070994429326,10,0.862284270397362,2e219c54a929d16f0cc7,,,,56.60228860000001,0,PokerHand,"UCI 158, complete training + test partitions","{'extension': 'fewpla-datasets-v1', 'override': None, 'registry': {'group': 'core', 'note': 'UCI has 1,025,010 rows; paper Table 1 says 164,860. No undocumented truncation.', 'paper_shape': [164860, 10, 10], 'source': 'UCI 158, complete training + test partitions', 'url': 'https://archive.ics.uci.edu/dataset/158/poker+hand'}, 'strict_paper_shape': False}",0,0,0.7108232710192038,3.464775953405333,3551430,5,PRIMARY,1025010,10,7937f738ec55417129be47c5f7464b7dce5c41f39ab4d2cb0708ff26c7026c90,1,,410004,102501,5,,0.8485390006218421,0.40989627393047806,KDB,3.930188092996603,generative,0,512505,False,0.0,,49.90802620000068,cfc1afaef8e314308f1ba2602d3c44920bd9454dcb551a05d10d3cb61007ac5b,410004,2,3587535,0.8770173905760663,,1025010,1.0,False,"repeat=2,fold=1",f86d6deabaa8dcab8fb9e1fee8ea74dfddb1952946eaca24e825ae95ea05195e,validation,0a47316ebaf05f9e4baadbce18a032c98c3976d1972a89d10a86d8bbd5996678,9f9d92289c6ffcc135398122c204fd5059a635cb79c548246db2064159cfb3ad,,,,
434761,,180759,180759,0.035269704685807944,10,0.8621340279607028,2e219c54a929d16f0cc7,,,,56.60228860000001,0,PokerHand,"UCI 158, complete training + test partitions","{'extension': 'fewpla-datasets-v1', 'override': None, 'registry': {'group': 'core', 'note': 'UCI has 1,025,010 rows; paper Table 1 says 164,860. No undocumented truncation.', 'paper_shape': [164860, 10, 10], 'source': 'UCI 158, complete training + test partitions', 'url': 'https://archive.ics.uci.edu/dataset/158/poker+hand'}, 'strict_paper_shape': False}",0,0,0.7107108149904209,3.4647275636335255,17756902,5,PRIMARY,5125050,10,7937f738ec55417129be47c5f7464b7dce5c41f39ab4d2cb0708ff26c7026c90,1,,410004,102501,5,,0.8485767870297182,0.4097861603368449,KDB,3.9226584462106513,generative,0,512505,False,0.0,,53.0191575000008,f3e1382bf8a0a61f617505f8bb3254a787bf81aae77b4653bc17a0de6e5361bc,410004,2,17937675,0.8768755426960254,,1025010,1.0,False,"repeat=2,fold=1",f86d6deabaa8dcab8fb9e1fee8ea74dfddb1952946eaca24e825ae95ea05195e,test,0a47316ebaf05f9e4baadbce18a032c98c3976d1972a89d10a86d8bbd5996678,9f9d92289c6ffcc135398122c204fd5059a635cb79c548246db2064159cfb3ad,,,,
10,,0,0,0.0,10,0.49882927971434426,2e219c54a929d16f0cc7,,,,5.769326800000272,0,PokerHand,"UCI 158, complete training + test partitions","{'extension': 'fewpla-datasets-v1', 'override': None, 'registry': {'group': 'core', 'note': 'UCI has 1,025,010 rows; paper Table 1 says 164,860. No undocumented truncation.', 'paper_shape': [164860, 10, 10], 'source': 'UCI 158, complete training + test partitions', 'url': 'https://archive.ics.uci.edu/dataset/158/poker+hand'}, 'strict_paper_shape': False}",0,0,0.008028270684697261,0.0,0,0,PRIMARY,4100040,10,35a97eaa926098e1374fae594bf67aba9b60671e0a3965ae31fb673ff6111793,2,,410004,102501,0,,0.5012377668391471,0.9796628700015497,KDB,1.1273058340981903,generative,0,512505,False,0.0,,0.8939525000005233,88e60c22b412c566401eab8bf32012575ab46af0a6c201f23499a1edd7d0b294,410004,2,0,0.5826477934610128,,1025010,1.0,False,"repeat=2,fold=2",b0d72a05652bf9d9c096a097d2ee2813f41ebd80dc885a59321fbd2098498c68,train,0ed0637f26485d3fd422679d240ca1e26b332d984505fc6a49569558634d16c8,e47009ca86a481c5d82ea2e10c958b9c551f7ce937affeccfacbeab6143b8cb8,,,,
10,,0,0,0.0,10,0.49883415771553447,2e219c54a929d16f0cc7,,,,5.769326800000272,0,PokerHand,"UCI 158, complete training + test partitions","{'extension': 'fewpla-datasets-v1', 'override': None, 'registry': {'group': 'core', 'note': 'UCI has 1,025,010 rows; paper Table 1 says 164,860. No undocumented truncation.', 'paper_shape': [164860, 10, 10], 'source': 'UCI 158, complete training + test partitions', 'url': 'https://archive.ics.uci.edu/dataset/158/poker+hand'}, 'strict_paper_shape': False}",0,0,0.004236932626094959,0.0,0,0,PRIMARY,1025010,10,35a97eaa926098e1374fae594bf67aba9b60671e0a3965ae31fb673ff6111793,2,,410004,102501,0,,0.5012351142978072,0.9796979270241627,KDB,1.128843674944502,generative,0,512505,False,0.0,,0.24554669999997714,20a9e0513f483fbfa7fc7a79a502704f634263852c7ec76ae7e32211e9931e57,410004,2,0,0.58271054039984,,1025010,1.0,False,"repeat=2,fold=2",b0d72a05652bf9d9c096a097d2ee2813f41ebd80dc885a59321fbd2098498c68,validation,0ed0637f26485d3fd422679d240ca1e26b332d984505fc6a49569558634d16c8,e47009ca86a481c5d82ea2e10c958b9c551f7ce937affeccfacbeab6143b8cb8,,,,
10,,0,0,0.0,10,0.4988322065150584,2e219c54a929d16f0cc7,,,,5.769326800000272,0,PokerHand,"UCI 158, complete training + test partitions","{'extension': 'fewpla-datasets-v1', 'override': None, 'registry': {'group': 'core', 'note': 'UCI has 1,025,010 rows; paper Table 1 says 164,860. No undocumented truncation.', 'paper_shape': [164860, 10, 10], 'source': 'UCI 158, complete training + test partitions', 'url': 'https://archive.ics.uci.edu/dataset/158/poker+hand'}, 'strict_paper_shape': False}",0,0,0.00440611419177527,0.0,0,0,PRIMARY,5125050,10,35a97eaa926098e1374fae594bf67aba9b60671e0a3965ae31fb673ff6111793,2,,410004,102501,0,,0.501235404565011,0.9796726948643718,KDB,1.1282169488396723,generative,0,512505,False,0.0,,1.1957910000000993,91c15b96760ba988b2b0ac1804681e57eb04cb6a91d1582b127d1383d4b41593,410004,2,0,0.5827138650773297,,1025010,1.0,False,"repeat=2,fold=2",b0d72a05652bf9d9c096a097d2ee2813f41ebd80dc885a59321fbd2098498c68,test,0ed0637f26485d3fd422679d240ca1e26b332d984505fc6a49569558634d16c8,e47009ca86a481c5d82ea2e10c958b9c551f7ce937affeccfacbeab6143b8cb8,,,,
82,,0,0,0.0,10,0.327299245861016,2e219c54a929d16f0cc7,,,,44.03086269999949,0,PokerHand,"UCI 158, complete training + test partitions","{'extension': 'fewpla-datasets-v1', 'override': None, 'registry': {'group': 'core', 'note': 'UCI has 1,025,010 rows; paper Table 1 says 164,860. No undocumented truncation.', 'paper_shape': [164860, 10, 10], 'source': 'UCI 158, complete training + test partitions', 'url': 'https://archive.ics.uci.edu/dataset/158/poker+hand'}, 'strict_paper_shape': False}",0,0,0.02151320712728561,0.9,3690036,1,PRIMARY,4100040,10,35a97eaa926098e1374fae594bf67aba9b60671e0a3965ae31fb673ff6111793,2,,410004,102501,1,,0.6604828042478156,0.7590311112743151,KDB,1.0100414043498533,generative,0,512505,False,0.0,,0.989401300001191,23db979b782b99ddce56230bd7a768d8af693d1ee800e38ae55207686c29856a,410004,2,3690036,0.5042790490266279,,1025010,1.0,False,"repeat=2,fold=2",a27a5097d66c2c456d77cce1c8055cffb6ecbdc4292bec5ee89386e98336269e,train,0ed0637f26485d3fd422679d240ca1e26b332d984505fc6a49569558634d16c8,e47009ca86a481c5d82ea2e10c958b9c551f7ce937affeccfacbeab6143b8cb8,,,,
82,,0,0,0.0,10,0.3277528999717076,2e219c54a929d16f0cc7,,,,44.03086269999949,0,PokerHand,"UCI 158, complete training + test partitions","{'extension': 'fewpla-datasets-v1', 'override': None, 'registry': {'group': 'core', 'note': 'UCI has 1,025,010 rows; paper Table 1 says 164,860. No undocumented truncation.', 'paper_shape': [164860, 10, 10], 'source': 'UCI 158, complete training + test partitions', 'url': 'https://archive.ics.uci.edu/dataset/158/poker+hand'}, 'strict_paper_shape': False}",0,0,0.01559247365844709,0.9,922509,1,PRIMARY,1025010,10,35a97eaa926098e1374fae594bf67aba9b60671e0a3965ae31fb673ff6111793,2,,410004,102501,1,,0.6604941500977316,0.7589540953619865,KDB,1.0091673485464057,generative,0,512505,False,0.0,,0.2624599999981001,33eaea518867e73df99bf3b5c5a4f7789160a8375e33cb8a3d6c9d068c1807d3,410004,2,922509,0.505132475640365,,1025010,1.0,False,"repeat=2,fold=2",a27a5097d66c2c456d77cce1c8055cffb6ecbdc4292bec5ee89386e98336269e,validation,0ed0637f26485d3fd422679d240ca1e26b332d984505fc6a49569558634d16c8,e47009ca86a481c5d82ea2e10c958b9c551f7ce937affeccfacbeab6143b8cb8,,,,
82,,0,0,0.0,10,0.3295109316006673,2e219c54a929d16f0cc7,,,,44.03086269999949,0,PokerHand,"UCI 158, complete training + test partitions","{'extension': 'fewpla-datasets-v1', 'override': None, 'registry': {'group': 'core', 'note': 'UCI has 1,025,010 rows; paper Table 1 says 164,860. No undocumented truncation.', 'paper_shape': [164860, 10, 10], 'source': 'UCI 158, complete training + test partitions', 'url': 'https://archive.ics.uci.edu/dataset/158/poker+hand'}, 'strict_paper_shape': False}",0,0,0.0146294788034568,0.9,4612545,1,PRIMARY,5125050,10,35a97eaa926098e1374fae594bf67aba9b60671e0a3965ae31fb673ff6111793,2,,410004,102501,1,,0.6601910035683641,0.7592645523252977,KDB,1.015292423916205,generative,0,512505,False,0.0,,1.227332499998738,cec639127c566b34806a3f1115c6a4eb08f97fbe441ccb948c66c6c458810a1a,410004,2,4612545,0.505852941355223,,1025010,1.0,False,"repeat=2,fold=2",a27a5097d66c2c456d77cce1c8055cffb6ecbdc4292bec5ee89386e98336269e,test,0ed0637f26485d3fd422679d240ca1e26b332d984505fc6a49569558634d16c8,e47009ca86a481c5d82ea2e10c958b9c551f7ce937affeccfacbeab6143b8cb8,,,,
790,,0,0,0.0,10,0.20074194398103434,2e219c54a929d16f0cc7,,,,44.03086269999949,0,PokerHand,"UCI 158, complete training + test partitions","{'extension': 'fewpla-datasets-v1', 'override': None, 'registry': {'group': 'core', 'note': 'UCI has 1,025,010 rows; paper Table 1 says 164,860. No undocumented truncation.', 'paper_shape': [164860, 10, 10], 'source': 'UCI 158, complete training + test partitions', 'url': 'https://archive.ics.uci.edu/dataset/158/poker+hand'}, 'strict_paper_shape': False}",0,0,0.04688381211122697,1.7,6970068,2,PRIMARY,4100040,10,35a97eaa926098e1374fae594bf67aba9b60671e0a3965ae31fb673ff6111793,2,,410004,102501,2,,0.7746252291407371,0.5549153589106661,KDB,0.9093775567642478,generative,0,512505,False,0.0,,1.1489108999994642,27cc4d9adf19c0ec2f0f499e14e8b8fbdcd78549956d0518f0f302846386d7f4,410004,2,6970068,0.42288241429794343,,1025010,1.0,False,"repeat=2,fold=2",83b7751ef47a5664ee64cee86af7d552cff1c38a30471562bab12f6145524d04,train,0ed0637f26485d3fd422679d240ca1e26b332d984505fc6a49569558634d16c8,e47009ca86a481c5d82ea2e10c958b9c551f7ce937affeccfacbeab6143b8cb8,,,,
790,,0,0,0.0,10,0.20271021746129306,2e219c54a929d16f0cc7,,,,44.03086269999949,0,PokerHand,"UCI 158, complete training + test partitions","{'extension': 'fewpla-datasets-v1', 'override': None, 'registry': {'group': 'core', 'note': 'UCI has 1,025,010 rows; paper Table 1 says 164,860. No undocumented truncation.', 'paper_shape': [164860, 10, 10], 'source': 'UCI 158, complete training + test partitions', 'url': 'https://archive.ics.uci.edu/dataset/158/poker+hand'}, 'strict_paper_shape': False}",0,0,0.047349996921292,1.7,1742517,2,PRIMARY,1025010,10,35a97eaa926098e1374fae594bf67aba9b60671e0a3965ae31fb673ff6111793,2,,410004,102501,2,,0.7740268380279935,0.5564032885779571,KDB,0.9184587228127837,generative,0,512505,False,0.0,,0.3968880000029458,047151ec90673c4e6ee4e465bba9ce84bb5f3f6126f7f9314ab2fc926460f35f,410004,2,1742517,0.4286220991995954,,1025010,1.0,False,"repeat=2,fold=2",83b7751ef47a5664ee64cee86af7d552cff1c38a30471562bab12f6145524d04,validation,0ed0637f26485d3fd422679d240ca1e26b332d984505fc6a49569558634d16c8,e47009ca86a481c5d82ea2e10c958b9c551f7ce937affeccfacbeab6143b8cb8,,,,
790,,0,0,0.0,10,0.2032487487926947,2e219c54a929d16f0cc7,,,,44.03086269999949,0,PokerHand,"UCI 158, complete training + test partitions","{'extension': 'fewpla-datasets-v1', 'override': None, 'registry': {'group': 'core', 'note': 'UCI has 1,025,010 rows; paper Table 1 says 164,860. No undocumented truncation.', 'paper_shape': [164860, 10, 10], 'source': 'UCI 158, complete training + test partitions', 'url': 'https://archive.ics.uci.edu/dataset/158/poker+hand'}, 'strict_paper_shape': False}",0,0,0.045701724918609035,1.7,8712585,2,PRIMARY,5125050,10,35a97eaa926098e1374fae594bf67aba9b60671e0a3965ae31fb673ff6111793,2,,410004,102501,2,,0.7738386633054452,0.5567957873054997,KDB,0.9194507430520508,generative,0,512505,False,0.0,,1.3663065000000643,80bd54cb381da65cc2fc98e6e80f1a1c53a3a74a79ecf88d57796c9827f7be14,410004,2,8712585,0.4289235704612718,,1025010,1.0,False,"repeat=2,fold=2",83b7751ef47a5664ee64cee86af7d552cff1c38a30471562bab12f6145524d04,test,0ed0637f26485d3fd422679d240ca1e26b332d984505fc6a49569558634d16c8,e47009ca86a481c5d82ea2e10c958b9c551f7ce937affeccfacbeab6143b8cb8,,,,
7786,,0,0,0.0,10,0.11768909571613935,2e219c54a929d16f0cc7,,,,44.03086269999949,0,PokerHand,"UCI 158, complete training + test partitions","{'extension': 'fewpla-datasets-v1', 'override': None, 'registry': {'group': 'core', 'note': 'UCI has 1,025,010 rows; paper Table 1 says 164,860. No undocumented truncation.', 'paper_shape': [164860, 10, 10], 'source': 'UCI 158, complete training + test partitions', 'url': 'https://archive.ics.uci.edu/dataset/158/poker+hand'}, 'strict_paper_shape': False}",0,0,0.04668281619736032,2.4,9840096,3,PRIMARY,4100040,10,35a97eaa926098e1374fae594bf67aba9b60671e0a3965ae31fb673ff6111793,2,,410004,102501,3,,0.8829613321704728,0.32057643236494454,KDB,0.8267150990601682,generative,0,512505,False,0.0,,2.4423902000016824,ce16678f652acaebb9f2cc266fadb3c8718ab3dcf90b440637116dbd466cba1f,410004,2,9840096,0.34093216059893283,,1025010,1.0,False,"repeat=2,fold=2",ce0ca44a7afe42c00e486ed5917bfa217b22fb6be648dce4c57dc796d9640d32,train,0ed0637f26485d3fd422679d240ca1e26b332d984505fc6a49569558634d16c8,e47009ca86a481c5d82ea2e10c958b9c551f7ce937affeccfacbeab6143b8cb8,,,,
7786,,0,0,0.0,10,0.13101335596725885,2e219c54a929d16f0cc7,,,,44.03086269999949,0,PokerHand,"UCI 158, complete training + test partitions","{'extension': 'fewpla-datasets-v1', 'override': None, 'registry': {'group': 'core', 'note': 'UCI has 1,025,010 rows; paper Table 1 says 164,860. No undocumented truncation.', 'paper_shape': [164860, 10, 10], 'source': 'UCI 158, complete training + test partitions', 'url': 'https://archive.ics.uci.edu/dataset/158/poker+hand'}, 'strict_paper_shape': False}",0,0,0.06638025772501427,2.4,2460024,3,PRIMARY,1025010,10,35a97eaa926098e1374fae594bf67aba9b60671e0a3965ae31fb673ff6111793,2,,410004,102501,3,,0.8637726808368261,0.36419460899759926,KDB,0.8037174395012727,generative,0,512505,False,0.0,,1.730047699998977,0c217a772146b2995291d8cdc15a065b05228285c560f7c4c9b2c83877311698,410004,2,2460024,0.3621125971034732,,1025010,1.0,False,"repeat=2,fold=2",ce0ca44a7afe42c00e486ed5917bfa217b22fb6be648dce4c57dc796d9640d32,validation,0ed0637f26485d3fd422679d240ca1e26b332d984505fc6a49569558634d16c8,e47009ca86a481c5d82ea2e10c958b9c551f7ce937affeccfacbeab6143b8cb8,,,,
7786,,0,0,0.0,10,0.13144457127247539,2e219c54a929d16f0cc7,,,,44.03086269999949,0,PokerHand,"UCI 158, complete training + test partitions","{'extension': 'fewpla-datasets-v1', 'override': None, 'registry': {'group': 'core', 'note': 'UCI has 1,025,010 rows; paper Table 1 says 164,860. No undocumented truncation.', 'paper_shape': [164860, 10, 10], 'source': 'UCI 158, complete training + test partitions', 'url': 'https://archive.ics.uci.edu/dataset/158/poker+hand'}, 'strict_paper_shape': False}",0,0,0.0662646737956709,2.4,12300120,3,PRIMARY,5125050,10,35a97eaa926098e1374fae594bf67aba9b60671e0a3965ae31fb673ff6111793,2,,410004,102501,3,,0.8642322482109004,0.363526768493212,KDB,0.810654576868878,generative,0,512505,False,0.0,,2.63304430000062,58b14e7731efb7fa4aad271ca32c05c8c48b2133e46ef69c2543fc82d5523bd7,410004,2,12300120,0.3628157509300536,,1025010,1.0,False,"repeat=2,fold=2",ce0ca44a7afe42c00e486ed5917bfa217b22fb6be648dce4c57dc796d9640d32,test,0ed0637f26485d3fd422679d240ca1e26b332d984505fc6a49569558634d16c8,e47009ca86a481c5d82ea2e10c958b9c551f7ce937affeccfacbeab6143b8cb8,,,,
72070,,0,0,0.0,10,0.07411878908498454,2e219c54a929d16f0cc7,,,,44.03086269999949,0,PokerHand,"UCI 158, complete training + test partitions","{'extension': 'fewpla-datasets-v1', 'override': None, 'registry': {'group': 'core', 'note': 'UCI has 1,025,010 rows; paper Table 1 says 164,860. No undocumented truncation.', 'paper_shape': [164860, 10, 10], 'source': 'UCI 158, complete training + test partitions', 'url': 'https://archive.ics.uci.edu/dataset/158/poker+hand'}, 'strict_paper_shape': False}",0,0,0.05718900094217968,3.0,12300120,4,PRIMARY,4100040,10,35a97eaa926098e1374fae594bf67aba9b60671e0a3965ae31fb673ff6111793,2,,410004,102501,4,,0.9773721737493921,0.09919685841930982,KDB,0.7801471111709061,generative,0,512505,False,0.0,,13.046218199997384,51d4499b437e4cdb099ec2d9f5c73e738ceda1f9fae78b0a014345bc46daa0e5,410004,2,12300120,0.2744353983358038,,1025010,1.0,False,"repeat=2,fold=2",11fce003673b37b4c22e7ab64ffe8d83397fdb8e74f319b6de793e40968590e3,train,0ed0637f26485d3fd422679d240ca1e26b332d984505fc6a49569558634d16c8,e47009ca86a481c5d82ea2e10c958b9c551f7ce937affeccfacbeab6143b8cb8,,,,
72070,,15,15,1.4634003570696872e-05,10,0.1799982439195715,2e219c54a929d16f0cc7,,,,44.03086269999949,0,PokerHand,"UCI 158, complete training + test partitions","{'extension': 'fewpla-datasets-v1', 'override': None, 'registry': {'group': 'core', 'note': 'UCI has 1,025,010 rows; paper Table 1 says 164,860. No undocumented truncation.', 'paper_shape': [164860, 10, 10], 'source': 'UCI 158, complete training + test partitions', 'url': 'https://archive.ics.uci.edu/dataset/158/poker+hand'}, 'strict_paper_shape': False}",0,0,0.04436342913315797,2.9999853659964293,3075015,4,PRIMARY,1025010,10,35a97eaa926098e1374fae594bf67aba9b60671e0a3965ae31fb673ff6111793,2,,410004,102501,4,,0.8643651852135865,0.35982370504384054,KDB,0.7524239063117673,generative,0,512505,False,0.0,,12.30170089999956,02a304ed32ada5d736ff65c683874a649f36b26fab64d9ed75f5151338dcbb15,410004,2,3075030,0.3881240993555804,,1025010,1.0,False,"repeat=2,fold=2",11fce003673b37b4c22e7ab64ffe8d83397fdb8e74f319b6de793e40968590e3,validation,0ed0637f26485d3fd422679d240ca1e26b332d984505fc6a49569558634d16c8,e47009ca86a481c5d82ea2e10c958b9c551f7ce937affeccfacbeab6143b8cb8,,,,
72070,,56,56,1.092672266612033e-05,10,0.17995921991004965,2e219c54a929d16f0cc7,,,,44.03086269999949,0,PokerHand,"UCI 158, complete training + test partitions","{'extension': 'fewpla-datasets-v1', 'override': None, 'registry': {'group': 'core', 'note': 'UCI has 1,025,010 rows; paper Table 1 says 164,860. No undocumented truncation.', 'paper_shape': [164860, 10, 10], 'source': 'UCI 158, complete training + test partitions', 'url': 'https://archive.ics.uci.edu/dataset/158/poker+hand'}, 'strict_paper_shape': False}",0,0,0.04456112646404821,2.9999890732773338,15375094,4,PRIMARY,5125050,10,35a97eaa926098e1374fae594bf67aba9b60671e0a3965ae31fb673ff6111793,2,,410004,102501,4,,0.8645895433171096,0.35891725696258553,KDB,0.7561561810088856,generative,0,512505,False,0.0,,13.700729600001068,814844610471df2e5f7b9d70adfa2349a4a5af4442ede68d9aae30ee525d9cb6,410004,2,15375150,0.3882168018097249,,1025010,1.0,False,"repeat=2,fold=2",11fce003673b37b4c22e7ab64ffe8d83397fdb8e74f319b6de793e40968590e3,test,0ed0637f26485d3fd422679d240ca1e26b332d984505fc6a49569558634d16c8,e47009ca86a481c5d82ea2e10c958b9c551f7ce937affeccfacbeab6143b8cb8,,,,
434874,,0,0,0.0,10,0.07404805806772617,2e219c54a929d16f0cc7,,,,44.03086269999949,0,PokerHand,"UCI 158, complete training + test partitions","{'extension': 'fewpla-datasets-v1', 'override': None, 'registry': {'group': 'core', 'note': 'UCI has 1,025,010 rows; paper Table 1 says 164,860. No undocumented truncation.', 'paper_shape': [164860, 10, 10], 'source': 'UCI 158, complete training + test partitions', 'url': 'https://archive.ics.uci.edu/dataset/158/poker+hand'}, 'strict_paper_shape': False}",0,0,0.07008609083335589,3.5,14350140,5,PRIMARY,4100040,10,35a97eaa926098e1374fae594bf67aba9b60671e0a3965ae31fb673ff6111793,2,,410004,102501,5,,0.9957198416331369,0.02458242020702374,KDB,0.8818496766058458,generative,0,512505,False,0.0,,51.06805080000049,84f20e6849634d4d417a72f3f094d713055c1ed73deaf8a94ce4bba6b546e102,410004,2,14350140,0.2722604061044244,,1025010,1.0,False,"repeat=2,fold=2",b93b517fe5537932517577e24cc099e86b82dd9c22a9d8b9b93807dc07353574,train,0ed0637f26485d3fd422679d240ca1e26b332d984505fc6a49569558634d16c8,e47009ca86a481c5d82ea2e10c958b9c551f7ce937affeccfacbeab6143b8cb8,,,,
434874,,36081,36081,0.03520063218895426,10,0.23827084613808647,2e219c54a929d16f0cc7,,,,44.03086269999949,0,PokerHand,"UCI 158, complete training + test partitions","{'extension': 'fewpla-datasets-v1', 'override': None, 'registry': {'group': 'core', 'note': 'UCI has 1,025,010 rows; paper Table 1 says 164,860. No undocumented truncation.', 'paper_shape': [164860, 10, 10], 'source': 'UCI 158, complete training + test partitions', 'url': 'https://archive.ics.uci.edu/dataset/158/poker+hand'}, 'strict_paper_shape': False}",0,0,0.08274836507458855,3.4647944898098557,3551449,5,PRIMARY,1025010,10,35a97eaa926098e1374fae594bf67aba9b60671e0a3965ae31fb673ff6111793,2,,410004,102501,5,,0.8444689217634958,0.4160571359118781,KDB,0.8699172621614808,generative,0,512505,False,0.0,,50.75800369999706,1daa3fe1ff786bcb06b11de76c120769c2ee7cb8d584d572c83cdfb2181adb4c,410004,2,3587535,0.4470430816627724,,1025010,1.0,False,"repeat=2,fold=2",b93b517fe5537932517577e24cc099e86b82dd9c22a9d8b9b93807dc07353574,validation,0ed0637f26485d3fd422679d240ca1e26b332d984505fc6a49569558634d16c8,e47009ca86a481c5d82ea2e10c958b9c551f7ce937affeccfacbeab6143b8cb8,,,,
434874,,179917,179917,0.03510541360572092,10,0.23713719866147648,2e219c54a929d16f0cc7,,,,44.03086269999949,0,PokerHand,"UCI 158, complete training + test partitions","{'extension': 'fewpla-datasets-v1', 'override': None, 'registry': {'group': 'core', 'note': 'UCI has 1,025,010 rows; paper Table 1 says 164,860. No undocumented truncation.', 'paper_shape': [164860, 10, 10], 'source': 'UCI 158, complete training + test partitions', 'url': 'https://archive.ics.uci.edu/dataset/158/poker+hand'}, 'strict_paper_shape': False}",0,0,0.0823571428050025,3.4648885376728034,17757727,5,PRIMARY,5125050,10,35a97eaa926098e1374fae594bf67aba9b60671e0a3965ae31fb673ff6111793,2,,410004,102501,5,,0.8452199441435261,0.41476785835254415,KDB,0.874139536909427,generative,0,512505,False,0.0,,51.82151109999904,797d4d60e006f90f38be02fee4dd23ac04c37663bde4e431f3fd2b6f08a831c8,410004,2,17937675,0.44665361495707745,,1025010,1.0,False,"repeat=2,fold=2",b93b517fe5537932517577e24cc099e86b82dd9c22a9d8b9b93807dc07353574,test,0ed0637f26485d3fd422679d240ca1e26b332d984505fc6a49569558634d16c8,e47009ca86a481c5d82ea2e10c958b9c551f7ce937affeccfacbeab6143b8cb8,,,,
77,,0,0,0.0,2,0.06554493443729789,2e219c54a929d16f0cc7,,,,4.916199899998901,0,TwitterAbsoluteSigma,UCI 248 donor archive: Twitter Absolute Sigma 500,"{'extension': 'fewpla-datasets-v1', 'registry': {'source': 'UCI 248 donor archive: Twitter Absolute Sigma 500', 'url': 'https://lig-aptikal.imag.fr/buzz-prediction-in-online-social-media/', 'group': 'core', 'note': 'Use published classification labels, never the regression target or a newly chosen threshold.', 'paper_shape': [140607, 77, 2]}, 'override': None, 'strict_paper_shape': False}",0,0,0.06416028975958177,0.0,0,0,PRIMARY,4333714,77,7033c95dcb545473971ca22371e765569f2cd32ca3aaad554500022d7dd9dec8,1,,56282,14071,0,,0.9986153553222841,0.003249996023222469,KDB,1.8050173282663777,generative,0,70354,False,0.0,0.9939035990335503,0.5524425999974483,07d8092c0c8a8250c75edf8f72848e40674a58c23008027799632b8e16215907,56282,1,0,0.25385850207554844,0.9842685798288496,140707,1.0,False,"repeat=1,fold=1",be8a706b49c775983c4e5c88fb0a2b44796e37947b3254f9790eacb3a7a34a90,train,e9e928625a94d8fca8402addb885ab21e3f6c351edc95c91a1b30e5fb591a2cc,fccb5f09acb6d2e5fb55c7a279b3ade1e5c54b1eccdfa96913e9037ece98176b,,,,
77,,0,0,0.0,2,0.06694620140714945,2e219c54a929d16f0cc7,,,,4.916199899998901,0,TwitterAbsoluteSigma,UCI 248 donor archive: Twitter Absolute Sigma 500,"{'extension': 'fewpla-datasets-v1', 'registry': {'source': 'UCI 248 donor archive: Twitter Absolute Sigma 500', 'url': 'https://lig-aptikal.imag.fr/buzz-prediction-in-online-social-media/', 'group': 'core', 'note': 'Use published classification labels, never the regression target or a newly chosen threshold.', 'paper_shape': [140607, 77, 2]}, 'override': None, 'strict_paper_shape': False}",0,0,0.06563602496663594,0.0,0,0,PRIMARY,1083467,77,7033c95dcb545473971ca22371e765569f2cd32ca3aaad554500022d7dd9dec8,1,,56282,14071,0,,0.9986898235594865,0.0030190166363356767,KDB,1.841132076780356,generative,0,70354,False,0.0,0.9938382288165636,0.11808559999917634,edb53c79fffc8b040ffd6ddf2023c63738a0758c4e344b9be200f7d9262b9bca,56282,1,0,0.25687335993826504,0.9837770973960189,140707,1.0,False,"repeat=1,fold=1",be8a706b49c775983c4e5c88fb0a2b44796e37947b3254f9790eacb3a7a34a90,validation,e9e928625a94d8fca8402addb885ab21e3f6c351edc95c91a1b30e5fb591a2cc,fccb5f09acb6d2e5fb55c7a279b3ade1e5c54b1eccdfa96913e9037ece98176b,,,,
77,,0,0,0.0,2,0.06694715296926969,2e219c54a929d16f0cc7,,,,4.916199899998901,0,TwitterAbsoluteSigma,UCI 248 donor archive: Twitter Absolute Sigma 500,"{'extension': 'fewpla-datasets-v1', 'registry': {'source': 'UCI 248 donor archive: Twitter Absolute Sigma 500', 'url': 'https://lig-aptikal.imag.fr/buzz-prediction-in-online-social-media/', 'group': 'core', 'note': 'Use published classification labels, never the regression target or a newly chosen threshold.', 'paper_shape': [140607, 77, 2]}, 'override': None, 'strict_paper_shape': False}",0,0,0.06565492067004718,0.0,0,0,PRIMARY,5417258,77,7033c95dcb545473971ca22371e765569f2cd32ca3aaad554500022d7dd9dec8,1,,56282,14071,0,,0.9987077677007773,0.0030576835306448274,KDB,1.8686545287945453,generative,0,70354,False,0.0,0.9938888975760214,0.8157590000009804,d7a115217a3fa5a41ae2536c01bac5d36883e84ac0a7105d4f16a21397db04e4,56282,1,0,0.2570977825626365,0.9841055514514994,140707,1.0,False,"repeat=1,fold=1",be8a706b49c775983c4e5c88fb0a2b44796e37947b3254f9790eacb3a7a34a90,test,e9e928625a94d8fca8402addb885ab21e3f6c351edc95c91a1b30e5fb591a2cc,fccb5f09acb6d2e5fb55c7a279b3ade1e5c54b1eccdfa96913e9037ece98176b,,,,
1165,,0,0,0.0,2,0.043672932731601576,2e219c54a929d16f0cc7,,,,47.25378580000324,0,TwitterAbsoluteSigma,UCI 248 donor archive: Twitter Absolute Sigma 500,"{'extension': 'fewpla-datasets-v1', 'registry': {'source': 'UCI 248 donor archive: Twitter Absolute Sigma 500', 'url': 'https://lig-aptikal.imag.fr/buzz-prediction-in-online-social-media/', 'group': 'core', 'note': 'Use published classification labels, never the regression target or a newly chosen threshold.', 'paper_shape': [140607, 77, 2]}, 'override': None, 'strict_paper_shape': False}",0,0,0.02934173703350022,0.987012987012987,4277432,1,PRIMARY,4333714,77,7033c95dcb545473971ca22371e765569f2cd32ca3aaad554500022d7dd9dec8,1,,56282,14071,1,,0.9856688043018986,0.034212026742001043,KDB,0.16999022426947102,generative,0,70354,False,0.0,0.9975979868468696,0.7456798000021081,269250ba12680e2d46b46dca8a7bcc8da00c597b0285ac6e288189b46e3e88e4,56282,1,4277432,0.1903781239096457,0.9906252782145301,140707,1.0,False,"repeat=1,fold=1",bcbf7d9886a1a149c2ab8f2ec806d7ed1df187b090c9cf0fd72c33c9767a7f4f,train,e9e928625a94d8fca8402addb885ab21e3f6c351edc95c91a1b30e5fb591a2cc,fccb5f09acb6d2e5fb55c7a279b3ade1e5c54b1eccdfa96913e9037ece98176b,,,,
1165,,0,0,0.0,2,0.05251936607206311,2e219c54a929d16f0cc7,,,,47.25378580000324,0,TwitterAbsoluteSigma,UCI 248 donor archive: Twitter Absolute Sigma 500,"{'extension': 'fewpla-datasets-v1', 'registry': {'source': 'UCI 248 donor archive: Twitter Absolute Sigma 500', 'url': 'https://lig-aptikal.imag.fr/buzz-prediction-in-online-social-media/', 'group': 'core', 'note': 'Use published classification labels, never the regression target or a newly chosen threshold.', 'paper_shape': [140607, 77, 2]}, 'override': None, 'strict_paper_shape': False}",0,0,0.037823616867600926,0.987012987012987,1069396,1,PRIMARY,1083467,77,7033c95dcb545473971ca22371e765569f2cd32ca3aaad554500022d7dd9dec8,1,,56282,14071,1,,0.9853042507955376,0.03526211777572601,KDB,0.24304381835459968,generative,0,70354,False,0.0,0.9961731754722438,0.4052077999986068,7489af83687106bdfb91b955c04c27379ee56eaf9671f6e919e8678585647077,56282,1,1069396,0.2090313500995935,0.9851710772269291,140707,1.0,False,"repeat=1,fold=1",bcbf7d9886a1a149c2ab8f2ec806d7ed1df187b090c9cf0fd72c33c9767a7f4f,validation,e9e928625a94d8fca8402addb885ab21e3f6c351edc95c91a1b30e5fb591a2cc,fccb5f09acb6d2e5fb55c7a279b3ade1e5c54b1eccdfa96913e9037ece98176b,,,,
1165,,0,0,0.0,2,0.05399835119538335,2e219c54a929d16f0cc7,,,,47.25378580000324,0,TwitterAbsoluteSigma,UCI 248 donor archive: Twitter Absolute Sigma 500,"{'extension': 'fewpla-datasets-v1', 'registry': {'source': 'UCI 248 donor archive: Twitter Absolute Sigma 500', 'url': 'https://lig-aptikal.imag.fr/buzz-prediction-in-online-social-media/', 'group': 'core', 'note': 'Use published classification labels, never the regression target or a newly chosen threshold.', 'paper_shape': [140607, 77, 2]}, 'override': None, 'strict_paper_shape': False}",0,0,0.039478641543796114,0.987012987012987,5346904,1,PRIMARY,5417258,77,7033c95dcb545473971ca22371e765569f2cd32ca3aaad554500022d7dd9dec8,1,,56282,14071,1,,0.9854802903484129,0.03512293847372715,KDB,0.24871572526549496,generative,0,70354,False,0.0,0.9961209742859096,0.967241099999228,9a20ec99346c85ad1db8a8b9c50f89679f124020f780a0e48573a69619662e6d,56282,1,5346904,0.21276092527101337,0.9849638014703518,140707,1.0,False,"repeat=1,fold=1",bcbf7d9886a1a149c2ab8f2ec806d7ed1df187b090c9cf0fd72c33c9767a7f4f,test,e9e928625a94d8fca8402addb885ab21e3f6c351edc95c91a1b30e5fb591a2cc,fccb5f09acb6d2e5fb55c7a279b3ade1e5c54b1eccdfa96913e9037ece98176b,,,,
9432,,0,0,0.0,2,0.018904800824419886,2e219c54a929d16f0cc7,,,,47.25378580000324,0,TwitterAbsoluteSigma,UCI 248 donor archive: Twitter Absolute Sigma 500,"{'extension': 'fewpla-datasets-v1', 'registry': {'source': 'UCI 248 donor archive: Twitter Absolute Sigma 500', 'url': 'https://lig-aptikal.imag.fr/buzz-prediction-in-online-social-media/', 'group': 'core', 'note': 'Use published classification labels, never the regression target or a newly chosen threshold.', 'paper_shape': [140607, 77, 2]}, 'override': None, 'strict_paper_shape': False}",0,0,0.011031619538319725,1.9610389610389611,8498582,2,PRIMARY,4333714,77,7033c95dcb545473971ca22371e765569f2cd32ca3aaad554500022d7dd9dec8,1,,56282,14071,2,,0.9921268187138997,0.018830637582390987,KDB,0.06547109228705629,generative,0,70354,False,0.0,0.9993909131488246,2.7207734000003256,77135c0425a8e230fd5a4058207000f2d2d9ba8d889cc64746e7b25984cd5827,56282,1,8498582,0.12277686919857768,0.9976233136463386,140707,1.0,False,"repeat=1,fold=1",d8dbe3e3cd057758353baafc2e98acab80208cb9c25dd2a243b18195cba22087,train,e9e928625a94d8fca8402addb885ab21e3f6c351edc95c91a1b30e5fb591a2cc,fccb5f09acb6d2e5fb55c7a279b3ade1e5c54b1eccdfa96913e9037ece98176b,,,,
9432,,272,272,0.00025104594786920135,2,0.04413332385757942,2e219c54a929d16f0cc7,,,,47.25378580000324,0,TwitterAbsoluteSigma,UCI 248 donor archive: Twitter Absolute Sigma 500,"{'extension': 'fewpla-datasets-v1', 'registry': {'source': 'UCI 248 donor archive: Twitter Absolute Sigma 500', 'url': 'https://lig-aptikal.imag.fr/buzz-prediction-in-online-social-media/', 'group': 'core', 'note': 'Use published classification labels, never the regression target or a newly chosen threshold.', 'paper_shape': [140607, 77, 2]}, 'override': None, 'strict_paper_shape': False}",0,0,0.033877632445351614,1.9607879150910918,2124449,2,PRIMARY,1083467,77,7033c95dcb545473971ca22371e765569f2cd32ca3aaad554500022d7dd9dec8,1,,56282,14071,2,,0.9897443085877722,0.024441473441066043,KDB,0.28014847928691594,generative,0,70354,False,0.0,0.9961091424697763,2.292491299998801,91c427ca216398dcf1b82685d15d73c0d1b6e230e2b9adfecfb68242ced86765,56282,1,2124721,0.19528565513546328,0.9856270859081204,140707,1.0,False,"repeat=1,fold=1",d8dbe3e3cd057758353baafc2e98acab80208cb9c25dd2a243b18195cba22087,validation,e9e928625a94d8fca8402addb885ab21e3f6c351edc95c91a1b30e5fb591a2cc,fccb5f09acb6d2e5fb55c7a279b3ade1e5c54b1eccdfa96913e9037ece98176b,,,,
9432,,1110,1110,0.0002049007080703928,2,0.04593910793984706,2e219c54a929d16f0cc7,,,,47.25378580000324,0,TwitterAbsoluteSigma,UCI 248 donor archive: Twitter Absolute Sigma 500,"{'extension': 'fewpla-datasets-v1', 'registry': {'source': 'UCI 248 donor archive: Twitter Absolute Sigma 500', 'url': 'https://lig-aptikal.imag.fr/buzz-prediction-in-online-social-media/', 'group': 'core', 'note': 'Use published classification labels, never the regression target or a newly chosen threshold.', 'paper_shape': [140607, 77, 2]}, 'override': None, 'strict_paper_shape': False}",0,0,0.03571775936558361,1.9608340603308907,10622344,2,PRIMARY,5417258,77,7033c95dcb545473971ca22371e765569f2cd32ca3aaad554500022d7dd9dec8,1,,56282,14071,2,,0.9897786514257366,0.0243518033595279,KDB,0.2886074751839593,generative,0,70354,False,0.0,0.9959746715145217,3.1678947000000335,f97541347e9f871a75f1eef3d14f6d0f749c7aca95f817e6fd95504488877436,56282,1,10623454,0.19944293976884167,0.9850611644118127,140707,1.0,False,"repeat=1,fold=1",d8dbe3e3cd057758353baafc2e98acab80208cb9c25dd2a243b18195cba22087,test,e9e928625a94d8fca8402addb885ab21e3f6c351edc95c91a1b30e5fb591a2cc,fccb5f09acb6d2e5fb55c7a279b3ade1e5c54b1eccdfa96913e9037ece98176b,,,,
40905,,0,0,0.0,2,0.007782239437120216,2e219c54a929d16f0cc7,,,,47.25378580000324,0,TwitterAbsoluteSigma,UCI 248 donor archive: Twitter Absolute Sigma 500,"{'extension': 'fewpla-datasets-v1', 'registry': {'source': 'UCI 248 donor archive: Twitter Absolute Sigma 500', 'url': 'https://lig-aptikal.imag.fr/buzz-prediction-in-online-social-media/', 'group': 'core', 'note': 'Use published classification labels, never the regression target or a newly chosen threshold.', 'paper_shape': [140607, 77, 2]}, 'override': None, 'strict_paper_shape': False}",0,0,0.004993344618202951,2.9220779220779223,12663450,3,PRIMARY,4333714,77,7033c95dcb545473971ca22371e765569f2cd32ca3aaad554500022d7dd9dec8,1,,56282,14071,3,,0.9972111051810826,0.007018701862533161,KDB,0.02901562059313396,generative,0,70354,False,0.0,0.9998674345256844,10.473865100000694,6b4e3180645eab0d12399fd5f2f1be30a228c855da39c096b2e09b9359384b87,56282,1,12663450,0.07943594887991756,0.9994891702266834,140707,1.0,False,"repeat=1,fold=1",89d2dee6800d5b6b4ded181211b3b5c9b15d5e14e3c660f55a5d701ab3178961,train,e9e928625a94d8fca8402addb885ab21e3f6c351edc95c91a1b30e5fb591a2cc,fccb5f09acb6d2e5fb55c7a279b3ade1e5c54b1eccdfa96913e9037ece98176b,,,,
40905,,2709,2709,0.002500306885212009,2,0.041574870300618294,2e219c54a929d16f0cc7,,,,47.25378580000324,0,TwitterAbsoluteSigma,UCI 248 donor archive: Twitter Absolute Sigma 500,"{'extension': 'fewpla-datasets-v1', 'registry': {'source': 'UCI 248 donor archive: Twitter Absolute Sigma 500', 'url': 'https://lig-aptikal.imag.fr/buzz-prediction-in-online-social-media/', 'group': 'core', 'note': 'Use published classification labels, never the regression target or a newly chosen threshold.', 'paper_shape': [140607, 77, 2]}, 'override': None, 'strict_paper_shape': False}",0,0,0.034886784634345545,2.9193293381339718,3162997,3,PRIMARY,1083467,77,7033c95dcb545473971ca22371e765569f2cd32ca3aaad554500022d7dd9dec8,1,,56282,14071,3,,0.9928691201414019,0.016548887912685016,KDB,0.36360166708725244,generative,0,70354,False,0.0,0.9947684896520497,9.848797400001786,407b2074568678eca4b2fbe0ff529cb8bee14bc1d7d0e9da21664ab321349524,56282,1,3165975,0.19384864376962688,0.9840741789850972,140707,1.0,False,"repeat=1,fold=1",89d2dee6800d5b6b4ded181211b3b5c9b15d5e14e3c660f55a5d701ab3178961,validation,e9e928625a94d8fca8402addb885ab21e3f6c351edc95c91a1b30e5fb591a2cc,fccb5f09acb6d2e5fb55c7a279b3ade1e5c54b1eccdfa96913e9037ece98176b,,,,
40905,,13488,13488,0.0024898204959040164,2,0.042684140205247745,2e219c54a929d16f0cc7,,,,47.25378580000324,0,TwitterAbsoluteSigma,UCI 248 donor archive: Twitter Absolute Sigma 500,"{'extension': 'fewpla-datasets-v1', 'registry': {'source': 'UCI 248 donor archive: Twitter Absolute Sigma 500', 'url': 'https://lig-aptikal.imag.fr/buzz-prediction-in-online-social-media/', 'group': 'core', 'note': 'Use published classification labels, never the regression target or a newly chosen threshold.', 'paper_shape': [140607, 77, 2]}, 'override': None, 'strict_paper_shape': False}",0,0,0.036189062422087824,2.919385231421505,15815063,3,PRIMARY,5417258,77,7033c95dcb545473971ca22371e765569f2cd32ca3aaad554500022d7dd9dec8,1,,56282,14071,3,,0.9935049222168398,0.015504696449756395,KDB,0.3698729050577767,generative,0,70354,False,0.0,0.9951803126282209,10.666359800001374,b21151160bd8cd74ea87bc288369d0d491052f40a827c607400657ecc1936064,56282,1,15829650,0.19663890567868245,0.9842741175473482,140707,1.0,False,"repeat=1,fold=1",89d2dee6800d5b6b4ded181211b3b5c9b15d5e14e3c660f55a5d701ab3178961,test,e9e928625a94d8fca8402addb885ab21e3f6c351edc95c91a1b30e5fb591a2cc,fccb5f09acb6d2e5fb55c7a279b3ade1e5c54b1eccdfa96913e9037ece98176b,,,,
112136,,0,0,0.0,2,0.0034113926299705055,2e219c54a929d16f0cc7,,,,47.25378580000324,0,TwitterAbsoluteSigma,UCI 248 donor archive: Twitter Absolute Sigma 500,"{'extension': 'fewpla-datasets-v1', 'registry': {'source': 'UCI 248 donor archive: Twitter Absolute Sigma 500', 'url': 'https://lig-aptikal.imag.fr/buzz-prediction-in-online-social-media/', 'group': 'core', 'note': 'Use published classification labels, never the regression target or a newly chosen threshold.', 'paper_shape': [140607, 77, 2]}, 'override': None, 'strict_paper_shape': False}",0,0,0.002348144335080479,3.8701298701298703,16772036,4,PRIMARY,4333714,77,7033c95dcb545473971ca22371e765569f2cd32ca3aaad554500022d7dd9dec8,1,,56282,14071,4,,0.9989250109341437,0.0026337921990798496,KDB,0.016727435448264046,generative,0,70354,False,0.0,0.9999566612073374,27.40460919999896,f4598c72ace6a45c032cbbd5587ff92db1cf489c44a530c6f320cb056e89840f,56282,1,16772036,0.05379485371137311,0.9998346852749563,140707,1.0,False,"repeat=1,fold=1",1851f3fbcf233fad3b00602baf40835a8cfbe1c1a6b76433f8d1ea272116a1e9,train,e9e928625a94d8fca8402addb885ab21e3f6c351edc95c91a1b30e5fb591a2cc,fccb5f09acb6d2e5fb55c7a279b3ade1e5c54b1eccdfa96913e9037ece98176b,,,,
112136,,11760,11760,0.010854045393168412,2,0.03930068936109729,2e219c54a929d16f0cc7,,,,47.25378580000324,0,TwitterAbsoluteSigma,UCI 248 donor archive: Twitter Absolute Sigma 500,"{'extension': 'fewpla-datasets-v1', 'registry': {'source': 'UCI 248 donor archive: Twitter Absolute Sigma 500', 'url': 'https://lig-aptikal.imag.fr/buzz-prediction-in-online-social-media/', 'group': 'core', 'note': 'Use published classification labels, never the regression target or a newly chosen threshold.', 'paper_shape': [140607, 77, 2]}, 'override': None, 'strict_paper_shape': False}",0,0,0.03531728203613796,3.8565346244971006,4178428,4,PRIMARY,1083467,77,7033c95dcb545473971ca22371e765569f2cd32ca3aaad554500022d7dd9dec8,1,,56282,14071,4,,0.9960165926750406,0.00933531521675658,KDB,0.49320730396310786,generative,0,70354,False,0.0,0.9940480999398466,26.849967299996933,901a9afb5cbdbf56342e099a62af3659ad6ef02b00f50d08782a61907e27d01c,56282,1,4193158,0.192090853242779,0.9832188518363325,140707,1.0,False,"repeat=1,fold=1",1851f3fbcf233fad3b00602baf40835a8cfbe1c1a6b76433f8d1ea272116a1e9,validation,e9e928625a94d8fca8402addb885ab21e3f6c351edc95c91a1b30e5fb591a2cc,fccb5f09acb6d2e5fb55c7a279b3ade1e5c54b1eccdfa96913e9037ece98176b,,,,
112136,,59302,59302,0.010946866477468859,2,0.03962816613127896,2e219c54a929d16f0cc7,,,,47.25378580000324,0,TwitterAbsoluteSigma,UCI 248 donor archive: Twitter Absolute Sigma 500,"{'extension': 'fewpla-datasets-v1', 'registry': {'source': 'UCI 248 donor archive: Twitter Absolute Sigma 500', 'url': 'https://lig-aptikal.imag.fr/buzz-prediction-in-online-social-media/', 'group': 'core', 'note': 'Use published classification labels, never the regression target or a newly chosen threshold.', 'paper_shape': [140607, 77, 2]}, 'override': None, 'strict_paper_shape': False}",0,0,0.035614487927521706,3.856497696805284,20891643,4,PRIMARY,5417258,77,7033c95dcb545473971ca22371e765569f2cd32ca3aaad554500022d7dd9dec8,1,,56282,14071,4,,0.9959863217962427,0.009603742092850646,KDB,0.4761057464362824,generative,0,70354,False,0.0,0.9945861072966027,27.81443389999913,d1b2f692949f1e7254d47d826f605f37516dd4fbbcff82780fbac6860be86029,56282,1,20965492,0.1922216189569391,0.9839271007574643,140707,1.0,False,"repeat=1,fold=1",1851f3fbcf233fad3b00602baf40835a8cfbe1c1a6b76433f8d1ea272116a1e9,test,e9e928625a94d8fca8402addb885ab21e3f6c351edc95c91a1b30e5fb591a2cc,fccb5f09acb6d2e5fb55c7a279b3ade1e5c54b1eccdfa96913e9037ece98176b,,,,
226558,,0,0,0.0,2,0.0013681105859777549,2e219c54a929d16f0cc7,,,,47.25378580000324,0,TwitterAbsoluteSigma,UCI 248 donor archive: Twitter Absolute Sigma 500,"{'extension': 'fewpla-datasets-v1', 'registry': {'source': 'UCI 248 donor archive: Twitter Absolute Sigma 500', 'url': 'https://lig-aptikal.imag.fr/buzz-prediction-in-online-social-media/', 'group': 'core', 'note': 'Use published classification labels, never the regression target or a newly chosen threshold.', 'paper_shape': [140607, 77, 2]}, 'override': None, 'strict_paper_shape': False}",0,0,0.0010771004901240816,4.805194805194805,20824340,5,PRIMARY,4333714,77,7033c95dcb545473971ca22371e765569f2cd32ca3aaad554500022d7dd9dec8,1,,56282,14071,5,,0.9997089899041463,0.0007046264756230212,KDB,0.008151823083992475,generative,0,70354,False,0.0,0.9999889583374363,53.166589600004954,5033d069a7348efa137117488602e629f55f859f332691ecaa62e38a70bca1dc,56282,1,20824340,0.034186335501975654,0.9999573646818326,140707,1.0,False,"repeat=1,fold=1",49114de0b3686e31594fdc9e083e20154c8a26f1aad9a0ae6e9c819faf6528f9,train,e9e928625a94d8fca8402addb885ab21e3f6c351edc95c91a1b30e5fb591a2cc,fccb5f09acb6d2e5fb55c7a279b3ade1e5c54b1eccdfa96913e9037ece98176b,,,,
226558,,30040,30040,0.027725809830848564,2,0.03695544026721626,2e219c54a929d16f0cc7,,,,47.25378580000324,0,TwitterAbsoluteSigma,UCI 248 donor archive: Twitter Absolute Sigma 500,"{'extension': 'fewpla-datasets-v1', 'registry': {'source': 'UCI 248 donor archive: Twitter Absolute Sigma 500', 'url': 'https://lig-aptikal.imag.fr/buzz-prediction-in-online-social-media/', 'group': 'core', 'note': 'Use published classification labels, never the regression target or a newly chosen threshold.', 'paper_shape': [140607, 77, 2]}, 'override': None, 'strict_paper_shape': False}",0,0,0.03473910500932385,4.7639263586246745,5161557,5,PRIMARY,1083467,77,7033c95dcb545473971ca22371e765569f2cd32ca3aaad554500022d7dd9dec8,1,,56282,14071,5,,0.9977021746990797,0.005508542456128452,KDB,0.6204974472716269,generative,0,70354,False,0.0,0.9927643559513862,53.15040289999888,e70ebf91bf90c5c0f708149c6e0d1ee496d6e428db5ab6999ddcd1f11d5c92d8,56282,1,5206270,0.18874672855366756,0.980601712095466,140707,1.0,False,"repeat=1,fold=1",49114de0b3686e31594fdc9e083e20154c8a26f1aad9a0ae6e9c819faf6528f9,validation,e9e928625a94d8fca8402addb885ab21e3f6c351edc95c91a1b30e5fb591a2cc,fccb5f09acb6d2e5fb55c7a279b3ade1e5c54b1eccdfa96913e9037ece98176b,,,,
226558,,153223,153223,0.02828423530871153,2,0.03856212866361543,2e219c54a929d16f0cc7,,,,47.25378580000324,0,TwitterAbsoluteSigma,UCI 248 donor archive: Twitter Absolute Sigma 500,"{'extension': 'fewpla-datasets-v1', 'registry': {'source': 'UCI 248 donor archive: Twitter Absolute Sigma 500', 'url': 'https://lig-aptikal.imag.fr/buzz-prediction-in-online-social-media/', 'group': 'core', 'note': 'Use published classification labels, never the regression target or a newly chosen threshold.', 'paper_shape': [140607, 77, 2]}, 'override': None, 'strict_paper_shape': False}",0,0,0.03581227764448019,4.763337651631139,25804229,5,PRIMARY,5417258,77,7033c95dcb545473971ca22371e765569f2cd32ca3aaad554500022d7dd9dec8,1,,56282,14071,5,,0.9972501489808648,0.006478583764342143,KDB,0.607890467467663,generative,0,70354,False,0.0,0.9921013205156715,53.95307579999644,830066127d568af17ff69f7326b84ddd48b9802d23e34a15cfa41d5ce5cfc428,56282,1,26030980,0.19143535092949815,0.9796128067911998,140707,1.0,False,"repeat=1,fold=1",49114de0b3686e31594fdc9e083e20154c8a26f1aad9a0ae6e9c819faf6528f9,test,e9e928625a94d8fca8402addb885ab21e3f6c351edc95c91a1b30e5fb591a2cc,fccb5f09acb6d2e5fb55c7a279b3ade1e5c54b1eccdfa96913e9037ece98176b,,,,
77,,0,0,0.0,2,0.06618339463070554,2e219c54a929d16f0cc7,,,,4.976033799997822,0,TwitterAbsoluteSigma,UCI 248 donor archive: Twitter Absolute Sigma 500,"{'extension': 'fewpla-datasets-v1', 'registry': {'source': 'UCI 248 donor archive: Twitter Absolute Sigma 500', 'url': 'https://lig-aptikal.imag.fr/buzz-prediction-in-online-social-media/', 'group': 'core', 'note': 'Use published classification labels, never the regression target or a newly chosen threshold.', 'paper_shape': [140607, 77, 2]}, 'override': None, 'strict_paper_shape': False}",0,0,0.06492049718505918,0.0,0,0,PRIMARY,4333791,77,079003890bf61366ee8ff036587eb6125db6eccc74f509a871334128f03952d8,2,,56283,14071,0,,0.9986136059295309,0.003228264427407057,KDB,1.8336764145930093,generative,0,70353,False,0.0,0.993997687361653,0.5907956000010017,0f6b5715a86064ee57f1e78aa17a66ed5d9ff9aff5bff5ecbbce34ac485509dd,56283,1,0,0.2555304401139356,0.9844222908776169,140707,1.0,False,"repeat=1,fold=2",be8a706b49c775983c4e5c88fb0a2b44796e37947b3254f9790eacb3a7a34a90,train,5779f0f6d29d2df82bda9314380dabf582793449d80af36c3e72db49f7ff1a06,6aaa21b957a26c1d8278bc852b1046abaaffada8543d9f19f53d9f71cd184f3d,,,,
77,,0,0,0.0,2,0.06751474664202971,2e219c54a929d16f0cc7,,,,4.976033799997822,0,TwitterAbsoluteSigma,UCI 248 donor archive: Twitter Absolute Sigma 500,"{'extension': 'fewpla-datasets-v1', 'registry': {'source': 'UCI 248 donor archive: Twitter Absolute Sigma 500', 'url': 'https://lig-aptikal.imag.fr/buzz-prediction-in-online-social-media/', 'group': 'core', 'note': 'Use published classification labels, never the regression target or a newly chosen threshold.', 'paper_shape': [140607, 77, 2]}, 'override': None, 'strict_paper_shape': False}",0,0,0.0664277867480867,0.0,0,0,PRIMARY,1083467,77,079003890bf61366ee8ff036587eb6125db6eccc74f509a871334128f03952d8,2,,56283,14071,0,,0.9988093531361226,0.0029575186849147717,KDB,1.8855819278730206,generative,0,70353,False,0.0,0.9942310445058584,0.13203340000472963,245609e5135d9263f10c721e53e0f287406b5eafd3fdd6a2cf2b4bddb4acb99d,56283,1,0,0.25787623011865424,0.9848672320506399,140707,1.0,False,"repeat=1,fold=2",be8a706b49c775983c4e5c88fb0a2b44796e37947b3254f9790eacb3a7a34a90,validation,5779f0f6d29d2df82bda9314380dabf582793449d80af36c3e72db49f7ff1a06,6aaa21b957a26c1d8278bc852b1046abaaffada8543d9f19f53d9f71cd184f3d,,,,
77,,0,0,0.0,2,0.06602419228746464,2e219c54a929d16f0cc7,,,,4.976033799997822,0,TwitterAbsoluteSigma,UCI 248 donor archive: Twitter Absolute Sigma 500,"{'extension': 'fewpla-datasets-v1', 'registry': {'source': 'UCI 248 donor archive: Twitter Absolute Sigma 500', 'url': 'https://lig-aptikal.imag.fr/buzz-prediction-in-online-social-media/', 'group': 'core', 'note': 'Use published classification labels, never the regression target or a newly chosen threshold.', 'paper_shape': [140607, 77, 2]}, 'override': None, 'strict_paper_shape': False}",0,0,0.06474121306775381,0.0,0,0,PRIMARY,5417181,77,079003890bf61366ee8ff036587eb6125db6eccc74f509a871334128f03952d8,2,,56283,14071,0,,0.9986922950265525,0.0031776887273239703,KDB,1.8182581056490124,generative,0,70353,False,0.0,0.9937815811601187,0.784334800002398,c0d02eb15e495312455c16815f5d7eb1bcb9cfbad6c2d1ac4215fdd3759e8151,56283,1,0,0.2551563920324552,0.9838436739541939,140707,1.0,False,"repeat=1,fold=2",be8a706b49c775983c4e5c88fb0a2b44796e37947b3254f9790eacb3a7a34a90,test,5779f0f6d29d2df82bda9314380dabf582793449d80af36c3e72db49f7ff1a06,6aaa21b957a26c1d8278bc852b1046abaaffada8543d9f19f53d9f71cd184f3d,,,,
1158,,0,0,0.0,2,0.043370111756658315,2e219c54a929d16f0cc7,,,,47.334054399994784,0,TwitterAbsoluteSigma,UCI 248 donor archive: Twitter Absolute Sigma 500,"{'extension': 'fewpla-datasets-v1', 'registry': {'source': 'UCI 248 donor archive: Twitter Absolute Sigma 500', 'url': 'https://lig-aptikal.imag.fr/buzz-prediction-in-online-social-media/', 'group': 'core', 'note': 'Use published classification labels, never the regression target or a newly chosen threshold.', 'paper_shape': [140607, 77, 2]}, 'override': None, 'strict_paper_shape': False}",0,0,0.028185936568877037,0.987012987012987,4277508,1,PRIMARY,4333791,77,079003890bf61366ee8ff036587eb6125db6eccc74f509a871334128f03952d8,2,,56283,14071,1,,0.9848158248122187,0.03595186993499542,KDB,0.15453088191731515,generative,0,70353,False,0.0,0.9978593118193948,0.7549502000038046,190aa87d22f85b12a40dc57565db3ad9ef8842aca69cc62760b65fbaa112da52,56283,1,4277508,0.18632119342194434,0.9914195995341679,140707,1.0,False,"repeat=1,fold=2",74cdc109cfadb11f3c821dda96c206e98700d102bd43915cc2fc2d63c14507ba,train,5779f0f6d29d2df82bda9314380dabf582793449d80af36c3e72db49f7ff1a06,6aaa21b957a26c1d8278bc852b1046abaaffada8543d9f19f53d9f71cd184f3d,,,,
1158,,0,0,0.0,2,0.05216402530026295,2e219c54a929d16f0cc7,,,,47.334054399994784,0,TwitterAbsoluteSigma,UCI 248 donor archive: Twitter Absolute Sigma 500,"{'extension': 'fewpla-datasets-v1', 'registry': {'source': 'UCI 248 donor archive: Twitter Absolute Sigma 500', 'url': 'https://lig-aptikal.imag.fr/buzz-prediction-in-online-social-media/', 'group': 'core', 'note': 'Use published classification labels, never the regression target or a newly chosen threshold.', 'paper_shape': [140607, 77, 2]}, 'override': None, 'strict_paper_shape': False}",0,0,0.03699529868057379,0.987012987012987,1069396,1,PRIMARY,1083467,77,079003890bf61366ee8ff036587eb6125db6eccc74f509a871334128f03952d8,2,,56283,14071,1,,0.9848312733803107,0.03633633114727742,KDB,0.23737834654997314,generative,0,70353,False,0.0,0.9962808569448903,0.3737842999980785,276dec1653ec0f64dc28f6a66ff7915e03cae7378b9a0070c39c8002e0d540f6,56283,1,1069396,0.20917456911895815,0.9852786504787047,140707,1.0,False,"repeat=1,fold=2",74cdc109cfadb11f3c821dda96c206e98700d102bd43915cc2fc2d63c14507ba,validation,5779f0f6d29d2df82bda9314380dabf582793449d80af36c3e72db49f7ff1a06,6aaa21b957a26c1d8278bc852b1046abaaffada8543d9f19f53d9f71cd184f3d,,,,
1158,,0,0,0.0,2,0.05298992224922889,2e219c54a929d16f0cc7,,,,47.334054399994784,0,TwitterAbsoluteSigma,UCI 248 donor archive: Twitter Absolute Sigma 500,"{'extension': 'fewpla-datasets-v1', 'registry': {'source': 'UCI 248 donor archive: Twitter Absolute Sigma 500', 'url': 'https://lig-aptikal.imag.fr/buzz-prediction-in-online-social-media/', 'group': 'core', 'note': 'Use published classification labels, never the regression target or a newly chosen threshold.', 'paper_shape': [140607, 77, 2]}, 'override': None, 'strict_paper_shape': False}",0,0,0.03729388324379787,0.987012987012987,5346828,1,PRIMARY,5417181,77,079003890bf61366ee8ff036587eb6125db6eccc74f509a871334128f03952d8,2,,56283,14071,1,,0.984303960994569,0.037118616481786104,KDB,0.2372589753328925,generative,0,70353,False,0.0,0.9961832465617912,1.072981700002856,f5a34a74ed7bbf630f8785d1f13708591f9d442d70e7b045c0050136a83af5a5,56283,1,5346828,0.20873010906939524,0.9852375383683358,140707,1.0,False,"repeat=1,fold=2",74cdc109cfadb11f3c821dda96c206e98700d102bd43915cc2fc2d63c14507ba,test,5779f0f6d29d2df82bda9314380dabf582793449d80af36c3e72db49f7ff1a06,6aaa21b957a26c1d8278bc852b1046abaaffada8543d9f19f53d9f71cd184f3d,,,,
9886,,0,0,0.0,2,0.018495815788071,2e219c54a929d16f0cc7,,,,47.334054399994784,0,TwitterAbsoluteSigma,UCI 248 donor archive: Twitter Absolute Sigma 500,"{'extension': 'fewpla-datasets-v1', 'registry': {'source': 'UCI 248 donor archive: Twitter Absolute Sigma 500', 'url': 'https://lig-aptikal.imag.fr/buzz-prediction-in-online-social-media/', 'group': 'core', 'note': 'Use published classification labels, never the regression target or a newly chosen threshold.', 'paper_shape': [140607, 77, 2]}, 'override': None, 'strict_paper_shape': False}",0,0,0.011521492742297471,1.9610389610389611,8498733,2,PRIMARY,4333791,77,079003890bf61366ee8ff036587eb6125db6eccc74f509a871334128f03952d8,2,,56283,14071,2,,0.9930256769542263,0.01700194427328002,KDB,0.06791019724367531,generative,0,70353,False,0.0,0.9994338727745132,3.1497756999960984,d077c9e73fcc44a758138436998108c5a0134e9ed98a646be8785cc802ff594c,56283,1,8498733,0.12238773397914587,0.9977440105598235,140707,1.0,False,"repeat=1,fold=2",d290d25d3a7b2f34792344fa10e6005a04e2f97c322027b3632193d76f3ea8ff,train,5779f0f6d29d2df82bda9314380dabf582793449d80af36c3e72db49f7ff1a06,6aaa21b957a26c1d8278bc852b1046abaaffada8543d9f19f53d9f71cd184f3d,,,,
9886,,286,286,0.00026396743048011617,2,0.04242768815293867,2e219c54a929d16f0cc7,,,,47.334054399994784,0,TwitterAbsoluteSigma,UCI 248 donor archive: Twitter Absolute Sigma 500,"{'extension': 'fewpla-datasets-v1', 'registry': {'source': 'UCI 248 donor archive: Twitter Absolute Sigma 500', 'url': 'https://lig-aptikal.imag.fr/buzz-prediction-in-online-social-media/', 'group': 'core', 'note': 'Use published classification labels, never the regression target or a newly chosen threshold.', 'paper_shape': [140607, 77, 2]}, 'override': None, 'strict_paper_shape': False}",0,0,0.03297382434877997,1.9607749936084808,2124435,2,PRIMARY,1083467,77,079003890bf61366ee8ff036587eb6125db6eccc74f509a871334128f03952d8,2,,56283,14071,2,,0.9903245751027335,0.022949574112179277,KDB,0.2602193301960119,generative,0,70353,False,0.0,0.9968188727033729,2.4699111999943852,7c97d1e84e93ae536cd5211670a33cbb8ff4ba3f5179ed7f2ca5f6d9242353f4,56283,1,2124721,0.19238774487761046,0.98775084267942,140707,1.0,False,"repeat=1,fold=2",d290d25d3a7b2f34792344fa10e6005a04e2f97c322027b3632193d76f3ea8ff,validation,5779f0f6d29d2df82bda9314380dabf582793449d80af36c3e72db49f7ff1a06,6aaa21b957a26c1d8278bc852b1046abaaffada8543d9f19f53d9f71cd184f3d,,,,
9886,,1362,1362,0.0002514222803336274,2,0.042286753940841186,2e219c54a929d16f0cc7,,,,47.334054399994784,0,TwitterAbsoluteSigma,UCI 248 donor archive: Twitter Absolute Sigma 500,"{'extension': 'fewpla-datasets-v1', 'registry': {'source': 'UCI 248 donor archive: Twitter Absolute Sigma 500', 'url': 'https://lig-aptikal.imag.fr/buzz-prediction-in-online-social-media/', 'group': 'core', 'note': 'Use published classification labels, never the regression target or a newly chosen threshold.', 'paper_shape': [140607, 77, 2]}, 'override': None, 'strict_paper_shape': False}",0,0,0.03290254169914167,1.9607875387586273,10621941,2,PRIMARY,5417181,77,079003890bf61366ee8ff036587eb6125db6eccc74f509a871334128f03952d8,2,,56283,14071,2,,0.9906157877583004,0.02230205994882671,KDB,0.27495037936022715,generative,0,70353,False,0.0,0.996496231414514,3.1510777000003145,c16cc5dc2948a12e9d49c7d0a8f8419a04def2d8c35764c3b99f416691879282,56283,1,10623303,0.19227852854673752,0.9869192315350936,140707,1.0,False,"repeat=1,fold=2",d290d25d3a7b2f34792344fa10e6005a04e2f97c322027b3632193d76f3ea8ff,test,5779f0f6d29d2df82bda9314380dabf582793449d80af36c3e72db49f7ff1a06,6aaa21b957a26c1d8278bc852b1046abaaffada8543d9f19f53d9f71cd184f3d,,,,
45389,,0,0,0.0,2,0.006644990494465469,2e219c54a929d16f0cc7,,,,47.334054399994784,0,TwitterAbsoluteSigma,UCI 248 donor archive: Twitter Absolute Sigma 500,"{'extension': 'fewpla-datasets-v1', 'registry': {'source': 'UCI 248 donor archive: Twitter Absolute Sigma 500', 'url': 'https://lig-aptikal.imag.fr/buzz-prediction-in-online-social-media/', 'group': 'core', 'note': 'Use published classification labels, never the regression target or a newly chosen threshold.', 'paper_shape': [140607, 77, 2]}, 'override': None, 'strict_paper_shape': False}",0,0,0.004114653099492358,2.9220779220779223,12663675,3,PRIMARY,4333791,77,079003890bf61366ee8ff036587eb6125db6eccc74f509a871334128f03952d8,2,,56283,14071,3,,0.997469662605027,0.00623858467969485,KDB,0.024594671321219563,generative,0,70353,False,0.0,0.999914192516841,12.302418899998884,02774f57273c309f4df9b12e0fd0726084119d8400c4abab576cafb87d6dfd32,56283,1,12663675,0.07338927268615986,0.9996588313558737,140707,1.0,False,"repeat=1,fold=2",f3e48a4715eed0a79bd716f15488535e2211935eb296af79cdbaf0f9271a1a24,train,5779f0f6d29d2df82bda9314380dabf582793449d80af36c3e72db49f7ff1a06,6aaa21b957a26c1d8278bc852b1046abaaffada8543d9f19f53d9f71cd184f3d,,,,
45389,,3195,3195,0.0029488669244194794,2,0.04086418875701798,2e219c54a929d16f0cc7,,,,47.334054399994784,0,TwitterAbsoluteSigma,UCI 248 donor archive: Twitter Absolute Sigma 500,"{'extension': 'fewpla-datasets-v1', 'registry': {'source': 'UCI 248 donor archive: Twitter Absolute Sigma 500', 'url': 'https://lig-aptikal.imag.fr/buzz-prediction-in-online-social-media/', 'group': 'core', 'note': 'Use published classification labels, never the regression target or a newly chosen threshold.', 'paper_shape': [140607, 77, 2]}, 'override': None, 'strict_paper_shape': False}",0,0,0.03481125606074751,2.918866010686066,3162495,3,PRIMARY,1083467,77,079003890bf61366ee8ff036587eb6125db6eccc74f509a871334128f03952d8,2,,56283,14071,3,,0.9939470673037296,0.0143602468651199,KDB,0.34964464876107243,generative,0,70353,False,0.0,0.9964984699477603,11.677524200000335,a46c81c026681b304b36a1173dcd8494af6d04687c728c4e088edec5ae1fe81b,56283,1,3165975,0.1921344249143687,0.9874166269656012,140707,1.0,False,"repeat=1,fold=2",f3e48a4715eed0a79bd716f15488535e2211935eb296af79cdbaf0f9271a1a24,validation,5779f0f6d29d2df82bda9314380dabf582793449d80af36c3e72db49f7ff1a06,6aaa21b957a26c1d8278bc852b1046abaaffada8543d9f19f53d9f71cd184f3d,,,,
45389,,15332,15332,0.002830254333388528,2,0.04050999957357895,2e219c54a929d16f0cc7,,,,47.334054399994784,0,TwitterAbsoluteSigma,UCI 248 donor archive: Twitter Absolute Sigma 500,"{'extension': 'fewpla-datasets-v1', 'registry': {'source': 'UCI 248 donor archive: Twitter Absolute Sigma 500', 'url': 'https://lig-aptikal.imag.fr/buzz-prediction-in-online-social-media/', 'group': 'core', 'note': 'Use published classification labels, never the regression target or a newly chosen threshold.', 'paper_shape': [140607, 77, 2]}, 'override': None, 'strict_paper_shape': False}",0,0,0.03454015885229879,2.918999568225614,15812749,3,PRIMARY,5417181,77,079003890bf61366ee8ff036587eb6125db6eccc74f509a871334128f03952d8,2,,56283,14071,3,,0.9940301592787197,0.014090566633712274,KDB,0.3786575289760124,generative,0,70353,False,0.0,0.9958589317012666,12.553097500000149,6320eddf627c257620a21ebe53b4cd76c10869cd6e6e6da0e42037b9335a096a,56283,1,15829425,0.19183141796431202,0.9858631357224481,140707,1.0,False,"repeat=1,fold=2",f3e48a4715eed0a79bd716f15488535e2211935eb296af79cdbaf0f9271a1a24,test,5779f0f6d29d2df82bda9314380dabf582793449d80af36c3e72db49f7ff1a06,6aaa21b957a26c1d8278bc852b1046abaaffada8543d9f19f53d9f71cd184f3d,,,,
122835,,0,0,0.0,2,0.0027006378480180517,2e219c54a929d16f0cc7,,,,47.334054399994784,0,TwitterAbsoluteSigma,UCI 248 donor archive: Twitter Absolute Sigma 500,"{'extension': 'fewpla-datasets-v1', 'registry': {'source': 'UCI 248 donor archive: Twitter Absolute Sigma 500', 'url': 'https://lig-aptikal.imag.fr/buzz-prediction-in-online-social-media/', 'group': 'core', 'note': 'Use published classification labels, never the regression target or a newly chosen threshold.', 'paper_shape': [140607, 77, 2]}, 'override': None, 'strict_paper_shape': False}",0,0,0.0017557165111217843,3.8701298701298703,16772334,4,PRIMARY,4333791,77,079003890bf61366ee8ff036587eb6125db6eccc74f509a871334128f03952d8,2,,56283,14071,4,,0.9990550786631036,0.002215390591280488,KDB,0.012719540496849209,generative,0,70353,False,0.0,0.9999808641490522,31.349332899997535,dc4645b9eae3878991b06b417928e609d3061e9171fd989fe45331a48b5771f3,56283,1,16772334,0.04738219908458901,0.9999233649263142,140707,1.0,False,"repeat=1,fold=2",30c87aa7599602a2af156a8be468bc5e918f699056dead2e91b9df4c97bf5a68,train,5779f0f6d29d2df82bda9314380dabf582793449d80af36c3e72db49f7ff1a06,6aaa21b957a26c1d8278bc852b1046abaaffada8543d9f19f53d9f71cd184f3d,,,,
122835,,13334,13334,0.012306789223852688,2,0.03937175751545732,2e219c54a929d16f0cc7,,,,47.334054399994784,0,TwitterAbsoluteSigma,UCI 248 donor archive: Twitter Absolute Sigma 500,"{'extension': 'fewpla-datasets-v1', 'registry': {'source': 'UCI 248 donor archive: Twitter Absolute Sigma 500', 'url': 'https://lig-aptikal.imag.fr/buzz-prediction-in-online-social-media/', 'group': 'core', 'note': 'Use published classification labels, never the regression target or a newly chosen threshold.', 'paper_shape': [140607, 77, 2]}, 'override': None, 'strict_paper_shape': False}",0,0,0.036095075927334457,3.8546462421098195,4176382,4,PRIMARY,1083467,77,079003890bf61366ee8ff036587eb6125db6eccc74f509a871334128f03952d8,2,,56283,14071,4,,0.9962394545574675,0.008757394977778934,KDB,0.4824488715042741,generative,0,70353,False,0.0,0.9954829157715845,30.758998899997096,e3ca46f66f8ba8812f8bbe0bba1f5ed6481fb010950237853aa254d25a01d1b8,56283,1,4193158,0.19295330019667867,0.9861653341707693,140707,1.0,False,"repeat=1,fold=2",30c87aa7599602a2af156a8be468bc5e918f699056dead2e91b9df4c97bf5a68,validation,5779f0f6d29d2df82bda9314380dabf582793449d80af36c3e72db49f7ff1a06,6aaa21b957a26c1d8278bc852b1046abaaffada8543d9f19f53d9f71cd184f3d,,,,
122835,,65075,65075,0.012012705501256096,2,0.03918809432433585,2e219c54a929d16f0cc7,,,,47.334054399994784,0,TwitterAbsoluteSigma,UCI 248 donor archive: Twitter Absolute Sigma 500,"{'extension': 'fewpla-datasets-v1', 'registry': {'source': 'UCI 248 donor archive: Twitter Absolute Sigma 500', 'url': 'https://lig-aptikal.imag.fr/buzz-prediction-in-online-social-media/', 'group': 'core', 'note': 'Use published classification labels, never the regression target or a newly chosen threshold.', 'paper_shape': [140607, 77, 2]}, 'override': None, 'strict_paper_shape': False}",0,0,0.03546351629050003,3.855072222988303,20883624,4,PRIMARY,5417181,77,079003890bf61366ee8ff036587eb6125db6eccc74f509a871334128f03952d8,2,,56283,14071,4,,0.9962754219661643,0.00888962704664528,KDB,0.5018455977666114,generative,0,70353,False,0.0,0.9948690331519343,31.302820500000962,1e6afae6deb18bbf5feaa4faea249ce7a79efa8e271d2f5e940bb0d0bc6f7d55,56283,1,20965194,0.19191458793758434,0.9847744948397457,140707,1.0,False,"repeat=1,fold=2",30c87aa7599602a2af156a8be468bc5e918f699056dead2e91b9df4c97bf5a68,test,5779f0f6d29d2df82bda9314380dabf582793449d80af36c3e72db49f7ff1a06,6aaa21b957a26c1d8278bc852b1046abaaffada8543d9f19f53d9f71cd184f3d,,,,
233913,,0,0,0.0,2,0.0012792495069559192,2e219c54a929d16f0cc7,,,,47.334054399994784,0,TwitterAbsoluteSigma,UCI 248 donor archive: Twitter Absolute Sigma 500,"{'extension': 'fewpla-datasets-v1', 'registry': {'source': 'UCI 248 donor archive: Twitter Absolute Sigma 500', 'url': 'https://lig-aptikal.imag.fr/buzz-prediction-in-online-social-media/', 'group': 'core', 'note': 'Use published classification labels, never the regression target or a newly chosen threshold.', 'paper_shape': [140607, 77, 2]}, 'override': None, 'strict_paper_shape': False}",0,0,0.000990527393925101,4.805194805194805,20824710,5,PRIMARY,4333791,77,079003890bf61366ee8ff036587eb6125db6eccc74f509a871334128f03952d8,2,,56283,14071,5,,0.9997112778869691,0.0006559266545426847,KDB,0.0064210058790215045,generative,0,70353,False,0.0,0.9999978301362621,59.7717810000031,cff817e0a7fa96c629fabd54adb891cf2497c84f71e477298d681d82b507c7b8,56283,1,20824710,0.0323896603483058,0.9999911810187948,140707,1.0,False,"repeat=1,fold=2",7cdad0e2976ad5c3230d09dd66c241b47147eeb2b45c11562668636dbdac430c,train,5779f0f6d29d2df82bda9314380dabf582793449d80af36c3e72db49f7ff1a06,6aaa21b957a26c1d8278bc852b1046abaaffada8543d9f19f53d9f71cd184f3d,,,,
233913,,31555,31555,0.029124098841958268,2,0.03802146258261673,2e219c54a929d16f0cc7,,,,47.334054399994784,0,TwitterAbsoluteSigma,UCI 248 donor archive: Twitter Absolute Sigma 500,"{'extension': 'fewpla-datasets-v1', 'registry': {'source': 'UCI 248 donor archive: Twitter Absolute Sigma 500', 'url': 'https://lig-aptikal.imag.fr/buzz-prediction-in-online-social-media/', 'group': 'core', 'note': 'Use published classification labels, never the regression target or a newly chosen threshold.', 'paper_shape': [140607, 77, 2]}, 'override': None, 'strict_paper_shape': False}",0,0,0.03537993937831475,4.760671067969767,5158030,5,PRIMARY,1083467,77,079003890bf61366ee8ff036587eb6125db6eccc74f509a871334128f03952d8,2,,56283,14071,5,,0.997358476795698,0.00609687909987718,KDB,0.5947132608332523,generative,0,70353,False,0.0,0.9942547074629602,60.48335159999988,b0a070088bf2f20b778984a50769e9f3dda59f6f8e720795e3918150057f2d0d,56283,1,5206270,0.19041079965151814,0.984122825119532,140707,1.0,False,"repeat=1,fold=2",7cdad0e2976ad5c3230d09dd66c241b47147eeb2b45c11562668636dbdac430c,validation,5779f0f6d29d2df82bda9314380dabf582793449d80af36c3e72db49f7ff1a06,6aaa21b957a26c1d8278bc852b1046abaaffada8543d9f19f53d9f71cd184f3d,,,,
233913,,154973,154973,0.02860768359041354,2,0.03824996801842139,2e219c54a929d16f0cc7,,,,47.334054399994784,0,TwitterAbsoluteSigma,UCI 248 donor archive: Twitter Absolute Sigma 500,"{'extension': 'fewpla-datasets-v1', 'registry': {'source': 'UCI 248 donor archive: Twitter Absolute Sigma 500', 'url': 'https://lig-aptikal.imag.fr/buzz-prediction-in-online-social-media/', 'group': 'core', 'note': 'Use published classification labels, never the regression target or a newly chosen threshold.', 'paper_shape': [140607, 77, 2]}, 'override': None, 'strict_paper_shape': False}",0,0,0.035762067242036406,4.761611435911039,25794511,5,PRIMARY,5417181,77,079003890bf61366ee8ff036587eb6125db6eccc74f509a871334128f03952d8,2,,56283,14071,5,,0.9975120992236147,0.005887522941842265,KDB,0.629348236592351,generative,0,70353,False,0.0,0.9926559477318829,59.43337780000002,991d2cacfd30109d05ffcb4e3ec7dd05633d7b4f3af820b8b15b49173144572b,56283,1,26030610,0.19136880762022188,0.9808514576407639,140707,1.0,False,"repeat=1,fold=2",7cdad0e2976ad5c3230d09dd66c241b47147eeb2b45c11562668636dbdac430c,test,5779f0f6d29d2df82bda9314380dabf582793449d80af36c3e72db49f7ff1a06,6aaa21b957a26c1d8278bc852b1046abaaffada8543d9f19f53d9f71cd184f3d,,,,
77,,0,0,0.0,2,0.06701965104296223,2e219c54a929d16f0cc7,,,,4.847507600003155,0,TwitterAbsoluteSigma,UCI 248 donor archive: Twitter Absolute Sigma 500,"{'extension': 'fewpla-datasets-v1', 'registry': {'source': 'UCI 248 donor archive: Twitter Absolute Sigma 500', 'url': 'https://lig-aptikal.imag.fr/buzz-prediction-in-online-social-media/', 'group': 'core', 'note': 'Use published classification labels, never the regression target or a newly chosen threshold.', 'paper_shape': [140607, 77, 2]}, 'override': None, 'strict_paper_shape': False}",0,0,0.06552559939652285,0.0,0,0,PRIMARY,4333714,77,1ed68e8a5af3b54b595fe2caec415303bc47950dab8367b80f012c2975871fb0,1,,56282,14071,0,,0.9985059483535608,0.0034632403570937355,KDB,1.8365995617053756,generative,0,70354,False,0.0,0.9937349198158698,0.5737117000026046,236666c870f1741adb1743d9227c235f0c40de8badf788571d7753dca7f6c19b,56282,2,0,0.25666247537207526,0.9839317594205181,140707,1.0,False,"repeat=2,fold=1",be8a706b49c775983c4e5c88fb0a2b44796e37947b3254f9790eacb3a7a34a90,train,68bc742c51276d677a3923c55dfa1dc3d1dc9366c2efe69be0ab8f5d79e215e1,399de74a75365e2f425a5ddac54a3f38fa480654a156bb572a947e70894ffd5f,,,,
77,,0,0,0.0,2,0.06943358680975055,2e219c54a929d16f0cc7,,,,4.847507600003155,0,TwitterAbsoluteSigma,UCI 248 donor archive: Twitter Absolute Sigma 500,"{'extension': 'fewpla-datasets-v1', 'registry': {'source': 'UCI 248 donor archive: Twitter Absolute Sigma 500', 'url': 'https://lig-aptikal.imag.fr/buzz-prediction-in-online-social-media/', 'group': 'core', 'note': 'Use published classification labels, never the regression target or a newly chosen threshold.', 'paper_shape': [140607, 77, 2]}, 'override': None, 'strict_paper_shape': False}",0,0,0.06829336527690782,0.0,0,0,PRIMARY,1083467,77,1ed68e8a5af3b54b595fe2caec415303bc47950dab8367b80f012c2975871fb0,1,,56282,14071,0,,0.9988597784671573,0.002759352710193053,KDB,1.9557224098305517,generative,0,70354,False,0.0,0.9932269017064422,0.1369937999988906,3ae1fc95ec264dcad6a001e1275313c7732251ee40fb812067bd5e5c7e948e6c,56282,2,0,0.2617921593700873,0.9823288824394825,140707,1.0,False,"repeat=2,fold=1",be8a706b49c775983c4e5c88fb0a2b44796e37947b3254f9790eacb3a7a34a90,validation,68bc742c51276d677a3923c55dfa1dc3d1dc9366c2efe69be0ab8f5d79e215e1,399de74a75365e2f425a5ddac54a3f38fa480654a156bb572a947e70894ffd5f,,,,
77,,0,0,0.0,2,0.06804161810273758,2e219c54a929d16f0cc7,,,,4.847507600003155,0,TwitterAbsoluteSigma,UCI 248 donor archive: Twitter Absolute Sigma 500,"{'extension': 'fewpla-datasets-v1', 'registry': {'source': 'UCI 248 donor archive: Twitter Absolute Sigma 500', 'url': 'https://lig-aptikal.imag.fr/buzz-prediction-in-online-social-media/', 'group': 'core', 'note': 'Use published classification labels, never the regression target or a newly chosen threshold.', 'paper_shape': [140607, 77, 2]}, 'override': None, 'strict_paper_shape': False}",0,0,0.066676678183888,0.0,0,0,PRIMARY,5417258,77,1ed68e8a5af3b54b595fe2caec415303bc47950dab8367b80f012c2975871fb0,1,,56282,14071,0,,0.9985984729215251,0.0032771346858285516,KDB,1.8741335668877328,generative,0,70354,False,0.0,0.9944233841549684,0.814790999997058,fd2a734d99a326a3fb067ddb3471e94295d36bcbe10714535dc71a0b79f42cb7,56282,2,0,0.2588600629571491,0.9851831728579051,140707,1.0,False,"repeat=2,fold=1",be8a706b49c775983c4e5c88fb0a2b44796e37947b3254f9790eacb3a7a34a90,test,68bc742c51276d677a3923c55dfa1dc3d1dc9366c2efe69be0ab8f5d79e215e1,399de74a75365e2f425a5ddac54a3f38fa480654a156bb572a947e70894ffd5f,,,,
1126,,0,0,0.0,2,0.04619594186418393,2e219c54a929d16f0cc7,,,,47.2559537999914,0,TwitterAbsoluteSigma,UCI 248 donor archive: Twitter Absolute Sigma 500,"{'extension': 'fewpla-datasets-v1', 'registry': {'source': 'UCI 248 donor archive: Twitter Absolute Sigma 500', 'url': 'https://lig-aptikal.imag.fr/buzz-prediction-in-online-social-media/', 'group': 'core', 'note': 'Use published classification labels, never the regression target or a newly chosen threshold.', 'paper_shape': [140607, 77, 2]}, 'override': None, 'strict_paper_shape': False}",0,0,0.03060845087849336,0.987012987012987,4277432,1,PRIMARY,4333714,77,1ed68e8a5af3b54b595fe2caec415303bc47950dab8367b80f012c2975871fb0,1,,56282,14071,1,,0.9844125090143094,0.037241483386728544,KDB,0.16678319995350188,generative,0,70354,False,0.0,0.9974348030361779,0.8920932999972138,761703983cbe37b238ebb1902a59807967dc5b69adca64bdbfef8771338c50d0,56282,2,4277432,0.19224235965480949,0.9897615618287234,140707,1.0,False,"repeat=2,fold=1",7cd4c5569aa1f9eadfb3ea5a6511be219359c646e80d13f4bb1e8393f4cabb3e,train,68bc742c51276d677a3923c55dfa1dc3d1dc9366c2efe69be0ab8f5d79e215e1,399de74a75365e2f425a5ddac54a3f38fa480654a156bb572a947e70894ffd5f,,,,
1126,,0,0,0.0,2,0.05621491009878474,2e219c54a929d16f0cc7,,,,47.2559537999914,0,TwitterAbsoluteSigma,UCI 248 donor archive: Twitter Absolute Sigma 500,"{'extension': 'fewpla-datasets-v1', 'registry': {'source': 'UCI 248 donor archive: Twitter Absolute Sigma 500', 'url': 'https://lig-aptikal.imag.fr/buzz-prediction-in-online-social-media/', 'group': 'core', 'note': 'Use published classification labels, never the regression target or a newly chosen threshold.', 'paper_shape': [140607, 77, 2]}, 'override': None, 'strict_paper_shape': False}",0,0,0.040888107681282225,0.987012987012987,1069396,1,PRIMARY,1083467,77,1ed68e8a5af3b54b595fe2caec415303bc47950dab8367b80f012c2975871fb0,1,,56282,14071,1,,0.983988343573278,0.03839120472290562,KDB,0.25218937839782274,generative,0,70354,False,0.0,0.9953905493254183,0.3612266999989515,ecd83bd152405ac26224f7454dc60810817f4905f5822da67ccdb48e8455a35c,56282,2,1069396,0.2167204948294247,0.9830606580821912,140707,1.0,False,"repeat=2,fold=1",7cd4c5569aa1f9eadfb3ea5a6511be219359c646e80d13f4bb1e8393f4cabb3e,validation,68bc742c51276d677a3923c55dfa1dc3d1dc9366c2efe69be0ab8f5d79e215e1,399de74a75365e2f425a5ddac54a3f38fa480654a156bb572a947e70894ffd5f,,,,
1126,,0,0,0.0,2,0.05351508087670921,2e219c54a929d16f0cc7,,,,47.2559537999914,0,TwitterAbsoluteSigma,UCI 248 donor archive: Twitter Absolute Sigma 500,"{'extension': 'fewpla-datasets-v1', 'registry': {'source': 'UCI 248 donor archive: Twitter Absolute Sigma 500', 'url': 'https://lig-aptikal.imag.fr/buzz-prediction-in-online-social-media/', 'group': 'core', 'note': 'Use published classification labels, never the regression target or a newly chosen threshold.', 'paper_shape': [140607, 77, 2]}, 'override': None, 'strict_paper_shape': False}",0,0,0.03700860842694692,0.987012987012987,5346904,1,PRIMARY,5417258,77,1ed68e8a5af3b54b595fe2caec415303bc47950dab8367b80f012c2975871fb0,1,,56282,14071,1,,0.9834935275502378,0.039106781576075465,KDB,0.23812290148853382,generative,0,70354,False,0.0,0.9959636538795528,1.0884088999955566,030079457e82fadc1dc9aa0eb8a64efaaecf73e2c0443fc07c47b046e08fb2a9,56282,2,5346904,0.21079139839714592,0.9843902856451605,140707,1.0,False,"repeat=2,fold=1",7cd4c5569aa1f9eadfb3ea5a6511be219359c646e80d13f4bb1e8393f4cabb3e,test,68bc742c51276d677a3923c55dfa1dc3d1dc9366c2efe69be0ab8f5d79e215e1,399de74a75365e2f425a5ddac54a3f38fa480654a156bb572a947e70894ffd5f,,,,
8783,,0,0,0.0,2,0.020752638498987244,2e219c54a929d16f0cc7,,,,47.2559537999914,0,TwitterAbsoluteSigma,UCI 248 donor archive: Twitter Absolute Sigma 500,"{'extension': 'fewpla-datasets-v1', 'registry': {'source': 'UCI 248 donor archive: Twitter Absolute Sigma 500', 'url': 'https://lig-aptikal.imag.fr/buzz-prediction-in-online-social-media/', 'group': 'core', 'note': 'Use published classification labels, never the regression target or a newly chosen threshold.', 'paper_shape': [140607, 77, 2]}, 'override': None, 'strict_paper_shape': False}",0,0,0.012722938789523153,1.9610389610389611,8498582,2,PRIMARY,4333714,77,1ed68e8a5af3b54b595fe2caec415303bc47950dab8367b80f012c2975871fb0,1,,56282,14071,2,,0.9919703002905357,0.019211704000998545,KDB,0.07218684298255143,generative,0,70354,False,0.0,0.9993380888569727,2.680342399995425,5c261eebf57cc6568849ccacb1dd0d369ab547e479c66ee97ef11013e092c51d,56282,2,8498582,0.12846437828506588,0.9973735870886301,140707,1.0,False,"repeat=2,fold=1",7bfd0b07790e8a5e81783de200e5551196db633d7704da127f03b8c7d7de80f3,train,68bc742c51276d677a3923c55dfa1dc3d1dc9366c2efe69be0ab8f5d79e215e1,399de74a75365e2f425a5ddac54a3f38fa480654a156bb572a947e70894ffd5f,,,,
8783,,218,218,0.0002012059435128158,2,0.046194300334020326,2e219c54a929d16f0cc7,,,,47.2559537999914,0,TwitterAbsoluteSigma,UCI 248 donor archive: Twitter Absolute Sigma 500,"{'extension': 'fewpla-datasets-v1', 'registry': {'source': 'UCI 248 donor archive: Twitter Absolute Sigma 500', 'url': 'https://lig-aptikal.imag.fr/buzz-prediction-in-online-social-media/', 'group': 'core', 'note': 'Use published classification labels, never the regression target or a newly chosen threshold.', 'paper_shape': [140607, 77, 2]}, 'override': None, 'strict_paper_shape': False}",0,0,0.036453118496588,1.9608377550954483,2124503,2,PRIMARY,1083467,77,1ed68e8a5af3b54b595fe2caec415303bc47950dab8367b80f012c2975871fb0,1,,56282,14071,2,,0.9902588181625678,0.023419154549148183,KDB,0.28095740712138745,generative,0,70354,False,0.0,0.9962607894810331,2.083725799995591,a35354f11d4a7f2e606b591da0976e7034ac1b6d9e0919e90b4420e1e447bfc5,56282,2,2124721,0.20040482562604559,0.9859485589558133,140707,1.0,False,"repeat=2,fold=1",7bfd0b07790e8a5e81783de200e5551196db633d7704da127f03b8c7d7de80f3,validation,68bc742c51276d677a3923c55dfa1dc3d1dc9366c2efe69be0ab8f5d79e215e1,399de74a75365e2f425a5ddac54a3f38fa480654a156bb572a947e70894ffd5f,,,,
8783,,1014,1014,0.00018717956575079126,2,0.04443244165221594,2e219c54a929d16f0cc7,,,,47.2559537999914,0,TwitterAbsoluteSigma,UCI 248 donor archive: Twitter Absolute Sigma 500,"{'extension': 'fewpla-datasets-v1', 'registry': {'source': 'UCI 248 donor archive: Twitter Absolute Sigma 500', 'url': 'https://lig-aptikal.imag.fr/buzz-prediction-in-online-social-media/', 'group': 'core', 'note': 'Use published classification labels, never the regression target or a newly chosen threshold.', 'paper_shape': [140607, 77, 2]}, 'override': None, 'strict_paper_shape': False}",0,0,0.03364791219655886,1.9608517814732103,10622440,2,PRIMARY,5417258,77,1ed68e8a5af3b54b595fe2caec415303bc47950dab8367b80f012c2975871fb0,1,,56282,14071,2,,0.989215470544343,0.02551498442793954,KDB,0.26384506219499937,generative,0,70354,False,0.0,0.9964458581010589,2.8934771999993245,c3a5144921d1f7e5feb50eb0ab8c214fd7d9c26764277210dbbfd8bb83764c9c,56282,2,10623454,0.19515963962633517,0.986675866413882,140707,1.0,False,"repeat=2,fold=1",7bfd0b07790e8a5e81783de200e5551196db633d7704da127f03b8c7d7de80f3,test,68bc742c51276d677a3923c55dfa1dc3d1dc9366c2efe69be0ab8f5d79e215e1,399de74a75365e2f425a5ddac54a3f38fa480654a156bb572a947e70894ffd5f,,,,
40463,,0,0,0.0,2,0.006911623609679827,2e219c54a929d16f0cc7,,,,47.2559537999914,0,TwitterAbsoluteSigma,UCI 248 donor archive: Twitter Absolute Sigma 500,"{'extension': 'fewpla-datasets-v1', 'registry': {'source': 'UCI 248 donor archive: Twitter Absolute Sigma 500', 'url': 'https://lig-aptikal.imag.fr/buzz-prediction-in-online-social-media/', 'group': 'core', 'note': 'Use published classification labels, never the regression target or a newly chosen threshold.', 'paper_shape': [140607, 77, 2]}, 'override': None, 'strict_paper_shape': False}",0,0,0.004330825041283532,2.9220779220779223,12663450,3,PRIMARY,4333714,77,1ed68e8a5af3b54b595fe2caec415303bc47950dab8367b80f012c2975871fb0,1,,56282,14071,3,,0.9971988270362373,0.006854322135046865,KDB,0.028749989361081994,generative,0,70354,False,0.0,0.9998784936539901,10.565530200001376,128668b6e83337ec632adb46c1d0b864466ec795682e02524e9157d054e30cf8,56282,2,12663450,0.07607021559140736,0.9995231736713032,140707,1.0,False,"repeat=2,fold=1",51abbbab990528b629ade8d4075844c60ce7ea1912b47ed073beb82183c12216,train,68bc742c51276d677a3923c55dfa1dc3d1dc9366c2efe69be0ab8f5d79e215e1,399de74a75365e2f425a5ddac54a3f38fa480654a156bb572a947e70894ffd5f,,,,
40463,,2448,2448,0.0022594135308228124,2,0.04193021107241845,2e219c54a929d16f0cc7,,,,47.2559537999914,0,TwitterAbsoluteSigma,UCI 248 donor archive: Twitter Absolute Sigma 500,"{'extension': 'fewpla-datasets-v1', 'registry': {'source': 'UCI 248 donor archive: Twitter Absolute Sigma 500', 'url': 'https://lig-aptikal.imag.fr/buzz-prediction-in-online-social-media/', 'group': 'core', 'note': 'Use published classification labels, never the regression target or a newly chosen threshold.', 'paper_shape': [140607, 77, 2]}, 'override': None, 'strict_paper_shape': False}",0,0,0.03571700366587686,2.91961822556663,3163310,3,PRIMARY,1083467,77,1ed68e8a5af3b54b595fe2caec415303bc47950dab8367b80f012c2975871fb0,1,,56282,14071,3,,0.9935976473473519,0.015169062422378527,KDB,0.37275914252437403,generative,0,70354,False,0.0,0.9958823700675281,9.976436400000239,c111a6dcb961f3a50741eb47b28fe676a95f472a4705910b7d8447bbba6e6fad,56282,2,3165975,0.19536668006962032,0.9858677323576579,140707,1.0,False,"repeat=2,fold=1",51abbbab990528b629ade8d4075844c60ce7ea1912b47ed073beb82183c12216,validation,68bc742c51276d677a3923c55dfa1dc3d1dc9366c2efe69be0ab8f5d79e215e1,399de74a75365e2f425a5ddac54a3f38fa480654a156bb572a947e70894ffd5f,,,,
40463,,13212,13212,0.002438872211735162,2,0.04106376325439918,2e219c54a929d16f0cc7,,,,47.2559537999914,0,TwitterAbsoluteSigma,UCI 248 donor archive: Twitter Absolute Sigma 500,"{'extension': 'fewpla-datasets-v1', 'registry': {'source': 'UCI 248 donor archive: Twitter Absolute Sigma 500', 'url': 'https://lig-aptikal.imag.fr/buzz-prediction-in-online-social-media/', 'group': 'core', 'note': 'Use published classification labels, never the regression target or a newly chosen threshold.', 'paper_shape': [140607, 77, 2]}, 'override': None, 'strict_paper_shape': False}",0,0,0.03490392505117241,2.9194540854432263,15815436,3,PRIMARY,5417258,77,1ed68e8a5af3b54b595fe2caec415303bc47950dab8367b80f012c2975871fb0,1,,56282,14071,3,,0.9938401617967734,0.014835063037502544,KDB,0.35817693863326616,generative,0,70354,False,0.0,0.9962400427339204,10.458625500003109,046efe58597999253e2130eb9782093009595fe4412b383e3c1627ebe0d4c1e4,56282,2,15829650,0.19216146916223503,0.9866505992564589,140707,1.0,False,"repeat=2,fold=1",51abbbab990528b629ade8d4075844c60ce7ea1912b47ed073beb82183c12216,test,68bc742c51276d677a3923c55dfa1dc3d1dc9366c2efe69be0ab8f5d79e215e1,399de74a75365e2f425a5ddac54a3f38fa480654a156bb572a947e70894ffd5f,,,,
109066,,0,0,0.0,2,0.0027362211719555098,2e219c54a929d16f0cc7,,,,47.2559537999914,0,TwitterAbsoluteSigma,UCI 248 donor archive: Twitter Absolute Sigma 500,"{'extension': 'fewpla-datasets-v1', 'registry': {'source': 'UCI 248 donor archive: Twitter Absolute Sigma 500', 'url': 'https://lig-aptikal.imag.fr/buzz-prediction-in-online-social-media/', 'group': 'core', 'note': 'Use published classification labels, never the regression target or a newly chosen threshold.', 'paper_shape': [140607, 77, 2]}, 'override': None, 'strict_paper_shape': False}",0,0,0.0019972544823220707,3.8701298701298703,16772036,4,PRIMARY,4333714,77,1ed68e8a5af3b54b595fe2caec415303bc47950dab8367b80f012c2975871fb0,1,,56282,14071,4,,0.999238126122896,0.0019299945573872145,KDB,0.015089256256478712,generative,0,70354,False,0.0,0.9999717902412523,28.595313500001794,10384549893a43b92cbef9034ec7c37746d5730e49fa6ca93e078b25cd4691f7,56282,2,16772036,0.04910973723750355,0.9998892990113675,140707,1.0,False,"repeat=2,fold=1",9449a680fa3040d745b79efda0c4894fd73b1916bfb052fbb6238888f0b55658,train,68bc742c51276d677a3923c55dfa1dc3d1dc9366c2efe69be0ab8f5d79e215e1,399de74a75365e2f425a5ddac54a3f38fa480654a156bb572a947e70894ffd5f,,,,
109066,,11059,11059,0.010207048299579037,2,0.040224575367777696,2e219c54a929d16f0cc7,,,,47.2559537999914,0,TwitterAbsoluteSigma,UCI 248 donor archive: Twitter Absolute Sigma 500,"{'extension': 'fewpla-datasets-v1', 'registry': {'source': 'UCI 248 donor archive: Twitter Absolute Sigma 500', 'url': 'https://lig-aptikal.imag.fr/buzz-prediction-in-online-social-media/', 'group': 'core', 'note': 'Use published classification labels, never the regression target or a newly chosen threshold.', 'paper_shape': [140607, 77, 2]}, 'override': None, 'strict_paper_shape': False}",0,0,0.03594887071718236,3.857501889766832,4179476,4,PRIMARY,1083467,77,1ed68e8a5af3b54b595fe2caec415303bc47950dab8367b80f012c2975871fb0,1,,56282,14071,4,,0.9957242953494048,0.00968330966493697,KDB,0.49006411789872073,generative,0,70354,False,0.0,0.9955257895752788,26.624747300003946,783eba8e34939d6c135c2829f4f2a11787695d73f12d31c5b65fd7b6cfd9a15d,56282,2,4193158,0.19420014180612455,0.9857267720458452,140707,1.0,False,"repeat=2,fold=1",9449a680fa3040d745b79efda0c4894fd73b1916bfb052fbb6238888f0b55658,validation,68bc742c51276d677a3923c55dfa1dc3d1dc9366c2efe69be0ab8f5d79e215e1,399de74a75365e2f425a5ddac54a3f38fa480654a156bb572a947e70894ffd5f,,,,
109066,,55867,55867,0.010312781853845618,2,0.03928703414162663,2e219c54a929d16f0cc7,,,,47.2559537999914,0,TwitterAbsoluteSigma,UCI 248 donor archive: Twitter Absolute Sigma 500,"{'extension': 'fewpla-datasets-v1', 'registry': {'source': 'UCI 248 donor archive: Twitter Absolute Sigma 500', 'url': 'https://lig-aptikal.imag.fr/buzz-prediction-in-online-social-media/', 'group': 'core', 'note': 'Use published classification labels, never the regression target or a newly chosen threshold.', 'paper_shape': [140607, 77, 2]}, 'override': None, 'strict_paper_shape': False}",0,0,0.03556330417032251,3.8572368161161976,20895647,4,PRIMARY,5417258,77,1ed68e8a5af3b54b595fe2caec415303bc47950dab8367b80f012c2975871fb0,1,,56282,14071,4,,0.9962762700286957,0.008949182008612677,KDB,0.481281557372582,generative,0,70354,False,0.0,0.9953044770037673,27.976201299999957,f24d2a76bc43d6da1ead18ec439ee98b0f2c836c5c6ea0e5a46b60973ac5cd74,56282,2,20965492,0.19189409460002718,0.9855012168021341,140707,1.0,False,"repeat=2,fold=1",9449a680fa3040d745b79efda0c4894fd73b1916bfb052fbb6238888f0b55658,test,68bc742c51276d677a3923c55dfa1dc3d1dc9366c2efe69be0ab8f5d79e215e1,399de74a75365e2f425a5ddac54a3f38fa480654a156bb572a947e70894ffd5f,,,,
238692,,0,0,0.0,2,0.00104829252691802,2e219c54a929d16f0cc7,,,,47.2559537999914,0,TwitterAbsoluteSigma,UCI 248 donor archive: Twitter Absolute Sigma 500,"{'extension': 'fewpla-datasets-v1', 'registry': {'source': 'UCI 248 donor archive: Twitter Absolute Sigma 500', 'url': 'https://lig-aptikal.imag.fr/buzz-prediction-in-online-social-media/', 'group': 'core', 'note': 'Use published classification labels, never the regression target or a newly chosen threshold.', 'paper_shape': [140607, 77, 2]}, 'override': None, 'strict_paper_shape': False}",0,0,0.000803430585893134,4.805194805194805,20824340,5,PRIMARY,4333714,77,1ed68e8a5af3b54b595fe2caec415303bc47950dab8367b80f012c2975871fb0,1,,56282,14071,5,,0.9997468036568095,0.0005713197186240292,KDB,0.006652008552395862,generative,0,70354,False,0.0,0.9999957436495782,58.65325379999558,a604d4be85a3e07542fdb8d5d67a7708e4e4deb6806f81eb1b9c9fc0e440c136,56282,2,20824340,0.03018520199518473,0.9999829853258946,140707,1.0,False,"repeat=2,fold=1",c184bfc5cbfd036a0698a122d0902e403a3b6162b5f152f270dfe7bc6f504392,train,68bc742c51276d677a3923c55dfa1dc3d1dc9366c2efe69be0ab8f5d79e215e1,399de74a75365e2f425a5ddac54a3f38fa480654a156bb572a947e70894ffd5f,,,,
238692,,31558,31558,0.02912686773108918,2,0.040722052448297914,2e219c54a929d16f0cc7,,,,47.2559537999914,0,TwitterAbsoluteSigma,UCI 248 donor archive: Twitter Absolute Sigma 500,"{'extension': 'fewpla-datasets-v1', 'registry': {'source': 'UCI 248 donor archive: Twitter Absolute Sigma 500', 'url': 'https://lig-aptikal.imag.fr/buzz-prediction-in-online-social-media/', 'group': 'core', 'note': 'Use published classification labels, never the regression target or a newly chosen threshold.', 'paper_shape': [140607, 77, 2]}, 'override': None, 'strict_paper_shape': False}",0,0,0.03846287277231584,4.763539637109391,5161138,5,PRIMARY,1083467,77,1ed68e8a5af3b54b595fe2caec415303bc47950dab8367b80f012c2975871fb0,1,,56282,14071,5,,0.997740820324018,0.005438882418446962,KDB,0.6560710186189276,generative,0,70354,False,0.0,0.9930529174494105,57.46263010000257,8d2fc58aa6d9fc80c33e926fe9164c9d18c2cbd4e43c4bcf92ae7ce6b2909b20,56282,2,5206270,0.19656395223679696,0.9817695846992285,140707,1.0,False,"repeat=2,fold=1",c184bfc5cbfd036a0698a122d0902e403a3b6162b5f152f270dfe7bc6f504392,validation,68bc742c51276d677a3923c55dfa1dc3d1dc9366c2efe69be0ab8f5d79e215e1,399de74a75365e2f425a5ddac54a3f38fa480654a156bb572a947e70894ffd5f,,,,
238692,,160299,160299,0.02959043117385216,2,0.038476845666202346,2e219c54a929d16f0cc7,,,,47.2559537999914,0,TwitterAbsoluteSigma,UCI 248 donor archive: Twitter Absolute Sigma 500,"{'extension': 'fewpla-datasets-v1', 'registry': {'source': 'UCI 248 donor archive: Twitter Absolute Sigma 500', 'url': 'https://lig-aptikal.imag.fr/buzz-prediction-in-online-social-media/', 'group': 'core', 'note': 'Use published classification labels, never the regression target or a newly chosen threshold.', 'paper_shape': [140607, 77, 2]}, 'override': None, 'strict_paper_shape': False}",0,0,0.03599453186456055,4.762818016051663,25801414,5,PRIMARY,5417258,77,1ed68e8a5af3b54b595fe2caec415303bc47950dab8367b80f012c2975871fb0,1,,56282,14071,5,,0.9975176861983581,0.0059269949932560465,KDB,0.6216135176142538,generative,0,70354,False,0.0,0.9935015416065172,57.14005229999748,df94b1888c340225504f8d59e8d5738229d3fc0031dce0513098a7294a0ea938,56282,2,26030980,0.19194180254125223,0.9827648274558108,140707,1.0,False,"repeat=2,fold=1",c184bfc5cbfd036a0698a122d0902e403a3b6162b5f152f270dfe7bc6f504392,test,68bc742c51276d677a3923c55dfa1dc3d1dc9366c2efe69be0ab8f5d79e215e1,399de74a75365e2f425a5ddac54a3f38fa480654a156bb572a947e70894ffd5f,,,,
77,,0,0,0.0,2,0.06486861041522307,2e219c54a929d16f0cc7,,,,4.976795900001889,0,TwitterAbsoluteSigma,UCI 248 donor archive: Twitter Absolute Sigma 500,"{'extension': 'fewpla-datasets-v1', 'registry': {'source': 'UCI 248 donor archive: Twitter Absolute Sigma 500', 'url': 'https://lig-aptikal.imag.fr/buzz-prediction-in-online-social-media/', 'group': 'core', 'note': 'Use published classification labels, never the regression target or a newly chosen threshold.', 'paper_shape': [140607, 77, 2]}, 'override': None, 'strict_paper_shape': False}",0,0,0.06367615302674852,0.0,0,0,PRIMARY,4333791,77,0e36d3d63e1fefda26242c0870287c6a43ce7e86d21d5e8c8879e11852ece3db,2,,56283,14071,0,,0.9988075426115257,0.002938639507637251,KDB,1.7871645967759855,generative,0,70353,False,0.0,0.9944623388557331,0.5824119000026258,5aa68a44f178fe4257c491760b00e3f24dace02cc831deece511311db77ddfca,56283,2,0,0.25293701267863705,0.9854719439136705,140707,1.0,False,"repeat=2,fold=2",be8a706b49c775983c4e5c88fb0a2b44796e37947b3254f9790eacb3a7a34a90,train,ea519cf230fecc6d4b3f9f5cd01463162632afa811c5e1dc295419d9999a5772,fd34f709bd7625d8f131e3b2c67f387e6163668d377d1c8374ea82b52bb3de1c,,,,
77,,0,0,0.0,2,0.06516949754814867,2e219c54a929d16f0cc7,,,,4.976795900001889,0,TwitterAbsoluteSigma,UCI 248 donor archive: Twitter Absolute Sigma 500,"{'extension': 'fewpla-datasets-v1', 'registry': {'source': 'UCI 248 donor archive: Twitter Absolute Sigma 500', 'url': 'https://lig-aptikal.imag.fr/buzz-prediction-in-online-social-media/', 'group': 'core', 'note': 'Use published classification labels, never the regression target or a newly chosen threshold.', 'paper_shape': [140607, 77, 2]}, 'override': None, 'strict_paper_shape': False}",0,0,0.06385061486306623,0.0,0,0,PRIMARY,1083467,77,0e36d3d63e1fefda26242c0870287c6a43ce7e86d21d5e8c8879e11852ece3db,2,,56283,14071,0,,0.9986811173149176,0.003068115282372782,KDB,1.8489795351814706,generative,0,70353,False,0.0,0.9928607808918618,0.13940430000366177,34a4ac9696553576c1c3c90ccccf298782b2bb808af0b7532d1b689f23a55f46,56283,2,0,0.2534756499481862,0.9819846255034035,140707,1.0,False,"repeat=2,fold=2",be8a706b49c775983c4e5c88fb0a2b44796e37947b3254f9790eacb3a7a34a90,validation,ea519cf230fecc6d4b3f9f5cd01463162632afa811c5e1dc295419d9999a5772,fd34f709bd7625d8f131e3b2c67f387e6163668d377d1c8374ea82b52bb3de1c,,,,
77,,0,0,0.0,2,0.06518556422611686,2e219c54a929d16f0cc7,,,,4.976795900001889,0,TwitterAbsoluteSigma,UCI 248 donor archive: Twitter Absolute Sigma 500,"{'extension': 'fewpla-datasets-v1', 'registry': {'source': 'UCI 248 donor archive: Twitter Absolute Sigma 500', 'url': 'https://lig-aptikal.imag.fr/buzz-prediction-in-online-social-media/', 'group': 'core', 'note': 'Use published classification labels, never the regression target or a newly chosen threshold.', 'paper_shape': [140607, 77, 2]}, 'override': None, 'strict_paper_shape': False}",0,0,0.06405280468855463,0.0,0,0,PRIMARY,5417181,77,0e36d3d63e1fefda26242c0870287c6a43ce7e86d21d5e8c8879e11852ece3db,2,,56283,14071,0,,0.9988672404624377,0.002783136765715828,KDB,1.813361716078904,generative,0,70353,False,0.0,0.9931912834910648,0.7801428000020678,0140b59d7187603c735767e8d6632b1f27c84520f597a753158b976a69ee226f,56283,2,0,0.25367648917107233,0.9826881919760023,140707,1.0,False,"repeat=2,fold=2",be8a706b49c775983c4e5c88fb0a2b44796e37947b3254f9790eacb3a7a34a90,test,ea519cf230fecc6d4b3f9f5cd01463162632afa811c5e1dc295419d9999a5772,fd34f709bd7625d8f131e3b2c67f387e6163668d377d1c8374ea82b52bb3de1c,,,,
1119,,0,0,0.0,2,0.04267718494039053,2e219c54a929d16f0cc7,,,,47.13890640000318,0,TwitterAbsoluteSigma,UCI 248 donor archive: Twitter Absolute Sigma 500,"{'extension': 'fewpla-datasets-v1', 'registry': {'source': 'UCI 248 donor archive: Twitter Absolute Sigma 500', 'url': 'https://lig-aptikal.imag.fr/buzz-prediction-in-online-social-media/', 'group': 'core', 'note': 'Use published classification labels, never the regression target or a newly chosen threshold.', 'paper_shape': [140607, 77, 2]}, 'override': None, 'strict_paper_shape': False}",0,0,0.02801947261311765,0.987012987012987,4277508,1,PRIMARY,4333791,77,0e36d3d63e1fefda26242c0870287c6a43ce7e86d21d5e8c8879e11852ece3db,2,,56283,14071,1,,0.9853422876727271,0.03521217849959646,KDB,0.16113716341657963,generative,0,70353,False,0.0,0.9977177251938965,0.8499913999985438,0b8346e1b706f8b37c28d22f8bf3e8a00f96ccea0d17a76ce95ac54c7129caab,56283,2,4277508,0.1872839405251954,0.9909562015241218,140707,1.0,False,"repeat=2,fold=2",63653534513220eb162aa1769ced50b45b4da6f3382a4428c0397f77484bda5c,train,ea519cf230fecc6d4b3f9f5cd01463162632afa811c5e1dc295419d9999a5772,fd34f709bd7625d8f131e3b2c67f387e6163668d377d1c8374ea82b52bb3de1c,,,,
1119,,0,0,0.0,2,0.0540828654679838,2e219c54a929d16f0cc7,,,,47.13890640000318,0,TwitterAbsoluteSigma,UCI 248 donor archive: Twitter Absolute Sigma 500,"{'extension': 'fewpla-datasets-v1', 'registry': {'source': 'UCI 248 donor archive: Twitter Absolute Sigma 500', 'url': 'https://lig-aptikal.imag.fr/buzz-prediction-in-online-social-media/', 'group': 'core', 'note': 'Use published classification labels, never the regression target or a newly chosen threshold.', 'paper_shape': [140607, 77, 2]}, 'override': None, 'strict_paper_shape': False}",0,0,0.03836423691639209,0.987012987012987,1069396,1,PRIMARY,1083467,77,0e36d3d63e1fefda26242c0870287c6a43ce7e86d21d5e8c8879e11852ece3db,2,,56283,14071,1,,0.9842813714484082,0.037503868339047446,KDB,0.2496036253455872,generative,0,70353,False,0.0,0.9961113789892354,0.3303191000013612,77f380b40614b153dcd4264f17f7e84e67386ce7510c81e03db540b750b0a1ef,56283,2,1069396,0.21231971133605945,0.9846456806611409,140707,1.0,False,"repeat=2,fold=2",63653534513220eb162aa1769ced50b45b4da6f3382a4428c0397f77484bda5c,validation,ea519cf230fecc6d4b3f9f5cd01463162632afa811c5e1dc295419d9999a5772,fd34f709bd7625d8f131e3b2c67f387e6163668d377d1c8374ea82b52bb3de1c,,,,
1119,,0,0,0.0,2,0.054283399428595794,2e219c54a929d16f0cc7,,,,47.13890640000318,0,TwitterAbsoluteSigma,UCI 248 donor archive: Twitter Absolute Sigma 500,"{'extension': 'fewpla-datasets-v1', 'registry': {'source': 'UCI 248 donor archive: Twitter Absolute Sigma 500', 'url': 'https://lig-aptikal.imag.fr/buzz-prediction-in-online-social-media/', 'group': 'core', 'note': 'Use published classification labels, never the regression target or a newly chosen threshold.', 'paper_shape': [140607, 77, 2]}, 'override': None, 'strict_paper_shape': False}",0,0,0.03890217300100813,0.987012987012987,5346828,1,PRIMARY,5417181,77,0e36d3d63e1fefda26242c0870287c6a43ce7e86d21d5e8c8879e11852ece3db,2,,56283,14071,1,,0.9846187735724122,0.036610931332823636,KDB,0.24953867934216686,generative,0,70353,False,0.0,0.9957410884386233,1.0548247000042466,dd1699d292a0ef2cbdab045ae412ee0e2da6c95e6d3a40dccbbe0232850bfe87,56283,2,5346828,0.21213968363117305,0.9840810380814276,140707,1.0,False,"repeat=2,fold=2",63653534513220eb162aa1769ced50b45b4da6f3382a4428c0397f77484bda5c,test,ea519cf230fecc6d4b3f9f5cd01463162632afa811c5e1dc295419d9999a5772,fd34f709bd7625d8f131e3b2c67f387e6163668d377d1c8374ea82b52bb3de1c,,,,
9568,,0,0,0.0,2,0.01876232610202015,2e219c54a929d16f0cc7,,,,47.13890640000318,0,TwitterAbsoluteSigma,UCI 248 donor archive: Twitter Absolute Sigma 500,"{'extension': 'fewpla-datasets-v1', 'registry': {'source': 'UCI 248 donor archive: Twitter Absolute Sigma 500', 'url': 'https://lig-aptikal.imag.fr/buzz-prediction-in-online-social-media/', 'group': 'core', 'note': 'Use published classification labels, never the regression target or a newly chosen threshold.', 'paper_shape': [140607, 77, 2]}, 'override': None, 'strict_paper_shape': False}",0,0,0.010972503560585843,1.9610389610389611,8498733,2,PRIMARY,4333791,77,0e36d3d63e1fefda26242c0870287c6a43ce7e86d21d5e8c8879e11852ece3db,2,,56283,14071,2,,0.9922101774585654,0.01857327498665554,KDB,0.06378931555827505,generative,0,70353,False,0.0,0.9994649825227462,2.851800299999013,f937a6fc81efc68cd21aa58fb35f23cd588bb2efbc8f6de64ab390dd7332ce32,56283,2,8498733,0.12182025196093288,0.9978712113125728,140707,1.0,False,"repeat=2,fold=2",27a4728a648a2c81465a72a717aea6ac20655b458590d5f4f4e788c3481e4a8c,train,ea519cf230fecc6d4b3f9f5cd01463162632afa811c5e1dc295419d9999a5772,fd34f709bd7625d8f131e3b2c67f387e6163668d377d1c8374ea82b52bb3de1c,,,,
9568,,220,220,0.00020305186960008933,2,0.04335157415961907,2e219c54a929d16f0cc7,,,,47.13890640000318,0,TwitterAbsoluteSigma,UCI 248 donor archive: Twitter Absolute Sigma 500,"{'extension': 'fewpla-datasets-v1', 'registry': {'source': 'UCI 248 donor archive: Twitter Absolute Sigma 500', 'url': 'https://lig-aptikal.imag.fr/buzz-prediction-in-online-social-media/', 'group': 'core', 'note': 'Use published classification labels, never the regression target or a newly chosen threshold.', 'paper_shape': [140607, 77, 2]}, 'override': None, 'strict_paper_shape': False}",0,0,0.03295061857359505,1.960835909169361,2124501,2,PRIMARY,1083467,77,0e36d3d63e1fefda26242c0870287c6a43ce7e86d21d5e8c8879e11852ece3db,2,,56283,14071,2,,0.989599044413976,0.02482651651887329,KDB,0.28558484730541084,generative,0,70353,False,0.0,0.9959601528074502,2.3761813000019174,940962474bbada89832dcc3737d47b53f55db45d761be3f4f20ecb9b91c0e720,56283,2,2124721,0.19358076238448063,0.9853531437665629,140707,1.0,False,"repeat=2,fold=2",27a4728a648a2c81465a72a717aea6ac20655b458590d5f4f4e788c3481e4a8c,validation,ea519cf230fecc6d4b3f9f5cd01463162632afa811c5e1dc295419d9999a5772,fd34f709bd7625d8f131e3b2c67f387e6163668d377d1c8374ea82b52bb3de1c,,,,
9568,,1118,1118,0.00020638040338692763,2,0.04478842408994641,2e219c54a929d16f0cc7,,,,47.13890640000318,0,TwitterAbsoluteSigma,UCI 248 donor archive: Twitter Absolute Sigma 500,"{'extension': 'fewpla-datasets-v1', 'registry': {'source': 'UCI 248 donor archive: Twitter Absolute Sigma 500', 'url': 'https://lig-aptikal.imag.fr/buzz-prediction-in-online-social-media/', 'group': 'core', 'note': 'Use published classification labels, never the regression target or a newly chosen threshold.', 'paper_shape': [140607, 77, 2]}, 'override': None, 'strict_paper_shape': False}",0,0,0.03459330596944751,1.9608325806355742,10622185,2,PRIMARY,5417181,77,0e36d3d63e1fefda26242c0870287c6a43ce7e86d21d5e8c8879e11852ece3db,2,,56283,14071,2,,0.9898048818795009,0.02425689711197925,KDB,0.28131916398687007,generative,0,70353,False,0.0,0.9962639414899147,3.171970000003057,bc8ad729e648ea06e716d481537e82a34a9bd8145aae55a80f142c1d9fc47711,56283,2,10623303,0.19738340998016726,0.9860452433708222,140707,1.0,False,"repeat=2,fold=2",27a4728a648a2c81465a72a717aea6ac20655b458590d5f4f4e788c3481e4a8c,test,ea519cf230fecc6d4b3f9f5cd01463162632afa811c5e1dc295419d9999a5772,fd34f709bd7625d8f131e3b2c67f387e6163668d377d1c8374ea82b52bb3de1c,,,,
46658,,0,0,0.0,2,0.006947035516941172,2e219c54a929d16f0cc7,,,,47.13890640000318,0,TwitterAbsoluteSigma,UCI 248 donor archive: Twitter Absolute Sigma 500,"{'extension': 'fewpla-datasets-v1', 'registry': {'source': 'UCI 248 donor archive: Twitter Absolute Sigma 500', 'url': 'https://lig-aptikal.imag.fr/buzz-prediction-in-online-social-media/', 'group': 'core', 'note': 'Use published classification labels, never the regression target or a newly chosen threshold.', 'paper_shape': [140607, 77, 2]}, 'override': None, 'strict_paper_shape': False}",0,0,0.00402136573876942,2.9220779220779223,12663675,3,PRIMARY,4333791,77,0e36d3d63e1fefda26242c0870287c6a43ce7e86d21d5e8c8879e11852ece3db,2,,56283,14071,3,,0.9970395517623316,0.0072041815896625875,KDB,0.026089250079440723,generative,0,70353,False,0.0,0.9998977038328936,13.03870040000038,1bcda0fadfca21b9a86592943946320b21641526acc94e1274434c5cdf5a84ab,56283,2,12663675,0.07583252808366683,0.9995986227803929,140707,1.0,False,"repeat=2,fold=2",1c1c9e0d4fa223a512b81f9a78c536998637ce27b1da887d0e60d85b4d82c260,train,ea519cf230fecc6d4b3f9f5cd01463162632afa811c5e1dc295419d9999a5772,fd34f709bd7625d8f131e3b2c67f387e6163668d377d1c8374ea82b52bb3de1c,,,,
46658,,3156,3156,0.0029128713657176454,2,0.04100632506573804,2e219c54a929d16f0cc7,,,,47.13890640000318,0,TwitterAbsoluteSigma,UCI 248 donor archive: Twitter Absolute Sigma 500,"{'extension': 'fewpla-datasets-v1', 'registry': {'source': 'UCI 248 donor archive: Twitter Absolute Sigma 500', 'url': 'https://lig-aptikal.imag.fr/buzz-prediction-in-online-social-media/', 'group': 'core', 'note': 'Use published classification labels, never the regression target or a newly chosen threshold.', 'paper_shape': [140607, 77, 2]}, 'override': None, 'strict_paper_shape': False}",0,0,0.034910128466062916,2.918962921805648,3162600,3,PRIMARY,1083467,77,0e36d3d63e1fefda26242c0870287c6a43ce7e86d21d5e8c8879e11852ece3db,2,,56283,14071,3,,0.9934183120531136,0.015787414561568878,KDB,0.38338674651974125,generative,0,70353,False,0.0,0.9951324436530641,12.020494999997027,0dfba24b60b613478c377efce17a77b36886b1a69278404a915dccbc7890ec2f,56283,2,3165975,0.19341545186667375,0.9841369141367478,140707,1.0,False,"repeat=2,fold=2",1c1c9e0d4fa223a512b81f9a78c536998637ce27b1da887d0e60d85b4d82c260,validation,ea519cf230fecc6d4b3f9f5cd01463162632afa811c5e1dc295419d9999a5772,fd34f709bd7625d8f131e3b2c67f387e6163668d377d1c8374ea82b52bb3de1c,,,,
46658,,15674,15674,0.0028933868002564435,2,0.04244310832516026,2e219c54a929d16f0cc7,,,,47.13890640000318,0,TwitterAbsoluteSigma,UCI 248 donor archive: Twitter Absolute Sigma 500,"{'extension': 'fewpla-datasets-v1', 'registry': {'source': 'UCI 248 donor archive: Twitter Absolute Sigma 500', 'url': 'https://lig-aptikal.imag.fr/buzz-prediction-in-online-social-media/', 'group': 'core', 'note': 'Use published classification labels, never the regression target or a newly chosen threshold.', 'paper_shape': [140607, 77, 2]}, 'override': None, 'strict_paper_shape': False}",0,0,0.035824390818353945,2.9189790778635603,15812638,3,PRIMARY,5417181,77,0e36d3d63e1fefda26242c0870287c6a43ce7e86d21d5e8c8879e11852ece3db,2,,56283,14071,3,,0.9933812824931938,0.015703291894825038,KDB,0.37518496162590576,generative,0,70353,False,0.0,0.9955919679567755,12.930757000001904,8d8278afa718fca98972f3743417db2027475cb04e35b4d198f94d62bf42afdd,56283,2,15829425,0.1955369430284332,0.9852913397560927,140707,1.0,False,"repeat=2,fold=2",1c1c9e0d4fa223a512b81f9a78c536998637ce27b1da887d0e60d85b4d82c260,test,ea519cf230fecc6d4b3f9f5cd01463162632afa811c5e1dc295419d9999a5772,fd34f709bd7625d8f131e3b2c67f387e6163668d377d1c8374ea82b52bb3de1c,,,,
118740,,0,0,0.0,2,0.003358029955759288,2e219c54a929d16f0cc7,,,,47.13890640000318,0,TwitterAbsoluteSigma,UCI 248 donor archive: Twitter Absolute Sigma 500,"{'extension': 'fewpla-datasets-v1', 'registry': {'source': 'UCI 248 donor archive: Twitter Absolute Sigma 500', 'url': 'https://lig-aptikal.imag.fr/buzz-prediction-in-online-social-media/', 'group': 'core', 'note': 'Use published classification labels, never the regression target or a newly chosen threshold.', 'paper_shape': [140607, 77, 2]}, 'override': None, 'strict_paper_shape': False}",0,0,0.00211353802845232,3.8701298701298703,16772334,4,PRIMARY,4333791,77,0e36d3d63e1fefda26242c0870287c6a43ce7e86d21d5e8c8879e11852ece3db,2,,56283,14071,4,,0.9987555080726931,0.002991058633706765,KDB,0.013578592663162276,generative,0,70353,False,0.0,0.9999691684094917,30.974791699998605,62d808de43699e78c54efdca56f311d2fb8e9980c1c3f6e1f21a9c452cd43d81,56283,2,16772334,0.05224330288109575,0.9998812406421612,140707,1.0,False,"repeat=2,fold=2",f04ce99a8d0585c5a6bf4d8a74f8e66cc79e88b3d92ded7622840236f60cf26e,train,ea519cf230fecc6d4b3f9f5cd01463162632afa811c5e1dc295419d9999a5772,fd34f709bd7625d8f131e3b2c67f387e6163668d377d1c8374ea82b52bb3de1c,,,,
118740,,12553,12553,0.01158595508677237,2,0.03844787150877692,2e219c54a929d16f0cc7,,,,47.13890640000318,0,TwitterAbsoluteSigma,UCI 248 donor archive: Twitter Absolute Sigma 500,"{'extension': 'fewpla-datasets-v1', 'registry': {'source': 'UCI 248 donor archive: Twitter Absolute Sigma 500', 'url': 'https://lig-aptikal.imag.fr/buzz-prediction-in-online-social-media/', 'group': 'core', 'note': 'Use published classification labels, never the regression target or a newly chosen threshold.', 'paper_shape': [140607, 77, 2]}, 'override': None, 'strict_paper_shape': False}",0,0,0.03362001178580642,3.8554446051425657,4177247,4,PRIMARY,1083467,77,0e36d3d63e1fefda26242c0870287c6a43ce7e86d21d5e8c8879e11852ece3db,2,,56283,14071,4,,0.9951721402770294,0.011106006858684564,KDB,0.48128628012422126,generative,0,70353,False,0.0,0.9935725788289056,30.553483999996388,f1df6f10831b34e25c8e5db9f6ad5a7acff535515a553c937d127b53ae549389,56283,2,4193158,0.18793166656607913,0.9821253562975389,140707,1.0,False,"repeat=2,fold=2",f04ce99a8d0585c5a6bf4d8a74f8e66cc79e88b3d92ded7622840236f60cf26e,validation,ea519cf230fecc6d4b3f9f5cd01463162632afa811c5e1dc295419d9999a5772,fd34f709bd7625d8f131e3b2c67f387e6163668d377d1c8374ea82b52bb3de1c,,,,
118740,,63977,63977,0.011810017054995948,2,0.04126334342529814,2e219c54a929d16f0cc7,,,,47.13890640000318,0,TwitterAbsoluteSigma,UCI 248 donor archive: Twitter Absolute Sigma 500,"{'extension': 'fewpla-datasets-v1', 'registry': {'source': 'UCI 248 donor archive: Twitter Absolute Sigma 500', 'url': 'https://lig-aptikal.imag.fr/buzz-prediction-in-online-social-media/', 'group': 'core', 'note': 'Use published classification labels, never the regression target or a newly chosen threshold.', 'paper_shape': [140607, 77, 2]}, 'override': None, 'strict_paper_shape': False}",0,0,0.03672440158347315,3.855250544517527,20884590,4,PRIMARY,5417181,77,0e36d3d63e1fefda26242c0870287c6a43ce7e86d21d5e8c8879e11852ece3db,2,,56283,14071,4,,0.9954610581581751,0.01072005050842577,KDB,0.48244764436719134,generative,0,70353,False,0.0,0.9943249407430212,31.039933599997312,ce8c841e2e0fb7106f23f51ca90103b349c5a7b9e3dde309eb7c29c6870e31bd,56283,2,20965194,0.19549255097129867,0.9832953794307675,140707,1.0,False,"repeat=2,fold=2",f04ce99a8d0585c5a6bf4d8a74f8e66cc79e88b3d92ded7622840236f60cf26e,test,ea519cf230fecc6d4b3f9f5cd01463162632afa811c5e1dc295419d9999a5772,fd34f709bd7625d8f131e3b2c67f387e6163668d377d1c8374ea82b52bb3de1c,,,,
229190,,0,0,0.0,2,0.0009949718387434927,2e219c54a929d16f0cc7,,,,47.13890640000318,0,TwitterAbsoluteSigma,UCI 248 donor archive: Twitter Absolute Sigma 500,"{'extension': 'fewpla-datasets-v1', 'registry': {'source': 'UCI 248 donor archive: Twitter Absolute Sigma 500', 'url': 'https://lig-aptikal.imag.fr/buzz-prediction-in-online-social-media/', 'group': 'core', 'note': 'Use published classification labels, never the regression target or a newly chosen threshold.', 'paper_shape': [140607, 77, 2]}, 'override': None, 'strict_paper_shape': False}",0,0,0.0006767236025970533,4.805194805194805,20824710,5,PRIMARY,4333791,77,0e36d3d63e1fefda26242c0870287c6a43ce7e86d21d5e8c8879e11852ece3db,2,,56283,14071,5,,0.9996712160101656,0.0007978063792523693,KDB,0.005171951147584349,generative,0,70353,False,0.0,0.9999939070419038,89.03736560000107,be82ac3c2aaf8c686763bfcd0c9d5e76fdad5af6a0b13d8fae9aefeed883ddbd,56283,2,20824710,0.02922200510743115,0.9999767380939719,140707,1.0,False,"repeat=2,fold=2",c4c63268d2cc28aaa1bf83ea00562ce3d94e7980837dcd9c91cfa69a5689ecfd,train,ea519cf230fecc6d4b3f9f5cd01463162632afa811c5e1dc295419d9999a5772,fd34f709bd7625d8f131e3b2c67f387e6163668d377d1c8374ea82b52bb3de1c,,,,
229190,,30602,30602,0.02824451506137243,2,0.04043777983085779,2e219c54a929d16f0cc7,,,,47.13890640000318,0,TwitterAbsoluteSigma,UCI 248 donor archive: Twitter Absolute Sigma 500,"{'extension': 'fewpla-datasets-v1', 'registry': {'source': 'UCI 248 donor archive: Twitter Absolute Sigma 500', 'url': 'https://lig-aptikal.imag.fr/buzz-prediction-in-online-social-media/', 'group': 'core', 'note': 'Use published classification labels, never the regression target or a newly chosen threshold.', 'paper_shape': [140607, 77, 2]}, 'override': None, 'strict_paper_shape': False}",0,0,0.03718134027237954,4.762313019224397,5159809,5,PRIMARY,1083467,77,0e36d3d63e1fefda26242c0870287c6a43ce7e86d21d5e8c8879e11852ece3db,2,,56283,14071,5,,0.9967435604415218,0.007719026853206993,KDB,0.6061721168228448,generative,0,70353,False,0.0,0.9919574920448497,89.47223289999965,a81079f5c28edff4a8e8c1df471768aef08ec9ae420e9eb8e59055c45d950d5a,56283,2,5206270,0.19450992559277616,0.979341532248836,140707,1.0,False,"repeat=2,fold=2",c4c63268d2cc28aaa1bf83ea00562ce3d94e7980837dcd9c91cfa69a5689ecfd,validation,ea519cf230fecc6d4b3f9f5cd01463162632afa811c5e1dc295419d9999a5772,fd34f709bd7625d8f131e3b2c67f387e6163668d377d1c8374ea82b52bb3de1c,,,,
229190,,156180,156180,0.02883049320301463,2,0.03915966625445965,2e219c54a929d16f0cc7,,,,47.13890640000318,0,TwitterAbsoluteSigma,UCI 248 donor archive: Twitter Absolute Sigma 500,"{'extension': 'fewpla-datasets-v1', 'registry': {'source': 'UCI 248 donor archive: Twitter Absolute Sigma 500', 'url': 'https://lig-aptikal.imag.fr/buzz-prediction-in-online-social-media/', 'group': 'core', 'note': 'Use published classification labels, never the regression target or a newly chosen threshold.', 'paper_shape': [140607, 77, 2]}, 'override': None, 'strict_paper_shape': False}",0,0,0.036374562680825354,4.761564917251242,25794259,5,PRIMARY,5417181,77,0e36d3d63e1fefda26242c0870287c6a43ce7e86d21d5e8c8879e11852ece3db,2,,56283,14071,5,,0.9972148964263657,0.006711618479488986,KDB,0.611232794344428,generative,0,70353,False,0.0,0.9918487100364489,89.7092147000003,95db3830a39b7a28ef8ec06fd088d22dcf87ddf2800f7824b578e361cb983ac3,56283,2,26030610,0.19303024057197765,0.9788790873901215,140707,1.0,False,"repeat=2,fold=2",c4c63268d2cc28aaa1bf83ea00562ce3d94e7980837dcd9c91cfa69a5689ecfd,test,ea519cf230fecc6d4b3f9f5cd01463162632afa811c5e1dc295419d9999a5772,fd34f709bd7625d8f131e3b2c67f387e6163668d377d1c8374ea82b52bb3de1c,,,,
50,,0,0,0.0,2,0.13641518500720806,2e219c54a929d16f0cc7,,,,3.332445400003053,0,MiniBooNE,UCI MiniBooNE via OpenML data_id=41150,,0,0,0.12013424068526077,0.0,0,0,PRIMARY,2601250,50,02d49ba3092e1b475ad0ff4abf7f7329982bd487e9a8c4c303a9e6e403220b17,1,,52025,13007,0,,0.9837190556780527,0.03882834339622096,KDB,1.3708950771610524,generative,0,65032,False,0.0,0.971476468725146,0.3727853000018513,e42c07ccc77f9ef39a68f97bc417547e3f3a574521ee6397ca0c20d2ea37daf1,52025,1,0,0.3551326023026083,0.9349930585400101,130064,1.0,False,"repeat=1,fold=1",d0ae1d8b362399b0328a5a115b700c5fb30303828798919826dda462f03413fc,train,55dd0780832ce775b8224418396c0596df7425c8e123045716777c4c0926a833,5fa396c4fc049a8d3c19dadc61f10a863968b26506cd34f61e7df3a09e261b3b,,,,
50,,0,0,0.0,2,0.14123164449911585,2e219c54a929d16f0cc7,,,,3.332445400003053,0,MiniBooNE,UCI MiniBooNE via OpenML data_id=41150,,0,0,0.12412088732589072,0.0,0,0,PRIMARY,650350,50,02d49ba3092e1b475ad0ff4abf7f7329982bd487e9a8c4c303a9e6e403220b17,1,,52025,13007,0,,0.9828892428267749,0.03944893066728383,KDB,1.4338283358279884,generative,0,65032,False,0.0,0.9705487872817529,0.11544449999928474,44f8a6dc111d6497ef15166899f9750494e0be0f698463af79c8aef01a5822e9,52025,1,0,0.3613030841546461,0.9310372133674739,130064,1.0,False,"repeat=1,fold=1",d0ae1d8b362399b0328a5a115b700c5fb30303828798919826dda462f03413fc,validation,55dd0780832ce775b8224418396c0596df7425c8e123045716777c4c0926a833,5fa396c4fc049a8d3c19dadc61f10a863968b26506cd34f61e7df3a09e261b3b,,,,
50,,0,0,0.0,2,0.13725550498216263,2e219c54a929d16f0cc7,,,,3.332445400003053,0,MiniBooNE,UCI MiniBooNE via OpenML data_id=41150,,0,0,0.12107587941679662,0.0,0,0,PRIMARY,3251600,50,02d49ba3092e1b475ad0ff4abf7f7329982bd487e9a8c4c303a9e6e403220b17,1,,52025,13007,0,,0.9838203744346341,0.03833914650548601,KDB,1.3793699086406093,generative,0,65032,False,0.0,0.9716885050391281,0.5171885000017937,3ccd02111292087ff9c791d9269edc88a57319d35f70d8ae22fcfa52972c2b9f,52025,1,0,0.35600376280100315,0.9345995181380498,130064,1.0,False,"repeat=1,fold=1",d0ae1d8b362399b0328a5a115b700c5fb30303828798919826dda462f03413fc,test,55dd0780832ce775b8224418396c0596df7425c8e123045716777c4c0926a833,5fa396c4fc049a8d3c19dadc61f10a863968b26506cd34f61e7df3a09e261b3b,,,,
585,,0,0,0.0,2,0.10395002402691014,2e219c54a929d16f0cc7,,,,37.01212809999561,0,MiniBooNE,UCI MiniBooNE via OpenML data_id=41150,,0,0,0.07829737523199419,0.98,2549225,1,PRIMARY,2601250,50,02d49ba3092e1b475ad0ff4abf7f7329982bd487e9a8c4c303a9e6e403220b17,1,,52025,13007,1,,0.9743473512050839,0.06128373788856669,KDB,0.5027242219366008,generative,0,65032,False,0.0,0.9828046717684584,0.18943279999803053,8e5d1c7d7aca12d2a3845498c457d2747ed5d2e6b302ed40c06f13ebcc3eb78b,52025,1,2549225,0.2992266484531141,0.9574644523450357,130064,1.0,False,"repeat=1,fold=1",04e81ee8d24a35649a04d06838ed4cb894ad7ee57d9a66479a2eb3d9a468fedb,train,55dd0780832ce775b8224418396c0596df7425c8e123045716777c4c0926a833,5fa396c4fc049a8d3c19dadc61f10a863968b26506cd34f61e7df3a09e261b3b,,,,
585,,0,0,0.0,2,0.113631121703698,2e219c54a929d16f0cc7,,,,37.01212809999561,0,MiniBooNE,UCI MiniBooNE via OpenML data_id=41150,,0,0,0.08754968724487848,0.98,637343,1,PRIMARY,650350,50,02d49ba3092e1b475ad0ff4abf7f7329982bd487e9a8c4c303a9e6e403220b17,1,,52025,13007,1,,0.9739185655411804,0.06274479640351138,KDB,0.5669155310371006,generative,0,65032,False,0.0,0.9784571671236661,0.06841610000265064,f2958ecdaf329bba8c9fb8fdb05dc81ed2855655e66665427607b838f6087d28,52025,1,637343,0.3129955912040877,0.9486184689215164,130064,1.0,False,"repeat=1,fold=1",04e81ee8d24a35649a04d06838ed4cb894ad7ee57d9a66479a2eb3d9a468fedb,validation,55dd0780832ce775b8224418396c0596df7425c8e123045716777c4c0926a833,5fa396c4fc049a8d3c19dadc61f10a863968b26506cd34f61e7df3a09e261b3b,,,,
585,,0,0,0.0,2,0.11089924960019683,2e219c54a929d16f0cc7,,,,37.01212809999561,0,MiniBooNE,UCI MiniBooNE via OpenML data_id=41150,,0,0,0.08469814237969281,0.98,3186568,1,PRIMARY,3251600,50,02d49ba3092e1b475ad0ff4abf7f7329982bd487e9a8c4c303a9e6e403220b17,1,,52025,13007,1,,0.9737988927794959,0.06244156715927445,KDB,0.5587351747384975,generative,0,65032,False,0.0,0.9794449103689458,0.22914570000284584,d535a64920f15469bf5410efc5af4e229548a309785c64b3af13e89ee93b40e2,52025,1,3186568,0.30871515473294325,0.9510917868539768,130064,1.0,False,"repeat=1,fold=1",04e81ee8d24a35649a04d06838ed4cb894ad7ee57d9a66479a2eb3d9a468fedb,test,55dd0780832ce775b8224418396c0596df7425c8e123045716777c4c0926a833,5fa396c4fc049a8d3c19dadc61f10a863968b26506cd34f61e7df3a09e261b3b,,,,
6324,,0,0,0.0,2,0.047054300816914946,2e219c54a929d16f0cc7,,,,37.01212809999561,0,MiniBooNE,UCI MiniBooNE via OpenML data_id=41150,,0,0,0.02895672150532836,1.94,5046425,2,PRIMARY,2601250,50,02d49ba3092e1b475ad0ff4abf7f7329982bd487e9a8c4c303a9e6e403220b17,1,,52025,13007,2,,0.9819024206884134,0.04419338289864627,KDB,0.1621855098165504,generative,0,65032,False,0.0,0.9966169611401444,0.5587635000047158,1ad9bfd9bd07450dad60e302d13b79303d63c558d3aa2caf421e16e70e046dfc,52025,1,5046425,0.19487524177710638,0.9910312502252315,130064,1.0,False,"repeat=1,fold=1",8198077717d64c0338d7eaf4624a0b827f9b007c1b5e4e176bba48cb9c60c94c,train,55dd0780832ce775b8224418396c0596df7425c8e123045716777c4c0926a833,5fa396c4fc049a8d3c19dadc61f10a863968b26506cd34f61e7df3a09e261b3b,,,,
6324,,70,70,0.00010763435073422003,2,0.09933112939186592,2e219c54a929d16f0cc7,,,,37.01212809999561,0,MiniBooNE,UCI MiniBooNE via OpenML data_id=41150,,0,0,0.07401923928502774,1.9398923656492657,1261609,2,PRIMARY,650350,50,02d49ba3092e1b475ad0ff4abf7f7329982bd487e9a8c4c303a9e6e403220b17,1,,52025,13007,2,,0.9746881098931619,0.05990433998592601,KDB,0.4975515001923205,generative,0,65032,False,0.0,0.9817744742746455,0.5896219999995083,9c98baea0a5dd02cf8c4f0418dd4eeff85a0ce8e0ee3adb77ada3244c8510c95,52025,1,1261679,0.2908882463513792,0.9563835001559158,130064,1.0,False,"repeat=1,fold=1",8198077717d64c0338d7eaf4624a0b827f9b007c1b5e4e176bba48cb9c60c94c,validation,55dd0780832ce775b8224418396c0596df7425c8e123045716777c4c0926a833,5fa396c4fc049a8d3c19dadc61f10a863968b26506cd34f61e7df3a09e261b3b,,,,
6324,,234,234,7.196457128798131e-05,2,0.09644482716201255,2e219c54a929d16f0cc7,,,,37.01212809999561,0,MiniBooNE,UCI MiniBooNE via OpenML data_id=41150,,0,0,0.07221323708203448,1.939928035428712,6307870,2,PRIMARY,3251600,50,02d49ba3092e1b475ad0ff4abf7f7329982bd487e9a8c4c303a9e6e403220b17,1,,52025,13007,2,,0.975768409920022,0.05833122534621434,KDB,0.492453725748168,generative,0,65032,False,0.0,0.9823754553463004,0.650567199998477,39000d61db1f1769f30d22b193abecb6860dd72b77d321f3e46e35bf9bbd969c,52025,1,6308104,0.2881638033493928,0.9574203753580437,130064,1.0,False,"repeat=1,fold=1",8198077717d64c0338d7eaf4624a0b827f9b007c1b5e4e176bba48cb9c60c94c,test,55dd0780832ce775b8224418396c0596df7425c8e123045716777c4c0926a833,5fa396c4fc049a8d3c19dadc61f10a863968b26506cd34f61e7df3a09e261b3b,,,,
48455,,0,0,0.0,2,0.005843344545891398,2e219c54a929d16f0cc7,,,,37.01212809999561,0,MiniBooNE,UCI MiniBooNE via OpenML data_id=41150,,0,0,0.00289053618514453,2.88,7491600,3,PRIMARY,2601250,50,02d49ba3092e1b475ad0ff4abf7f7329982bd487e9a8c4c303a9e6e403220b17,1,,52025,13007,3,,0.9970359922754811,0.007498864667354837,KDB,0.018608277148027253,generative,0,65032,False,0.0,0.9999436355402503,8.255682100003469,f3f3c4ada1d20e9c8697bb5bd422f8be946da150b8f50849f58afdbbe56a2ee8,52025,1,7491600,0.06791538974417874,0.9998560165324866,130064,1.0,False,"repeat=1,fold=1",a2848ac9a0ffe95c70a282cf7c77e61d9a6b708c8f1a8a224edbf89b6afd2980,train,55dd0780832ce775b8224418396c0596df7425c8e123045716777c4c0926a833,5fa396c4fc049a8d3c19dadc61f10a863968b26506cd34f61e7df3a09e261b3b,,,,
48455,,1470,1470,0.0022603213654186207,2,0.1117859614053971,2e219c54a929d16f0cc7,,,,37.01212809999561,0,MiniBooNE,UCI MiniBooNE via OpenML data_id=41150,,0,0,0.09299621685341047,2.8776335819174292,1871469,3,PRIMARY,650350,50,02d49ba3092e1b475ad0ff4abf7f7329982bd487e9a8c4c303a9e6e403220b17,1,,52025,13007,3,,0.9812102554480133,0.04401901732130073,KDB,0.7783551888715804,generative,0,65032,False,0.0,0.9795947344982479,7.992462599999271,5e4ec2570d10db64eb7d59fb94e0d29919622243911180288da5b10512cd2134,52025,1,1873008,0.31525175059279553,0.9495518848243423,130064,1.0,False,"repeat=1,fold=1",a2848ac9a0ffe95c70a282cf7c77e61d9a6b708c8f1a8a224edbf89b6afd2980,validation,55dd0780832ce775b8224418396c0596df7425c8e123045716777c4c0926a833,5fa396c4fc049a8d3c19dadc61f10a863968b26506cd34f61e7df3a09e261b3b,,,,
48455,,7327,7327,0.002253352195842047,2,0.10896174191167425,2e219c54a929d16f0cc7,,,,37.01212809999561,0,MiniBooNE,UCI MiniBooNE via OpenML data_id=41150,,0,0,0.09022537281378801,2.8776765284782875,9357053,3,PRIMARY,3251600,50,02d49ba3092e1b475ad0ff4abf7f7329982bd487e9a8c4c303a9e6e403220b17,1,,52025,13007,3,,0.9812636309021138,0.04414676352955593,KDB,0.76516175927637,generative,0,65032,False,0.0,0.9799200939803252,8.396533200000704,855cbd46245c27b09a6a787f32fddde92774ccf8c00b2059d77d8e7b2c37f2c1,52025,1,9364608,0.31181549695233507,0.950403805936366,130064,1.0,False,"repeat=1,fold=1",a2848ac9a0ffe95c70a282cf7c77e61d9a6b708c8f1a8a224edbf89b6afd2980,test,55dd0780832ce775b8224418396c0596df7425c8e123045716777c4c0926a833,5fa396c4fc049a8d3c19dadc61f10a863968b26506cd34f61e7df3a09e261b3b,,,,
235495,,0,0,0.0,2,0.0002498798654493032,2e219c54a929d16f0cc7,,,,37.01212809999561,0,MiniBooNE,UCI MiniBooNE via OpenML data_id=41150,,0,0,0.00020345875880470432,3.8,9884750,4,PRIMARY,2601250,50,02d49ba3092e1b475ad0ff4abf7f7329982bd487e9a8c4c303a9e6e403220b17,1,,52025,13007,4,,0.9999172494129868,0.0002229482845223317,KDB,0.0014318289018287662,generative,0,65032,False,0.0,0.9999986818956191,40.04126220000035,141337780996e6de19e9321937094f745b8ccb3c1564bcfb1d4d3798c942be56,52025,1,9884750,0.014366643822942105,0.9999976884311749,130064,1.0,False,"repeat=1,fold=1",c20cf91aa470d9f26671980975e2039cb14ece3eb2be292a7d5b39c6021716b8,train,55dd0780832ce775b8224418396c0596df7425c8e123045716777c4c0926a833,5fa396c4fc049a8d3c19dadc61f10a863968b26506cd34f61e7df3a09e261b3b,,,,
235495,,18236,18236,0.028040285999846235,2,0.1279311140155301,2e219c54a929d16f0cc7,,,,37.01212809999561,0,MiniBooNE,UCI MiniBooNE via OpenML data_id=41150,,0,0,0.11095971388235586,3.7696901668332434,2451618,4,PRIMARY,650350,50,02d49ba3092e1b475ad0ff4abf7f7329982bd487e9a8c4c303a9e6e403220b17,1,,52025,13007,4,,0.9830285998668256,0.04030315356900328,KDB,1.0635679549501682,generative,0,65032,False,0.0,0.9727378083619318,39.03628729999764,11b0b6a4a50d330d093ba13f53d88b417f3eb863e2cbf262f187fccd30328f96,52025,1,2471330,0.34227157395338986,0.9346486331381825,130064,1.0,False,"repeat=1,fold=1",c20cf91aa470d9f26671980975e2039cb14ece3eb2be292a7d5b39c6021716b8,validation,55dd0780832ce775b8224418396c0596df7425c8e123045716777c4c0926a833,5fa396c4fc049a8d3c19dadc61f10a863968b26506cd34f61e7df3a09e261b3b,,,,
235495,,90439,90439,0.027813691720998894,2,0.12257042686677327,2e219c54a929d16f0cc7,,,,37.01212809999561,0,MiniBooNE,UCI MiniBooNE via OpenML data_id=41150,,0,0,0.1055604789166065,3.769960634764424,12258404,4,PRIMARY,3251600,50,02d49ba3092e1b475ad0ff4abf7f7329982bd487e9a8c4c303a9e6e403220b17,1,,52025,13007,4,,0.9829900520498331,0.04046005026035899,KDB,1.005021489143872,generative,0,65032,False,0.0,0.9756448434201257,38.92932930000097,a0ea9fc1788275b4fd21def852b63337e1a86dc058dcfd3eb2735c2f0740d06e,52025,1,12356080,0.3343666779230358,0.9398501829822148,130064,1.0,False,"repeat=1,fold=1",c20cf91aa470d9f26671980975e2039cb14ece3eb2be292a7d5b39c6021716b8,test,55dd0780832ce775b8224418396c0596df7425c8e123045716777c4c0926a833,5fa396c4fc049a8d3c19dadc61f10a863968b26506cd34f61e7df3a09e261b3b,,,,
656642,,0,0,0.0,2,0.00011532916866890918,2e219c54a929d16f0cc7,,,,37.01212809999561,0,MiniBooNE,UCI MiniBooNE via OpenML data_id=41150,,0,0,0.0001129376294382034,4.7,12225875,5,PRIMARY,2601250,50,02d49ba3092e1b475ad0ff4abf7f7329982bd487e9a8c4c303a9e6e403220b17,1,,52025,13007,5,,0.9999976084607693,1.0458785802951914e-05,KDB,0.0011380413524286878,generative,0,65032,False,0.0,0.9999991518803387,107.9885973999917,767a1b722c6c707f21bf76f10e0ffda771556ff8a7715d3dd51edfa7540f819d,52025,1,12225875,0.010746282183706803,0.9999988853955546,130064,1.0,False,"repeat=1,fold=1",1b36dd8d47a449b6437979e5a16f181f47dbd8b8b073262ef00bb73ba8e8a893,train,55dd0780832ce775b8224418396c0596df7425c8e123045716777c4c0926a833,5fa396c4fc049a8d3c19dadc61f10a863968b26506cd34f61e7df3a09e261b3b,,,,
656642,,87403,87403,0.13439378796032905,2,0.1408472361036365,2e219c54a929d16f0cc7,,,,37.01212809999561,0,MiniBooNE,UCI MiniBooNE via OpenML data_id=41150,,0,0,0.12111790971247824,4.536349657876528,2950215,5,PRIMARY,650350,50,02d49ba3092e1b475ad0ff4abf7f7329982bd487e9a8c4c303a9e6e403220b17,1,,52025,13007,5,,0.9802706736088418,0.046771073819951034,KDB,1.1381119448152515,generative,0,65032,False,0.0,0.9677096637650707,105.8761111000058,b1913ca26505da5d682a91854c3b5efc47b31a819e12d09850a8b8dd410b4eee,52025,1,3056645,0.35812894852638605,0.9233972075700414,130064,1.0,False,"repeat=1,fold=1",1b36dd8d47a449b6437979e5a16f181f47dbd8b8b073262ef00bb73ba8e8a893,validation,55dd0780832ce775b8224418396c0596df7425c8e123045716777c4c0926a833,5fa396c4fc049a8d3c19dadc61f10a863968b26506cd34f61e7df3a09e261b3b,,,,
656642,,437006,437006,0.13439721983023742,2,0.1371632427112806,2e219c54a929d16f0cc7,,,,37.01212809999561,0,MiniBooNE,UCI MiniBooNE via OpenML data_id=41150,,0,0,0.11719747956085486,4.536569073686801,14751108,5,PRIMARY,3251600,50,02d49ba3092e1b475ad0ff4abf7f7329982bd487e9a8c4c303a9e6e403220b17,1,,52025,13007,5,,0.9800342368495744,0.04728129999781529,KDB,1.086780255771342,generative,0,65032,False,0.0,0.9698056456491682,106.2506330999895,38902e014404e607d91bb16ce168634d6e9d3e957d577b11a0c063644e969900,52025,1,15282520,0.3524887963959553,0.9269770629495129,130064,1.0,False,"repeat=1,fold=1",1b36dd8d47a449b6437979e5a16f181f47dbd8b8b073262ef00bb73ba8e8a893,test,55dd0780832ce775b8224418396c0596df7425c8e123045716777c4c0926a833,5fa396c4fc049a8d3c19dadc61f10a863968b26506cd34f61e7df3a09e261b3b,,,,
50,,0,0,0.0,2,0.13606919750120133,2e219c54a929d16f0cc7,,,,3.042444799997611,0,MiniBooNE,UCI MiniBooNE via OpenML data_id=41150,,0,0,0.11997505509353233,0.0,0,0,PRIMARY,2601250,50,fdbf1f604fb03b30dfafa49c7aaf0eeb5cd02bdf95b42295aecc8b963eb99b4f,2,,52025,13007,0,,0.983905857592331,0.03815387445220313,KDB,1.3660617886739235,generative,0,65032,False,0.0,0.972075030792069,0.32732209999812767,482c4dbef90656221e751b238597b3ded5274e446a55a5433eb043e703f59705,52025,1,0,0.3545212521451424,0.9355452814304408,130064,1.0,False,"repeat=1,fold=2",d0ae1d8b362399b0328a5a115b700c5fb30303828798919826dda462f03413fc,train,76f84b607d56deab557597246ed916904461a85e99065925ab605cc47d1f93bc,ef61b211a52157913b0aa03b43b8ae7c5fec96e414ee8f1edf0fe9193fe1c863,,,,
50,,0,0,0.0,2,0.13231336972399477,2e219c54a929d16f0cc7,,,,3.042444799997611,0,MiniBooNE,UCI MiniBooNE via OpenML data_id=41150,,0,0,0.11655534438678682,0.0,0,0,PRIMARY,650350,50,fdbf1f604fb03b30dfafa49c7aaf0eeb5cd02bdf95b42295aecc8b963eb99b4f,2,,52025,13007,0,,0.9842419746627922,0.037484375758094546,KDB,1.2962843211434074,generative,0,65032,False,0.0,0.9753180555373604,0.09709169999405276,30bfcbb41b2d2935d6e71803897718d8c3fce5dc084ac5b1ce6e8e3751e49369,52025,1,0,0.3507277917755695,0.9404965588724872,130064,1.0,False,"repeat=1,fold=2",d0ae1d8b362399b0328a5a115b700c5fb30303828798919826dda462f03413fc,validation,76f84b607d56deab557597246ed916904461a85e99065925ab605cc47d1f93bc,ef61b211a52157913b0aa03b43b8ae7c5fec96e414ee8f1edf0fe9193fe1c863,,,,
50,,0,0,0.0,2,0.13893160290318612,2e219c54a929d16f0cc7,,,,3.042444799997611,0,MiniBooNE,UCI MiniBooNE via OpenML data_id=41150,,0,0,0.12254757715993853,0.0,0,0,PRIMARY,3251600,50,fdbf1f604fb03b30dfafa49c7aaf0eeb5cd02bdf95b42295aecc8b963eb99b4f,2,,52025,13007,0,,0.983505539127308,0.039038826560349384,KDB,1.3996931817398282,generative,0,65032,False,0.0,0.9705312658414114,0.4675335000065388,5f16988b50b0847933737060bf682b189d347ddc35053f1fe18076988ea24914,52025,1,0,0.3585602536791616,0.9327873572983705,130064,1.0,False,"repeat=1,fold=2",d0ae1d8b362399b0328a5a115b700c5fb30303828798919826dda462f03413fc,test,76f84b607d56deab557597246ed916904461a85e99065925ab605cc47d1f93bc,ef61b211a52157913b0aa03b43b8ae7c5fec96e414ee8f1edf0fe9193fe1c863,,,,
570,,0,0,0.0,2,0.10592984142239308,2e219c54a929d16f0cc7,,,,35.02592089997779,0,MiniBooNE,UCI MiniBooNE via OpenML data_id=41150,,0,0,0.07857581799112136,0.98,2549225,1,PRIMARY,2601250,50,fdbf1f604fb03b30dfafa49c7aaf0eeb5cd02bdf95b42295aecc8b963eb99b4f,2,,52025,13007,1,,0.9726459765687286,0.0651927273560988,KDB,0.484228217762973,generative,0,65032,False,0.0,0.9825454324848283,0.4552066000032937,c8951084ee13c2524deae6d268f12cf70c9c205d2100fd5e97831eabf14a83f6,52025,1,2549225,0.30066313352580604,0.9569629267667756,130064,1.0,False,"repeat=1,fold=2",a0385097901327d55b0cfbe63a04af2741aa25fbc8d26e2534fee88320c90c35,train,76f84b607d56deab557597246ed916904461a85e99065925ab605cc47d1f93bc,ef61b211a52157913b0aa03b43b8ae7c5fec96e414ee8f1edf0fe9193fe1c863,,,,
570,,0,0,0.0,2,0.10863381256246636,2e219c54a929d16f0cc7,,,,35.02592089997779,0,MiniBooNE,UCI MiniBooNE via OpenML data_id=41150,,0,0,0.08207857855824663,0.98,637343,1,PRIMARY,650350,50,fdbf1f604fb03b30dfafa49c7aaf0eeb5cd02bdf95b42295aecc8b963eb99b4f,2,,52025,13007,1,,0.9734447659957803,0.06444250621396093,KDB,0.5110421559381758,generative,0,65032,False,0.0,0.9809304236321681,0.1701939000049606,bcc928b506440fbc2ade1d9ce068edf42804e8b41250ee443df3ed8fe15f35df,52025,1,637343,0.3057508393271092,0.9538906042066521,130064,1.0,False,"repeat=1,fold=2",a0385097901327d55b0cfbe63a04af2741aa25fbc8d26e2534fee88320c90c35,validation,76f84b607d56deab557597246ed916904461a85e99065925ab605cc47d1f93bc,ef61b211a52157913b0aa03b43b8ae7c5fec96e414ee8f1edf0fe9193fe1c863,,,,
570,,0,0,0.0,2,0.11328269159798253,2e219c54a929d16f0cc7,,,,35.02592089997779,0,MiniBooNE,UCI MiniBooNE via OpenML data_id=41150,,0,0,0.08566810516408328,0.98,3186568,1,PRIMARY,3251600,50,fdbf1f604fb03b30dfafa49c7aaf0eeb5cd02bdf95b42295aecc8b963eb99b4f,2,,52025,13007,1,,0.9723854135661009,0.06641040012585628,KDB,0.546175557684585,generative,0,65032,False,0.0,0.9769587309259214,0.5220296999905258,93ad4773b9c092176545524ed9ea7c27ff583fdd8116dc2d10e2bd69fb21507d,52025,1,3186568,0.3112741729694909,0.947976256652431,130064,1.0,False,"repeat=1,fold=2",a0385097901327d55b0cfbe63a04af2741aa25fbc8d26e2534fee88320c90c35,test,76f84b607d56deab557597246ed916904461a85e99065925ab605cc47d1f93bc,ef61b211a52157913b0aa03b43b8ae7c5fec96e414ee8f1edf0fe9193fe1c863,,,,
6067,,0,0,0.0,2,0.050091302258529556,2e219c54a929d16f0cc7,,,,35.02592089997779,0,MiniBooNE,UCI MiniBooNE via OpenML data_id=41150,,0,0,0.03125880163328096,1.94,5046425,2,PRIMARY,2601250,50,fdbf1f604fb03b30dfafa49c7aaf0eeb5cd02bdf95b42295aecc8b963eb99b4f,2,,52025,13007,2,,0.9811674993747513,0.04575983395437967,KDB,0.18161501318558168,generative,0,65032,False,0.0,0.9960408110393587,1.4399532999959774,fcaa03656ba04b8fbc3213061b7f88e1e42f2ee5df9c1e16c83c900563a764a0,52025,1,5046425,0.20212428472872918,0.9894473202111986,130064,1.0,False,"repeat=1,fold=2",6a450f4f632eb8885059d1ffb718baaa8e08b943a3941a8443fa2d5ad6bb435e,train,76f84b607d56deab557597246ed916904461a85e99065925ab605cc47d1f93bc,ef61b211a52157913b0aa03b43b8ae7c5fec96e414ee8f1edf0fe9193fe1c863,,,,
6067,,61,61,9.379564849696318e-05,2,0.09387253017605905,2e219c54a929d16f0cc7,,,,35.02592089997779,0,MiniBooNE,UCI MiniBooNE via OpenML data_id=41150,,0,0,0.06816856792703697,1.939906204351503,1261618,2,PRIMARY,650350,50,fdbf1f604fb03b30dfafa49c7aaf0eeb5cd02bdf95b42295aecc8b963eb99b4f,2,,52025,13007,2,,0.9742231168435949,0.06109048614994406,KDB,0.4534040629407346,generative,0,65032,False,0.0,0.9844017148158684,1.1614054999954533,1ff82f0e8acdab3877ef87136749f44e761c0dd0166926e0206ffd7f22c02516,52025,1,1261679,0.28394565065740984,0.9608641248731811,130064,1.0,False,"repeat=1,fold=2",6a450f4f632eb8885059d1ffb718baaa8e08b943a3941a8443fa2d5ad6bb435e,validation,76f84b607d56deab557597246ed916904461a85e99065925ab605cc47d1f93bc,ef61b211a52157913b0aa03b43b8ae7c5fec96e414ee8f1edf0fe9193fe1c863,,,,
6067,,223,223,6.85816213556403e-05,2,0.09787489236068397,2e219c54a929d16f0cc7,,,,35.02592089997779,0,MiniBooNE,UCI MiniBooNE via OpenML data_id=41150,,0,0,0.0725269324775219,1.9399314183786445,6307881,2,PRIMARY,3251600,50,fdbf1f604fb03b30dfafa49c7aaf0eeb5cd02bdf95b42295aecc8b963eb99b4f,2,,52025,13007,2,,0.9746520401168379,0.06043248893826641,KDB,0.4841822184781901,generative,0,65032,False,0.0,0.9820539216129813,1.4194361999980174,526e3466e61fd4cc93d4a4627d08535e7c36ec58a4c56145f2fdc20636b2570f,52025,1,6308104,0.2892203556353676,0.9571653970649927,130064,1.0,False,"repeat=1,fold=2",6a450f4f632eb8885059d1ffb718baaa8e08b943a3941a8443fa2d5ad6bb435e,test,76f84b607d56deab557597246ed916904461a85e99065925ab605cc47d1f93bc,ef61b211a52157913b0aa03b43b8ae7c5fec96e414ee8f1edf0fe9193fe1c863,,,,
46887,,0,0,0.0,2,0.005939452186448823,2e219c54a929d16f0cc7,,,,35.02592089997779,0,MiniBooNE,UCI MiniBooNE via OpenML data_id=41150,,0,0,0.0029918984316847376,2.88,7491600,3,PRIMARY,2601250,50,fdbf1f604fb03b30dfafa49c7aaf0eeb5cd02bdf95b42295aecc8b963eb99b4f,2,,52025,13007,3,,0.9970524462452357,0.007548764220598733,KDB,0.01910589552684148,generative,0,65032,False,0.0,0.9999374067924923,7.9875127999985125,9c85166a77eb293ba794de14dffeeb291994be820782008fc622b42b73c17296,52025,1,7491600,0.0682583788425259,0.9998394505906791,130064,1.0,False,"repeat=1,fold=2",f4692b3393a1ef922442a9ab76ff88b7a826a11d1596aea3475e9419d95d127c,train,76f84b607d56deab557597246ed916904461a85e99065925ab605cc47d1f93bc,ef61b211a52157913b0aa03b43b8ae7c5fec96e414ee8f1edf0fe9193fe1c863,,,,
46887,,1298,1298,0.001995848389328823,2,0.11078649957715077,2e219c54a929d16f0cc7,,,,35.02592089997779,0,MiniBooNE,UCI MiniBooNE via OpenML data_id=41150,,0,0,0.09059589327696985,2.8779195817636656,1871655,3,PRIMARY,650350,50,fdbf1f604fb03b30dfafa49c7aaf0eeb5cd02bdf95b42295aecc8b963eb99b4f,2,,52025,13007,3,,0.9798093936998189,0.04724945479856227,KDB,0.7440366996364198,generative,0,65032,False,0.0,0.9810858535130385,7.727089599997271,cd6189b700ebd93f065bfa1995c5f86463da07d9ebbeabb9ff78faf64db3a77c,52025,1,1873008,0.3128299080138527,0.9516211582860097,130064,1.0,False,"repeat=1,fold=2",f4692b3393a1ef922442a9ab76ff88b7a826a11d1596aea3475e9419d95d127c,validation,76f84b607d56deab557597246ed916904461a85e99065925ab605cc47d1f93bc,ef61b211a52157913b0aa03b43b8ae7c5fec96e414ee8f1edf0fe9193fe1c863,,,,
46887,,6690,6690,0.002057448640669209,2,0.10865420100873416,2e219c54a929d16f0cc7,,,,35.02592089997779,0,MiniBooNE,UCI MiniBooNE via OpenML data_id=41150,,0,0,0.0902107205197415,2.8778761225242957,9357702,3,PRIMARY,3251600,50,fdbf1f604fb03b30dfafa49c7aaf0eeb5cd02bdf95b42295aecc8b963eb99b4f,2,,52025,13007,3,,0.9815565195110075,0.0437020999714364,KDB,0.7709856615161308,generative,0,65032,False,0.0,0.9795826686322192,7.960323399995104,86beb9f1c27ad6a3430c3eafcb10d1aafb0e058d3a7c5a97d180fb8b780275ac,52025,1,9364608,0.31180539539792074,0.9497694433130246,130064,1.0,False,"repeat=1,fold=2",f4692b3393a1ef922442a9ab76ff88b7a826a11d1596aea3475e9419d95d127c,test,76f84b607d56deab557597246ed916904461a85e99065925ab605cc47d1f93bc,ef61b211a52157913b0aa03b43b8ae7c5fec96e414ee8f1edf0fe9193fe1c863,,,,
223322,,0,0,0.0,2,0.00023065833733781836,2e219c54a929d16f0cc7,,,,35.02592089997779,0,MiniBooNE,UCI MiniBooNE via OpenML data_id=41150,,0,0,0.00016373741441762788,3.8,9884750,4,PRIMARY,2601250,50,fdbf1f604fb03b30dfafa49c7aaf0eeb5cd02bdf95b42295aecc8b963eb99b4f,2,,52025,13007,4,,0.9998821132178135,0.00029705497754265885,KDB,0.0016673400716056825,generative,0,65032,False,0.0,0.9999985771077726,36.252553099999204,4a87140cb3133dba86b33977288cea2465c0465e5168b22434fa9e91cc56df39,52025,1,9884750,0.014820238125245612,0.9999970095442026,130064,1.0,False,"repeat=1,fold=2",217ac50ec7a26b9e9b0081332b2e729f2ea6f286785e78817d5a68f65ebff302,train,76f84b607d56deab557597246ed916904461a85e99065925ab605cc47d1f93bc,ef61b211a52157913b0aa03b43b8ae7c5fec96e414ee8f1edf0fe9193fe1c863,,,,
223322,,16271,16271,0.025018836011378488,2,0.1227800415161067,2e219c54a929d16f0cc7,,,,35.02592089997779,0,MiniBooNE,UCI MiniBooNE via OpenML data_id=41150,,0,0,0.1046407440360218,3.7729745521642193,2453754,4,PRIMARY,650350,50,fdbf1f604fb03b30dfafa49c7aaf0eeb5cd02bdf95b42295aecc8b963eb99b4f,2,,52025,13007,4,,0.9818607025199152,0.04294143181114788,KDB,0.9484024232173212,generative,0,65032,False,0.0,0.976130058767128,36.35242300000391,2e2373aab78d31f35e02706db2cc12006116f3975e24c1ab87e2d617c774be62,52025,1,2471330,0.33260487328141597,0.9405051964612237,130064,1.0,False,"repeat=1,fold=2",217ac50ec7a26b9e9b0081332b2e729f2ea6f286785e78817d5a68f65ebff302,validation,76f84b607d56deab557597246ed916904461a85e99065925ab605cc47d1f93bc,ef61b211a52157913b0aa03b43b8ae7c5fec96e414ee8f1edf0fe9193fe1c863,,,,
223322,,81954,81954,0.02520420715955222,2,0.12301636117603641,2e219c54a929d16f0cc7,,,,35.02592089997779,0,MiniBooNE,UCI MiniBooNE via OpenML data_id=41150,,0,0,0.1054247832205056,3.772739881904293,12267441,4,PRIMARY,3251600,50,fdbf1f604fb03b30dfafa49c7aaf0eeb5cd02bdf95b42295aecc8b963eb99b4f,2,,52025,13007,4,,0.9824084220444691,0.041842449568378765,KDB,0.9674829098189205,generative,0,65032,False,0.0,0.9752023487723924,37.23184019999462,fac73acd48437533aed9f98a4372c28fff21d7dce26ede115dcf485a77b46670,52025,1,12356080,0.3331602303147389,0.9396170434280134,130064,1.0,False,"repeat=1,fold=2",217ac50ec7a26b9e9b0081332b2e729f2ea6f286785e78817d5a68f65ebff302,test,76f84b607d56deab557597246ed916904461a85e99065925ab605cc47d1f93bc,ef61b211a52157913b0aa03b43b8ae7c5fec96e414ee8f1edf0fe9193fe1c863,,,,
626340,,0,0,0.0,2,7.688611244593945e-05,2e219c54a929d16f0cc7,,,,35.02592089997779,0,MiniBooNE,UCI MiniBooNE via OpenML data_id=41150,,0,0,8.59427667409794e-05,4.7,12225875,5,PRIMARY,2601250,50,fdbf1f604fb03b30dfafa49c7aaf0eeb5cd02bdf95b42295aecc8b963eb99b4f,2,,52025,13007,5,,0.9999904313953157,1.5023014044020982e-05,KDB,0.0010159852538826164,generative,0,65032,False,0.0,0.9999994744423529,102.79478540000855,2cbe7ed930bcae8da725d4ce646a6c0ba015c32589aa6c3cc5b8780066e6e998,52025,1,12225875,0.009022141799601955,0.9999992899040089,130064,1.0,False,"repeat=1,fold=2",6aa81c57d3fac6b5eacd81d7ffa9d071ae5459474d728e916c1cd207ade97dc7,train,76f84b607d56deab557597246ed916904461a85e99065925ab605cc47d1f93bc,ef61b211a52157913b0aa03b43b8ae7c5fec96e414ee8f1edf0fe9193fe1c863,,,,
626340,,82122,82122,0.1262735450142231,2,0.13938648420081495,2e219c54a929d16f0cc7,,,,35.02592089997779,0,MiniBooNE,UCI MiniBooNE via OpenML data_id=41150,,0,0,0.11882426766486628,4.547582071192434,2957520,5,PRIMARY,650350,50,fdbf1f604fb03b30dfafa49c7aaf0eeb5cd02bdf95b42295aecc8b963eb99b4f,2,,52025,13007,5,,0.9794377834640512,0.04849982201795892,KDB,1.0349557156008535,generative,0,65032,False,0.0,0.9707079886520904,101.08707449999929,31d5838043233d8fbb818787e35c28fe16f17aa56518b40281514a7d9d76ea50,52025,1,3056645,0.35525555839348516,0.9283007227758575,130064,1.0,False,"repeat=1,fold=2",6aa81c57d3fac6b5eacd81d7ffa9d071ae5459474d728e916c1cd207ade97dc7,validation,76f84b607d56deab557597246ed916904461a85e99065925ab605cc47d1f93bc,ef61b211a52157913b0aa03b43b8ae7c5fec96e414ee8f1edf0fe9193fe1c863,,,,
626340,,408564,408564,0.12565014146881534,2,0.13897773403862715,2e219c54a929d16f0cc7,,,,35.02592089997779,0,MiniBooNE,UCI MiniBooNE via OpenML data_id=41150,,0,0,0.1187736505181477,4.547989912658384,14788244,5,PRIMARY,3251600,50,fdbf1f604fb03b30dfafa49c7aaf0eeb5cd02bdf95b42295aecc8b963eb99b4f,2,,52025,13007,5,,0.9797959164795206,0.04820196545420379,KDB,1.0509977803294048,generative,0,65032,False,0.0,0.9698024835255558,101.03821669999161,82e456c857987084f1f63dce837788338dce3972761fd62ee84ae3b5d7b8e681,52025,1,15282520,0.35423436514565154,0.927304903350378,130064,1.0,False,"repeat=1,fold=2",6aa81c57d3fac6b5eacd81d7ffa9d071ae5459474d728e916c1cd207ade97dc7,test,76f84b607d56deab557597246ed916904461a85e99065925ab605cc47d1f93bc,ef61b211a52157913b0aa03b43b8ae7c5fec96e414ee8f1edf0fe9193fe1c863,,,,
50,,0,0,0.0,2,0.1361268620855358,2e219c54a929d16f0cc7,,,,3.1547062000026926,0,MiniBooNE,UCI MiniBooNE via OpenML data_id=41150,,0,0,0.11962704347373807,0.0,0,0,PRIMARY,2601250,50,1d9dd19ac12cab3d6988d6e9121020aad6c09afc7dc0886a16d16934971f7a84,1,,52025,13007,0,,0.9835001813882018,0.03904593340529825,KDB,1.3555433363741014,generative,0,65032,False,0.0,0.9724834166396242,0.3283984000008786,71e79d21bb4cbc3568219b617c5179b2b34d5df2589a6b3bd3f417d7ce5069dd,52025,2,0,0.3540755020363024,0.9358733123676177,130064,1.0,False,"repeat=2,fold=1",d0ae1d8b362399b0328a5a115b700c5fb30303828798919826dda462f03413fc,train,152a81a77ae3130be60de7ea6dc3c8faaaab6fbc18d0117b46cad61435e269bf,05272745665cfdb8ecad0574716a097a5ddef3daff7d9792053e7cb26ec6c432,,,,
50,,0,0,0.0,2,0.1383870223725686,2e219c54a929d16f0cc7,,,,3.1547062000026926,0,MiniBooNE,UCI MiniBooNE via OpenML data_id=41150,,0,0,0.12151228120260392,0.0,0,0,PRIMARY,650350,50,1d9dd19ac12cab3d6988d6e9121020aad6c09afc7dc0886a16d16934971f7a84,1,,52025,13007,0,,0.9831252588300354,0.03937662803139307,KDB,1.3972872845899171,generative,0,65032,False,0.0,0.9706782446985226,0.09934170001361053,df19b635642b29a9950171fb01caa2efba511ff4e1ae763fece905a289f2ee85,52025,2,0,0.3564349223988795,0.9327548930476195,130064,1.0,False,"repeat=2,fold=1",d0ae1d8b362399b0328a5a115b700c5fb30303828798919826dda462f03413fc,validation,152a81a77ae3130be60de7ea6dc3c8faaaab6fbc18d0117b46cad61435e269bf,05272745665cfdb8ecad0574716a097a5ddef3daff7d9792053e7cb26ec6c432,,,,
50,,0,0,0.0,2,0.13823963587157093,2e219c54a929d16f0cc7,,,,3.1547062000026926,0,MiniBooNE,UCI MiniBooNE via OpenML data_id=41150,,0,0,0.12219794391493485,0.0,0,0,PRIMARY,3251600,50,1d9dd19ac12cab3d6988d6e9121020aad6c09afc7dc0886a16d16934971f7a84,1,,52025,13007,0,,0.9839583080433638,0.037965524557037375,KDB,1.387834173403469,generative,0,65032,False,0.0,0.970955525726208,0.44934619999548886,6a90c326f83afe2848bf19fcbadc85f0631abfc0a791f2f47712826c3ceb38e0,52025,2,0,0.35688370983185325,0.933860693991308,130064,1.0,False,"repeat=2,fold=1",d0ae1d8b362399b0328a5a115b700c5fb30303828798919826dda462f03413fc,test,152a81a77ae3130be60de7ea6dc3c8faaaab6fbc18d0117b46cad61435e269bf,05272745665cfdb8ecad0574716a097a5ddef3daff7d9792053e7cb26ec6c432,,,,
601,,0,0,0.0,2,0.1026045170591062,2e219c54a929d16f0cc7,,,,36.7581341000041,0,MiniBooNE,UCI MiniBooNE via OpenML data_id=41150,,0,0,0.07623796682427111,0.98,2549225,1,PRIMARY,2601250,50,1d9dd19ac12cab3d6988d6e9121020aad6c09afc7dc0886a16d16934971f7a84,1,,52025,13007,1,,0.9736334497651651,0.06331664204674933,KDB,0.4736489509052892,generative,0,65032,False,0.0,0.9837463158318717,0.4890254000056302,67686d099f3d38827adacff4897072a8d86635c88b93afbc2b023b2d5445a2a1,52025,2,2549225,0.2962139288597023,0.959574630998119,130064,1.0,False,"repeat=2,fold=1",d8081c86823386fcb425d23728a9ce4a80a9ce36f46a74a260fa9ee2e3dc62bf,train,152a81a77ae3130be60de7ea6dc3c8faaaab6fbc18d0117b46cad61435e269bf,05272745665cfdb8ecad0574716a097a5ddef3daff7d9792053e7cb26ec6c432,,,,
601,,0,0,0.0,2,0.11147843468901361,2e219c54a929d16f0cc7,,,,36.7581341000041,0,MiniBooNE,UCI MiniBooNE via OpenML data_id=41150,,0,0,0.08566712815391112,0.98,637343,1,PRIMARY,650350,50,1d9dd19ac12cab3d6988d6e9121020aad6c09afc7dc0886a16d16934971f7a84,1,,52025,13007,1,,0.9741886934648977,0.06258393415132132,KDB,0.5359375368758947,generative,0,65032,False,0.0,0.9795074690328511,0.1806386999960523,9eb4e36fe121a78b1a8a140364a4f943f7e72a18a34e64bba7b842255c632460,52025,2,637343,0.3099756673911643,0.952009820499194,130064,1.0,False,"repeat=2,fold=1",d8081c86823386fcb425d23728a9ce4a80a9ce36f46a74a260fa9ee2e3dc62bf,validation,152a81a77ae3130be60de7ea6dc3c8faaaab6fbc18d0117b46cad61435e269bf,05272745665cfdb8ecad0574716a097a5ddef3daff7d9792053e7cb26ec6c432,,,,
601,,0,0,0.0,2,0.10965370894328946,2e219c54a929d16f0cc7,,,,36.7581341000041,0,MiniBooNE,UCI MiniBooNE via OpenML data_id=41150,,0,0,0.08281388505192552,0.98,3186568,1,PRIMARY,3251600,50,1d9dd19ac12cab3d6988d6e9121020aad6c09afc7dc0886a16d16934971f7a84,1,,52025,13007,1,,0.9731601761086361,0.06431893920341991,KDB,0.5383212618262131,generative,0,65032,False,0.0,0.9793248523142349,0.5925931000092532,9e9e6235c860f984e8c106e7ad7333448ae8bf56888882b3e0aaaea36917efb6,52025,2,3186568,0.3068391896284338,0.9516899943368923,130064,1.0,False,"repeat=2,fold=1",d8081c86823386fcb425d23728a9ce4a80a9ce36f46a74a260fa9ee2e3dc62bf,test,152a81a77ae3130be60de7ea6dc3c8faaaab6fbc18d0117b46cad61435e269bf,05272745665cfdb8ecad0574716a097a5ddef3daff7d9792053e7cb26ec6c432,,,,
6469,,0,0,0.0,2,0.04763094666025949,2e219c54a929d16f0cc7,,,,36.7581341000041,0,MiniBooNE,UCI MiniBooNE via OpenML data_id=41150,,0,0,0.029113519890135664,1.94,5046425,2,PRIMARY,2601250,50,1d9dd19ac12cab3d6988d6e9121020aad6c09afc7dc0886a16d16934971f7a84,1,,52025,13007,2,,0.9814825732298762,0.04465170225814873,KDB,0.16722586607021256,generative,0,65032,False,0.0,0.9965125714054188,1.361076300003333,83c297858e3df4e981659b00bd2718d92752c2c92d526b50e4ec547d5fe403c9,52025,2,5046425,0.19601251600307476,0.9908111332343723,130064,1.0,False,"repeat=2,fold=1",ac0373b69590ff9aa0e23613e775e0bb4ee8c1530184fd8b0f06a224c568b7f8,train,152a81a77ae3130be60de7ea6dc3c8faaaab6fbc18d0117b46cad61435e269bf,05272745665cfdb8ecad0574716a097a5ddef3daff7d9792053e7cb26ec6c432,,,,
6469,,40,40,6.150534327669716e-05,2,0.09556392711616822,2e219c54a929d16f0cc7,,,,36.7581341000041,0,MiniBooNE,UCI MiniBooNE via OpenML data_id=41150,,0,0,0.07091442913914511,1.9399384946567233,1261639,2,PRIMARY,650350,50,1d9dd19ac12cab3d6988d6e9121020aad6c09afc7dc0886a16d16934971f7a84,1,,52025,13007,2,,0.9753505020229768,0.05865880912019312,KDB,0.4964932787873173,generative,0,65032,False,0.0,0.9811749236893925,1.172910099994624,4bab2d93c402ff3f8a721fc83a5cdbdba151939019f6b5fb9cd192202ff37862,52025,2,1261679,0.28741460181470774,0.956788529867757,130064,1.0,False,"repeat=2,fold=1",ac0373b69590ff9aa0e23613e775e0bb4ee8c1530184fd8b0f06a224c568b7f8,validation,152a81a77ae3130be60de7ea6dc3c8faaaab6fbc18d0117b46cad61435e269bf,05272745665cfdb8ecad0574716a097a5ddef3daff7d9792053e7cb26ec6c432,,,,
6469,,236,236,7.257965309386149e-05,2,0.09689076147127568,2e219c54a929d16f0cc7,,,,36.7581341000041,0,MiniBooNE,UCI MiniBooNE via OpenML data_id=41150,,0,0,0.07210586052535206,1.9399274203469061,6307868,2,PRIMARY,3251600,50,1d9dd19ac12cab3d6988d6e9121020aad6c09afc7dc0886a16d16934971f7a84,1,,52025,13007,2,,0.9752150990540764,0.059227069215873986,KDB,0.4851907123915932,generative,0,65032,False,0.0,0.982332444272367,1.5094878999952925,1e3358291a709295d133e93210b83c78001ebc1e23514265e4a136d20447e299,52025,2,6308104,0.287545910876842,0.9577812084380891,130064,1.0,False,"repeat=2,fold=1",ac0373b69590ff9aa0e23613e775e0bb4ee8c1530184fd8b0f06a224c568b7f8,test,152a81a77ae3130be60de7ea6dc3c8faaaab6fbc18d0117b46cad61435e269bf,05272745665cfdb8ecad0574716a097a5ddef3daff7d9792053e7cb26ec6c432,,,,
52365,,0,0,0.0,2,0.0041902931283037004,2e219c54a929d16f0cc7,,,,36.7581341000041,0,MiniBooNE,UCI MiniBooNE via OpenML data_id=41150,,0,0,0.0022864081096910247,2.88,7491600,3,PRIMARY,2601250,50,1d9dd19ac12cab3d6988d6e9121020aad6c09afc7dc0886a16d16934971f7a84,1,,52025,13007,3,,0.9979325962663493,0.005185275608766183,KDB,0.01421340895408403,generative,0,65032,False,0.0,0.999968263186535,9.128525499996613,a169bc1cbc3bfebff906cad3b97c50f18a99262db03b2e2d27b17ee6fb72bc97,52025,2,7491600,0.058643482265774996,0.9999203469621247,130064,1.0,False,"repeat=2,fold=1",810b4bf87fbec06de2bbd8e6234d00338b8f2dfce48ca26cd28e410938092f15,train,152a81a77ae3130be60de7ea6dc3c8faaaab6fbc18d0117b46cad61435e269bf,05272745665cfdb8ecad0574716a097a5ddef3daff7d9792053e7cb26ec6c432,,,,
52365,,1581,1581,0.0024309986930114553,2,0.11255477819635581,2e219c54a929d16f0cc7,,,,36.7581341000041,0,MiniBooNE,UCI MiniBooNE via OpenML data_id=41150,,0,0,0.09482966348484637,2.8775105712308755,1871389,3,PRIMARY,650350,50,1d9dd19ac12cab3d6988d6e9121020aad6c09afc7dc0886a16d16934971f7a84,1,,52025,13007,3,,0.9822748852884907,0.04227283694509516,KDB,0.8196355097649778,generative,0,65032,False,0.0,0.9791824917607024,9.066133099986473,640c68c9d63c24c0d832a9785824ae8ff92b33f2121a0acd7e0d838404366b84,52025,2,1873008,0.3162769174822304,0.9488790313017432,130064,1.0,False,"repeat=2,fold=1",810b4bf87fbec06de2bbd8e6234d00338b8f2dfce48ca26cd28e410938092f15,validation,152a81a77ae3130be60de7ea6dc3c8faaaab6fbc18d0117b46cad61435e269bf,05272745665cfdb8ecad0574716a097a5ddef3daff7d9792053e7cb26ec6c432,,,,
52365,,8064,8064,0.002480009841308894,2,0.11059170869725674,2e219c54a929d16f0cc7,,,,36.7581341000041,0,MiniBooNE,UCI MiniBooNE via OpenML data_id=41150,,0,0,0.09289370811786003,2.87745079345553,9356319,3,PRIMARY,3251600,50,1d9dd19ac12cab3d6988d6e9121020aad6c09afc7dc0886a16d16934971f7a84,1,,52025,13007,3,,0.9823019994206033,0.04179790885224179,KDB,0.8175156199064753,generative,0,65032,False,0.0,0.9793835061239562,9.185402299990528,542654bfa045e2efc1cd0960221517374ec081df2f44a442dd5c9b4a723f25ee,52025,2,9364608,0.31573613091750113,0.9490226477459134,130064,1.0,False,"repeat=2,fold=1",810b4bf87fbec06de2bbd8e6234d00338b8f2dfce48ca26cd28e410938092f15,test,152a81a77ae3130be60de7ea6dc3c8faaaab6fbc18d0117b46cad61435e269bf,05272745665cfdb8ecad0574716a097a5ddef3daff7d9792053e7cb26ec6c432,,,,
253067,,0,0,0.0,2,0.00013455069678039403,2e219c54a929d16f0cc7,,,,36.7581341000041,0,MiniBooNE,UCI MiniBooNE via OpenML data_id=41150,,0,0,0.00011443878328690503,3.8,9884750,4,PRIMARY,2601250,50,1d9dd19ac12cab3d6988d6e9121020aad6c09afc7dc0886a16d16934971f7a84,1,,52025,13007,4,,0.9999720130419079,8.198458761802925e-05,KDB,0.0011922268940875492,generative,0,65032,False,0.0,0.9999991331389251,43.28258030000143,35066ec228204967d68c47d093cfa56164d64cc978dc809790bceff60e0403cf,52025,2,9884750,0.010802907588506095,0.9999982649507156,130064,1.0,False,"repeat=2,fold=1",5e0f87fa5f4f8c9ec8b68fcfd33a55684d7f50bcbbe83d4e0065d409dc01575a,train,152a81a77ae3130be60de7ea6dc3c8faaaab6fbc18d0117b46cad61435e269bf,05272745665cfdb8ecad0574716a097a5ddef3daff7d9792053e7cb26ec6c432,,,,
253067,,19900,19900,0.03059890828015684,2,0.12700853386637964,2e219c54a929d16f0cc7,,,,36.7581341000041,0,MiniBooNE,UCI MiniBooNE via OpenML data_id=41150,,0,0,0.11047038378421478,3.7670254478357807,2449885,4,PRIMARY,650350,50,1d9dd19ac12cab3d6988d6e9121020aad6c09afc7dc0886a16d16934971f7a84,1,,52025,13007,4,,0.9834618499178353,0.039292157377993964,KDB,1.041439999759619,generative,0,65032,False,0.0,0.9746741739084306,42.3136983000004,6ee5faf954fc501c4c89a66182787aae2013e46e4c82a6368c56450dbd7c33b0,52025,2,2471330,0.3404550076011871,0.9372943997681027,130064,1.0,False,"repeat=2,fold=1",5e0f87fa5f4f8c9ec8b68fcfd33a55684d7f50bcbbe83d4e0065d409dc01575a,validation,152a81a77ae3130be60de7ea6dc3c8faaaab6fbc18d0117b46cad61435e269bf,05272745665cfdb8ecad0574716a097a5ddef3daff7d9792053e7cb26ec6c432,,,,
253067,,99695,99695,0.030660290318612376,2,0.12470783614220692,2e219c54a929d16f0cc7,,,,36.7581341000041,0,MiniBooNE,UCI MiniBooNE via OpenML data_id=41150,,0,0,0.10703393111230153,3.766905215893714,12248469,4,PRIMARY,3251600,50,1d9dd19ac12cab3d6988d6e9121020aad6c09afc7dc0886a16d16934971f7a84,1,,52025,13007,4,,0.9823260949700947,0.04149561590361284,KDB,1.02111953715675,generative,0,65032,False,0.0,0.974761605475359,42.15225780000037,b1badedbaad0e1da887fce8275ffc0aefe45f77fe29708a45123af3619ad7a98,52025,2,12356080,0.33679078267358487,0.937973172564322,130064,1.0,False,"repeat=2,fold=1",5e0f87fa5f4f8c9ec8b68fcfd33a55684d7f50bcbbe83d4e0065d409dc01575a,test,152a81a77ae3130be60de7ea6dc3c8faaaab6fbc18d0117b46cad61435e269bf,05272745665cfdb8ecad0574716a097a5ddef3daff7d9792053e7cb26ec6c432,,,,
707155,,0,0,0.0,2,5.766458433445459e-05,2e219c54a929d16f0cc7,,,,36.7581341000041,0,MiniBooNE,UCI MiniBooNE via OpenML data_id=41150,,0,0,5.760997913994981e-05,4.7,12225875,5,PRIMARY,2601250,50,1d9dd19ac12cab3d6988d6e9121020aad6c09afc7dc0886a16d16934971f7a84,1,,52025,13007,5,,0.9999999453948055,3.805167666674317e-07,KDB,0.0009263105870282363,generative,0,65032,False,0.0,0.9999996101464034,116.87894640000013,fcf203c0bf13436daee73ee9e70313c4011c67fff95cb4e45622775c76e6ecff,52025,2,12225875,0.007593729254698674,0.9999994783870823,130064,1.0,False,"repeat=2,fold=1",c5c75bec0731a255e61dc63c98f4356bbbf5e7a439de624c716360ffa8be8088,train,152a81a77ae3130be60de7ea6dc3c8faaaab6fbc18d0117b46cad61435e269bf,05272745665cfdb8ecad0574716a097a5ddef3daff7d9792053e7cb26ec6c432,,,,
707155,,97176,97176,0.14942108095640808,2,0.14069347274544475,2e219c54a929d16f0cc7,,,,36.7581341000041,0,MiniBooNE,UCI MiniBooNE via OpenML data_id=41150,,0,0,0.11976878986259527,4.518614592142693,2938681,5,PRIMARY,650350,50,1d9dd19ac12cab3d6988d6e9121020aad6c09afc7dc0886a16d16934971f7a84,1,,52025,13007,5,,0.9790753171171503,0.04917416332522648,KDB,1.1342824261018611,generative,0,65032,False,0.0,0.9676693287421969,116.4841071999981,5296268cc25200dc757442440fea06f0ccbba8afdd6ac35ebaae94f8c302e098,52025,2,3056645,0.3571979454893568,0.9218726731580341,130064,1.0,False,"repeat=2,fold=1",c5c75bec0731a255e61dc63c98f4356bbbf5e7a439de624c716360ffa8be8088,validation,152a81a77ae3130be60de7ea6dc3c8faaaab6fbc18d0117b46cad61435e269bf,05272745665cfdb8ecad0574716a097a5ddef3daff7d9792053e7cb26ec6c432,,,,
707155,,487879,487879,0.15004274818550867,2,0.14216078238405708,2e219c54a929d16f0cc7,,,,36.7581341000041,0,MiniBooNE,UCI MiniBooNE via OpenML data_id=41150,,0,0,0.12133168468680655,4.517887193996802,14690362,5,PRIMARY,3251600,50,1d9dd19ac12cab3d6988d6e9121020aad6c09afc7dc0886a16d16934971f7a84,1,,52025,13007,5,,0.9791709023027494,0.049152903140750215,KDB,1.0989106365243362,generative,0,65032,False,0.0,0.9686188635573092,114.96404939999047,2fffabc6d6669c1acb78d97eac4c60a79da59d60c1fba55b66339053675223b5,52025,2,15282520,0.35832624040296457,0.9241596024228965,130064,1.0,False,"repeat=2,fold=1",c5c75bec0731a255e61dc63c98f4356bbbf5e7a439de624c716360ffa8be8088,test,152a81a77ae3130be60de7ea6dc3c8faaaab6fbc18d0117b46cad61435e269bf,05272745665cfdb8ecad0574716a097a5ddef3daff7d9792053e7cb26ec6c432,,,,
50,,0,0,0.0,2,0.1348774627582893,2e219c54a929d16f0cc7,,,,2.927946499999962,0,MiniBooNE,UCI MiniBooNE via OpenML data_id=41150,,0,0,0.11893026997906508,0.0,0,0,PRIMARY,2601250,50,8ab62e1d929a2fa04e29a0f2f053aa674942538c341d48fbb03a9d7d9e187b2a,2,,52025,13007,0,,0.9840528072207759,0.03783244100396949,KDB,1.3532737614724188,generative,0,65032,False,0.0,0.9721823122356872,0.3366368999995757,bf7d3c346c9dce5e3640cb186d264020a435f9e187cff427c7954e11d52d57dc,52025,2,0,0.3529255743779254,0.9364705081395669,130064,1.0,False,"repeat=2,fold=2",d0ae1d8b362399b0328a5a115b700c5fb30303828798919826dda462f03413fc,train,6c2cf46e4142eb515c695e6a1059ba7620cc64a01db2588a0135d6d99a48489d,fb0a3917e8c21bd6e0d3f2d1cf233c15defd58f5baa654ffa79b32f193e758f5,,,,
50,,0,0,0.0,2,0.14338433151380026,2e219c54a929d16f0cc7,,,,2.927946499999962,0,MiniBooNE,UCI MiniBooNE via OpenML data_id=41150,,0,0,0.1281635316803944,0.0,0,0,PRIMARY,650350,50,8ab62e1d929a2fa04e29a0f2f053aa674942538c341d48fbb03a9d7d9e187b2a,2,,52025,13007,0,,0.9847792001665941,0.03693047736354042,KDB,1.4671559218073271,generative,0,65032,False,0.0,0.970456158172055,0.10163530000136234,016172845528a6351db6c0a4b681313a8cb8ac49e11d7e15141aae54f2bb0ebd,52025,2,0,0.3643407801537458,0.9309866029534697,130064,1.0,False,"repeat=2,fold=2",d0ae1d8b362399b0328a5a115b700c5fb30303828798919826dda462f03413fc,validation,6c2cf46e4142eb515c695e6a1059ba7620cc64a01db2588a0135d6d99a48489d,fb0a3917e8c21bd6e0d3f2d1cf233c15defd58f5baa654ffa79b32f193e758f5,,,,
50,,0,0,0.0,2,0.138470291548776,2e219c54a929d16f0cc7,,,,2.927946499999962,0,MiniBooNE,UCI MiniBooNE via OpenML data_id=41150,,0,0,0.12191522381420335,0.0,0,0,PRIMARY,3251600,50,8ab62e1d929a2fa04e29a0f2f053aa674942538c341d48fbb03a9d7d9e187b2a,2,,52025,13007,0,,0.9834449322654275,0.0392365340651716,KDB,1.3985504043960593,generative,0,65032,False,0.0,0.971278169813784,0.3963489000016125,320a0600e22f230b2dac2660596f58c2f3df5fd9a245ad658a6b700dfea0a139,52025,2,0,0.35753892040002555,0.9333666973563486,130064,1.0,False,"repeat=2,fold=2",d0ae1d8b362399b0328a5a115b700c5fb30303828798919826dda462f03413fc,test,6c2cf46e4142eb515c695e6a1059ba7620cc64a01db2588a0135d6d99a48489d,fb0a3917e8c21bd6e0d3f2d1cf233c15defd58f5baa654ffa79b32f193e758f5,,,,
588,,0,0,0.0,2,0.10125901009130225,2e219c54a929d16f0cc7,,,,36.704922100005206,0,MiniBooNE,UCI MiniBooNE via OpenML data_id=41150,,0,0,0.0746613936043569,0.98,2549225,1,PRIMARY,2601250,50,8ab62e1d929a2fa04e29a0f2f053aa674942538c341d48fbb03a9d7d9e187b2a,2,,52025,13007,1,,0.9734023835130544,0.06399010085421189,KDB,0.4564558982552337,generative,0,65032,False,0.0,0.9836683122887877,0.4655802000052063,7e180d4d115fc289a4b8930914bf7c9dfbf596eb4afb63fc504583e75fa58c2d,52025,2,2549225,0.2927763100727179,0.9599689159140198,130064,1.0,False,"repeat=2,fold=2",65c1403df2b427f8795b0af86677907180c2520588a78d85d379da5173fbf946,train,6c2cf46e4142eb515c695e6a1059ba7620cc64a01db2588a0135d6d99a48489d,fb0a3917e8c21bd6e0d3f2d1cf233c15defd58f5baa654ffa79b32f193e758f5,,,,
588,,0,0,0.0,2,0.11432305681556085,2e219c54a929d16f0cc7,,,,36.704922100005206,0,MiniBooNE,UCI MiniBooNE via OpenML data_id=41150,,0,0,0.08697421609423264,0.98,637343,1,PRIMARY,650350,50,8ab62e1d929a2fa04e29a0f2f053aa674942538c341d48fbb03a9d7d9e187b2a,2,,52025,13007,1,,0.9726511592786717,0.06579075274585629,KDB,0.5522242601206645,generative,0,65032,False,0.0,0.9785505318433843,0.1866539000038756,107c336c254fe0e58bf81385be16f27051989e8d84dd8b2fe242d322d0f17a1c,52025,2,637343,0.31324925171475515,0.9495333652484917,130064,1.0,False,"repeat=2,fold=2",65c1403df2b427f8795b0af86677907180c2520588a78d85d379da5173fbf946,validation,6c2cf46e4142eb515c695e6a1059ba7620cc64a01db2588a0135d6d99a48489d,fb0a3917e8c21bd6e0d3f2d1cf233c15defd58f5baa654ffa79b32f193e758f5,,,,
588,,0,0,0.0,2,0.10850043055726412,2e219c54a929d16f0cc7,,,,36.704922100005206,0,MiniBooNE,UCI MiniBooNE via OpenML data_id=41150,,0,0,0.08140556353848927,0.98,3186568,1,PRIMARY,3251600,50,8ab62e1d929a2fa04e29a0f2f053aa674942538c341d48fbb03a9d7d9e187b2a,2,,52025,13007,1,,0.972905132981225,0.06530383764127613,KDB,0.5214030378249626,generative,0,65032,False,0.0,0.9793182063814583,0.511103800003184,5b1b99f0d4d11619fa4dbbfdcd7457648ac6fe361e47c24db0c2d945219afdad,52025,2,3186568,0.30593251080133166,0.9515792210326929,130064,1.0,False,"repeat=2,fold=2",65c1403df2b427f8795b0af86677907180c2520588a78d85d379da5173fbf946,test,6c2cf46e4142eb515c695e6a1059ba7620cc64a01db2588a0135d6d99a48489d,fb0a3917e8c21bd6e0d3f2d1cf233c15defd58f5baa654ffa79b32f193e758f5,,,,
6069,,0,0,0.0,2,0.046150888995675154,2e219c54a929d16f0cc7,,,,36.704922100005206,0,MiniBooNE,UCI MiniBooNE via OpenML data_id=41150,,0,0,0.028015845337226723,1.94,5046425,2,PRIMARY,2601250,50,8ab62e1d929a2fa04e29a0f2f053aa674942538c341d48fbb03a9d7d9e187b2a,2,,52025,13007,2,,0.9818649563415516,0.04395170647720027,KDB,0.16216497166159638,generative,0,65032,False,0.0,0.9965862568295247,1.4342583999969065,4ecdbd6d5450abc9ee2013ed883fe12b49dd4321ef7730ee536bc29d0c174c45,52025,2,5046425,0.19318940959536568,0.9908949506318573,130064,1.0,False,"repeat=2,fold=2",b1619127f3ddffac5bb67f9ba7991abbc26a679727f41eeaa926fc717a65ae0e,train,6c2cf46e4142eb515c695e6a1059ba7620cc64a01db2588a0135d6d99a48489d,fb0a3917e8c21bd6e0d3f2d1cf233c15defd58f5baa654ffa79b32f193e758f5,,,,
6069,,40,40,6.150534327669716e-05,2,0.10079188129468748,2e219c54a929d16f0cc7,,,,36.704922100005206,0,MiniBooNE,UCI MiniBooNE via OpenML data_id=41150,,0,0,0.07569333924535404,1.9399384946567233,1261639,2,PRIMARY,650350,50,8ab62e1d929a2fa04e29a0f2f053aa674942538c341d48fbb03a9d7d9e187b2a,2,,52025,13007,2,,0.9749014579506666,0.06006611314617888,KDB,0.5105382547899953,generative,0,65032,False,0.0,0.980702935128471,1.1386311000096612,6e1c0a798fc63717a092f494c78aa144fe917e5a692bca0d022e094bb7a3cb15,52025,2,1261679,0.2932736855773113,0.9539225193650347,130064,1.0,False,"repeat=2,fold=2",b1619127f3ddffac5bb67f9ba7991abbc26a679727f41eeaa926fc717a65ae0e,validation,6c2cf46e4142eb515c695e6a1059ba7620cc64a01db2588a0135d6d99a48489d,fb0a3917e8c21bd6e0d3f2d1cf233c15defd58f5baa654ffa79b32f193e758f5,,,,
6069,,195,195,5.9970476073317755e-05,2,0.09675236806495263,2e219c54a929d16f0cc7,,,,36.704922100005206,0,MiniBooNE,UCI MiniBooNE via OpenML data_id=41150,,0,0,0.07236229500319452,1.9399400295239266,6307909,2,PRIMARY,3251600,50,8ab62e1d929a2fa04e29a0f2f053aa674942538c341d48fbb03a9d7d9e187b2a,2,,52025,13007,2,,0.9756099269382419,0.05832778478926506,KDB,0.48938841291943963,generative,0,65032,False,0.0,0.9814933410128763,1.3929617000103462,af969b080019d9c7d5625044a137b49d712799803387782527d878ac1499cbe6,52025,2,6308104,0.28871727598014973,0.9563618115286916,130064,1.0,False,"repeat=2,fold=2",b1619127f3ddffac5bb67f9ba7991abbc26a679727f41eeaa926fc717a65ae0e,test,6c2cf46e4142eb515c695e6a1059ba7620cc64a01db2588a0135d6d99a48489d,fb0a3917e8c21bd6e0d3f2d1cf233c15defd58f5baa654ffa79b32f193e758f5,,,,
50080,,0,0,0.0,2,0.004805382027871216,2e219c54a929d16f0cc7,,,,36.704922100005206,0,MiniBooNE,UCI MiniBooNE via OpenML data_id=41150,,0,0,0.0025737816614845085,2.88,7491600,3,PRIMARY,2601250,50,8ab62e1d929a2fa04e29a0f2f053aa674942538c341d48fbb03a9d7d9e187b2a,2,,52025,13007,3,,0.9977683996336134,0.005670685779559614,KDB,0.015640195661541026,generative,0,65032,False,0.0,0.9999638708136478,8.655590599999414,f5d090cdc79e5c2ba203a13b46b638d6dd5126ca098bea49a6f00c9ac4d9e800,52025,2,7491600,0.061117374036926644,0.9999084424556877,130064,1.0,False,"repeat=2,fold=2",8b60e43aa6fd6f9c36fce54afd45e15316627ca5c039e8017f94c287d68dc3e5,train,6c2cf46e4142eb515c695e6a1059ba7620cc64a01db2588a0135d6d99a48489d,fb0a3917e8c21bd6e0d3f2d1cf233c15defd58f5baa654ffa79b32f193e758f5,,,,
50080,,1383,1383,0.0021265472437918044,2,0.1130929499500269,2e219c54a929d16f0cc7,,,,36.704922100005206,0,MiniBooNE,UCI MiniBooNE via OpenML data_id=41150,,0,0,0.09443433330388903,2.8778119474129316,1871585,3,PRIMARY,650350,50,8ab62e1d929a2fa04e29a0f2f053aa674942538c341d48fbb03a9d7d9e187b2a,2,,52025,13007,3,,0.981341383353862,0.04387659998893917,KDB,0.8415854333381316,generative,0,65032,False,0.0,0.9773071481649231,8.311855699997977,d51b855bbd5bd17e5d307635f99d4d33817c7e3dad7039889d3ba2376e48adf9,52025,2,1873008,0.3182899536986199,0.9450933518382691,130064,1.0,False,"repeat=2,fold=2",8b60e43aa6fd6f9c36fce54afd45e15316627ca5c039e8017f94c287d68dc3e5,validation,6c2cf46e4142eb515c695e6a1059ba7620cc64a01db2588a0135d6d99a48489d,fb0a3917e8c21bd6e0d3f2d1cf233c15defd58f5baa654ffa79b32f193e758f5,,,,
50080,,6943,6943,0.002135256489113052,2,0.10759318489359085,2e219c54a929d16f0cc7,,,,36.704922100005206,0,MiniBooNE,UCI MiniBooNE via OpenML data_id=41150,,0,0,0.09019475099822455,2.8778056956575226,9357473,3,PRIMARY,3251600,50,8ab62e1d929a2fa04e29a0f2f053aa674942538c341d48fbb03a9d7d9e187b2a,2,,52025,13007,3,,0.9826015661046335,0.04142328534554772,KDB,0.7858702120384943,generative,0,65032,False,0.0,0.9796896427548998,8.714985099999467,99bace9bf738b94279e5016bbf87b47c2919ffa786fb218d272b6abf4cda0a42,52025,2,9364608,0.31073258772154844,0.9498243357125072,130064,1.0,False,"repeat=2,fold=2",8b60e43aa6fd6f9c36fce54afd45e15316627ca5c039e8017f94c287d68dc3e5,test,6c2cf46e4142eb515c695e6a1059ba7620cc64a01db2588a0135d6d99a48489d,fb0a3917e8c21bd6e0d3f2d1cf233c15defd58f5baa654ffa79b32f193e758f5,,,,
249546,,0,0,0.0,2,0.00019221528111484863,2e219c54a929d16f0cc7,,,,36.704922100005206,0,MiniBooNE,UCI MiniBooNE via OpenML data_id=41150,,0,0,0.00020027445416455868,3.8,9884750,4,PRIMARY,2601250,50,8ab62e1d929a2fa04e29a0f2f053aa674942538c341d48fbb03a9d7d9e187b2a,2,,52025,13007,4,,0.9999291253506515,0.00018305758501152756,KDB,0.0013496410052287278,generative,0,65032,False,0.0,0.9999988162722991,41.31749270000728,f3788bbf18e6bb436df56fee9b5f2597155ec71dee07bf7e7d27477024a97f9a,52025,2,9884750,0.014041309062858809,0.9999981030554259,130064,1.0,False,"repeat=2,fold=2",0d223e3c1f0b4732782ba7a82337e163d5a942b51c7c7b0f311ea91f40db50c3,train,6c2cf46e4142eb515c695e6a1059ba7620cc64a01db2588a0135d6d99a48489d,fb0a3917e8c21bd6e0d3f2d1cf233c15defd58f5baa654ffa79b32f193e758f5,,,,
249546,,19076,19076,0.02933189820865688,2,0.13146767125394018,2e219c54a929d16f0cc7,,,,36.704922100005206,0,MiniBooNE,UCI MiniBooNE via OpenML data_id=41150,,0,0,0.1131189662958499,3.768530791112478,2450864,4,PRIMARY,650350,50,8ab62e1d929a2fa04e29a0f2f053aa674942538c341d48fbb03a9d7d9e187b2a,2,,52025,13007,4,,0.9812217496814971,0.043924607249444934,KDB,1.0525054454933545,generative,0,65032,False,0.0,0.973307571146283,41.37602940000943,751a05c46cf38e9f4dd745772fcfe3688ca7a9d9b78a3031562692d86886cb79,52025,2,2471330,0.3461493804069062,0.9338056191174727,130064,1.0,False,"repeat=2,fold=2",0d223e3c1f0b4732782ba7a82337e163d5a942b51c7c7b0f311ea91f40db50c3,validation,6c2cf46e4142eb515c695e6a1059ba7620cc64a01db2588a0135d6d99a48489d,fb0a3917e8c21bd6e0d3f2d1cf233c15defd58f5baa654ffa79b32f193e758f5,,,,
249546,,95466,95466,0.029359699840078732,2,0.1266760979210235,2e219c54a929d16f0cc7,,,,36.704922100005206,0,MiniBooNE,UCI MiniBooNE via OpenML data_id=41150,,0,0,0.1091131394029497,3.768525956452208,12253739,4,PRIMARY,3251600,50,8ab62e1d929a2fa04e29a0f2f053aa674942538c341d48fbb03a9d7d9e187b2a,2,,52025,13007,4,,0.9824370414819261,0.041804445468133666,KDB,1.0073509279744732,generative,0,65032,False,0.0,0.9744142097918826,43.24479050000082,58b76385d1ecb1eeb0d319a48a1889b35957158a3a723fb33f3dfd67cb99ff30,52025,2,12356080,0.3395208791497534,0.9368572947787457,130064,1.0,False,"repeat=2,fold=2",0d223e3c1f0b4732782ba7a82337e163d5a942b51c7c7b0f311ea91f40db50c3,test,6c2cf46e4142eb515c695e6a1059ba7620cc64a01db2588a0135d6d99a48489d,fb0a3917e8c21bd6e0d3f2d1cf233c15defd58f5baa654ffa79b32f193e758f5,,,,
682248,,0,0,0.0,2,0.00013455069678039403,2e219c54a929d16f0cc7,,,,36.704922100005206,0,MiniBooNE,UCI MiniBooNE via OpenML data_id=41150,,0,0,0.00013391657736239182,4.7,12225875,5,PRIMARY,2601250,50,8ab62e1d929a2fa04e29a0f2f053aa674942538c341d48fbb03a9d7d9e187b2a,2,,52025,13007,5,,0.999999365880582,6.05866185353329e-06,KDB,0.0011723425001829754,generative,0,65032,False,0.0,0.9999991105434486,111.03499910001119,a356f0023cd7213e354d136bc35233ef31014ff1ec362308c60fc9ae5b259a9e,52025,2,12225875,0.011597690609341935,0.9999988534145917,130064,1.0,False,"repeat=2,fold=2",12783f50809154908a953ff11b68dd16fd0b2131ec45690105b8109c88f133ee,train,6c2cf46e4142eb515c695e6a1059ba7620cc64a01db2588a0135d6d99a48489d,fb0a3917e8c21bd6e0d3f2d1cf233c15defd58f5baa654ffa79b32f193e758f5,,,,
682248,,93334,93334,0.14351349273468134,2,0.14661336203582687,2e219c54a929d16f0cc7,,,,36.704922100005206,0,MiniBooNE,UCI MiniBooNE via OpenML data_id=41150,,0,0,0.12601324569057948,4.525833781809795,2943376,5,PRIMARY,650350,50,8ab62e1d929a2fa04e29a0f2f053aa674942538c341d48fbb03a9d7d9e187b2a,2,,52025,13007,5,,0.9782911786604723,0.05126833362168242,KDB,1.1539209029743442,generative,0,65032,False,0.0,0.9668661645797557,110.5840756999969,47a2f49c9ca599b3f65c1004657e4a7a6521ec35e0ce500aa1480f089fdc3c05,52025,2,3056645,0.36647144930400866,0.9198699091296385,130064,1.0,False,"repeat=2,fold=2",12783f50809154908a953ff11b68dd16fd0b2131ec45690105b8109c88f133ee,validation,6c2cf46e4142eb515c695e6a1059ba7620cc64a01db2588a0135d6d99a48489d,fb0a3917e8c21bd6e0d3f2d1cf233c15defd58f5baa654ffa79b32f193e758f5,,,,
682248,,465565,465565,0.14318028047730347,2,0.14166871693935293,2e219c54a929d16f0cc7,,,,36.704922100005206,0,MiniBooNE,UCI MiniBooNE via OpenML data_id=41150,,0,0,0.12115419488124796,4.526250153770452,14717555,5,PRIMARY,3251600,50,8ab62e1d929a2fa04e29a0f2f053aa674942538c341d48fbb03a9d7d9e187b2a,2,,52025,13007,5,,0.979485477941895,0.04921291138517654,KDB,1.0808534771028013,generative,0,65032,False,0.0,0.9688608338500275,111.03050959999382,da872a54edfbb772489cd0960ce0727493e885cae9bd3c63c0f41a5f7fb72fb7,52025,2,15282520,0.35855611133753973,0.9247047402031482,130064,1.0,False,"repeat=2,fold=2",12783f50809154908a953ff11b68dd16fd0b2131ec45690105b8109c88f133ee,test,6c2cf46e4142eb515c695e6a1059ba7620cc64a01db2588a0135d6d99a48489d,fb0a3917e8c21bd6e0d3f2d1cf233c15defd58f5baa654ffa79b32f193e758f5,,,,
54,,0,0,0.0,7,0.645238464053975,2e219c54a929d16f0cc7,,,,14.678387699997984,0,Covertype,UCI Covertype via sklearn fetch_covtype,,0,0,0.41779064215066214,0.0,0,0,PRIMARY,12549816,54,b75d68d67f8d7c356e91189818f1ce1e835276fa28e270e5da1de3c6f72eda78,1,,232404,58102,0,,0.7725521780966872,0.5028323292427621,KDB,6.1137784015217,generative,0,290506,False,0.0,,2.5472087999951327,2579126b08e6f0461f8b8cefbd21db5dfdd2293dedf02e45938e279880b7d0f7,232404,1,0,0.7638397737469014,,581012,1.0,False,"repeat=1,fold=1",e52557c8b0082e0c757b8a17c0d589976b28fd8cb7d088edc485e9532e850f6f,train,2bc16a350ec6e747c1a7ec5c3c307fe929f7ba0090aba38dfae1f7a154f87607,3b85836413515176c3d12dfcaf8e4bf3a4c05e93980ef5a1e33b05b968bfe5f0,,,,
54,,0,0,0.0,7,0.6444700698771126,2e219c54a929d16f0cc7,,,,14.678387699997984,0,Covertype,UCI Covertype via sklearn fetch_covtype,,0,0,0.4174315173930145,0.0,0,0,PRIMARY,3137508,54,b75d68d67f8d7c356e91189818f1ce1e835276fa28e270e5da1de3c6f72eda78,1,,232404,58102,0,,0.7729614475159019,0.5027856320540648,KDB,6.120706823708413,generative,0,290506,False,0.0,,0.7023992000031285,af11cbe21d33e6876b1c73c1eade91dab789f6396f57dd09322e59d0a2270dcb,232404,1,0,0.7644525458400281,,581012,1.0,False,"repeat=1,fold=1",e52557c8b0082e0c757b8a17c0d589976b28fd8cb7d088edc485e9532e850f6f,validation,2bc16a350ec6e747c1a7ec5c3c307fe929f7ba0090aba38dfae1f7a154f87607,3b85836413515176c3d12dfcaf8e4bf3a4c05e93980ef5a1e33b05b968bfe5f0,,,,
54,,0,0,0.0,7,0.6443928868939024,2e219c54a929d16f0cc7,,,,14.678387699997984,0,Covertype,UCI Covertype via sklearn fetch_covtype,,0,0,0.41669314328160095,0.0,0,0,PRIMARY,15687324,54,b75d68d67f8d7c356e91189818f1ce1e835276fa28e270e5da1de3c6f72eda78,1,,232404,58102,0,,0.7723002563876986,0.5030680557648198,KDB,6.1233350508156805,generative,0,290506,False,0.0,,3.1098110000020824,a27b10f1c582a14a88c35a0a6cbe98bf60ab0fc90190dd5082431c8ccb30f00d,232404,1,0,0.7637889141744242,,581012,1.0,False,"repeat=1,fold=1",e52557c8b0082e0c757b8a17c0d589976b28fd8cb7d088edc485e9532e850f6f,test,2bc16a350ec6e747c1a7ec5c3c307fe929f7ba0090aba38dfae1f7a154f87607,3b85836413515176c3d12dfcaf8e4bf3a4c05e93980ef5a1e33b05b968bfe5f0,,,,
1235,,0,0,0.0,7,0.6172398065437772,2e219c54a929d16f0cc7,,,,150.8597512999986,0,Covertype,UCI Covertype via sklearn fetch_covtype,,0,0,0.43399451674010925,0.9814814814814815,12317412,1,PRIMARY,12549816,54,b75d68d67f8d7c356e91189818f1ce1e835276fa28e270e5da1de3c6f72eda78,1,,232404,58102,1,,0.8167535484036574,0.41209544285235405,KDB,8.330309287104683,generative,0,290506,False,0.0,,2.521103999999468,a824d40a01cac170d91d86f10f99fb6ca35fb11431296a02af79303134426eaa,232404,1,12317412,0.7557604833946808,,581012,1.0,False,"repeat=1,fold=1",683029145f1cf9c66fb8ae0db97f18d015c23127c732db2737e430e390427b5e,train,2bc16a350ec6e747c1a7ec5c3c307fe929f7ba0090aba38dfae1f7a154f87607,3b85836413515176c3d12dfcaf8e4bf3a4c05e93980ef5a1e33b05b968bfe5f0,,,,
1235,,0,0,0.0,7,0.6193418470964855,2e219c54a929d16f0cc7,,,,150.8597512999986,0,Covertype,UCI Covertype via sklearn fetch_covtype,,0,0,0.43512336783740635,0.9814814814814815,3079406,1,PRIMARY,3137508,54,b75d68d67f8d7c356e91189818f1ce1e835276fa28e270e5da1de3c6f72eda78,1,,232404,58102,1,,0.8157815207409208,0.4140351713127414,KDB,8.344456604597209,generative,0,290506,False,0.0,,0.7477041999954963,cdc58fdfb3337cf64649b7cf383a01b022c71c98434a445feeca08d1570995d9,232404,1,3079406,0.7577424750437739,,581012,1.0,False,"repeat=1,fold=1",683029145f1cf9c66fb8ae0db97f18d015c23127c732db2737e430e390427b5e,validation,2bc16a350ec6e747c1a7ec5c3c307fe929f7ba0090aba38dfae1f7a154f87607,3b85836413515176c3d12dfcaf8e4bf3a4c05e93980ef5a1e33b05b968bfe5f0,,,,
1235,,0,0,0.0,7,0.6200181751839893,2e219c54a929d16f0cc7,,,,150.8597512999986,0,Covertype,UCI Covertype via sklearn fetch_covtype,,0,0,0.43598423290853233,0.9814814814814815,15396818,1,PRIMARY,15687324,54,b75d68d67f8d7c356e91189818f1ce1e835276fa28e270e5da1de3c6f72eda78,1,,232404,58102,1,,0.8159660577245432,0.413574845438136,KDB,8.355944562829158,generative,0,290506,False,0.0,,3.354240899992874,1f6dcad1568ca1c3702efcb40e523d8c456ea498cb1d392462dc6810e2bf183f,232404,1,15396818,0.7572394476869785,,581012,1.0,False,"repeat=1,fold=1",683029145f1cf9c66fb8ae0db97f18d015c23127c732db2737e430e390427b5e,test,2bc16a350ec6e747c1a7ec5c3c307fe929f7ba0090aba38dfae1f7a154f87607,3b85836413515176c3d12dfcaf8e4bf3a4c05e93980ef5a1e33b05b968bfe5f0,,,,
17420,,0,0,0.0,7,0.5752181545928642,2e219c54a929d16f0cc7,,,,150.8597512999986,0,Covertype,UCI Covertype via sklearn fetch_covtype,,0,0,0.46522458116069065,1.9444444444444444,24402420,2,PRIMARY,12549816,54,b75d68d67f8d7c356e91189818f1ce1e835276fa28e270e5da1de3c6f72eda78,1,,232404,58102,2,,0.8900064265678264,0.2485248285280576,KDB,11.165511412162436,generative,0,290506,False,0.0,,4.223574999996345,e270cc609b2e53f22f078218a5a8298cab73f6a55dac02c556fc70034647ce43,232404,1,24402420,0.7386794353416835,,581012,1.0,False,"repeat=1,fold=1",9b62afe5d4cbe25f100a0759f9c799dc32a3a3e36aa405841bdbc240b45b119e,train,2bc16a350ec6e747c1a7ec5c3c307fe929f7ba0090aba38dfae1f7a154f87607,3b85836413515176c3d12dfcaf8e4bf3a4c05e93980ef5a1e33b05b968bfe5f0,,,,
17420,,60,60,1.9123457215089173e-05,7,0.5894805686551238,2e219c54a929d16f0cc7,,,,150.8597512999986,0,Covertype,UCI Covertype via sklearn fetch_covtype,,0,0,0.4745385710116333,1.9444253209872293,6100650,2,PRIMARY,3137508,54,b75d68d67f8d7c356e91189818f1ce1e835276fa28e270e5da1de3c6f72eda78,1,,232404,58102,2,,0.8850580023565096,0.2586748934172212,KDB,11.142596897198118,generative,0,290506,False,0.0,,2.2220726999948965,55736f074004a607d2d389c152566b5a2a5c4a3a05f13b0d27bcd3eb5ef449e2,232404,1,6100710,0.7460789841918257,,581012,1.0,False,"repeat=1,fold=1",9b62afe5d4cbe25f100a0759f9c799dc32a3a3e36aa405841bdbc240b45b119e,validation,2bc16a350ec6e747c1a7ec5c3c307fe929f7ba0090aba38dfae1f7a154f87607,3b85836413515176c3d12dfcaf8e4bf3a4c05e93980ef5a1e33b05b968bfe5f0,,,,
17420,,209,209,1.3322858634143082e-05,7,0.5887382704660145,2e219c54a929d16f0cc7,,,,150.8597512999986,0,Covertype,UCI Covertype via sklearn fetch_covtype,,0,0,0.4752435010713494,1.9444311215858103,30502921,2,PRIMARY,15687324,54,b75d68d67f8d7c356e91189818f1ce1e835276fa28e270e5da1de3c6f72eda78,1,,232404,58102,2,,0.8865052306053347,0.2561163777483723,KDB,11.16199942030231,generative,0,290506,False,0.0,,4.585891999988235,73e7be557dcbe00a8326e8515f57cd8690219ef75e60cf3a1445810563c0080c,232404,1,30503130,0.7461335250869999,,581012,1.0,False,"repeat=1,fold=1",9b62afe5d4cbe25f100a0759f9c799dc32a3a3e36aa405841bdbc240b45b119e,test,2bc16a350ec6e747c1a7ec5c3c307fe929f7ba0090aba38dfae1f7a154f87607,3b85836413515176c3d12dfcaf8e4bf3a4c05e93980ef5a1e33b05b968bfe5f0,,,,
160332,,0,0,0.0,7,0.535898693654154,2e219c54a929d16f0cc7,,,,150.8597512999986,0,Covertype,UCI Covertype via sklearn fetch_covtype,,0,0,0.48954071999085896,2.888888888888889,36255024,3,PRIMARY,12549816,54,b75d68d67f8d7c356e91189818f1ce1e835276fa28e270e5da1de3c6f72eda78,1,,232404,58102,3,,0.9536420263367049,0.1086151095273439,KDB,14.057768138954934,generative,0,290506,False,0.0,,14.55568590000621,776c0de3a341ff8b603c253339e70e12f915b163942681ce2bd9c59009b60927,232404,1,36255024,0.7235016637780242,,581012,1.0,False,"repeat=1,fold=1",bf75a397f4b8b2b105e0e179eee2581be10871b061defa23432c6f87e0291672,train,2bc16a350ec6e747c1a7ec5c3c307fe929f7ba0090aba38dfae1f7a154f87607,3b85836413515176c3d12dfcaf8e4bf3a4c05e93980ef5a1e33b05b968bfe5f0,,,,
160332,,2544,2544,0.0008108345859197809,7,0.5661595125813225,2e219c54a929d16f0cc7,,,,150.8597512999986,0,Covertype,UCI Covertype via sklearn fetch_covtype,,0,0,0.5107106634627668,2.888058930845754,9061308,3,PRIMARY,3137508,54,b75d68d67f8d7c356e91189818f1ce1e835276fa28e270e5da1de3c6f72eda78,1,,232404,58102,3,,0.9445511508814443,0.1291833562931455,KDB,13.884224462311382,generative,0,290506,False,0.0,,12.879747099999804,a72c3fcd37a1bc5d5635d131d55a93b460d9093f186714d4f1a9d6b8fa2a4c53,232404,1,9063912,0.7407514145473856,,581012,1.0,False,"repeat=1,fold=1",bf75a397f4b8b2b105e0e179eee2581be10871b061defa23432c6f87e0291672,validation,2bc16a350ec6e747c1a7ec5c3c307fe929f7ba0090aba38dfae1f7a154f87607,3b85836413515176c3d12dfcaf8e4bf3a4c05e93980ef5a1e33b05b968bfe5f0,,,,
160332,,11964,11964,0.000762653974635827,7,0.5647800733891899,2e219c54a929d16f0cc7,,,,150.8597512999986,0,Covertype,UCI Covertype via sklearn fetch_covtype,,0,0,0.5097889927787794,2.888112912055619,45306763,3,PRIMARY,15687324,54,b75d68d67f8d7c356e91189818f1ce1e835276fa28e270e5da1de3c6f72eda78,1,,232404,58102,3,,0.9450089193895894,0.1280346021211073,KDB,13.897542151609729,generative,0,290506,False,0.0,,14.938018999993801,b07ea81aafc47fc1b6257488e63af9effa0311e4e88a332ac390f63f6ba7ab72,232404,1,45318936,0.7403083995200286,,581012,1.0,False,"repeat=1,fold=1",bf75a397f4b8b2b105e0e179eee2581be10871b061defa23432c6f87e0291672,test,2bc16a350ec6e747c1a7ec5c3c307fe929f7ba0090aba38dfae1f7a154f87607,3b85836413515176c3d12dfcaf8e4bf3a4c05e93980ef5a1e33b05b968bfe5f0,,,,
713212,,0,0,0.0,7,0.5170435964957574,2e219c54a929d16f0cc7,,,,150.8597512999986,0,Covertype,UCI Covertype via sklearn fetch_covtype,,0,0,0.5003761712581398,3.814814814814815,47875224,4,PRIMARY,12549816,54,b75d68d67f8d7c356e91189818f1ce1e835276fa28e270e5da1de3c6f72eda78,1,,232404,58102,4,,0.9833325747623824,0.03966969735586587,KDB,16.19140466965462,generative,0,290506,False,0.0,,63.298043599992525,1057e601b646ffab50a0df0561f29aef9d3b024156cbbef4b7c4880f935b7fd0,232404,1,47875224,0.715385596912557,,581012,1.0,False,"repeat=1,fold=1",c892367e988a5cec4c7301f8928225bb314cb20a1020d4487c20ce6f251c6668,train,2bc16a350ec6e747c1a7ec5c3c307fe929f7ba0090aba38dfae1f7a154f87607,3b85836413515176c3d12dfcaf8e4bf3a4c05e93980ef5a1e33b05b968bfe5f0,,,,
713212,,36783,36783,0.011723635445710418,7,0.5606347457918832,2e219c54a929d16f0cc7,,,,150.8597512999986,0,Covertype,UCI Covertype via sklearn fetch_covtype,,0,0,0.531526664348457,3.80226217749883,11929628,4,PRIMARY,3137508,54,b75d68d67f8d7c356e91189818f1ce1e835276fa28e270e5da1de3c6f72eda78,1,,232404,58102,4,,0.9708266475367828,0.06921952104275816,KDB,15.771278447354065,generative,0,290506,False,0.0,,61.26017860000138,7e95c76c32f7df98498f7fc0abfec759af34b1f04f7505473aaa18cdb4c72355,232404,1,11969012,0.7418902625096854,,581012,1.0,False,"repeat=1,fold=1",c892367e988a5cec4c7301f8928225bb314cb20a1020d4487c20ce6f251c6668,validation,2bc16a350ec6e747c1a7ec5c3c307fe929f7ba0090aba38dfae1f7a154f87607,3b85836413515176c3d12dfcaf8e4bf3a4c05e93980ef5a1e33b05b968bfe5f0,,,,
713212,,180678,180678,0.011517451924878967,7,0.560177758807047,2e219c54a929d16f0cc7,,,,150.8597512999986,0,Covertype,UCI Covertype via sklearn fetch_covtype,,0,0,0.5310821031604053,3.8025217047853412,59651390,4,PRIMARY,15687324,54,b75d68d67f8d7c356e91189818f1ce1e835276fa28e270e5da1de3c6f72eda78,1,,232404,58102,4,,0.9709043443533582,0.0689648449656125,KDB,15.763381986992504,generative,0,290506,False,0.0,,63.19530030000897,e0b1da2b636b9b36211a37f429537d691df5e7a72fb89ecb82a897c622e96203,232404,1,59844236,0.7414926236541637,,581012,1.0,False,"repeat=1,fold=1",c892367e988a5cec4c7301f8928225bb314cb20a1020d4487c20ce6f251c6668,test,2bc16a350ec6e747c1a7ec5c3c307fe929f7ba0090aba38dfae1f7a154f87607,3b85836413515176c3d12dfcaf8e4bf3a4c05e93980ef5a1e33b05b968bfe5f0,,,,
1694212,,0,0,0.0,7,0.5096168740641297,2e219c54a929d16f0cc7,,,,150.8597512999986,0,Covertype,UCI Covertype via sklearn fetch_covtype,,0,0,0.5032996683898749,4.722222222222222,59263020,5,PRIMARY,12549816,54,b75d68d67f8d7c356e91189818f1ce1e835276fa28e270e5da1de3c6f72eda78,1,,232404,58102,5,,0.9936776302730392,0.015012321452790025,KDB,17.133951041219,generative,0,290506,False,0.0,,158.89657119999174,6537d437b7f4ae37aac012741409f2fbd5d27b3fbd40fe3fb21471d149eaf3e7,232404,1,59263020,0.7124302105792718,,581012,1.0,False,"repeat=1,fold=1",fe8516bc413bea0bf6650b86d9c1c015ca6594e59cea5f3804f63b5591cd272f,train,2bc16a350ec6e747c1a7ec5c3c307fe929f7ba0090aba38dfae1f7a154f87607,3b85836413515176c3d12dfcaf8e4bf3a4c05e93980ef5a1e33b05b968bfe5f0,,,,
1694212,,153696,153696,0.04898664800217242,7,0.5566934012598533,2e219c54a929d16f0cc7,,,,150.8597512999986,0,Covertype,UCI Covertype via sklearn fetch_covtype,,0,0,0.5386108506901541,4.660725327234226,14623063,5,PRIMARY,3137508,54,b75d68d67f8d7c356e91189818f1ce1e835276fa28e270e5da1de3c6f72eda78,1,,232404,58102,5,,0.9819174494303009,0.043754541637671465,KDB,16.580527849289012,generative,0,290506,False,0.0,,155.09977349999826,7893c519682013bb2cab97df5570bf556ee3fb3551a22f30d7187c40c3d3c03d,232404,1,14816010,0.7411499711607432,,581012,1.0,False,"repeat=1,fold=1",fe8516bc413bea0bf6650b86d9c1c015ca6594e59cea5f3804f63b5591cd272f,validation,2bc16a350ec6e747c1a7ec5c3c307fe929f7ba0090aba38dfae1f7a154f87607,3b85836413515176c3d12dfcaf8e4bf3a4c05e93980ef5a1e33b05b968bfe5f0,,,,
1694212,,763738,763738,0.04868504022738359,7,0.5551864677493752,2e219c54a929d16f0cc7,,,,150.8597512999986,0,Covertype,UCI Covertype via sklearn fetch_covtype,,0,0,0.5367484379448697,4.661283275592447,73123061,5,PRIMARY,15687324,54,b75d68d67f8d7c356e91189818f1ce1e835276fa28e270e5da1de3c6f72eda78,1,,232404,58102,5,,0.981554845875712,0.04406084693337687,KDB,16.571551905901647,generative,0,290506,False,0.0,,159.98537199999555,2bee4566bd1ca77caa98f64f4d4613eeb8b1e8bd54db9ad3cd4b8cafddc9ea15,232404,1,74079030,0.7402965126417798,,581012,1.0,False,"repeat=1,fold=1",fe8516bc413bea0bf6650b86d9c1c015ca6594e59cea5f3804f63b5591cd272f,test,2bc16a350ec6e747c1a7ec5c3c307fe929f7ba0090aba38dfae1f7a154f87607,3b85836413515176c3d12dfcaf8e4bf3a4c05e93980ef5a1e33b05b968bfe5f0,,,,
54,,0,0,0.0,7,0.3140565566857713,2e219c54a929d16f0cc7,,,,15.100845999986632,0,Covertype,UCI Covertype via sklearn fetch_covtype,,0,0,0.08790810574332487,0.0,0,0,PRIMARY,12549816,54,04f4d39d5243c985a97364a0c576a3c81490a76ac0a1e226be33e4d5ca48ec77,2,,232404,58102,0,,0.7738301326912269,0.5013291947242025,KDB,0.8235999603172385,generative,0,290506,False,0.0,,2.575539800018305,39c224fe78a3f36687c7fc39d85aef6ed08ea388782493692a432b3692e1ef7e,232404,1,0,0.48301993835366147,,581012,1.0,False,"repeat=1,fold=2",e52557c8b0082e0c757b8a17c0d589976b28fd8cb7d088edc485e9532e850f6f,train,e1cbec5ce5b05337c6d761fe137de844fa15c4a324b7425f0480beec555bd8f6,34f14170286886046c40b71aa79c335a7a1e83128311ed6e04729e84836d912c,,,,
54,,0,0,0.0,7,0.315359195896871,2e219c54a929d16f0cc7,,,,15.100845999986632,0,Covertype,UCI Covertype via sklearn fetch_covtype,,0,0,0.08971297561175988,0.0,0,0,PRIMARY,3137508,54,04f4d39d5243c985a97364a0c576a3c81490a76ac0a1e226be33e4d5ca48ec77,2,,232404,58102,0,,0.774215623918362,0.5007199035511329,KDB,0.8236766113583114,generative,0,290506,False,0.0,,0.8032054999785032,1d4df4eb979e509739c122c55d0a3c8c3270e36e96bea8124be57c24dbfa4bd2,232404,1,0,0.48412770984598164,,581012,1.0,False,"repeat=1,fold=2",e52557c8b0082e0c757b8a17c0d589976b28fd8cb7d088edc485e9532e850f6f,validation,e1cbec5ce5b05337c6d761fe137de844fa15c4a324b7425f0480beec555bd8f6,34f14170286886046c40b71aa79c335a7a1e83128311ed6e04729e84836d912c,,,,
54,,0,0,0.0,7,0.31780066504650506,2e219c54a929d16f0cc7,,,,15.100845999986632,0,Covertype,UCI Covertype via sklearn fetch_covtype,,0,0,0.0915725413602656,0.0,0,0,PRIMARY,15687324,54,04f4d39d5243c985a97364a0c576a3c81490a76ac0a1e226be33e4d5ca48ec77,2,,232404,58102,0,,0.773758154700952,0.5016927527700622,KDB,0.8310729291421833,generative,0,290506,False,0.0,,3.1796438999881502,5275abf77574ab4c268be722fe03d82fc4a2109ae91c926cc694db4ea50b3233,232404,1,0,0.4854561722032916,,581012,1.0,False,"repeat=1,fold=2",e52557c8b0082e0c757b8a17c0d589976b28fd8cb7d088edc485e9532e850f6f,test,e1cbec5ce5b05337c6d761fe137de844fa15c4a324b7425f0480beec555bd8f6,34f14170286886046c40b71aa79c335a7a1e83128311ed6e04729e84836d912c,,,,
1245,,0,0,0.0,7,0.2471601177260288,2e219c54a929d16f0cc7,,,,161.94900249998318,0,Covertype,UCI Covertype via sklearn fetch_covtype,,0,0,0.06527874159400207,0.9814814814814815,12317412,1,PRIMARY,12549816,54,04f4d39d5243c985a97364a0c576a3c81490a76ac0a1e226be33e4d5ca48ec77,2,,232404,58102,1,,0.8180682938796756,0.4093053561064234,KDB,0.6060012465735618,generative,0,290506,False,0.0,,2.673423099971842,8a6e11d827cd073d72aebf8084fd2e2d2148506c98f8abe48ed7dbd0891b22fc,232404,1,12317412,0.42707031163827325,,581012,1.0,False,"repeat=1,fold=2",c1d2c172d43b020324eadf6ac5919842f784872f23fc527d13ca9ee58a221609,train,e1cbec5ce5b05337c6d761fe137de844fa15c4a324b7425f0480beec555bd8f6,34f14170286886046c40b71aa79c335a7a1e83128311ed6e04729e84836d912c,,,,
1245,,0,0,0.0,7,0.2536573611923858,2e219c54a929d16f0cc7,,,,161.94900249998318,0,Covertype,UCI Covertype via sklearn fetch_covtype,,0,0,0.07075844073256649,0.9814814814814815,3079406,1,PRIMARY,3137508,54,04f4d39d5243c985a97364a0c576a3c81490a76ac0a1e226be33e4d5ca48ec77,2,,232404,58102,1,,0.8171010795401806,0.41094639384017206,KDB,0.6255608927051367,generative,0,290506,False,0.0,,0.8228879000234883,931d0525c11ebe4b69a8df8170d24b65f2ec0ee594b300d63e738c7ca9f290a7,232404,1,3079406,0.43294987592751255,,581012,1.0,False,"repeat=1,fold=2",c1d2c172d43b020324eadf6ac5919842f784872f23fc527d13ca9ee58a221609,validation,e1cbec5ce5b05337c6d761fe137de844fa15c4a324b7425f0480beec555bd8f6,34f14170286886046c40b71aa79c335a7a1e83128311ed6e04729e84836d912c,,,,
1245,,0,0,0.0,7,0.25428734690505533,2e219c54a929d16f0cc7,,,,161.94900249998318,0,Covertype,UCI Covertype via sklearn fetch_covtype,,0,0,0.07092537675835045,0.9814814814814815,15396818,1,PRIMARY,15687324,54,04f4d39d5243c985a97364a0c576a3c81490a76ac0a1e226be33e4d5ca48ec77,2,,232404,58102,1,,0.8166380298532951,0.4120008928747417,KDB,0.6304902732974595,generative,0,290506,False,0.0,,3.4311787000042386,fecaa2bf5877f23a293e512a11dd7f7e79ecfdb1912ec3fb9ba38bcef4bcaf45,232404,1,15396818,0.4334815697021523,,581012,1.0,False,"repeat=1,fold=2",c1d2c172d43b020324eadf6ac5919842f784872f23fc527d13ca9ee58a221609,test,e1cbec5ce5b05337c6d761fe137de844fa15c4a324b7425f0480beec555bd8f6,34f14170286886046c40b71aa79c335a7a1e83128311ed6e04729e84836d912c,,,,
18726,,0,0,0.0,7,0.1380010671072787,2e219c54a929d16f0cc7,,,,161.94900249998318,0,Covertype,UCI Covertype via sklearn fetch_covtype,,0,0,0.031874572370559545,1.9444444444444444,24402420,2,PRIMARY,12549816,54,04f4d39d5243c985a97364a0c576a3c81490a76ac0a1e226be33e4d5ca48ec77,2,,232404,58102,2,,0.8938735052632811,0.24000231037680292,KDB,0.3215538746385468,generative,0,290506,False,0.0,,4.642979299998842,66b8994b4a0ef75d2a7a1dcc6e3ee77d74fd755271b15677648b7901a4f44aa2,232404,1,24402420,0.315352973948126,,581012,1.0,False,"repeat=1,fold=2",48340dc5c566f4dd29f5a47cec04ee65331afdef7a847d4cf20ca7e94bc69617,train,e1cbec5ce5b05337c6d761fe137de844fa15c4a324b7425f0480beec555bd8f6,34f14170286886046c40b71aa79c335a7a1e83128311ed6e04729e84836d912c,,,,
18726,,110,110,3.505967156099682e-05,7,0.16896148153247736,2e219c54a929d16f0cc7,,,,161.94900249998318,0,Covertype,UCI Covertype via sklearn fetch_covtype,,0,0,0.05762176518442658,1.9444093847728834,6100600,2,PRIMARY,3137508,54,04f4d39d5243c985a97364a0c576a3c81490a76ac0a1e226be33e4d5ca48ec77,2,,232404,58102,2,,0.888552262008271,0.25063394204083644,KDB,0.43293814590753643,generative,0,290506,False,0.0,,2.8000810999947134,0ca0781ea0a80cd9d747ee71d80d336ceec1bbc222a3f314587ff3ddf16e382f,232404,1,6100710,0.35189795329026335,,581012,1.0,False,"repeat=1,fold=2",48340dc5c566f4dd29f5a47cec04ee65331afdef7a847d4cf20ca7e94bc69617,validation,e1cbec5ce5b05337c6d761fe137de844fa15c4a324b7425f0480beec555bd8f6,34f14170286886046c40b71aa79c335a7a1e83128311ed6e04729e84836d912c,,,,
18726,,512,512,3.263781636689597e-05,7,0.16779687854984063,2e219c54a929d16f0cc7,,,,161.94900249998318,0,Covertype,UCI Covertype via sklearn fetch_covtype,,0,0,0.05678139028640581,1.9444118066280776,30502618,2,PRIMARY,15687324,54,04f4d39d5243c985a97364a0c576a3c81490a76ac0a1e226be33e4d5ca48ec77,2,,232404,58102,2,,0.8889845117365656,0.24962056406725205,KDB,0.437752112775188,generative,0,290506,False,0.0,,5.367433999985224,290d3f9ce503f43405bb90354aaa96e0d6ff83c36e244f460386a86c224cf26d,232404,1,30503130,0.35140959882598205,,581012,1.0,False,"repeat=1,fold=2",48340dc5c566f4dd29f5a47cec04ee65331afdef7a847d4cf20ca7e94bc69617,test,e1cbec5ce5b05337c6d761fe137de844fa15c4a324b7425f0480beec555bd8f6,34f14170286886046c40b71aa79c335a7a1e83128311ed6e04729e84836d912c,,,,
182708,,0,0,0.0,7,0.05804547253919898,2e219c54a929d16f0cc7,,,,161.94900249998318,0,Covertype,UCI Covertype via sklearn fetch_covtype,,0,0,0.015965337800145925,2.888888888888889,36255024,3,PRIMARY,12549816,54,04f4d39d5243c985a97364a0c576a3c81490a76ac0a1e226be33e4d5ca48ec77,2,,232404,58102,3,,0.9579103407997326,0.09885734628408643,KDB,0.13930484628942472,generative,0,290506,False,0.0,,16.526091500010807,5ecc536023330996762ce54fed5bd63017270f7b586e067bf81ea3a868ee21da,232404,1,36255024,0.20529877643340438,,581012,1.0,False,"repeat=1,fold=2",86fe610f8b4fdfae724b4918d1693b5a070cbff359465786dd9b4983495cea6f,train,e1cbec5ce5b05337c6d761fe137de844fa15c4a324b7425f0480beec555bd8f6,34f14170286886046c40b71aa79c335a7a1e83128311ed6e04729e84836d912c,,,,
182708,,3704,3704,0.0011805547587448383,7,0.11760352483563388,2e219c54a929d16f0cc7,,,,161.94900249998318,0,Covertype,UCI Covertype via sklearn fetch_covtype,,0,0,0.06531145224858169,2.887673274458583,9060098,3,PRIMARY,3137508,54,04f4d39d5243c985a97364a0c576a3c81490a76ac0a1e226be33e4d5ca48ec77,2,,232404,58102,3,,0.9476522515684644,0.12177129998931042,KDB,0.41780525672680174,generative,0,290506,False,0.0,,14.68186219999916,69013972ef8a88ae4a5a995c9a31169b9365a6a6c4966b2a5b49d28560bd4626,232404,1,9063912,0.304251916929828,,581012,1.0,False,"repeat=1,fold=2",86fe610f8b4fdfae724b4918d1693b5a070cbff359465786dd9b4983495cea6f,validation,e1cbec5ce5b05337c6d761fe137de844fa15c4a324b7425f0480beec555bd8f6,34f14170286886046c40b71aa79c335a7a1e83128311ed6e04729e84836d912c,,,,
182708,,17895,17895,0.0011407299294640691,7,0.11632117753161725,2e219c54a929d16f0cc7,,,,161.94900249998318,0,Covertype,UCI Covertype via sklearn fetch_covtype,,0,0,0.06469844959813117,2.887715521143058,45300529,3,PRIMARY,15687324,54,04f4d39d5243c985a97364a0c576a3c81490a76ac0a1e226be33e4d5ca48ec77,2,,232404,58102,3,,0.9483456103499518,0.12053096327715046,KDB,0.42316922221452263,generative,0,290506,False,0.0,,16.879985399980797,ebe62aed9e32b1b0af447ee3c11c7c57887c7365f679a7cb8d6d1fe5de6a2ea8,232404,1,45318936,0.3037631813353977,,581012,1.0,False,"repeat=1,fold=2",86fe610f8b4fdfae724b4918d1693b5a070cbff359465786dd9b4983495cea6f,test,e1cbec5ce5b05337c6d761fe137de844fa15c4a324b7425f0480beec555bd8f6,34f14170286886046c40b71aa79c335a7a1e83128311ed6e04729e84836d912c,,,,
831064,,0,0,0.0,7,0.01991790158517065,2e219c54a929d16f0cc7,,,,161.94900249998318,0,Covertype,UCI Covertype via sklearn fetch_covtype,,0,0,0.006961804530845603,3.814814814814815,47875224,4,PRIMARY,12549816,54,04f4d39d5243c985a97364a0c576a3c81490a76ac0a1e226be33e4d5ca48ec77,2,,232404,58102,4,,0.9870439029456751,0.0309815000183661,KDB,0.04991066706267266,generative,0,290506,False,0.0,,76.78669380000792,6935e7e7e3a2953aeca135230b132ffc08e1184135e4d1e5608de36cc5083cb7,232404,1,47875224,0.12133847657095499,,581012,1.0,False,"repeat=1,fold=2",890354d672ccbc38a3e9406a0bebf951d77082123089aef823aeac9383a1a686,train,e1cbec5ce5b05337c6d761fe137de844fa15c4a324b7425f0480beec555bd8f6,34f14170286886046c40b71aa79c335a7a1e83128311ed6e04729e84836d912c,,,,
831064,,50656,50656,0.01614529747812595,7,0.10113249113627758,2e219c54a929d16f0cc7,,,,161.94900249998318,0,Covertype,UCI Covertype via sklearn fetch_covtype,,0,0,0.07435944431368069,3.797455177803531,11914546,4,PRIMARY,3137508,54,04f4d39d5243c985a97364a0c576a3c81490a76ac0a1e226be33e4d5ca48ec77,2,,232404,58102,4,,0.9732269531774032,0.06383704928900417,KDB,0.5341405945343062,generative,0,290506,False,0.0,,75.37837100002798,ff544539f5063d5a47d32031bc52502334e4f8bcdd3b11a78b9790d7b8aff2fa,232404,1,11969012,0.29471453955547394,,581012,1.0,False,"repeat=1,fold=2",890354d672ccbc38a3e9406a0bebf951d77082123089aef823aeac9383a1a686,validation,e1cbec5ce5b05337c6d761fe137de844fa15c4a324b7425f0480beec555bd8f6,34f14170286886046c40b71aa79c335a7a1e83128311ed6e04729e84836d912c,,,,
831064,,248798,248798,0.01585981139931833,7,0.10097209696185276,2e219c54a929d16f0cc7,,,,161.94900249998318,0,Covertype,UCI Covertype via sklearn fetch_covtype,,0,0,0.07400990645107727,3.7977830380758375,59577053,4,PRIMARY,15687324,54,04f4d39d5243c985a97364a0c576a3c81490a76ac0a1e226be33e4d5ca48ec77,2,,232404,58102,4,,0.9730320990911167,0.0639293324494339,KDB,0.5383840185813435,generative,0,290506,False,0.0,,76.78883129998576,c08d14e55a36a1062065c14a94d51be110c13e8f597c8da4884f7169e1a780f0,232404,1,59844236,0.2941581318139071,,581012,1.0,False,"repeat=1,fold=2",890354d672ccbc38a3e9406a0bebf951d77082123089aef823aeac9383a1a686,test,e1cbec5ce5b05337c6d761fe137de844fa15c4a324b7425f0480beec555bd8f6,34f14170286886046c40b71aa79c335a7a1e83128311ed6e04729e84836d912c,,,,
1897664,,0,0,0.0,7,0.009122046092149876,2e219c54a929d16f0cc7,,,,161.94900249998318,0,Covertype,UCI Covertype via sklearn fetch_covtype,,0,0,0.004255843577653308,4.722222222222222,59263020,5,PRIMARY,12549816,54,04f4d39d5243c985a97364a0c576a3c81490a76ac0a1e226be33e4d5ca48ec77,2,,232404,58102,5,,0.9951293774206,0.011548616468822605,KDB,0.024277466620430944,generative,0,290506,False,0.0,,186.47253480000654,bbbcf30cfae008f474ce28d0e34c26a6e79725c225e177ef142aeffc6a4b9596,232404,1,59263020,0.0826378921312076,,581012,1.0,False,"repeat=1,fold=2",01219d635d1a821202c3170414984b0442f205ede47a13e21cb5ef7515c501d3,train,e1cbec5ce5b05337c6d761fe137de844fa15c4a324b7425f0480beec555bd8f6,34f14170286886046c40b71aa79c335a7a1e83128311ed6e04729e84836d912c,,,,
1897664,,194765,194765,0.062076335741614044,7,0.09331864651819215,2e219c54a929d16f0cc7,,,,161.94900249998318,0,Covertype,UCI Covertype via sklearn fetch_covtype,,0,0,0.07536808058657687,4.642836607906657,14566937,5,PRIMARY,3137508,54,04f4d39d5243c985a97364a0c576a3c81490a76ac0a1e226be33e4d5ca48ec77,2,,232404,58102,5,,0.9820415758418873,0.04313068362462011,KDB,0.6217925548119162,generative,0,290506,False,0.0,,186.84387970002717,23809f66eb003ac897b5b6fcfd1dde8d02a367b27b0e9e41fc9131ecd652d0e3,232404,1,14816010,0.28819030111522836,,581012,1.0,False,"repeat=1,fold=2",01219d635d1a821202c3170414984b0442f205ede47a13e21cb5ef7515c501d3,validation,e1cbec5ce5b05337c6d761fe137de844fa15c4a324b7425f0480beec555bd8f6,34f14170286886046c40b71aa79c335a7a1e83128311ed6e04729e84836d912c,,,,
1897664,,964138,964138,0.06145968553973896,7,0.09396019359324764,2e219c54a929d16f0cc7,,,,161.94900249998318,0,Covertype,UCI Covertype via sklearn fetch_covtype,,0,0,0.07579917819590512,4.6437740432976335,72848388,5,PRIMARY,15687324,54,04f4d39d5243c985a97364a0c576a3c81490a76ac0a1e226be33e4d5ca48ec77,2,,232404,58102,5,,0.9818389846026573,0.04335125768617413,KDB,0.6347630589080522,generative,0,290506,False,0.0,,187.21673720001127,40ffaf27e02df7931af5c3ae2ad54509bd2a4f39478c5230bf5c08ff8115b465,232404,1,74079030,0.2890637967136448,,581012,1.0,False,"repeat=1,fold=2",01219d635d1a821202c3170414984b0442f205ede47a13e21cb5ef7515c501d3,test,e1cbec5ce5b05337c6d761fe137de844fa15c4a324b7425f0480beec555bd8f6,34f14170286886046c40b71aa79c335a7a1e83128311ed6e04729e84836d912c,,,,
54,,0,0,0.0,7,0.31475361869847335,2e219c54a929d16f0cc7,,,,14.727368300023954,0,Covertype,UCI Covertype via sklearn fetch_covtype,,0,0,0.0888458147563706,0.0,0,0,PRIMARY,12549816,54,bcf86db11bd29fb8ec88e99d3c427cf7fa9571bd08bdcc2acef2fcd8b3676c93,1,,232404,58102,0,,0.7740908071289284,0.5009212979934086,KDB,0.8230329430798797,generative,0,290506,False,0.0,,2.545774900005199,6211b0264d36a2c82981eaa1eccab4683d93969c7efb471a0b2ae258b669cf69,232404,2,0,0.48326956527349363,,581012,1.0,False,"repeat=2,fold=1",e52557c8b0082e0c757b8a17c0d589976b28fd8cb7d088edc485e9532e850f6f,train,2a16355c4bf6780f2e68e9208422ca14b660aaf38bb723af1d252582776aa994,1208400d162bad9312daa315aab1767815e2aada38c378529d265a6022128bdd,,,,
54,,0,0,0.0,7,0.3165983959244088,2e219c54a929d16f0cc7,,,,14.727368300023954,0,Covertype,UCI Covertype via sklearn fetch_covtype,,0,0,0.09024911854891146,0.0,0,0,PRIMARY,3137508,54,bcf86db11bd29fb8ec88e99d3c427cf7fa9571bd08bdcc2acef2fcd8b3676c93,1,,232404,58102,0,,0.7735700890464343,0.5018558954422342,KDB,0.8293919982288634,generative,0,290506,False,0.0,,0.7783946999988984,b1bddd691c8de0e39e35a730fc28b139a6231da58ae2cb196f6dedac492b35d4,232404,2,0,0.4851758068174984,,581012,1.0,False,"repeat=2,fold=1",e52557c8b0082e0c757b8a17c0d589976b28fd8cb7d088edc485e9532e850f6f,validation,2a16355c4bf6780f2e68e9208422ca14b660aaf38bb723af1d252582776aa994,1208400d162bad9312daa315aab1767815e2aada38c378529d265a6022128bdd,,,,
54,,0,0,0.0,7,0.3173462854467722,2e219c54a929d16f0cc7,,,,14.727368300023954,0,Covertype,UCI Covertype via sklearn fetch_covtype,,0,0,0.09131823487982275,0.0,0,0,PRIMARY,15687324,54,bcf86db11bd29fb8ec88e99d3c427cf7fa9571bd08bdcc2acef2fcd8b3676c93,1,,232404,58102,0,,0.7739719494330505,0.5007689607089172,KDB,0.8326346180410844,generative,0,290506,False,0.0,,3.186026999988826,f54755028373deb2164819ba3856babd0a4375ea9dede9628efca348b1095dc8,232404,2,0,0.48500070699164477,,581012,1.0,False,"repeat=2,fold=1",e52557c8b0082e0c757b8a17c0d589976b28fd8cb7d088edc485e9532e850f6f,test,2a16355c4bf6780f2e68e9208422ca14b660aaf38bb723af1d252582776aa994,1208400d162bad9312daa315aab1767815e2aada38c378529d265a6022128bdd,,,,
1265,,0,0,0.0,7,0.24754737439975216,2e219c54a929d16f0cc7,,,,160.2973648000043,0,Covertype,UCI Covertype via sklearn fetch_covtype,,0,0,0.06469238478201401,0.9814814814814815,12317412,1,PRIMARY,12549816,54,bcf86db11bd29fb8ec88e99d3c427cf7fa9571bd08bdcc2acef2fcd8b3676c93,1,,232404,58102,1,,0.8171365062984971,0.41177493560097134,KDB,0.6093971441432441,generative,0,290506,False,0.0,,2.6094473999983165,5416ec2422c4c407c919199f4cc21b030a4c0e59629e88678aac07280f02f7c2,232404,2,12317412,0.42797272100956646,,581012,1.0,False,"repeat=2,fold=1",8c7732a03ce5b85733883f32b26b274b906c8522d5bfb9ba308d4a1164b97f90,train,2a16355c4bf6780f2e68e9208422ca14b660aaf38bb723af1d252582776aa994,1208400d162bad9312daa315aab1767815e2aada38c378529d265a6022128bdd,,,,
1265,,0,0,0.0,7,0.25412206120271247,2e219c54a929d16f0cc7,,,,160.2973648000043,0,Covertype,UCI Covertype via sklearn fetch_covtype,,0,0,0.0705061972895998,0.9814814814814815,3079406,1,PRIMARY,3137508,54,bcf86db11bd29fb8ec88e99d3c427cf7fa9571bd08bdcc2acef2fcd8b3676c93,1,,232404,58102,1,,0.8163280350408026,0.41331511000314164,KDB,0.6360759790455569,generative,0,290506,False,0.0,,0.9089596999983769,cdbcdba4871504edb675f07be019adb46fbc1a447a04894c25289a47ae9295c6,232404,2,3079406,0.43374467903957353,,581012,1.0,False,"repeat=2,fold=1",8c7732a03ce5b85733883f32b26b274b906c8522d5bfb9ba308d4a1164b97f90,validation,2a16355c4bf6780f2e68e9208422ca14b660aaf38bb723af1d252582776aa994,1208400d162bad9312daa315aab1767815e2aada38c378529d265a6022128bdd,,,,
1265,,0,0,0.0,7,0.2540463880264091,2e219c54a929d16f0cc7,,,,160.2973648000043,0,Covertype,UCI Covertype via sklearn fetch_covtype,,0,0,0.07053203077624957,0.9814814814814815,15396818,1,PRIMARY,15687324,54,bcf86db11bd29fb8ec88e99d3c427cf7fa9571bd08bdcc2acef2fcd8b3676c93,1,,232404,58102,1,,0.8164856427498407,0.41298425725273064,KDB,0.6349664238040184,generative,0,290506,False,0.0,,3.1679245000123046,16f6894859bf235ad21e3f1f5a210d1c6d860de843fe98d0b7ea62ed5beb4937,232404,2,15396818,0.4340431235564007,,581012,1.0,False,"repeat=2,fold=1",8c7732a03ce5b85733883f32b26b274b906c8522d5bfb9ba308d4a1164b97f90,test,2a16355c4bf6780f2e68e9208422ca14b660aaf38bb723af1d252582776aa994,1208400d162bad9312daa315aab1767815e2aada38c378529d265a6022128bdd,,,,
16816,,0,0,0.0,7,0.1428718954923323,2e219c54a929d16f0cc7,,,,160.2973648000043,0,Covertype,UCI Covertype via sklearn fetch_covtype,,0,0,0.032460351203519935,1.9444444444444444,24402420,2,PRIMARY,12549816,54,bcf86db11bd29fb8ec88e99d3c427cf7fa9571bd08bdcc2acef2fcd8b3676c93,1,,232404,58102,2,,0.8895884557111877,0.24981480780416918,KDB,0.3311020576381399,generative,0,290506,False,0.0,,4.026640699972631,903a761a1872517042cb073e2f2cfd7c28e8d46e360d4759c24bd731a184b548,232404,2,24402420,0.32063344468962524,,581012,1.0,False,"repeat=2,fold=1",1b40ef4b6b19e5a07f6138e552377625a40e9187561c04289e6560fa16008e75,train,2a16355c4bf6780f2e68e9208422ca14b660aaf38bb723af1d252582776aa994,1208400d162bad9312daa315aab1767815e2aada38c378529d265a6022128bdd,,,,
16816,,50,50,1.5936214345907642e-05,7,0.1684967815221507,2e219c54a929d16f0cc7,,,,160.2973648000043,0,Covertype,UCI Covertype via sklearn fetch_covtype,,0,0,0.05572359787167877,1.9444285082300985,6100660,2,PRIMARY,3137508,54,bcf86db11bd29fb8ec88e99d3c427cf7fa9571bd08bdcc2acef2fcd8b3676c93,1,,232404,58102,2,,0.887226816349528,0.25531520064105867,KDB,0.4376668640310619,generative,0,290506,False,0.0,,2.183996899984777,e19831f2731ee825c65681db5412e67c44115a0bc95ac608967eb5f9369dea87,232404,2,6100710,0.35272461513036746,,581012,1.0,False,"repeat=2,fold=1",1b40ef4b6b19e5a07f6138e552377625a40e9187561c04289e6560fa16008e75,validation,2a16355c4bf6780f2e68e9208422ca14b660aaf38bb723af1d252582776aa994,1208400d162bad9312daa315aab1767815e2aada38c378529d265a6022128bdd,,,,
16816,,206,206,1.3131621428868301e-05,7,0.16928738132775226,2e219c54a929d16f0cc7,,,,160.2973648000043,0,Covertype,UCI Covertype via sklearn fetch_covtype,,0,0,0.055040311775762935,1.9444313128230155,30502924,2,PRIMARY,15687324,54,bcf86db11bd29fb8ec88e99d3c427cf7fa9571bd08bdcc2acef2fcd8b3676c93,1,,232404,58102,2,,0.8857529304480107,0.2578922088264173,KDB,0.4390558123879103,generative,0,290506,False,0.0,,4.66111610000371,c38deefab718c5a862ab62949898a9ee2975c3b3434181ec1866e7c9819d0e3d,232404,2,30503130,0.3529070110629856,,581012,1.0,False,"repeat=2,fold=1",1b40ef4b6b19e5a07f6138e552377625a40e9187561c04289e6560fa16008e75,test,2a16355c4bf6780f2e68e9208422ca14b660aaf38bb723af1d252582776aa994,1208400d162bad9312daa315aab1767815e2aada38c378529d265a6022128bdd,,,,
163279,,0,0,0.0,7,0.06129842859847507,2e219c54a929d16f0cc7,,,,160.2973648000043,0,Covertype,UCI Covertype via sklearn fetch_covtype,,0,0,0.01627215171594576,2.888888888888889,36255024,3,PRIMARY,12549816,54,bcf86db11bd29fb8ec88e99d3c427cf7fa9571bd08bdcc2acef2fcd8b3676c93,1,,232404,58102,3,,0.9549737231174708,0.10572712584851246,KDB,0.14657389138508445,generative,0,290506,False,0.0,,14.81887689998257,bb9bb4b83ed23d22034764eaa79c07716073c21a73e05893460131fb30ad0f37,232404,2,36255024,0.21093785059498846,,581012,1.0,False,"repeat=2,fold=1",e80862bd666f383e7061b4fd6a13ac43b8321ec65f3e80c5a1195f3e4414343c,train,2a16355c4bf6780f2e68e9208422ca14b660aaf38bb723af1d252582776aa994,1208400d162bad9312daa315aab1767815e2aada38c378529d265a6022128bdd,,,,
163279,,2506,2506,0.0007987230630168911,7,0.11510791366906475,2e219c54a929d16f0cc7,,,,160.2973648000043,0,Covertype,UCI Covertype via sklearn fetch_covtype,,0,0,0.06161148737430579,2.8880742296115263,9061356,3,PRIMARY,3137508,54,bcf86db11bd29fb8ec88e99d3c427cf7fa9571bd08bdcc2acef2fcd8b3676c93,1,,232404,58102,3,,0.946503573705241,0.1250314790189698,KDB,0.404280088164396,generative,0,290506,False,0.0,,13.199169400002575,17bf945a567020188434086c08fb2318e4067579a8d3cda0f982a3d6e9660f90,232404,2,9063912,0.30121705223170814,,581012,1.0,False,"repeat=2,fold=1",e80862bd666f383e7061b4fd6a13ac43b8321ec65f3e80c5a1195f3e4414343c,validation,2a16355c4bf6780f2e68e9208422ca14b660aaf38bb723af1d252582776aa994,1208400d162bad9312daa315aab1767815e2aada38c378529d265a6022128bdd,,,,
163279,,12872,12872,0.000820535102098994,7,0.11529538116252332,2e219c54a929d16f0cc7,,,,160.2973648000043,0,Covertype,UCI Covertype via sklearn fetch_covtype,,0,0,0.06156173409162298,2.888055222165361,45305858,3,PRIMARY,15687324,54,bcf86db11bd29fb8ec88e99d3c427cf7fa9571bd08bdcc2acef2fcd8b3676c93,1,,232404,58102,3,,0.9462663529290993,0.12553355849087744,KDB,0.40692278604191023,generative,0,290506,False,0.0,,15.494807700015372,b628fe12173121299a5f1e68068d237c7000b08d3fef9f812503a2b3a1a1333b,232404,2,45318936,0.30216523244095406,,581012,1.0,False,"repeat=2,fold=1",e80862bd666f383e7061b4fd6a13ac43b8321ec65f3e80c5a1195f3e4414343c,test,2a16355c4bf6780f2e68e9208422ca14b660aaf38bb723af1d252582776aa994,1208400d162bad9312daa315aab1767815e2aada38c378529d265a6022128bdd,,,,
752905,,0,0,0.0,7,0.02310631486549285,2e219c54a929d16f0cc7,,,,160.2973648000043,0,Covertype,UCI Covertype via sklearn fetch_covtype,,0,0,0.007653703163463168,3.814814814814815,47875224,4,PRIMARY,12549816,54,bcf86db11bd29fb8ec88e99d3c427cf7fa9571bd08bdcc2acef2fcd8b3676c93,1,,232404,58102,4,,0.9845473882979704,0.036879340438022774,KDB,0.05724835903507789,generative,0,290506,False,0.0,,67.58685200000764,f8ca7a9aff0cb2ca12fec0bf71ea789b6d7275ffbb2b40e6ba38c9fae60ee10e,232404,2,47875224,0.13006335902500862,,581012,1.0,False,"repeat=2,fold=1",c62391627c599d687710b773490462b36b35b8e73540cf0d37631015afdfe79b,train,2a16355c4bf6780f2e68e9208422ca14b660aaf38bb723af1d252582776aa994,1208400d162bad9312daa315aab1767815e2aada38c378529d265a6022128bdd,,,,
752905,,40661,40661,0.012959648230379013,7,0.10071942446043165,2e219c54a929d16f0cc7,,,,160.2973648000043,0,Covertype,UCI Covertype via sklearn fetch_covtype,,0,0,0.07224706812366513,3.8010411447556467,11925797,4,PRIMARY,3137508,54,bcf86db11bd29fb8ec88e99d3c427cf7fa9571bd08bdcc2acef2fcd8b3676c93,1,,232404,58102,4,,0.9715276436632332,0.06810159222778822,KDB,0.517462691232798,generative,0,290506,False,0.0,,76.13279120001243,81b56e9a3012b319e826ead7dcd9f5a4fd84bea53eab20730ae903ff3501111f,232404,2,11969012,0.29330297235601954,,581012,1.0,False,"repeat=2,fold=1",c62391627c599d687710b773490462b36b35b8e73540cf0d37631015afdfe79b,validation,2a16355c4bf6780f2e68e9208422ca14b660aaf38bb723af1d252582776aa994,1208400d162bad9312daa315aab1767815e2aada38c378529d265a6022128bdd,,,,
752905,,203142,203142,0.012949436117976526,7,0.10279994216986912,2e219c54a929d16f0cc7,,,,160.2973648000043,0,Covertype,UCI Covertype via sklearn fetch_covtype,,0,0,0.07394398763374685,3.801032285684926,59628025,4,PRIMARY,15687324,54,bcf86db11bd29fb8ec88e99d3c427cf7fa9571bd08bdcc2acef2fcd8b3676c93,1,,232404,58102,4,,0.971143730215905,0.06845602581447671,KDB,0.5225131555869084,generative,0,290506,False,0.0,,70.28813279999304,c44a65f6bad23f175031050e3ed0deefd3c2e7ca669ef125e137de3925f9404a,232404,2,59844236,0.2956399758441115,,581012,1.0,False,"repeat=2,fold=1",c62391627c599d687710b773490462b36b35b8e73540cf0d37631015afdfe79b,test,2a16355c4bf6780f2e68e9208422ca14b660aaf38bb723af1d252582776aa994,1208400d162bad9312daa315aab1767815e2aada38c378529d265a6022128bdd,,,,
1638344,,0,0,0.0,7,0.01152303746923461,2e219c54a929d16f0cc7,,,,160.2973648000043,0,Covertype,UCI Covertype via sklearn fetch_covtype,,0,0,0.005130992330007746,4.722222222222222,59263020,5,PRIMARY,12549816,54,bcf86db11bd29fb8ec88e99d3c427cf7fa9571bd08bdcc2acef2fcd8b3676c93,1,,232404,58102,5,,0.9934794534474265,0.015509956902598153,KDB,0.03199234319337351,generative,0,290506,False,0.0,,155.01806370000122,a6ae8949b16cdda8fcd9c4c7d38717435a0f9a387c920e56200195e0a7fe7b9d,232404,2,59263020,0.09403585272966605,,581012,1.0,False,"repeat=2,fold=1",6b4aff2d3898a3c4fb576974264d5456afdfd7d3b67f842b62ae973bdbb72953,train,2a16355c4bf6780f2e68e9208422ca14b660aaf38bb723af1d252582776aa994,1208400d162bad9312daa315aab1767815e2aada38c378529d265a6022128bdd,,,,
1638344,,145873,145873,0.046493267905611715,7,0.09340470207566004,2e219c54a929d16f0cc7,,,,160.2973648000043,0,Covertype,UCI Covertype via sklearn fetch_covtype,,0,0,0.0745787039173639,4.661999268209037,14627060,5,PRIMARY,3137508,54,bcf86db11bd29fb8ec88e99d3c427cf7fa9571bd08bdcc2acef2fcd8b3676c93,1,,232404,58102,5,,0.9811740018417039,0.044866957797705054,KDB,0.6151445885119232,generative,0,290506,False,0.0,,153.75659299999825,a5374bb0e26a680482a52be0de57df0e6ef7238950eec9dbb856390264690566,232404,2,14816010,0.2880713201988344,,581012,1.0,False,"repeat=2,fold=1",6b4aff2d3898a3c4fb576974264d5456afdfd7d3b67f842b62ae973bdbb72953,validation,2a16355c4bf6780f2e68e9208422ca14b660aaf38bb723af1d252582776aa994,1208400d162bad9312daa315aab1767815e2aada38c378529d265a6022128bdd,,,,
1638344,,731621,731621,0.04663771845344687,7,0.0960944008041142,2e219c54a929d16f0cc7,,,,160.2973648000043,0,Covertype,UCI Covertype via sklearn fetch_covtype,,0,0,0.07694263731320455,4.6618427081636105,73131837,5,PRIMARY,15687324,54,bcf86db11bd29fb8ec88e99d3c427cf7fa9571bd08bdcc2acef2fcd8b3676c93,1,,232404,58102,5,,0.9808482365090906,0.04563954255524917,KDB,0.626681183906893,generative,0,290506,False,0.0,,156.33833369999775,9d4f90b3caa5e3006849bc29b5fd28295ab1f68b4afd92f16487f132589b91d5,232404,2,74079030,0.2914569268090302,,581012,1.0,False,"repeat=2,fold=1",6b4aff2d3898a3c4fb576974264d5456afdfd7d3b67f842b62ae973bdbb72953,test,2a16355c4bf6780f2e68e9208422ca14b660aaf38bb723af1d252582776aa994,1208400d162bad9312daa315aab1767815e2aada38c378529d265a6022128bdd,,,,
54,,0,0,0.0,7,0.31475361869847335,2e219c54a929d16f0cc7,,,,14.836473500006832,0,Covertype,UCI Covertype via sklearn fetch_covtype,,0,0,0.08813798927129565,0.0,0,0,PRIMARY,12549816,54,e0e4f7e411690c7cd4b2a69582cca55ad88d406ef4cb65e643fae086a5ef1802,2,,232404,58102,0,,0.7733843705728224,0.5019454355479465,KDB,0.8230369385776976,generative,0,290506,False,0.0,,2.9671172999951523,9a1c93e3f86b44ccf8e36fee19feeec7f0b17071744e39c02a9322d3f00a5a89,232404,2,0,0.483516690217874,,581012,1.0,False,"repeat=2,fold=2",e52557c8b0082e0c757b8a17c0d589976b28fd8cb7d088edc485e9532e850f6f,train,a059daaf2b5e2d76908bd6e9f44d5f829f90840963cf49286e5ff8c7c6eda5db,8933bce5f82045635ef01717f3bacb482b532bddb8802f5022b349f482980c2c,,,,
54,,0,0,0.0,7,0.316426284809473,2e219c54a929d16f0cc7,,,,14.836473500006832,0,Covertype,UCI Covertype via sklearn fetch_covtype,,0,0,0.08876299631184685,0.0,0,0,PRIMARY,3137508,54,e0e4f7e411690c7cd4b2a69582cca55ad88d406ef4cb65e643fae086a5ef1802,2,,232404,58102,0,,0.7723367115023738,0.5031633070178224,KDB,0.8239104626370426,generative,0,290506,False,0.0,,0.7848938000097405,d60ab586df00237589697e99dd6729ca71a323a73a054c543346a11a95ddf923,232404,2,0,0.4840332629577762,,581012,1.0,False,"repeat=2,fold=2",e52557c8b0082e0c757b8a17c0d589976b28fd8cb7d088edc485e9532e850f6f,validation,a059daaf2b5e2d76908bd6e9f44d5f829f90840963cf49286e5ff8c7c6eda5db,8933bce5f82045635ef01717f3bacb482b532bddb8802f5022b349f482980c2c,,,,
54,,0,0,0.0,7,0.31597626210818364,2e219c54a929d16f0cc7,,,,14.836473500006832,0,Covertype,UCI Covertype via sklearn fetch_covtype,,0,0,0.08864884258556865,0.0,0,0,PRIMARY,15687324,54,e0e4f7e411690c7cd4b2a69582cca55ad88d406ef4cb65e643fae086a5ef1802,2,,232404,58102,0,,0.7726725804773847,0.5034582388381033,KDB,0.8244981365423906,generative,0,290506,False,0.0,,3.230171400005929,803df6cb3ac15d90499765e1a880332f2305f2c48a3b9d4a738c02dbfda97449,232404,2,0,0.48433700385358547,,581012,1.0,False,"repeat=2,fold=2",e52557c8b0082e0c757b8a17c0d589976b28fd8cb7d088edc485e9532e850f6f,test,a059daaf2b5e2d76908bd6e9f44d5f829f90840963cf49286e5ff8c7c6eda5db,8933bce5f82045635ef01717f3bacb482b532bddb8802f5022b349f482980c2c,,,,
1269,,0,0,0.0,7,0.2466738954579095,2e219c54a929d16f0cc7,,,,163.34002859998145,0,Covertype,UCI Covertype via sklearn fetch_covtype,,0,0,0.06437602518820934,0.9814814814814815,12317412,1,PRIMARY,12549816,54,e0e4f7e411690c7cd4b2a69582cca55ad88d406ef4cb65e643fae086a5ef1802,2,,232404,58102,1,,0.8177021297302994,0.40994694248612573,KDB,0.599343420267367,generative,0,290506,False,0.0,,3.4089808000135235,939d07654efd494c97fd63f59f51329bbaa4a6665ddc6df867e01a86717fb993,232404,2,12317412,0.42511524413909507,,581012,1.0,False,"repeat=2,fold=2",4e8bd0fc889f55c22920c80ba32afd65b4311e22b1854280a07191fc62d62a1a,train,a059daaf2b5e2d76908bd6e9f44d5f829f90840963cf49286e5ff8c7c6eda5db,8933bce5f82045635ef01717f3bacb482b532bddb8802f5022b349f482980c2c,,,,
1269,,0,0,0.0,7,0.25054215001204777,2e219c54a929d16f0cc7,,,,163.34002859998145,0,Covertype,UCI Covertype via sklearn fetch_covtype,,0,0,0.06734434967246694,0.9814814814814815,3079406,1,PRIMARY,3137508,54,e0e4f7e411690c7cd4b2a69582cca55ad88d406ef4cb65e643fae086a5ef1802,2,,232404,58102,1,,0.8167607887131556,0.41150886962199407,KDB,0.6225974778575107,generative,0,290506,False,0.0,,1.2435427000164054,855c1eb1623f6bce413673fca0b160507844dff9a2a8f874f5450dc021bdc111,232404,2,3079406,0.4303351978922516,,581012,1.0,False,"repeat=2,fold=2",4e8bd0fc889f55c22920c80ba32afd65b4311e22b1854280a07191fc62d62a1a,validation,a059daaf2b5e2d76908bd6e9f44d5f829f90840963cf49286e5ff8c7c6eda5db,8933bce5f82045635ef01717f3bacb482b532bddb8802f5022b349f482980c2c,,,,
1269,,0,0,0.0,7,0.2529414194543314,2e219c54a929d16f0cc7,,,,163.34002859998145,0,Covertype,UCI Covertype via sklearn fetch_covtype,,0,0,0.06960656624885526,0.9814814814814815,15396818,1,PRIMARY,15687324,54,e0e4f7e411690c7cd4b2a69582cca55ad88d406ef4cb65e643fae086a5ef1802,2,,232404,58102,1,,0.8166621664347536,0.4122179750355539,KDB,0.6235992119304632,generative,0,290506,False,0.0,,4.520844499988016,acbb9bf8db24c248612c659db13f3d512b4e972cdcbaaeeafdef5a49c2511e23,232404,2,15396818,0.4313448391061343,,581012,1.0,False,"repeat=2,fold=2",4e8bd0fc889f55c22920c80ba32afd65b4311e22b1854280a07191fc62d62a1a,test,a059daaf2b5e2d76908bd6e9f44d5f829f90840963cf49286e5ff8c7c6eda5db,8933bce5f82045635ef01717f3bacb482b532bddb8802f5022b349f482980c2c,,,,
18871,,0,0,0.0,7,0.1384356551522349,2e219c54a929d16f0cc7,,,,163.34002859998145,0,Covertype,UCI Covertype via sklearn fetch_covtype,,0,0,0.03314780513942399,1.9444444444444444,24402420,2,PRIMARY,12549816,54,e0e4f7e411690c7cd4b2a69582cca55ad88d406ef4cb65e643fae086a5ef1802,2,,232404,58102,2,,0.8947086536424361,0.237739244689521,KDB,0.32211617783746255,generative,0,290506,False,0.0,,4.630953000014415,9ec07d3c36bd4743f856212dbb711b4292196cdf2d99014a580a988645e39281,232404,2,24402420,0.3157846901931452,,581012,1.0,False,"repeat=2,fold=2",386b04280f53a06dab1a191e156ddf778ee2782ecbf831b23909b76550a6b8a8,train,a059daaf2b5e2d76908bd6e9f44d5f829f90840963cf49286e5ff8c7c6eda5db,8933bce5f82045635ef01717f3bacb482b532bddb8802f5022b349f482980c2c,,,,
18871,,42,42,1.3386420050562421e-05,7,0.16679288148428625,2e219c54a929d16f0cc7,,,,163.34002859998145,0,Covertype,UCI Covertype via sklearn fetch_covtype,,0,0,0.05708482985127521,1.944431058024394,6100668,2,PRIMARY,3137508,54,e0e4f7e411690c7cd4b2a69582cca55ad88d406ef4cb65e643fae086a5ef1802,2,,232404,58102,2,,0.8902919483669889,0.2464911759055347,KDB,0.4362221404723868,generative,0,290506,False,0.0,,2.860722200013697,47f1989871ca988f02097a6979084a24b7937def99697c908f74cde94d0f54e9,232404,2,6100710,0.3496886402648189,,581012,1.0,False,"repeat=2,fold=2",386b04280f53a06dab1a191e156ddf778ee2782ecbf831b23909b76550a6b8a8,validation,a059daaf2b5e2d76908bd6e9f44d5f829f90840963cf49286e5ff8c7c6eda5db,8933bce5f82045635ef01717f3bacb482b532bddb8802f5022b349f482980c2c,,,,
18871,,293,293,1.8677500381836952e-05,7,0.16515321542412206,2e219c54a929d16f0cc7,,,,163.34002859998145,0,Covertype,UCI Covertype via sklearn fetch_covtype,,0,0,0.05587411333885991,1.9444257669440626,30502837,2,PRIMARY,15687324,54,e0e4f7e411690c7cd4b2a69582cca55ad88d406ef4cb65e643fae086a5ef1802,2,,232404,58102,2,,0.8907180229563082,0.24621296999878892,KDB,0.4320576452136517,generative,0,290506,False,0.0,,5.3698526000080165,91971272ad965e4dd67d2c2775aa15ab1b22509ccdef7ab3966e5d5fccbcff4b,232404,2,30503130,0.3489776107265678,,581012,1.0,False,"repeat=2,fold=2",386b04280f53a06dab1a191e156ddf778ee2782ecbf831b23909b76550a6b8a8,test,a059daaf2b5e2d76908bd6e9f44d5f829f90840963cf49286e5ff8c7c6eda5db,8933bce5f82045635ef01717f3bacb482b532bddb8802f5022b349f482980c2c,,,,
177340,,0,0,0.0,7,0.057365621934218,2e219c54a929d16f0cc7,,,,163.34002859998145,0,Covertype,UCI Covertype via sklearn fetch_covtype,,0,0,0.015270329163352699,2.888888888888889,36255024,3,PRIMARY,12549816,54,e0e4f7e411690c7cd4b2a69582cca55ad88d406ef4cb65e643fae086a5ef1802,2,,232404,58102,3,,0.9579047072291351,0.09865852344995732,KDB,0.13684329523456237,generative,0,290506,False,0.0,,21.624378500011517,1842a4820966d56a29c3813d5ef84cb1646c439e3befdeaa450ca3f4fb1ccbe5,232404,2,36255024,0.20417215644484663,,581012,1.0,False,"repeat=2,fold=2",701d9464077b4b8b3a031aa9909a1d363592f4eb2fcf28617500abffcedeca0b,train,a059daaf2b5e2d76908bd6e9f44d5f829f90840963cf49286e5ff8c7c6eda5db,8933bce5f82045635ef01717f3bacb482b532bddb8802f5022b349f482980c2c,,,,
177340,,3110,3110,0.0009912325323154555,7,0.1128876802863929,2e219c54a929d16f0cc7,,,,163.34002859998145,0,Covertype,UCI Covertype via sklearn fetch_covtype,,0,0,0.06198581384949829,2.887884269936523,9060760,3,PRIMARY,3137508,54,e0e4f7e411690c7cd4b2a69582cca55ad88d406ef4cb65e643fae086a5ef1802,2,,232404,58102,3,,0.9490981335631054,0.11862504226421568,KDB,0.4090898991001244,generative,0,290506,False,0.0,,21.40327900002012,03cb7978e47e6c25b129063643cc05d70c17285b562f7586455ab2a39fb9e393,232404,2,9063912,0.29853107444147076,,581012,1.0,False,"repeat=2,fold=2",701d9464077b4b8b3a031aa9909a1d363592f4eb2fcf28617500abffcedeca0b,validation,a059daaf2b5e2d76908bd6e9f44d5f829f90840963cf49286e5ff8c7c6eda5db,8933bce5f82045635ef01717f3bacb482b532bddb8802f5022b349f482980c2c,,,,
177340,,14861,14861,0.0009473253691961739,7,0.11163280620710071,2e219c54a929d16f0cc7,,,,163.34002859998145,0,Covertype,UCI Covertype via sklearn fetch_covtype,,0,0,0.06090226780323697,2.887922886019311,45303782,3,PRIMARY,15687324,54,e0e4f7e411690c7cd4b2a69582cca55ad88d406ef4cb65e643fae086a5ef1802,2,,232404,58102,3,,0.9492694615961365,0.1183930835808778,KDB,0.4042676459525115,generative,0,290506,False,0.0,,23.259447100019315,5c266f41535523e716170a23bb0b3666e2f00c76814918efca89780b8331d36d,232404,2,45318936,0.29758717556605946,,581012,1.0,False,"repeat=2,fold=2",701d9464077b4b8b3a031aa9909a1d363592f4eb2fcf28617500abffcedeca0b,test,a059daaf2b5e2d76908bd6e9f44d5f829f90840963cf49286e5ff8c7c6eda5db,8933bce5f82045635ef01717f3bacb482b532bddb8802f5022b349f482980c2c,,,,
791441,,0,0,0.0,7,0.02205641899450956,2e219c54a929d16f0cc7,,,,163.34002859998145,0,Covertype,UCI Covertype via sklearn fetch_covtype,,0,0,0.007681209043109486,3.814814814814815,47875224,4,PRIMARY,12549816,54,e0e4f7e411690c7cd4b2a69582cca55ad88d406ef4cb65e643fae086a5ef1802,2,,232404,58102,4,,0.9856136050859043,0.033851091954327915,KDB,0.055146382116633696,generative,0,290506,False,0.0,,73.11135670001386,2739245ff09be18c3955ace4211ba77f0df1e615ed662aeda17e5dc4f25590fa,232404,2,47875224,0.1275299555995939,,581012,1.0,False,"repeat=2,fold=2",b5874fad9b9393fc59b9f98f0b83d4819772f71bf842da24d9c5810b6e89eb02,train,a059daaf2b5e2d76908bd6e9f44d5f829f90840963cf49286e5ff8c7c6eda5db,8933bce5f82045635ef01717f3bacb482b532bddb8802f5022b349f482980c2c,,,,
791441,,41499,41499,0.013226739182816426,7,0.099721179993804,2e219c54a929d16f0cc7,,,,163.34002859998145,0,Covertype,UCI Covertype via sklearn fetch_covtype,,0,0,0.07257082673789944,3.8005840941282063,11924363,4,PRIMARY,3137508,54,e0e4f7e411690c7cd4b2a69582cca55ad88d406ef4cb65e643fae086a5ef1802,2,,232404,58102,4,,0.9728496467440956,0.06384394952020095,KDB,0.5339807020056324,generative,0,290506,False,0.0,,71.14558949996717,9104977ffe294bffb58c0423dd1dfbd3c4c4468f6bb3081ac033874108f1e786,232404,2,11969012,0.29221269994127863,,581012,1.0,False,"repeat=2,fold=2",b5874fad9b9393fc59b9f98f0b83d4819772f71bf842da24d9c5810b6e89eb02,validation,a059daaf2b5e2d76908bd6e9f44d5f829f90840963cf49286e5ff8c7c6eda5db,8933bce5f82045635ef01717f3bacb482b532bddb8802f5022b349f482980c2c,,,,
791441,,202495,202495,0.012908192627372266,7,0.09865889172684901,2e219c54a929d16f0cc7,,,,163.34002859998145,0,Covertype,UCI Covertype via sklearn fetch_covtype,,0,0,0.07200559115963076,3.800941639249626,59626603,4,PRIMARY,15687324,54,e0e4f7e411690c7cd4b2a69582cca55ad88d406ef4cb65e643fae086a5ef1802,2,,232404,58102,4,,0.9733466994327815,0.06293407836431089,KDB,0.5357124353460064,generative,0,290506,False,0.0,,74.2219802000327,20c75e6fc99926cbb7efc5ea62ae45613a1d650bb5cf7d280cb7927ecbab360e,232404,2,59844236,0.2907403743005409,,581012,1.0,False,"repeat=2,fold=2",b5874fad9b9393fc59b9f98f0b83d4819772f71bf842da24d9c5810b6e89eb02,test,a059daaf2b5e2d76908bd6e9f44d5f829f90840963cf49286e5ff8c7c6eda5db,8933bce5f82045635ef01717f3bacb482b532bddb8802f5022b349f482980c2c,,,,
1955651,,0,0,0.0,7,0.009608268360269186,2e219c54a929d16f0cc7,,,,163.34002859998145,0,Covertype,UCI Covertype via sklearn fetch_covtype,,0,0,0.004557430815707447,4.722222222222222,59263020,5,PRIMARY,12549816,54,e0e4f7e411690c7cd4b2a69582cca55ad88d406ef4cb65e643fae086a5ef1802,2,,232404,58102,5,,0.9949491124559207,0.012188916527671052,KDB,0.027102461334591283,generative,0,290506,False,0.0,,180.39755739999237,521c67b7a4e127e39c5e2742a512ed41ceb9009766e1486bfb12afbe1da05a81,232404,2,59263020,0.08594323546432035,,581012,1.0,False,"repeat=2,fold=2",76669b3162c8ded6d380ec834a4d6396d98d8cba9b47021e744aa82e8f1e2c70,train,a059daaf2b5e2d76908bd6e9f44d5f829f90840963cf49286e5ff8c7c6eda5db,8933bce5f82045635ef01717f3bacb482b532bddb8802f5022b349f482980c2c,,,,
1955651,,194334,194334,0.06193896557395232,7,0.08966989088155312,2e219c54a929d16f0cc7,,,,163.34002859998145,0,Covertype,UCI Covertype via sklearn fetch_covtype,,0,0,0.07233675547221016,4.646100982053273,14577179,5,PRIMARY,3137508,54,e0e4f7e411690c7cd4b2a69582cca55ad88d406ef4cb65e643fae086a5ef1802,2,,232404,58102,5,,0.9825570636151739,0.041758562191079124,KDB,0.614028066803951,generative,0,290506,False,0.0,,176.2577048999956,2c615442606f19a65bb09551be5f416099a6c93a9f876afab4fbb8a85755e763,232404,2,14816010,0.2834929646225978,,581012,1.0,False,"repeat=2,fold=2",76669b3162c8ded6d380ec834a4d6396d98d8cba9b47021e744aa82e8f1e2c70,validation,a059daaf2b5e2d76908bd6e9f44d5f829f90840963cf49286e5ff8c7c6eda5db,8933bce5f82045635ef01717f3bacb482b532bddb8802f5022b349f482980c2c,,,,
1955651,,960552,960552,0.06123109333370051,7,0.09021844643484128,2e219c54a929d16f0cc7,,,,163.34002859998145,0,Covertype,UCI Covertype via sklearn fetch_covtype,,0,0,0.07310677905362652,4.647163977744069,72901567,5,PRIMARY,15687324,54,e0e4f7e411690c7cd4b2a69582cca55ad88d406ef4cb65e643fae086a5ef1802,2,,232404,58102,5,,0.9828883326187852,0.04103105564348306,KDB,0.6232058338394959,generative,0,290506,False,0.0,,180.18194270000095,023a250e940b84028d5fff168c6d5e6fe8659bd3c660171cdc8862f6b93e202d,232404,2,74079030,0.2837347186585255,,581012,1.0,False,"repeat=2,fold=2",76669b3162c8ded6d380ec834a4d6396d98d8cba9b47021e744aa82e8f1e2c70,test,a059daaf2b5e2d76908bd6e9f44d5f829f90840963cf49286e5ff8c7c6eda5db,8933bce5f82045635ef01717f3bacb482b532bddb8802f5022b349f482980c2c,,,,
40,,0,0,0.0,2,0.23502042384703414,2e219c54a929d16f0cc7,,,,5.703843099996448,0,CensusIncome,"UCI 117 Census-Income (KDD), both partitions, excluding instance weight","{'extension': 'fewpla-datasets-v1', 'override': None, 'registry': {'group': 'core', 'note': 'UCI instructs excluding instance weight, giving 40 predictors; Table 1 lists 41. Requires original paper file for strict shape matching.', 'paper_shape': [299285, 41, 2], 'source': 'UCI 117 Census-Income (KDD), both partitions, excluding instance weight', 'url': 'https://archive.ics.uci.edu/dataset/117/census+income+kdd'}, 'strict_paper_shape': False}",0,0,0.20374626687913688,0.0,0,0,PRIMARY,4788520,40,a169fe904569b4892266ac571682b48024ee01294eeea80232e95e2c5c3e8b94,1,,119713,29929,0,,0.9687258430321027,0.0729332927937539,KDB,1.3146131210529868,generative,0,149643,False,0.0,0.5879756753125982,0.8041721000336111,a6d71c434bece9815e63d3864dcc30704eb4339f423ce3e3697be37d3026d8df,119713,1,0,0.4592005915720647,0.9255272146293052,299285,1.0,False,"repeat=1,fold=1",61a83210feeb65ae583632fe54375947271c48ba65ac48e483017bf81116e95c,train,cec9163460869cc6360adcbde34529ad8b4c9a6861f1e0e2f68984e855549974,ff18d8c9762b59f7abe68d8677c44f7d2a132f75709f48a6559445729942ce8b,,,,
40,,0,0,0.0,2,0.2408700591399646,2e219c54a929d16f0cc7,,,,5.703843099996448,0,CensusIncome,"UCI 117 Census-Income (KDD), both partitions, excluding instance weight","{'extension': 'fewpla-datasets-v1', 'override': None, 'registry': {'group': 'core', 'note': 'UCI instructs excluding instance weight, giving 40 predictors; Table 1 lists 41. Requires original paper file for strict shape matching.', 'paper_shape': [299285, 41, 2], 'source': 'UCI 117 Census-Income (KDD), both partitions, excluding instance weight', 'url': 'https://archive.ics.uci.edu/dataset/117/census+income+kdd'}, 'strict_paper_shape': False}",0,0,0.2094263276797451,0.0,0,0,PRIMARY,1197160,40,a169fe904569b4892266ac571682b48024ee01294eeea80232e95e2c5c3e8b94,1,,119713,29929,0,,0.9685562685397808,0.07334981004735008,KDB,1.3542246407991756,generative,0,149643,False,0.0,0.566924192526228,0.19428210001206025,7312029eeebd85b213cc2840ee17c90a8c763eccc4b74b3cb25da359f573ed00,119713,1,0,0.46519623913210956,0.9212407191109315,299285,1.0,False,"repeat=1,fold=1",61a83210feeb65ae583632fe54375947271c48ba65ac48e483017bf81116e95c,validation,cec9163460869cc6360adcbde34529ad8b4c9a6861f1e0e2f68984e855549974,ff18d8c9762b59f7abe68d8677c44f7d2a132f75709f48a6559445729942ce8b,,,,
40,,0,0,0.0,2,0.23393676951143721,2e219c54a929d16f0cc7,,,,5.703843099996448,0,CensusIncome,"UCI 117 Census-Income (KDD), both partitions, excluding instance weight","{'extension': 'fewpla-datasets-v1', 'override': None, 'registry': {'group': 'core', 'note': 'UCI instructs excluding instance weight, giving 40 predictors; Table 1 lists 41. Requires original paper file for strict shape matching.', 'paper_shape': [299285, 41, 2], 'source': 'UCI 117 Census-Income (KDD), both partitions, excluding instance weight', 'url': 'https://archive.ics.uci.edu/dataset/117/census+income+kdd'}, 'strict_paper_shape': False}",0,0,0.20313158032486503,0.0,0,0,PRIMARY,5985720,40,a169fe904569b4892266ac571682b48024ee01294eeea80232e95e2c5c3e8b94,1,,119713,29929,0,,0.9691948108134278,0.07211567258319859,KDB,1.3061321638149093,generative,0,149643,False,0.0,0.5764683719008405,0.9331450999598019,07dad95bf02db0656b295d85b80cc305b5a709936a6436a7250a003a6cd4d4fb,119713,1,0,0.4582163839725852,0.9260125933026684,299285,1.0,False,"repeat=1,fold=1",61a83210feeb65ae583632fe54375947271c48ba65ac48e483017bf81116e95c,test,cec9163460869cc6360adcbde34529ad8b4c9a6861f1e0e2f68984e855549974,ff18d8c9762b59f7abe68d8677c44f7d2a132f75709f48a6559445729942ce8b,,,,
1146,,0,0,0.0,2,0.05775479688922673,2e219c54a929d16f0cc7,,,,50.93386619997909,0,CensusIncome,"UCI 117 Census-Income (KDD), both partitions, excluding instance weight","{'extension': 'fewpla-datasets-v1', 'override': None, 'registry': {'group': 'core', 'note': 'UCI instructs excluding instance weight, giving 40 predictors; Table 1 lists 41. Requires original paper file for strict shape matching.', 'paper_shape': [299285, 41, 2], 'source': 'UCI 117 Census-Income (KDD), both partitions, excluding instance weight', 'url': 'https://archive.ics.uci.edu/dataset/117/census+income+kdd'}, 'strict_paper_shape': False}",0,0,0.014877469550624113,0.975,4668807,1,PRIMARY,4788520,40,a169fe904569b4892266ac571682b48024ee01294eeea80232e95e2c5c3e8b94,1,,119713,29929,1,,0.9571226726613974,0.10161504075567608,KDB,0.142140314479917,generative,0,149643,False,0.0,0.6859347303599864,1.013201299996581,7a29715169eb3f4101e54ac612c6f2130c24f580c2d355031126eb824ce254cc,119713,1,4668807,0.20500246715470763,0.9551844814874468,299285,1.0,False,"repeat=1,fold=1",3b23dec1ea29fca87831185d0fa2518de8ffd765aea86c24cddc17853d433806,train,cec9163460869cc6360adcbde34529ad8b4c9a6861f1e0e2f68984e855549974,ff18d8c9762b59f7abe68d8677c44f7d2a132f75709f48a6559445729942ce8b,,,,
1146,,0,0,0.0,2,0.0659226836847205,2e219c54a929d16f0cc7,,,,50.93386619997909,0,CensusIncome,"UCI 117 Census-Income (KDD), both partitions, excluding instance weight","{'extension': 'fewpla-datasets-v1', 'override': None, 'registry': {'group': 'core', 'note': 'UCI instructs excluding instance weight, giving 40 predictors; Table 1 lists 41. Requires original paper file for strict shape matching.', 'paper_shape': [299285, 41, 2], 'source': 'UCI 117 Census-Income (KDD), both partitions, excluding instance weight', 'url': 'https://archive.ics.uci.edu/dataset/117/census+income+kdd'}, 'strict_paper_shape': False}",0,0,0.021050146453704458,0.975,1167231,1,PRIMARY,1197160,40,a169fe904569b4892266ac571682b48024ee01294eeea80232e95e2c5c3e8b94,1,,119713,29929,1,,0.955127462768984,0.10579237259849192,KDB,0.17306030062417377,generative,0,149643,False,0.0,0.5927123208155938,0.4779482999583706,ef8988d40b2a9f7d53cdf24ac530eed279859ce628aaa74e9b6e5c1c1510db3a,119713,1,1167231,0.22076038082358626,0.9335768336609008,299285,1.0,False,"repeat=1,fold=1",3b23dec1ea29fca87831185d0fa2518de8ffd765aea86c24cddc17853d433806,validation,cec9163460869cc6360adcbde34529ad8b4c9a6861f1e0e2f68984e855549974,ff18d8c9762b59f7abe68d8677c44f7d2a132f75709f48a6559445729942ce8b,,,,
1146,,21,21,3.5083498726970188e-06,2,0.06341760055598993,2e219c54a929d16f0cc7,,,,50.93386619997909,0,CensusIncome,"UCI 117 Census-Income (KDD), both partitions, excluding instance weight","{'extension': 'fewpla-datasets-v1', 'override': None, 'registry': {'group': 'core', 'note': 'UCI instructs excluding instance weight, giving 40 predictors; Table 1 lists 41. Requires original paper file for strict shape matching.', 'paper_shape': [299285, 41, 2], 'source': 'UCI 117 Census-Income (KDD), both partitions, excluding instance weight', 'url': 'https://archive.ics.uci.edu/dataset/117/census+income+kdd'}, 'strict_paper_shape': False}",0,0,0.020253581551551738,0.9749964916501273,5836056,1,PRIMARY,5985720,40,a169fe904569b4892266ac571682b48024ee01294eeea80232e95e2c5c3e8b94,1,,119713,29929,1,,0.956835980995562,0.10240286025506283,KDB,0.16955291039791398,generative,0,149643,False,0.0,0.6029024404501439,1.2328942000167444,528320f4dee749354d14803494c6ea872df9ed26e5b412b26d02772d3098bd17,119713,1,5836077,0.21709827696904083,0.9358018028454449,299285,1.0,False,"repeat=1,fold=1",3b23dec1ea29fca87831185d0fa2518de8ffd765aea86c24cddc17853d433806,test,cec9163460869cc6360adcbde34529ad8b4c9a6861f1e0e2f68984e855549974,ff18d8c9762b59f7abe68d8677c44f7d2a132f75709f48a6559445729942ce8b,,,,
9374,,0,0,0.0,2,0.04068898114657556,2e219c54a929d16f0cc7,,,,50.93386619997909,0,CensusIncome,"UCI 117 Census-Income (KDD), both partitions, excluding instance weight","{'extension': 'fewpla-datasets-v1', 'override': None, 'registry': {'group': 'core', 'note': 'UCI instructs excluding instance weight, giving 40 predictors; Table 1 lists 41. Requires original paper file for strict shape matching.', 'paper_shape': [299285, 41, 2], 'source': 'UCI 117 Census-Income (KDD), both partitions, excluding instance weight', 'url': 'https://archive.ics.uci.edu/dataset/117/census+income+kdd'}, 'strict_paper_shape': False}",0,0,0.008262100795743263,1.925,9217901,2,PRIMARY,4788520,40,a169fe904569b4892266ac571682b48024ee01294eeea80232e95e2c5c3e8b94,1,,119713,29929,2,,0.9675731196491676,0.0784957500361,KDB,0.10082806267211576,generative,0,149643,False,0.0,0.7577717169359414,3.1651057999697514,be4262cf0c2589d1fb38efc9aaacb56137249ae560281f07e2d078bdd8ee5824,119713,1,9217901,0.17254750534882204,0.9712907543426306,299285,1.0,False,"repeat=1,fold=1",d71023a66b2e508fd6b8af7d755e57a9a5ab9289b8b5eafe00b538d7f3067d4a,train,cec9163460869cc6360adcbde34529ad8b4c9a6861f1e0e2f68984e855549974,ff18d8c9762b59f7abe68d8677c44f7d2a132f75709f48a6559445729942ce8b,,,,
9374,,324,324,0.00027064051588760065,2,0.05409469076815129,2e219c54a929d16f0cc7,,,,50.93386619997909,0,CensusIncome,"UCI 117 Census-Income (KDD), both partitions, excluding instance weight","{'extension': 'fewpla-datasets-v1', 'override': None, 'registry': {'group': 'core', 'note': 'UCI instructs excluding instance weight, giving 40 predictors; Table 1 lists 41. Requires original paper file for strict shape matching.', 'paper_shape': [299285, 41, 2], 'source': 'UCI 117 Census-Income (KDD), both partitions, excluding instance weight', 'url': 'https://archive.ics.uci.edu/dataset/117/census+income+kdd'}, 'strict_paper_shape': False}",0,0,0.019813150535488974,1.9247293594841124,2304209,2,PRIMARY,1197160,40,a169fe904569b4892266ac571682b48024ee01294eeea80232e95e2c5c3e8b94,1,,119713,29929,2,,0.9657184597673379,0.08320722687399736,KDB,0.17478411370400487,generative,0,149643,False,0.0,0.5788176146293972,2.6393541999859735,f8da2c5e72d31796016284e2842c265127410d61cbab288704a4d75af20a2492,119713,1,2304533,0.20434827415213058,0.9249916324098061,299285,1.0,False,"repeat=1,fold=1",d71023a66b2e508fd6b8af7d755e57a9a5ab9289b8b5eafe00b538d7f3067d4a,validation,cec9163460869cc6360adcbde34529ad8b4c9a6861f1e0e2f68984e855549974,ff18d8c9762b59f7abe68d8677c44f7d2a132f75709f48a6559445729942ce8b,,,,
9374,,1626,1626,0.0002716465187145406,2,0.05304625007517893,2e219c54a929d16f0cc7,,,,50.93386619997909,0,CensusIncome,"UCI 117 Census-Income (KDD), both partitions, excluding instance weight","{'extension': 'fewpla-datasets-v1', 'override': None, 'registry': {'group': 'core', 'note': 'UCI instructs excluding instance weight, giving 40 predictors; Table 1 lists 41. Requires original paper file for strict shape matching.', 'paper_shape': [299285, 41, 2], 'source': 'UCI 117 Census-Income (KDD), both partitions, excluding instance weight', 'url': 'https://archive.ics.uci.edu/dataset/117/census+income+kdd'}, 'strict_paper_shape': False}",0,0,0.0196805484641627,1.9247248451314127,11520864,2,PRIMARY,5985720,40,a169fe904569b4892266ac571682b48024ee01294eeea80232e95e2c5c3e8b94,1,,119713,29929,2,,0.9666342983889838,0.08073096041703665,KDB,0.1725548809265104,generative,0,149643,False,0.0,0.5889013052436008,3.1134777999832295,076565cd68ae2372230b3b94de950a15454923f845ccc85d973ad6eae6672b3d,119713,1,11522511,0.202453136032066,0.9274901954884023,299285,1.0,False,"repeat=1,fold=1",d71023a66b2e508fd6b8af7d755e57a9a5ab9289b8b5eafe00b538d7f3067d4a,test,cec9163460869cc6360adcbde34529ad8b4c9a6861f1e0e2f68984e855549974,ff18d8c9762b59f7abe68d8677c44f7d2a132f75709f48a6559445729942ce8b,,,,
46707,,0,0,0.0,2,0.02378187832566221,2e219c54a929d16f0cc7,,,,50.93386619997909,0,CensusIncome,"UCI 117 Census-Income (KDD), both partitions, excluding instance weight","{'extension': 'fewpla-datasets-v1', 'override': None, 'registry': {'group': 'core', 'note': 'UCI instructs excluding instance weight, giving 40 predictors; Table 1 lists 41. Requires original paper file for strict shape matching.', 'paper_shape': [299285, 41, 2], 'source': 'UCI 117 Census-Income (KDD), both partitions, excluding instance weight', 'url': 'https://archive.ics.uci.edu/dataset/117/census+income+kdd'}, 'strict_paper_shape': False}",0,0,0.004704201190241427,2.85,13647282,3,PRIMARY,4788520,40,a169fe904569b4892266ac571682b48024ee01294eeea80232e95e2c5c3e8b94,1,,119713,29929,3,,0.980753709377757,0.04731055990826687,KDB,0.060135080784265584,generative,0,149643,False,0.0,0.8934023231032885,14.029218700015917,9f587d1e6c8ab1873524b1fefe415effc6513a0c9dd399482c0eccf94961e4f4,119713,1,13647282,0.133203410076404,0.9893533952942939,299285,1.0,False,"repeat=1,fold=1",292832a64f32994373539dacb4f621b57d3d5185f7abab4f0717d47a038a1140,train,cec9163460869cc6360adcbde34529ad8b4c9a6861f1e0e2f68984e855549974,ff18d8c9762b59f7abe68d8677c44f7d2a132f75709f48a6559445729942ce8b,,,,
46707,,3164,3164,0.0026429215810752113,2,0.053225968124561464,2e219c54a929d16f0cc7,,,,50.93386619997909,0,CensusIncome,"UCI 117 Census-Income (KDD), both partitions, excluding instance weight","{'extension': 'fewpla-datasets-v1', 'override': None, 'registry': {'group': 'core', 'note': 'UCI instructs excluding instance weight, giving 40 predictors; Table 1 lists 41. Requires original paper file for strict shape matching.', 'paper_shape': [299285, 41, 2], 'source': 'UCI 117 Census-Income (KDD), both partitions, excluding instance weight', 'url': 'https://archive.ics.uci.edu/dataset/117/census+income+kdd'}, 'strict_paper_shape': False}",0,0,0.029998749946979632,2.8470989675565503,3408433,3,PRIMARY,1197160,40,a169fe904569b4892266ac571682b48024ee01294eeea80232e95e2c5c3e8b94,1,,119713,29929,3,,0.9767727818224181,0.05687143255472258,KDB,0.24726325797253434,generative,0,149643,False,0.0,0.5163982924165293,15.690381499996874,7fae15b9e83ac2f1bbf45dbd8f0ad29e7588686981d7f5c4954f8e63f36d316f,119713,1,3411906,0.20896956401641956,0.9090218122090239,299285,1.0,False,"repeat=1,fold=1",292832a64f32994373539dacb4f621b57d3d5185f7abab4f0717d47a038a1140,validation,cec9163460869cc6360adcbde34529ad8b4c9a6861f1e0e2f68984e855549974,ff18d8c9762b59f7abe68d8677c44f7d2a132f75709f48a6559445729942ce8b,,,,
46707,,16162,16162,0.002700092887739487,2,0.052765582085363166,2e219c54a929d16f0cc7,,,,50.93386619997909,0,CensusIncome,"UCI 117 Census-Income (KDD), both partitions, excluding instance weight","{'extension': 'fewpla-datasets-v1', 'override': None, 'registry': {'group': 'core', 'note': 'UCI instructs excluding instance weight, giving 40 predictors; Table 1 lists 41. Requires original paper file for strict shape matching.', 'paper_shape': [299285, 41, 2], 'source': 'UCI 117 Census-Income (KDD), both partitions, excluding instance weight', 'url': 'https://archive.ics.uci.edu/dataset/117/census+income+kdd'}, 'strict_paper_shape': False}",0,0,0.029858678234359542,2.8470377832574862,17041571,3,PRIMARY,5985720,40,a169fe904569b4892266ac571682b48024ee01294eeea80232e95e2c5c3e8b94,1,,119713,29929,3,,0.9770930961489963,0.055371695459874824,KDB,0.2400318678521338,generative,0,149643,False,0.0,0.5270331692556273,18.620475000003353,64533fe04b5373ce9684c88aa443253f6c575ee746ab389e12473c52d8ce109f,119713,1,17059302,0.20786473674700898,0.913742178574097,299285,1.0,False,"repeat=1,fold=1",292832a64f32994373539dacb4f621b57d3d5185f7abab4f0717d47a038a1140,test,cec9163460869cc6360adcbde34529ad8b4c9a6861f1e0e2f68984e855549974,ff18d8c9762b59f7abe68d8677c44f7d2a132f75709f48a6559445729942ce8b,,,,
127494,,0,0,0.0,2,0.018034799896418936,2e219c54a929d16f0cc7,,,,50.93386619997909,0,CensusIncome,"UCI 117 Census-Income (KDD), both partitions, excluding instance weight","{'extension': 'fewpla-datasets-v1', 'override': None, 'registry': {'group': 'core', 'note': 'UCI instructs excluding instance weight, giving 40 predictors; Table 1 lists 41. Requires original paper file for strict shape matching.', 'paper_shape': [299285, 41, 2], 'source': 'UCI 117 Census-Income (KDD), both partitions, excluding instance weight', 'url': 'https://archive.ics.uci.edu/dataset/117/census+income+kdd'}, 'strict_paper_shape': False}",0,0,0.005475294683506841,3.75,17956950,4,PRIMARY,4788520,40,a169fe904569b4892266ac571682b48024ee01294eeea80232e95e2c5c3e8b94,1,,119713,29929,4,,0.9874382523586781,0.030863952722241017,KDB,0.04775535790997445,generative,0,149643,False,0.0,0.9354864907809424,52.8794681999716,09284cf13a637543fd81b727c5fc3239f1b185e79d3215f142d1287a41f1659a,119713,1,17956950,0.11681176169684472,0.9938435804763405,299285,1.0,False,"repeat=1,fold=1",87284163922b9190f257bc5ced484074e8d5e1e39244b8917f2554b90e3eeb36,train,cec9163460869cc6360adcbde34529ad8b4c9a6861f1e0e2f68984e855549974,ff18d8c9762b59f7abe68d8677c44f7d2a132f75709f48a6559445729942ce8b,,,,
127494,,13629,13629,0.011384443182197869,2,0.053459854990143336,2e219c54a929d16f0cc7,,,,50.93386619997909,0,CensusIncome,"UCI 117 Census-Income (KDD), both partitions, excluding instance weight","{'extension': 'fewpla-datasets-v1', 'override': None, 'registry': {'group': 'core', 'note': 'UCI instructs excluding instance weight, giving 40 predictors; Table 1 lists 41. Requires original paper file for strict shape matching.', 'paper_shape': [299285, 41, 2], 'source': 'UCI 117 Census-Income (KDD), both partitions, excluding instance weight', 'url': 'https://archive.ics.uci.edu/dataset/117/census+income+kdd'}, 'strict_paper_shape': False}",0,0,0.03779010250799113,3.7357395836813794,4472278,4,PRIMARY,1197160,40,a169fe904569b4892266ac571682b48024ee01294eeea80232e95e2c5c3e8b94,1,,119713,29929,4,,0.9843302475178478,0.03843410542562812,KDB,0.3667386384122577,generative,0,149643,False,0.0,0.46607308957132176,46.80064989998937,11f1b1fe0cc1bf906801d76fa8b315c49dcce5ce8a9e67405bac1df85420d155,119713,1,4489350,0.21679522540348262,0.8969748801949844,299285,1.0,False,"repeat=1,fold=1",87284163922b9190f257bc5ced484074e8d5e1e39244b8917f2554b90e3eeb36,validation,cec9163460869cc6360adcbde34529ad8b4c9a6861f1e0e2f68984e855549974,ff18d8c9762b59f7abe68d8677c44f7d2a132f75709f48a6559445729942ce8b,,,,
127494,,68598,68598,0.011460275455584291,2,0.053093028073481555,2e219c54a929d16f0cc7,,,,50.93386619997909,0,CensusIncome,"UCI 117 Census-Income (KDD), both partitions, excluding instance weight","{'extension': 'fewpla-datasets-v1', 'override': None, 'registry': {'group': 'core', 'note': 'UCI instructs excluding instance weight, giving 40 predictors; Table 1 lists 41. Requires original paper file for strict shape matching.', 'paper_shape': [299285, 41, 2], 'source': 'UCI 117 Census-Income (KDD), both partitions, excluding instance weight', 'url': 'https://archive.ics.uci.edu/dataset/117/census+income+kdd'}, 'strict_paper_shape': False}",0,0,0.03742743905309555,3.735603569829528,22360277,4,PRIMARY,5985720,40,a169fe904569b4892266ac571682b48024ee01294eeea80232e95e2c5c3e8b94,1,,119713,29929,4,,0.984334410979614,0.038119354714997535,KDB,0.3463465505682757,generative,0,149643,False,0.0,0.4861232517522697,48.969644199998584,58e1c579776dba8518b647bcc17d7e536eeaba1b68cd9864b6462748bc7cfa5e,119713,1,22446450,0.21456785732289224,0.9042834247352036,299285,1.0,False,"repeat=1,fold=1",87284163922b9190f257bc5ced484074e8d5e1e39244b8917f2554b90e3eeb36,test,cec9163460869cc6360adcbde34529ad8b4c9a6861f1e0e2f68984e855549974,ff18d8c9762b59f7abe68d8677c44f7d2a132f75709f48a6559445729942ce8b,,,,
247241,,0,0,0.0,2,0.01631401769231412,2e219c54a929d16f0cc7,,,,50.93386619997909,0,CensusIncome,"UCI 117 Census-Income (KDD), both partitions, excluding instance weight","{'extension': 'fewpla-datasets-v1', 'override': None, 'registry': {'group': 'core', 'note': 'UCI instructs excluding instance weight, giving 40 predictors; Table 1 lists 41. Requires original paper file for strict shape matching.', 'paper_shape': [299285, 41, 2], 'source': 'UCI 117 Census-Income (KDD), both partitions, excluding instance weight', 'url': 'https://archive.ics.uci.edu/dataset/117/census+income+kdd'}, 'strict_paper_shape': False}",0,0,0.00677221945556691,4.625,22146905,5,PRIMARY,4788520,40,a169fe904569b4892266ac571682b48024ee01294eeea80232e95e2c5c3e8b94,1,,119713,29929,5,,0.9904582017632527,0.023592433598477947,KDB,0.04693852188967541,generative,0,149643,False,0.0,0.9456729146467702,83.98142299999017,1ada5735940fcea598f06e6614394b235b2e2835444da803d9711e7305906d12,119713,1,22146905,0.11260985937537124,0.9948877713282985,299285,1.0,False,"repeat=1,fold=1",67c62d239b03a54c6d8d7be1bcf0c63af250df98b3147919b5eebd7eebe4305e,train,cec9163460869cc6360adcbde34529ad8b4c9a6861f1e0e2f68984e855549974,ff18d8c9762b59f7abe68d8677c44f7d2a132f75709f48a6559445729942ce8b,,,,
247241,,31809,31809,0.02657038324033546,2,0.05472952654615924,2e219c54a929d16f0cc7,,,,50.93386619997909,0,CensusIncome,"UCI 117 Census-Income (KDD), both partitions, excluding instance weight","{'extension': 'fewpla-datasets-v1', 'override': None, 'registry': {'group': 'core', 'note': 'UCI instructs excluding instance weight, giving 40 predictors; Table 1 lists 41. Requires original paper file for strict shape matching.', 'paper_shape': [299285, 41, 2], 'source': 'UCI 117 Census-Income (KDD), both partitions, excluding instance weight', 'url': 'https://archive.ics.uci.edu/dataset/117/census+income+kdd'}, 'strict_paper_shape': False}",0,0,0.042759179715845835,4.584295332286411,5488135,5,PRIMARY,1197160,40,a169fe904569b4892266ac571682b48024ee01294eeea80232e95e2c5c3e8b94,1,,119713,29929,5,,0.9880296531696865,0.029211144674256683,KDB,0.506622178157673,generative,0,149643,False,0.0,0.4373264489757733,82.03895479999483,d41e432533537c295b4fdbfeb852c9d65ef3b73beee842b6c47e8aed18eb5366,119713,1,5536865,0.22190060773053163,0.8903598992236749,299285,1.0,False,"repeat=1,fold=1",67c62d239b03a54c6d8d7be1bcf0c63af250df98b3147919b5eebd7eebe4305e,validation,cec9163460869cc6360adcbde34529ad8b4c9a6861f1e0e2f68984e855549974,ff18d8c9762b59f7abe68d8677c44f7d2a132f75709f48a6559445729942ce8b,,,,
247241,,160339,160339,0.02678691953516035,2,0.05386152375988185,2e219c54a929d16f0cc7,,,,50.93386619997909,0,CensusIncome,"UCI 117 Census-Income (KDD), both partitions, excluding instance weight","{'extension': 'fewpla-datasets-v1', 'override': None, 'registry': {'group': 'core', 'note': 'UCI instructs excluding instance weight, giving 40 predictors; Table 1 lists 41. Requires original paper file for strict shape matching.', 'paper_shape': [299285, 41, 2], 'source': 'UCI 117 Census-Income (KDD), both partitions, excluding instance weight', 'url': 'https://archive.ics.uci.edu/dataset/117/census+income+kdd'}, 'strict_paper_shape': False}",0,0,0.04211030631596616,4.5839427838255045,27438198,5,PRIMARY,5985720,40,a169fe904569b4892266ac571682b48024ee01294eeea80232e95e2c5c3e8b94,1,,119713,29929,5,,0.9882487825560844,0.02886000863830666,KDB,0.47970920320170224,generative,0,149643,False,0.0,0.45540467873376606,83.69097509997664,e00dc56191c0c4648d42646cb80a9fba1073d1367efb6e0a11eefa7f140506a2,119713,1,27683955,0.21994734555597176,0.8966108941962541,299285,1.0,False,"repeat=1,fold=1",67c62d239b03a54c6d8d7be1bcf0c63af250df98b3147919b5eebd7eebe4305e,test,cec9163460869cc6360adcbde34529ad8b4c9a6861f1e0e2f68984e855549974,ff18d8c9762b59f7abe68d8677c44f7d2a132f75709f48a6559445729942ce8b,,,,
40,,0,0,0.0,2,0.23259602051556208,2e219c54a929d16f0cc7,,,,5.699912199983373,0,CensusIncome,"UCI 117 Census-Income (KDD), both partitions, excluding instance weight","{'extension': 'fewpla-datasets-v1', 'override': None, 'registry': {'group': 'core', 'note': 'UCI instructs excluding instance weight, giving 40 predictors; Table 1 lists 41. Requires original paper file for strict shape matching.', 'paper_shape': [299285, 41, 2], 'source': 'UCI 117 Census-Income (KDD), both partitions, excluding instance weight', 'url': 'https://archive.ics.uci.edu/dataset/117/census+income+kdd'}, 'strict_paper_shape': False}",0,0,0.20327728359974195,0.0,0,0,PRIMARY,4788560,40,0e6074d7467158d56ae520759acce9d53c034e0716063c770557e7da9c6bd3c0,2,,119714,29929,0,,0.9706812630841796,0.06870512210882461,KDB,1.3328727550437125,generative,0,149642,False,0.0,0.5759354414538137,0.7875287999631837,bb4c2c679cda192cb3c04e4ab32c205791c353aa79a09108ef3c1df280d7c99d,119714,1,0,0.45780170937185727,0.9274772101792202,299285,1.0,False,"repeat=1,fold=2",61a83210feeb65ae583632fe54375947271c48ba65ac48e483017bf81116e95c,train,66c23ef3227e1a9842461b2fe3e30386baf7a25abb7edc58f9f3f45341b440a6,05388d090a7e67e25121f821fc2179939ea7122ac9cca9fa4feb2c458ef65c34,,,,
40,,0,0,0.0,2,0.23589161014400747,2e219c54a929d16f0cc7,,,,5.699912199983373,0,CensusIncome,"UCI 117 Census-Income (KDD), both partitions, excluding instance weight","{'extension': 'fewpla-datasets-v1', 'override': None, 'registry': {'group': 'core', 'note': 'UCI instructs excluding instance weight, giving 40 predictors; Table 1 lists 41. Requires original paper file for strict shape matching.', 'paper_shape': [299285, 41, 2], 'source': 'UCI 117 Census-Income (KDD), both partitions, excluding instance weight', 'url': 'https://archive.ics.uci.edu/dataset/117/census+income+kdd'}, 'strict_paper_shape': False}",0,0,0.20601783761571646,0.0,0,0,PRIMARY,1197160,40,0e6074d7467158d56ae520759acce9d53c034e0716063c770557e7da9c6bd3c0,2,,119714,29929,0,,0.970126227471709,0.06948159681378933,KDB,1.355296929081905,generative,0,149642,False,0.0,0.5730583158095625,0.1850908999913372,56e7c7e50162890cf28d68252fe7d9e3aad197c4c35f2c2996dbb2283d6d59e5,119714,1,0,0.46086378229817915,0.9216742435368519,299285,1.0,False,"repeat=1,fold=2",61a83210feeb65ae583632fe54375947271c48ba65ac48e483017bf81116e95c,validation,66c23ef3227e1a9842461b2fe3e30386baf7a25abb7edc58f9f3f45341b440a6,05388d090a7e67e25121f821fc2179939ea7122ac9cca9fa4feb2c458ef65c34,,,,
40,,0,0,0.0,2,0.23621042220766897,2e219c54a929d16f0cc7,,,,5.699912199983373,0,CensusIncome,"UCI 117 Census-Income (KDD), both partitions, excluding instance weight","{'extension': 'fewpla-datasets-v1', 'override': None, 'registry': {'group': 'core', 'note': 'UCI instructs excluding instance weight, giving 40 predictors; Table 1 lists 41. Requires original paper file for strict shape matching.', 'paper_shape': [299285, 41, 2], 'source': 'UCI 117 Census-Income (KDD), both partitions, excluding instance weight', 'url': 'https://archive.ics.uci.edu/dataset/117/census+income+kdd'}, 'strict_paper_shape': False}",0,0,0.2065381803973046,0.0,0,0,PRIMARY,5985680,40,0e6074d7467158d56ae520759acce9d53c034e0716063c770557e7da9c6bd3c0,2,,119714,29929,0,,0.9703277581896356,0.06943211805095692,KDB,1.359604449600423,generative,0,149642,False,0.0,0.5733418767404126,0.9084941999753937,7852f9e608f08ebec5ec4f5e384c93ef4d35098578e34d8306fb4fc5aba8369a,119714,1,0,0.46139777382538116,0.9228263781821064,299285,1.0,False,"repeat=1,fold=2",61a83210feeb65ae583632fe54375947271c48ba65ac48e483017bf81116e95c,test,66c23ef3227e1a9842461b2fe3e30386baf7a25abb7edc58f9f3f45341b440a6,05388d090a7e67e25121f821fc2179939ea7122ac9cca9fa4feb2c458ef65c34,,,,
1060,,0,0,0.0,2,0.055716123427502214,2e219c54a929d16f0cc7,,,,50.772459899948444,0,CensusIncome,"UCI 117 Census-Income (KDD), both partitions, excluding instance weight","{'extension': 'fewpla-datasets-v1', 'override': None, 'registry': {'group': 'core', 'note': 'UCI instructs excluding instance weight, giving 40 predictors; Table 1 lists 41. Requires original paper file for strict shape matching.', 'paper_shape': [299285, 41, 2], 'source': 'UCI 117 Census-Income (KDD), both partitions, excluding instance weight', 'url': 'https://archive.ics.uci.edu/dataset/117/census+income+kdd'}, 'strict_paper_shape': False}",0,0,0.013704003550240713,0.975,4668846,1,PRIMARY,4788560,40,0e6074d7467158d56ae520759acce9d53c034e0716063c770557e7da9c6bd3c0,2,,119714,29929,1,,0.9579878801227385,0.0998625019675341,KDB,0.1385635783390347,generative,0,149642,False,0.0,0.68149832438662,0.9936712000053376,5803b22df6d32b9f1fa3dd53bf8f303f14c1872b71292cd0b7753ee44374a0d4,119714,1,4668846,0.20229341165203366,0.9561213795580848,299285,1.0,False,"repeat=1,fold=2",5c1cd4b1637d12febf9e9c47fcdbc9f91e0823fe4bb19537cd0977b4b715b5e1,train,66c23ef3227e1a9842461b2fe3e30386baf7a25abb7edc58f9f3f45341b440a6,05388d090a7e67e25121f821fc2179939ea7122ac9cca9fa4feb2c458ef65c34,,,,
1060,,0,0,0.0,2,0.06311604129773798,2e219c54a929d16f0cc7,,,,50.772459899948444,0,CensusIncome,"UCI 117 Census-Income (KDD), both partitions, excluding instance weight","{'extension': 'fewpla-datasets-v1', 'override': None, 'registry': {'group': 'core', 'note': 'UCI instructs excluding instance weight, giving 40 predictors; Table 1 lists 41. Requires original paper file for strict shape matching.', 'paper_shape': [299285, 41, 2], 'source': 'UCI 117 Census-Income (KDD), both partitions, excluding instance weight', 'url': 'https://archive.ics.uci.edu/dataset/117/census+income+kdd'}, 'strict_paper_shape': False}",0,0,0.020782267061552444,0.975,1167231,1,PRIMARY,1197160,40,0e6074d7467158d56ae520759acce9d53c034e0716063c770557e7da9c6bd3c0,2,,119714,29929,1,,0.9576662257638144,0.10088810494070297,KDB,0.16641877331905286,generative,0,149642,False,0.0,0.605195440626236,0.4670472000143491,cfadfb6881f29e95504d332c01c175e151108ba676bf11e89e50437db8111adc,119714,1,1167231,0.21631362722360611,0.9371602896498319,299285,1.0,False,"repeat=1,fold=2",5c1cd4b1637d12febf9e9c47fcdbc9f91e0823fe4bb19537cd0977b4b715b5e1,validation,66c23ef3227e1a9842461b2fe3e30386baf7a25abb7edc58f9f3f45341b440a6,05388d090a7e67e25121f821fc2179939ea7122ac9cca9fa4feb2c458ef65c34,,,,
1060,,14,14,2.3389155451009745e-06,2,0.06282995415725531,2e219c54a929d16f0cc7,,,,50.772459899948444,0,CensusIncome,"UCI 117 Census-Income (KDD), both partitions, excluding instance weight","{'extension': 'fewpla-datasets-v1', 'override': None, 'registry': {'group': 'core', 'note': 'UCI instructs excluding instance weight, giving 40 predictors; Table 1 lists 41. Requires original paper file for strict shape matching.', 'paper_shape': [299285, 41, 2], 'source': 'UCI 117 Census-Income (KDD), both partitions, excluding instance weight', 'url': 'https://archive.ics.uci.edu/dataset/117/census+income+kdd'}, 'strict_paper_shape': False}",0,0,0.020099911576634745,0.9749976610844548,5836024,1,PRIMARY,5985680,40,0e6074d7467158d56ae520759acce9d53c034e0716063c770557e7da9c6bd3c0,2,,119714,29929,1,,0.9572699574193796,0.1015552190068551,KDB,0.16864794363458588,generative,0,149642,False,0.0,0.6065002845528136,1.1576856999890879,377f153be11450cf4251c6670b15898694917e4842cf81392c93c4a6dc62573e,119714,1,5836038,0.21643983473300585,0.9353747120699092,299285,1.0,False,"repeat=1,fold=2",5c1cd4b1637d12febf9e9c47fcdbc9f91e0823fe4bb19537cd0977b4b715b5e1,test,66c23ef3227e1a9842461b2fe3e30386baf7a25abb7edc58f9f3f45341b440a6,05388d090a7e67e25121f821fc2179939ea7122ac9cca9fa4feb2c458ef65c34,,,,
9803,,0,0,0.0,2,0.03851679836944718,2e219c54a929d16f0cc7,,,,50.772459899948444,0,CensusIncome,"UCI 117 Census-Income (KDD), both partitions, excluding instance weight","{'extension': 'fewpla-datasets-v1', 'override': None, 'registry': {'group': 'core', 'note': 'UCI instructs excluding instance weight, giving 40 predictors; Table 1 lists 41. Requires original paper file for strict shape matching.', 'paper_shape': [299285, 41, 2], 'source': 'UCI 117 Census-Income (KDD), both partitions, excluding instance weight', 'url': 'https://archive.ics.uci.edu/dataset/117/census+income+kdd'}, 'strict_paper_shape': False}",0,0,0.007148262384809016,1.925,9217978,2,PRIMARY,4788560,40,0e6074d7467158d56ae520759acce9d53c034e0716063c770557e7da9c6bd3c0,2,,119714,29929,2,,0.9686314640153616,0.07600137820608047,KDB,0.09538838081723522,generative,0,149642,False,0.0,0.7707499983743819,3.712702499993611,5def5f0664c0845ec91ca87b3202acc291f5abf061277a1f65100db9a835d3fa,119714,1,9217978,0.1682174992687209,0.9736474815398104,299285,1.0,False,"repeat=1,fold=2",025c6f9438f66f9434d7a5f9af73e64225d1498c68b44e4b09830afa54979057,train,66c23ef3227e1a9842461b2fe3e30386baf7a25abb7edc58f9f3f45341b440a6,05388d090a7e67e25121f821fc2179939ea7122ac9cca9fa4feb2c458ef65c34,,,,
9803,,348,348,0.00029068796150890443,2,0.052791606802766546,2e219c54a929d16f0cc7,,,,50.772459899948444,0,CensusIncome,"UCI 117 Census-Income (KDD), both partitions, excluding instance weight","{'extension': 'fewpla-datasets-v1', 'override': None, 'registry': {'group': 'core', 'note': 'UCI instructs excluding instance weight, giving 40 predictors; Table 1 lists 41. Requires original paper file for strict shape matching.', 'paper_shape': [299285, 41, 2], 'source': 'UCI 117 Census-Income (KDD), both partitions, excluding instance weight', 'url': 'https://archive.ics.uci.edu/dataset/117/census+income+kdd'}, 'strict_paper_shape': False}",0,0,0.020721609446561286,1.924709312038491,2304185,2,PRIMARY,1197160,40,0e6074d7467158d56ae520759acce9d53c034e0716063c770557e7da9c6bd3c0,2,,119714,29929,2,,0.9679300026437948,0.07777509675847148,KDB,0.1806923361541793,generative,0,149642,False,0.0,0.5766596909915183,3.055322600004729,c4d4f474fb525aa5e595c1961d3e45bf93d3f2ad6b6b7fbcc1522a5a797fa744,119714,1,2304533,0.20301498336638024,0.9251604900729917,299285,1.0,False,"repeat=1,fold=2",025c6f9438f66f9434d7a5f9af73e64225d1498c68b44e4b09830afa54979057,validation,66c23ef3227e1a9842461b2fe3e30386baf7a25abb7edc58f9f3f45341b440a6,05388d090a7e67e25121f821fc2179939ea7122ac9cca9fa4feb2c458ef65c34,,,,
9803,,1793,1793,0.00029954825516900334,2,0.05263896499645821,2e219c54a929d16f0cc7,,,,50.772459899948444,0,CensusIncome,"UCI 117 Census-Income (KDD), both partitions, excluding instance weight","{'extension': 'fewpla-datasets-v1', 'override': None, 'registry': {'group': 'core', 'note': 'UCI instructs excluding instance weight, giving 40 predictors; Table 1 lists 41. Requires original paper file for strict shape matching.', 'paper_shape': [299285, 41, 2], 'source': 'UCI 117 Census-Income (KDD), both partitions, excluding instance weight', 'url': 'https://archive.ics.uci.edu/dataset/117/census+income+kdd'}, 'strict_paper_shape': False}",0,0,0.01970234809401128,1.924698112829286,11520627,2,PRIMARY,5985680,40,0e6074d7467158d56ae520759acce9d53c034e0716063c770557e7da9c6bd3c0,2,,119714,29929,2,,0.9670633830975529,0.07934795265200348,KDB,0.17945273180253699,generative,0,149642,False,0.0,0.5788945672196566,3.904357999970671,9d434c97a0afded5c9ed69022de7580212087761ec2bb6714a20077b7737df16,119714,1,11522434,0.20235748354001298,0.9253123574554313,299285,1.0,False,"repeat=1,fold=2",025c6f9438f66f9434d7a5f9af73e64225d1498c68b44e4b09830afa54979057,test,66c23ef3227e1a9842461b2fe3e30386baf7a25abb7edc58f9f3f45341b440a6,05388d090a7e67e25121f821fc2179939ea7122ac9cca9fa4feb2c458ef65c34,,,,
43335,,0,0,0.0,2,0.02433299363482968,2e219c54a929d16f0cc7,,,,50.772459899948444,0,CensusIncome,"UCI 117 Census-Income (KDD), both partitions, excluding instance weight","{'extension': 'fewpla-datasets-v1', 'override': None, 'registry': {'group': 'core', 'note': 'UCI instructs excluding instance weight, giving 40 predictors; Table 1 lists 41. Requires original paper file for strict shape matching.', 'paper_shape': [299285, 41, 2], 'source': 'UCI 117 Census-Income (KDD), both partitions, excluding instance weight', 'url': 'https://archive.ics.uci.edu/dataset/117/census+income+kdd'}, 'strict_paper_shape': False}",0,0,0.004697526635519216,2.85,13647396,3,PRIMARY,4788560,40,0e6074d7467158d56ae520759acce9d53c034e0716063c770557e7da9c6bd3c0,2,,119714,29929,3,,0.9803645330006897,0.047782288482638706,KDB,0.06050535062353625,generative,0,149642,False,0.0,0.8911667089534715,15.288945200038143,b5335a99072c32a60f3d6cd4f9e3851fff0224507ce2b424ae8482c451e88e28,119714,1,13647396,0.1338595320432982,0.9892988942747595,299285,1.0,False,"repeat=1,fold=2",90c226e88a92b59460733e79f9708d3c6ac66904b3386d44bbc6e32280684d9c,train,66c23ef3227e1a9842461b2fe3e30386baf7a25abb7edc58f9f3f45341b440a6,05388d090a7e67e25121f821fc2179939ea7122ac9cca9fa4feb2c458ef65c34,,,,
43335,,3124,3124,0.0026095091717063717,2,0.05402786594941361,2e219c54a929d16f0cc7,,,,50.772459899948444,0,CensusIncome,"UCI 117 Census-Income (KDD), both partitions, excluding instance weight","{'extension': 'fewpla-datasets-v1', 'override': None, 'registry': {'group': 'core', 'note': 'UCI instructs excluding instance weight, giving 40 predictors; Table 1 lists 41. Requires original paper file for strict shape matching.', 'paper_shape': [299285, 41, 2], 'source': 'UCI 117 Census-Income (KDD), both partitions, excluding instance weight', 'url': 'https://archive.ics.uci.edu/dataset/117/census+income+kdd'}, 'strict_paper_shape': False}",0,0,0.031474590014454615,2.8471148384510006,3408452,3,PRIMARY,1197160,40,0e6074d7467158d56ae520759acce9d53c034e0716063c770557e7da9c6bd3c0,2,,119714,29929,3,,0.9774467240650411,0.05474119528336578,KDB,0.2514948395006603,generative,0,149642,False,0.0,0.5121289606783272,14.899795199977234,9e71bc825a867e40f23440ec9521e83a709d104c07ec226c10a87ee1a2814e72,119714,1,3411906,0.21071171845598247,0.9109812612785985,299285,1.0,False,"repeat=1,fold=2",90c226e88a92b59460733e79f9708d3c6ac66904b3386d44bbc6e32280684d9c,validation,66c23ef3227e1a9842461b2fe3e30386baf7a25abb7edc58f9f3f45341b440a6,05388d090a7e67e25121f821fc2179939ea7122ac9cca9fa4feb2c458ef65c34,,,,
43335,,15187,15187,0.0025372221702463214,2,0.05186378155865332,2e219c54a929d16f0cc7,,,,50.772459899948444,0,CensusIncome,"UCI 117 Census-Income (KDD), both partitions, excluding instance weight","{'extension': 'fewpla-datasets-v1', 'override': None, 'registry': {'group': 'core', 'note': 'UCI instructs excluding instance weight, giving 40 predictors; Table 1 lists 41. Requires original paper file for strict shape matching.', 'paper_shape': [299285, 41, 2], 'source': 'UCI 117 Census-Income (KDD), both partitions, excluding instance weight', 'url': 'https://archive.ics.uci.edu/dataset/117/census+income+kdd'}, 'strict_paper_shape': False}",0,0,0.02879376314236565,2.847176427740875,17042287,3,PRIMARY,5985680,40,0e6074d7467158d56ae520759acce9d53c034e0716063c770557e7da9c6bd3c0,2,,119714,29929,3,,0.9769299815837126,0.05569000508182955,KDB,0.24476773539280428,generative,0,149642,False,0.0,0.5309702012695531,15.72663749998901,806cb4fd2cfb4ee7e5a44a32d600cc2a638b5194ed3eb9daafc246956a2ba67e,119714,1,17059188,0.20689348403794527,0.9133172835120904,299285,1.0,False,"repeat=1,fold=2",90c226e88a92b59460733e79f9708d3c6ac66904b3386d44bbc6e32280684d9c,test,66c23ef3227e1a9842461b2fe3e30386baf7a25abb7edc58f9f3f45341b440a6,05388d090a7e67e25121f821fc2179939ea7122ac9cca9fa4feb2c458ef65c34,,,,
119978,,0,0,0.0,2,0.018828207227224884,2e219c54a929d16f0cc7,,,,50.772459899948444,0,CensusIncome,"UCI 117 Census-Income (KDD), both partitions, excluding instance weight","{'extension': 'fewpla-datasets-v1', 'override': None, 'registry': {'group': 'core', 'note': 'UCI instructs excluding instance weight, giving 40 predictors; Table 1 lists 41. Requires original paper file for strict shape matching.', 'paper_shape': [299285, 41, 2], 'source': 'UCI 117 Census-Income (KDD), both partitions, excluding instance weight', 'url': 'https://archive.ics.uci.edu/dataset/117/census+income+kdd'}, 'strict_paper_shape': False}",0,0,0.005649010829892486,3.75,17957100,4,PRIMARY,4788560,40,0e6074d7467158d56ae520759acce9d53c034e0716063c770557e7da9c6bd3c0,2,,119714,29929,4,,0.9867850615864004,0.032136144451638406,KDB,0.0489804859301689,generative,0,149642,False,0.0,0.9318195475088792,47.71842719998676,3c23198b2052fc0f5c04558eee10ec2d5338d2c29907531221fe32bfd98ec105,119714,1,17957100,0.11882020946526756,0.993553531712276,299285,1.0,False,"repeat=1,fold=2",27119f47dbbca48ec137c79cfbcabaf0430abfc52f6d35c38778e0e4778a5876,train,66c23ef3227e1a9842461b2fe3e30386baf7a25abb7edc58f9f3f45341b440a6,05388d090a7e67e25121f821fc2179939ea7122ac9cca9fa4feb2c458ef65c34,,,,
119978,,13334,13334,0.011138026663102676,2,0.05596578569280631,2e219c54a929d16f0cc7,,,,50.772459899948444,0,CensusIncome,"UCI 117 Census-Income (KDD), both partitions, excluding instance weight","{'extension': 'fewpla-datasets-v1', 'override': None, 'registry': {'group': 'core', 'note': 'UCI instructs excluding instance weight, giving 40 predictors; Table 1 lists 41. Requires original paper file for strict shape matching.', 'paper_shape': [299285, 41, 2], 'source': 'UCI 117 Census-Income (KDD), both partitions, excluding instance weight', 'url': 'https://archive.ics.uci.edu/dataset/117/census+income+kdd'}, 'strict_paper_shape': False}",0,0,0.0395167888926568,3.73600688295633,4472598,4,PRIMARY,1197160,40,0e6074d7467158d56ae520759acce9d53c034e0716063c770557e7da9c6bd3c0,2,,119714,29929,4,,0.9835510031998504,0.039688071724895774,KDB,0.36123929482668005,generative,0,149642,False,0.0,0.46530974322259516,46.77390520001063,45c080bc93f43b35a09d9c2f575a435f4db63a7f9eb02d317c8586328911e728,119714,1,4489350,0.21852291230695686,0.9012003118222194,299285,1.0,False,"repeat=1,fold=2",27119f47dbbca48ec137c79cfbcabaf0430abfc52f6d35c38778e0e4778a5876,validation,66c23ef3227e1a9842461b2fe3e30386baf7a25abb7edc58f9f3f45341b440a6,05388d090a7e67e25121f821fc2179939ea7122ac9cca9fa4feb2c458ef65c34,,,,
119978,,64809,64809,0.010827341254460646,2,0.05354780075112602,2e219c54a929d16f0cc7,,,,50.772459899948444,0,CensusIncome,"UCI 117 Census-Income (KDD), both partitions, excluding instance weight","{'extension': 'fewpla-datasets-v1', 'override': None, 'registry': {'group': 'core', 'note': 'UCI instructs excluding instance weight, giving 40 predictors; Table 1 lists 41. Requires original paper file for strict shape matching.', 'paper_shape': [299285, 41, 2], 'source': 'UCI 117 Census-Income (KDD), both partitions, excluding instance weight', 'url': 'https://archive.ics.uci.edu/dataset/117/census+income+kdd'}, 'strict_paper_shape': False}",0,0,0.03683248501944213,3.736380160650085,22364776,4,PRIMARY,5985680,40,0e6074d7467158d56ae520759acce9d53c034e0716063c770557e7da9c6bd3c0,2,,119714,29929,4,,0.983284684268316,0.040291881222153575,KDB,0.35239686683858007,generative,0,149642,False,0.0,0.4813200523705269,47.772461400018074,8255cc7c7df82933b5f26a47e8cd5da08add89e399b4339caf43f70de35bf385,119714,1,22446300,0.21528768459912628,0.9030316799948361,299285,1.0,False,"repeat=1,fold=2",27119f47dbbca48ec137c79cfbcabaf0430abfc52f6d35c38778e0e4778a5876,test,66c23ef3227e1a9842461b2fe3e30386baf7a25abb7edc58f9f3f45341b440a6,05388d090a7e67e25121f821fc2179939ea7122ac9cca9fa4feb2c458ef65c34,,,,
232774,,0,0,0.0,2,0.01728285747698682,2e219c54a929d16f0cc7,,,,50.772459899948444,0,CensusIncome,"UCI 117 Census-Income (KDD), both partitions, excluding instance weight","{'extension': 'fewpla-datasets-v1', 'override': None, 'registry': {'group': 'core', 'note': 'UCI instructs excluding instance weight, giving 40 predictors; Table 1 lists 41. Requires original paper file for strict shape matching.', 'paper_shape': [299285, 41, 2], 'source': 'UCI 117 Census-Income (KDD), both partitions, excluding instance weight', 'url': 'https://archive.ics.uci.edu/dataset/117/census+income+kdd'}, 'strict_paper_shape': False}",0,0,0.007445166437185378,4.625,22147090,5,PRIMARY,4788560,40,0e6074d7467158d56ae520759acce9d53c034e0716063c770557e7da9c6bd3c0,2,,119714,29929,5,,0.9899294305951027,0.024384318161754574,KDB,0.0476027070321215,generative,0,149642,False,0.0,0.9436645274770346,83.71257790003438,bf665bc2922db2f2b274fc6f75edcfcd92a692f0571e8c5903ee5ca170f8282b,119714,1,22147090,0.11473924265882385,0.9948575040898253,299285,1.0,False,"repeat=1,fold=2",98bdb9f4a8abbee0ac6ec079939fb9ecb87de92c896107a78126ef5413926483,train,66c23ef3227e1a9842461b2fe3e30386baf7a25abb7edc58f9f3f45341b440a6,05388d090a7e67e25121f821fc2179939ea7122ac9cca9fa4feb2c458ef65c34,,,,
232774,,30327,30327,0.025332453473219954,2,0.05553142437101139,2e219c54a929d16f0cc7,,,,50.772459899948444,0,CensusIncome,"UCI 117 Census-Income (KDD), both partitions, excluding instance weight","{'extension': 'fewpla-datasets-v1', 'override': None, 'registry': {'group': 'core', 'note': 'UCI instructs excluding instance weight, giving 40 predictors; Table 1 lists 41. Requires original paper file for strict shape matching.', 'paper_shape': [299285, 41, 2], 'source': 'UCI 117 Census-Income (KDD), both partitions, excluding instance weight', 'url': 'https://archive.ics.uci.edu/dataset/117/census+income+kdd'}, 'strict_paper_shape': False}",0,0,0.043060967266424,4.585801396638711,5489938,5,PRIMARY,1197160,40,0e6074d7467158d56ae520759acce9d53c034e0716063c770557e7da9c6bd3c0,2,,119714,29929,5,,0.9875295428954125,0.029900333618132865,KDB,0.4918063848123295,generative,0,149642,False,0.0,0.44179298413343576,83.25653650000459,8b73247f8d366c4ae0eabda973b577f4b0eb7f7d36f0114aaab8aaab9e6d3a0b,119714,1,5536865,0.22241221612848072,0.8960253543737751,299285,1.0,False,"repeat=1,fold=2",98bdb9f4a8abbee0ac6ec079939fb9ecb87de92c896107a78126ef5413926483,validation,66c23ef3227e1a9842461b2fe3e30386baf7a25abb7edc58f9f3f45341b440a6,05388d090a7e67e25121f821fc2179939ea7122ac9cca9fa4feb2c458ef65c34,,,,
232774,,148419,148419,0.02479567902059582,2,0.054556875743441015,2e219c54a929d16f0cc7,,,,50.772459899948444,0,CensusIncome,"UCI 117 Census-Income (KDD), both partitions, excluding instance weight","{'extension': 'fewpla-datasets-v1', 'override': None, 'registry': {'group': 'core', 'note': 'UCI instructs excluding instance weight, giving 40 predictors; Table 1 lists 41. Requires original paper file for strict shape matching.', 'paper_shape': [299285, 41, 2], 'source': 'UCI 117 Census-Income (KDD), both partitions, excluding instance weight', 'url': 'https://archive.ics.uci.edu/dataset/117/census+income+kdd'}, 'strict_paper_shape': False}",0,0,0.042032199829928056,4.586711284265113,27454586,5,PRIMARY,5985680,40,0e6074d7467158d56ae520759acce9d53c034e0716063c770557e7da9c6bd3c0,2,,119714,29929,5,,0.9874753240864872,0.030230092606030833,KDB,0.49108078658349474,generative,0,149642,False,0.0,0.4509298674359662,83.95281990000512,572a3253a0e1b91a8125437fe1243360a977e4d7f4b71f8c88e3086c00ad309e,119714,1,27683770,0.2208959647787334,0.8966290251390703,299285,1.0,False,"repeat=1,fold=2",98bdb9f4a8abbee0ac6ec079939fb9ecb87de92c896107a78126ef5413926483,test,66c23ef3227e1a9842461b2fe3e30386baf7a25abb7edc58f9f3f45341b440a6,05388d090a7e67e25121f821fc2179939ea7122ac9cca9fa4feb2c458ef65c34,,,,
40,,0,0,0.0,2,0.23279008963103423,2e219c54a929d16f0cc7,,,,7.445842399960384,0,CensusIncome,"UCI 117 Census-Income (KDD), both partitions, excluding instance weight","{'extension': 'fewpla-datasets-v1', 'override': None, 'registry': {'group': 'core', 'note': 'UCI instructs excluding instance weight, giving 40 predictors; Table 1 lists 41. Requires original paper file for strict shape matching.', 'paper_shape': [299285, 41, 2], 'source': 'UCI 117 Census-Income (KDD), both partitions, excluding instance weight', 'url': 'https://archive.ics.uci.edu/dataset/117/census+income+kdd'}, 'strict_paper_shape': False}",0,0,0.20290152565368252,0.0,0,0,PRIMARY,4788520,40,b92508d31b679f1b24fbd4b3da3e1e9eea2ee4fcd46ae77e70f5c3495e714d6e,1,,119713,29929,0,,0.9701114360226483,0.06989204842832845,KDB,1.3256392289863363,generative,0,149643,False,0.0,0.5901075797296377,0.7755178000079468,97a00086d87c8c5a095e480f62ee0f1e66e62beda47d0242405a6d640b5dc7c6,119713,2,0,0.4580437674343184,0.9275790616865254,299285,1.0,False,"repeat=2,fold=1",61a83210feeb65ae583632fe54375947271c48ba65ac48e483017bf81116e95c,train,936e24d2b5e6c044807b3260dcfcfd901e998cf33a1d483386f22e6266429239,5982f99fdd09fadc25cf7aa9455af01ce8db8e9f48bfd22b6066afc83a0e9d65,,,,
40,,0,0,0.0,2,0.23218283270406628,2e219c54a929d16f0cc7,,,,7.445842399960384,0,CensusIncome,"UCI 117 Census-Income (KDD), both partitions, excluding instance weight","{'extension': 'fewpla-datasets-v1', 'override': None, 'registry': {'group': 'core', 'note': 'UCI instructs excluding instance weight, giving 40 predictors; Table 1 lists 41. Requires original paper file for strict shape matching.', 'paper_shape': [299285, 41, 2], 'source': 'UCI 117 Census-Income (KDD), both partitions, excluding instance weight', 'url': 'https://archive.ics.uci.edu/dataset/117/census+income+kdd'}, 'strict_paper_shape': False}",0,0,0.20100345216267096,0.0,0,0,PRIMARY,1197160,40,b92508d31b679f1b24fbd4b3da3e1e9eea2ee4fcd46ae77e70f5c3495e714d6e,1,,119713,29929,0,,0.9688206194586046,0.07211085754898565,KDB,1.3207827602188391,generative,0,149643,False,0.0,0.582824764488244,0.1608987000072375,25c7d4baa952b885d8d2b19c4c79e18d15db04b1e1a7dd87425b712ed00eb2d9,119713,2,0,0.4562589332307028,0.924932923079709,299285,1.0,False,"repeat=2,fold=1",61a83210feeb65ae583632fe54375947271c48ba65ac48e483017bf81116e95c,validation,936e24d2b5e6c044807b3260dcfcfd901e998cf33a1d483386f22e6266429239,5982f99fdd09fadc25cf7aa9455af01ce8db8e9f48bfd22b6066afc83a0e9d65,,,,
40,,0,0,0.0,2,0.23317495639622302,2e219c54a929d16f0cc7,,,,7.445842399960384,0,CensusIncome,"UCI 117 Census-Income (KDD), both partitions, excluding instance weight","{'extension': 'fewpla-datasets-v1', 'override': None, 'registry': {'group': 'core', 'note': 'UCI instructs excluding instance weight, giving 40 predictors; Table 1 lists 41. Requires original paper file for strict shape matching.', 'paper_shape': [299285, 41, 2], 'source': 'UCI 117 Census-Income (KDD), both partitions, excluding instance weight', 'url': 'https://archive.ics.uci.edu/dataset/117/census+income+kdd'}, 'strict_paper_shape': False}",0,0,0.20280820963267016,0.0,0,0,PRIMARY,5985720,40,b92508d31b679f1b24fbd4b3da3e1e9eea2ee4fcd46ae77e70f5c3495e714d6e,1,,119713,29929,0,,0.9696332532364471,0.07102714876631025,KDB,1.3324397784246906,generative,0,149643,False,0.0,0.5644203819793219,0.9384242000523955,548173de63826cdcc91d8fd039ead3f96581b3d88eb29f47a3c0841185041e74,119713,2,0,0.4579972995941441,0.9224800563652191,299285,1.0,False,"repeat=2,fold=1",61a83210feeb65ae583632fe54375947271c48ba65ac48e483017bf81116e95c,test,936e24d2b5e6c044807b3260dcfcfd901e998cf33a1d483386f22e6266429239,5982f99fdd09fadc25cf7aa9455af01ce8db8e9f48bfd22b6066afc83a0e9d65,,,,
1027,,0,0,0.0,2,0.05463901163616316,2e219c54a929d16f0cc7,,,,63.46082849998493,0,CensusIncome,"UCI 117 Census-Income (KDD), both partitions, excluding instance weight","{'extension': 'fewpla-datasets-v1', 'override': None, 'registry': {'group': 'core', 'note': 'UCI instructs excluding instance weight, giving 40 predictors; Table 1 lists 41. Requires original paper file for strict shape matching.', 'paper_shape': [299285, 41, 2], 'source': 'UCI 117 Census-Income (KDD), both partitions, excluding instance weight', 'url': 'https://archive.ics.uci.edu/dataset/117/census+income+kdd'}, 'strict_paper_shape': False}",0,0,0.013142522553286067,0.975,4668807,1,PRIMARY,4788520,40,b92508d31b679f1b24fbd4b3da3e1e9eea2ee4fcd46ae77e70f5c3495e714d6e,1,,119713,29929,1,,0.958503510917123,0.09836487531749197,KDB,0.1351291512716962,generative,0,149643,False,0.0,0.6943443296005081,1.0770113000180572,17765d60bc256374947e5c5a4423a576663b992ca0a98121fc52c09fcd4da264,119713,2,4668807,0.19989974888680814,0.958221376628989,299285,1.0,False,"repeat=2,fold=1",363433d0a9861c2615dcc230e76539b4642881de77388cb00629e95e080ee5f6,train,936e24d2b5e6c044807b3260dcfcfd901e998cf33a1d483386f22e6266429239,5982f99fdd09fadc25cf7aa9455af01ce8db8e9f48bfd22b6066afc83a0e9d65,,,,
1027,,6,6,5.011861405325938e-06,2,0.062013431788566276,2e219c54a929d16f0cc7,,,,63.46082849998493,0,CensusIncome,"UCI 117 Census-Income (KDD), both partitions, excluding instance weight","{'extension': 'fewpla-datasets-v1', 'override': None, 'registry': {'group': 'core', 'note': 'UCI instructs excluding instance weight, giving 40 predictors; Table 1 lists 41. Requires original paper file for strict shape matching.', 'paper_shape': [299285, 41, 2], 'source': 'UCI 117 Census-Income (KDD), both partitions, excluding instance weight', 'url': 'https://archive.ics.uci.edu/dataset/117/census+income+kdd'}, 'strict_paper_shape': False}",0,0,0.02111442137621685,0.9749949881385946,1167225,1,PRIMARY,1197160,40,b92508d31b679f1b24fbd4b3da3e1e9eea2ee4fcd46ae77e70f5c3495e714d6e,1,,119713,29929,1,,0.9591009895876506,0.0976525097264634,KDB,0.17073842935175823,generative,0,149643,False,0.0,0.611941391642436,0.45595390000380576,bd2b058f8737380b34c0b447fb3627ec934c71d679fe78835ee9b91088fd5ef0,119713,2,1167231,0.2159049577947055,0.9340501242823094,299285,1.0,False,"repeat=2,fold=1",363433d0a9861c2615dcc230e76539b4642881de77388cb00629e95e080ee5f6,validation,936e24d2b5e6c044807b3260dcfcfd901e998cf33a1d483386f22e6266429239,5982f99fdd09fadc25cf7aa9455af01ce8db8e9f48bfd22b6066afc83a0e9d65,,,,
1027,,24,24,4.009542711653736e-06,2,0.0630433765695689,2e219c54a929d16f0cc7,,,,63.46082849998493,0,CensusIncome,"UCI 117 Census-Income (KDD), both partitions, excluding instance weight","{'extension': 'fewpla-datasets-v1', 'override': None, 'registry': {'group': 'core', 'note': 'UCI instructs excluding instance weight, giving 40 predictors; Table 1 lists 41. Requires original paper file for strict shape matching.', 'paper_shape': [299285, 41, 2], 'source': 'UCI 117 Census-Income (KDD), both partitions, excluding instance weight', 'url': 'https://archive.ics.uci.edu/dataset/117/census+income+kdd'}, 'strict_paper_shape': False}",0,0,0.020965726783362174,0.9749959904572884,5836053,1,PRIMARY,5985720,40,b92508d31b679f1b24fbd4b3da3e1e9eea2ee4fcd46ae77e70f5c3495e714d6e,1,,119713,29929,1,,0.9579223502137933,0.09984778082648514,KDB,0.1710639284023663,generative,0,149643,False,0.0,0.5995447376592273,1.1032392000197433,c45c89dc9a9821b2c3eb1befde91079362e88626e236ffa7df61328e23018f0e,119713,2,5836077,0.21689972584673262,0.9345097760623611,299285,1.0,False,"repeat=2,fold=1",363433d0a9861c2615dcc230e76539b4642881de77388cb00629e95e080ee5f6,test,936e24d2b5e6c044807b3260dcfcfd901e998cf33a1d483386f22e6266429239,5982f99fdd09fadc25cf7aa9455af01ce8db8e9f48bfd22b6066afc83a0e9d65,,,,
8726,,0,0,0.0,2,0.03935245127930968,2e219c54a929d16f0cc7,,,,63.46082849998493,0,CensusIncome,"UCI 117 Census-Income (KDD), both partitions, excluding instance weight","{'extension': 'fewpla-datasets-v1', 'override': None, 'registry': {'group': 'core', 'note': 'UCI instructs excluding instance weight, giving 40 predictors; Table 1 lists 41. Requires original paper file for strict shape matching.', 'paper_shape': [299285, 41, 2], 'source': 'UCI 117 Census-Income (KDD), both partitions, excluding instance weight', 'url': 'https://archive.ics.uci.edu/dataset/117/census+income+kdd'}, 'strict_paper_shape': False}",0,0,0.007502148754544285,1.925,9217901,2,PRIMARY,4788520,40,b92508d31b679f1b24fbd4b3da3e1e9eea2ee4fcd46ae77e70f5c3495e714d6e,1,,119713,29929,2,,0.9681496974752345,0.07702625523751527,KDB,0.09664376531641793,generative,0,149643,False,0.0,0.7644966176938106,3.055728300008923,f9de42afe467fb25503072da5c208f51cf7b07c3e0492f969152353c6fd9b65a,119713,2,9217901,0.1694512542379271,0.9730036162848987,299285,1.0,False,"repeat=2,fold=1",808ae006004024b35e6840751eab430c10e83a99736a06042d1781f665206db6,train,936e24d2b5e6c044807b3260dcfcfd901e998cf33a1d483386f22e6266429239,5982f99fdd09fadc25cf7aa9455af01ce8db8e9f48bfd22b6066afc83a0e9d65,,,,
8726,,293,293,0.00024474589862675,2,0.051922884159176716,2e219c54a929d16f0cc7,,,,63.46082849998493,0,CensusIncome,"UCI 117 Census-Income (KDD), both partitions, excluding instance weight","{'extension': 'fewpla-datasets-v1', 'override': None, 'registry': {'group': 'core', 'note': 'UCI instructs excluding instance weight, giving 40 predictors; Table 1 lists 41. Requires original paper file for strict shape matching.', 'paper_shape': [299285, 41, 2], 'source': 'UCI 117 Census-Income (KDD), both partitions, excluding instance weight', 'url': 'https://archive.ics.uci.edu/dataset/117/census+income+kdd'}, 'strict_paper_shape': False}",0,0,0.01953893255120041,1.9247502422399678,2304234,2,PRIMARY,1197160,40,b92508d31b679f1b24fbd4b3da3e1e9eea2ee4fcd46ae77e70f5c3495e714d6e,1,,119713,29929,2,,0.9676160483920238,0.07827190391376986,KDB,0.1798508058589955,generative,0,149643,False,0.0,0.5905669499745532,2.2555683000246063,e41ce4108e2701344f3060fbf2ac0cc02204e2a3b6a20d2c623ea7bef9e56d54,119713,2,2304533,0.2014865118345338,0.9235629747677063,299285,1.0,False,"repeat=2,fold=1",808ae006004024b35e6840751eab430c10e83a99736a06042d1781f665206db6,validation,936e24d2b5e6c044807b3260dcfcfd901e998cf33a1d483386f22e6266429239,5982f99fdd09fadc25cf7aa9455af01ce8db8e9f48bfd22b6066afc83a0e9d65,,,,
8726,,1508,1508,0.0002519329337155764,2,0.052190880963359464,2e219c54a929d16f0cc7,,,,63.46082849998493,0,CensusIncome,"UCI 117 Census-Income (KDD), both partitions, excluding instance weight","{'extension': 'fewpla-datasets-v1', 'override': None, 'registry': {'group': 'core', 'note': 'UCI instructs excluding instance weight, giving 40 predictors; Table 1 lists 41. Requires original paper file for strict shape matching.', 'paper_shape': [299285, 41, 2], 'source': 'UCI 117 Census-Income (KDD), both partitions, excluding instance weight', 'url': 'https://archive.ics.uci.edu/dataset/117/census+income+kdd'}, 'strict_paper_shape': False}",0,0,0.01942984229681198,1.9247440575235728,11520979,2,PRIMARY,5985720,40,b92508d31b679f1b24fbd4b3da3e1e9eea2ee4fcd46ae77e70f5c3495e714d6e,1,,119713,29929,2,,0.9672389613334528,0.07947007561170553,KDB,0.17589503862117487,generative,0,149643,False,0.0,0.587051650570082,2.999043999996502,56f5736b15b9d622723e6ec422dae7c7f8b948cb082f30887a878b66bfbee54f,119713,2,11522511,0.20165534080782793,0.9265675314570575,299285,1.0,False,"repeat=2,fold=1",808ae006004024b35e6840751eab430c10e83a99736a06042d1781f665206db6,test,936e24d2b5e6c044807b3260dcfcfd901e998cf33a1d483386f22e6266429239,5982f99fdd09fadc25cf7aa9455af01ce8db8e9f48bfd22b6066afc83a0e9d65,,,,
43667,,0,0,0.0,2,0.024065890922456208,2e219c54a929d16f0cc7,,,,63.46082849998493,0,CensusIncome,"UCI 117 Census-Income (KDD), both partitions, excluding instance weight","{'extension': 'fewpla-datasets-v1', 'override': None, 'registry': {'group': 'core', 'note': 'UCI instructs excluding instance weight, giving 40 predictors; Table 1 lists 41. Requires original paper file for strict shape matching.', 'paper_shape': [299285, 41, 2], 'source': 'UCI 117 Census-Income (KDD), both partitions, excluding instance weight', 'url': 'https://archive.ics.uci.edu/dataset/117/census+income+kdd'}, 'strict_paper_shape': False}",0,0,0.004408124754416036,2.85,13647282,3,PRIMARY,4788520,40,b92508d31b679f1b24fbd4b3da3e1e9eea2ee4fcd46ae77e70f5c3495e714d6e,1,,119713,29929,3,,0.9803422338319598,0.04803621456684476,KDB,0.0600434305229627,generative,0,149643,False,0.0,0.8921376631998632,12.315828500024509,90abcb9c0b1fb8ebddb373ba28d3ea96355caf946d960a484d8c2362e8e5eb6d,119713,2,13647282,0.13355335098887047,0.9894481260070516,299285,1.0,False,"repeat=2,fold=1",ff1f0fb294baa3cb17ac234b726c314dddc8da5cbdaf8989da37d14aae674c21,train,936e24d2b5e6c044807b3260dcfcfd901e998cf33a1d483386f22e6266429239,5982f99fdd09fadc25cf7aa9455af01ce8db8e9f48bfd22b6066afc83a0e9d65,,,,
43667,,3052,3052,0.0025493668348424603,2,0.052758194393397705,2e219c54a929d16f0cc7,,,,63.46082849998493,0,CensusIncome,"UCI 117 Census-Income (KDD), both partitions, excluding instance weight","{'extension': 'fewpla-datasets-v1', 'override': None, 'registry': {'group': 'core', 'note': 'UCI instructs excluding instance weight, giving 40 predictors; Table 1 lists 41. Requires original paper file for strict shape matching.', 'paper_shape': [299285, 41, 2], 'source': 'UCI 117 Census-Income (KDD), both partitions, excluding instance weight', 'url': 'https://archive.ics.uci.edu/dataset/117/census+income+kdd'}, 'strict_paper_shape': False}",0,0,0.02980341834823225,2.8472134050586386,3408570,3,PRIMARY,1197160,40,b92508d31b679f1b24fbd4b3da3e1e9eea2ee4fcd46ae77e70f5c3495e714d6e,1,,119713,29929,3,,0.9770452239548346,0.055657401312995125,KDB,0.24962212946819376,generative,0,149643,False,0.0,0.5291292120184453,11.864879000000656,fbda1c3494f17a32f1e4b0256add8af2a331264de132ef33ca03c700e441a225,119713,2,3411906,0.20724772081772738,0.9114901074443086,299285,1.0,False,"repeat=2,fold=1",ff1f0fb294baa3cb17ac234b726c314dddc8da5cbdaf8989da37d14aae674c21,validation,936e24d2b5e6c044807b3260dcfcfd901e998cf33a1d483386f22e6266429239,5982f99fdd09fadc25cf7aa9455af01ce8db8e9f48bfd22b6066afc83a0e9d65,,,,
43667,,15157,15157,0.0025321932866889866,2,0.05254505723622221,2e219c54a929d16f0cc7,,,,63.46082849998493,0,CensusIncome,"UCI 117 Census-Income (KDD), both partitions, excluding instance weight","{'extension': 'fewpla-datasets-v1', 'override': None, 'registry': {'group': 'core', 'note': 'UCI instructs excluding instance weight, giving 40 predictors; Table 1 lists 41. Requires original paper file for strict shape matching.', 'paper_shape': [299285, 41, 2], 'source': 'UCI 117 Census-Income (KDD), both partitions, excluding instance weight', 'url': 'https://archive.ics.uci.edu/dataset/117/census+income+kdd'}, 'strict_paper_shape': False}",0,0,0.029600764266606426,2.847226231764934,17042699,3,PRIMARY,5985720,40,b92508d31b679f1b24fbd4b3da3e1e9eea2ee4fcd46ae77e70f5c3495e714d6e,1,,119713,29929,3,,0.9770557070303844,0.05564364957365455,KDB,0.2457043516125242,generative,0,149643,False,0.0,0.5301896145261691,12.71330719999969,df4e31752ce4cc5d53c2d5a497c8da5a3179ec0488e1fa20e2fe204f51b8e6d4,119713,2,17059302,0.2073633415398444,0.9132284431595071,299285,1.0,False,"repeat=2,fold=1",ff1f0fb294baa3cb17ac234b726c314dddc8da5cbdaf8989da37d14aae674c21,test,936e24d2b5e6c044807b3260dcfcfd901e998cf33a1d483386f22e6266429239,5982f99fdd09fadc25cf7aa9455af01ce8db8e9f48bfd22b6066afc83a0e9d65,,,,
120430,,0,0,0.0,2,0.018644591648358994,2e219c54a929d16f0cc7,,,,63.46082849998493,0,CensusIncome,"UCI 117 Census-Income (KDD), both partitions, excluding instance weight","{'extension': 'fewpla-datasets-v1', 'override': None, 'registry': {'group': 'core', 'note': 'UCI instructs excluding instance weight, giving 40 predictors; Table 1 lists 41. Requires original paper file for strict shape matching.', 'paper_shape': [299285, 41, 2], 'source': 'UCI 117 Census-Income (KDD), both partitions, excluding instance weight', 'url': 'https://archive.ics.uci.edu/dataset/117/census+income+kdd'}, 'strict_paper_shape': False}",0,0,0.00549275651798062,3.75,17956950,4,PRIMARY,4788520,40,b92508d31b679f1b24fbd4b3da3e1e9eea2ee4fcd46ae77e70f5c3495e714d6e,1,,119713,29929,4,,0.986804906849239,0.03226181934538484,KDB,0.04834657780819301,generative,0,149643,False,0.0,0.9324546668977908,40.827843000006396,945c94ef3f15d6afadbfcafaf5c8b41cd69686daa4d915b9420b06c6b51ed9f7,119713,2,17956950,0.11869621257339587,0.9937626521808991,299285,1.0,False,"repeat=2,fold=1",aa8a0d844bfcd431b8818a201e800464637907afd2107155b44676e139f95085,train,936e24d2b5e6c044807b3260dcfcfd901e998cf33a1d483386f22e6266429239,5982f99fdd09fadc25cf7aa9455af01ce8db8e9f48bfd22b6066afc83a0e9d65,,,,
120430,,13166,13166,0.01099769454375355,2,0.053225968124561464,2e219c54a929d16f0cc7,,,,63.46082849998493,0,CensusIncome,"UCI 117 Census-Income (KDD), both partitions, excluding instance weight","{'extension': 'fewpla-datasets-v1', 'override': None, 'registry': {'group': 'core', 'note': 'UCI instructs excluding instance weight, giving 40 predictors; Table 1 lists 41. Requires original paper file for strict shape matching.', 'paper_shape': [299285, 41, 2], 'source': 'UCI 117 Census-Income (KDD), both partitions, excluding instance weight', 'url': 'https://archive.ics.uci.edu/dataset/117/census+income+kdd'}, 'strict_paper_shape': False}",0,0,0.0376441761401266,3.736240769821912,4472878,4,PRIMARY,1197160,40,b92508d31b679f1b24fbd4b3da3e1e9eea2ee4fcd46ae77e70f5c3495e714d6e,1,,119713,29929,4,,0.9844182080155651,0.03835452339003428,KDB,0.35647209610896474,generative,0,149643,False,0.0,0.4862757977635382,41.34174569998868,b79006b2e2c35c2ebde4f4654dbc725c31acd16dae1f50a405340ab3121716a9,119713,2,4489350,0.2145170674053787,0.9031452010546617,299285,1.0,False,"repeat=2,fold=1",aa8a0d844bfcd431b8818a201e800464637907afd2107155b44676e139f95085,validation,936e24d2b5e6c044807b3260dcfcfd901e998cf33a1d483386f22e6266429239,5982f99fdd09fadc25cf7aa9455af01ce8db8e9f48bfd22b6066afc83a0e9d65,,,,
120430,,65414,65414,0.010928342789171562,2,0.05328014006669206,2e219c54a929d16f0cc7,,,,63.46082849998493,0,CensusIncome,"UCI 117 Census-Income (KDD), both partitions, excluding instance weight","{'extension': 'fewpla-datasets-v1', 'override': None, 'registry': {'group': 'core', 'note': 'UCI instructs excluding instance weight, giving 40 predictors; Table 1 lists 41. Requires original paper file for strict shape matching.', 'paper_shape': [299285, 41, 2], 'source': 'UCI 117 Census-Income (KDD), both partitions, excluding instance weight', 'url': 'https://archive.ics.uci.edu/dataset/117/census+income+kdd'}, 'strict_paper_shape': False}",0,0,0.036856607173498784,3.7363266240318627,22364605,4,PRIMARY,5985720,40,b92508d31b679f1b24fbd4b3da3e1e9eea2ee4fcd46ae77e70f5c3495e714d6e,1,,119713,29929,4,,0.9835764671068062,0.03968877230941757,KDB,0.3520503642108374,generative,0,149643,False,0.0,0.48300534795405814,41.076323799963575,2edc3f28fb718f31f451a066fa9344c37495f4048c32d773cbe4d96a64185eeb,119713,2,22446450,0.21495448118691443,0.9044900784499368,299285,1.0,False,"repeat=2,fold=1",aa8a0d844bfcd431b8818a201e800464637907afd2107155b44676e139f95085,test,936e24d2b5e6c044807b3260dcfcfd901e998cf33a1d483386f22e6266429239,5982f99fdd09fadc25cf7aa9455af01ce8db8e9f48bfd22b6066afc83a0e9d65,,,,
234832,,0,0,0.0,2,0.017567014442875877,2e219c54a929d16f0cc7,,,,63.46082849998493,0,CensusIncome,"UCI 117 Census-Income (KDD), both partitions, excluding instance weight","{'extension': 'fewpla-datasets-v1', 'override': None, 'registry': {'group': 'core', 'note': 'UCI instructs excluding instance weight, giving 40 predictors; Table 1 lists 41. Requires original paper file for strict shape matching.', 'paper_shape': [299285, 41, 2], 'source': 'UCI 117 Census-Income (KDD), both partitions, excluding instance weight', 'url': 'https://archive.ics.uci.edu/dataset/117/census+income+kdd'}, 'strict_paper_shape': False}",0,0,0.007437572238343933,4.625,22146905,5,PRIMARY,4788520,40,b92508d31b679f1b24fbd4b3da3e1e9eea2ee4fcd46ae77e70f5c3495e714d6e,1,,119713,29929,5,,0.9898705577954682,0.02476679893356215,KDB,0.048542806492673486,generative,0,149643,False,0.0,0.9417628254320379,73.56720109999878,4da308667668ae17cbb5726f4af71c229881fdf8f579e5c1b3b740626127cf02,119713,2,22146905,0.11595821015487542,0.9946951130612415,299285,1.0,False,"repeat=2,fold=1",cbf96fd9c55a63a9ef4136faeb13e213d5a029e6c8ba61eb4be002294da7707a,train,936e24d2b5e6c044807b3260dcfcfd901e998cf33a1d483386f22e6266429239,5982f99fdd09fadc25cf7aa9455af01ce8db8e9f48bfd22b6066afc83a0e9d65,,,,
234832,,30297,30297,0.025307394166193323,2,0.05315914330582378,2e219c54a929d16f0cc7,,,,63.46082849998493,0,CensusIncome,"UCI 117 Census-Income (KDD), both partitions, excluding instance weight","{'extension': 'fewpla-datasets-v1', 'override': None, 'registry': {'group': 'core', 'note': 'UCI instructs excluding instance weight, giving 40 predictors; Table 1 lists 41. Requires original paper file for strict shape matching.', 'paper_shape': [299285, 41, 2], 'source': 'UCI 117 Census-Income (KDD), both partitions, excluding instance weight', 'url': 'https://archive.ics.uci.edu/dataset/117/census+income+kdd'}, 'strict_paper_shape': False}",0,0,0.04111456108092121,4.586042801296402,5490227,5,PRIMARY,1197160,40,b92508d31b679f1b24fbd4b3da3e1e9eea2ee4fcd46ae77e70f5c3495e714d6e,1,,119713,29929,5,,0.9879554177750974,0.029304056981419604,KDB,0.4905740282590821,generative,0,149643,False,0.0,0.46581120282153754,71.21503540000413,9ea543812ebc18a3c7774e2dec0d4f1a486d548a9bdbd5706d20e4201b0f9d70,119713,2,5536865,0.21793586388384767,0.8977107850065674,299285,1.0,False,"repeat=2,fold=1",cbf96fd9c55a63a9ef4136faeb13e213d5a029e6c8ba61eb4be002294da7707a,validation,936e24d2b5e6c044807b3260dcfcfd901e998cf33a1d483386f22e6266429239,5982f99fdd09fadc25cf7aa9455af01ce8db8e9f48bfd22b6066afc83a0e9d65,,,,
234832,,150694,150694,0.025175584557914504,2,0.0540887311802089,2e219c54a929d16f0cc7,,,,63.46082849998493,0,CensusIncome,"UCI 117 Census-Income (KDD), both partitions, excluding instance weight","{'extension': 'fewpla-datasets-v1', 'override': None, 'registry': {'group': 'core', 'note': 'UCI instructs excluding instance weight, giving 40 predictors; Table 1 lists 41. Requires original paper file for strict shape matching.', 'paper_shape': [299285, 41, 2], 'source': 'UCI 117 Census-Income (KDD), both partitions, excluding instance weight', 'url': 'https://archive.ics.uci.edu/dataset/117/census+income+kdd'}, 'strict_paper_shape': False}",0,0,0.04169491594067621,4.586274165848051,27452153,5,PRIMARY,5985720,40,b92508d31b679f1b24fbd4b3da3e1e9eea2ee4fcd46ae77e70f5c3495e714d6e,1,,119713,29929,5,,0.9876061847604674,0.030030652323205117,KDB,0.484519546605558,generative,0,149643,False,0.0,0.45646346279649896,72.51802329998463,fab342473fd193caf1767514b687ef7964bdb63070ae1b55b17fc483e69a9f2a,119713,2,27683955,0.2195083536192894,0.8995044383464535,299285,1.0,False,"repeat=2,fold=1",cbf96fd9c55a63a9ef4136faeb13e213d5a029e6c8ba61eb4be002294da7707a,test,936e24d2b5e6c044807b3260dcfcfd901e998cf33a1d483386f22e6266429239,5982f99fdd09fadc25cf7aa9455af01ce8db8e9f48bfd22b6066afc83a0e9d65,,,,
40,,0,0,0.0,2,0.23712347762166497,2e219c54a929d16f0cc7,,,,5.4731400000164285,0,CensusIncome,"UCI 117 Census-Income (KDD), both partitions, excluding instance weight","{'extension': 'fewpla-datasets-v1', 'override': None, 'registry': {'group': 'core', 'note': 'UCI instructs excluding instance weight, giving 40 predictors; Table 1 lists 41. Requires original paper file for strict shape matching.', 'paper_shape': [299285, 41, 2], 'source': 'UCI 117 Census-Income (KDD), both partitions, excluding instance weight', 'url': 'https://archive.ics.uci.edu/dataset/117/census+income+kdd'}, 'strict_paper_shape': False}",0,0,0.20577815570152447,0.0,0,0,PRIMARY,4788560,40,596cf5c648f32b4351348c0d9005746d2a85400d0887f6ec7c40fedc1fa5c63f,2,,119714,29929,0,,0.9686546780798596,0.07337069094451182,KDB,1.3266486494025502,generative,0,149642,False,0.0,0.5767424859814879,0.7743898999760859,9ee3d65d5576bed1abfdb49699fdc8905d204f7189dd63242e3bbd1503db0d42,119714,2,0,0.4613705210669239,0.9244927495530101,299285,1.0,False,"repeat=2,fold=2",61a83210feeb65ae583632fe54375947271c48ba65ac48e483017bf81116e95c,train,4a857db1ffc0544e571efae3b3259fa3e4710e2e276e4617997f4fd4ad318317,b758943d68df4449a1ff96aee88755263c61a4e375ced2a7f8cc6798b00a4a96,,,,
40,,0,0,0.0,2,0.2342209896755655,2e219c54a929d16f0cc7,,,,5.4731400000164285,0,CensusIncome,"UCI 117 Census-Income (KDD), both partitions, excluding instance weight","{'extension': 'fewpla-datasets-v1', 'override': None, 'registry': {'group': 'core', 'note': 'UCI instructs excluding instance weight, giving 40 predictors; Table 1 lists 41. Requires original paper file for strict shape matching.', 'paper_shape': [299285, 41, 2], 'source': 'UCI 117 Census-Income (KDD), both partitions, excluding instance weight', 'url': 'https://archive.ics.uci.edu/dataset/117/census+income+kdd'}, 'strict_paper_shape': False}",0,0,0.2037359676692956,0.0,0,0,PRIMARY,1197160,40,596cf5c648f32b4351348c0d9005746d2a85400d0887f6ec7c40fedc1fa5c63f,2,,119714,29929,0,,0.96951497799373,0.07144741461687736,KDB,1.328111199703684,generative,0,149642,False,0.0,0.5645649197595365,0.1858358000172302,d273cd27fe6a5adf1aaaa2e25053e1007bb405e21539eb808ce7c83025c9ffba,119714,2,0,0.45912819390339416,0.9242256487779021,299285,1.0,False,"repeat=2,fold=2",61a83210feeb65ae583632fe54375947271c48ba65ac48e483017bf81116e95c,validation,4a857db1ffc0544e571efae3b3259fa3e4710e2e276e4617997f4fd4ad318317,b758943d68df4449a1ff96aee88755263c61a4e375ced2a7f8cc6798b00a4a96,,,,
40,,0,0,0.0,2,0.23675171409096377,2e219c54a929d16f0cc7,,,,5.4731400000164285,0,CensusIncome,"UCI 117 Census-Income (KDD), both partitions, excluding instance weight","{'extension': 'fewpla-datasets-v1', 'override': None, 'registry': {'group': 'core', 'note': 'UCI instructs excluding instance weight, giving 40 predictors; Table 1 lists 41. Requires original paper file for strict shape matching.', 'paper_shape': [299285, 41, 2], 'source': 'UCI 117 Census-Income (KDD), both partitions, excluding instance weight', 'url': 'https://archive.ics.uci.edu/dataset/117/census+income+kdd'}, 'strict_paper_shape': False}",0,0,0.20573407865975699,0.0,0,0,PRIMARY,5985680,40,596cf5c648f32b4351348c0d9005746d2a85400d0887f6ec7c40fedc1fa5c63f,2,,119714,29929,0,,0.9689823645687932,0.07219266170315813,KDB,1.3262715000552274,generative,0,149642,False,0.0,0.5885454017765934,0.8553872000193223,453c2eea1d600f80a9f65c4e33f51fd8dbf7f0a46c77d60677549ac43bf225c2,119714,2,0,0.46117618550723055,0.9266053227777686,299285,1.0,False,"repeat=2,fold=2",61a83210feeb65ae583632fe54375947271c48ba65ac48e483017bf81116e95c,test,4a857db1ffc0544e571efae3b3259fa3e4710e2e276e4617997f4fd4ad318317,b758943d68df4449a1ff96aee88755263c61a4e375ced2a7f8cc6798b00a4a96,,,,
1094,,0,0,0.0,2,0.05562423776667725,2e219c54a929d16f0cc7,,,,48.81165180000244,0,CensusIncome,"UCI 117 Census-Income (KDD), both partitions, excluding instance weight","{'extension': 'fewpla-datasets-v1', 'override': None, 'registry': {'group': 'core', 'note': 'UCI instructs excluding instance weight, giving 40 predictors; Table 1 lists 41. Requires original paper file for strict shape matching.', 'paper_shape': [299285, 41, 2], 'source': 'UCI 117 Census-Income (KDD), both partitions, excluding instance weight', 'url': 'https://archive.ics.uci.edu/dataset/117/census+income+kdd'}, 'strict_paper_shape': False}",0,0,0.013537052809744841,0.975,4668846,1,PRIMARY,4788560,40,596cf5c648f32b4351348c0d9005746d2a85400d0887f6ec7c40fedc1fa5c63f,2,,119714,29929,1,,0.9579128150430674,0.10049478860281694,KDB,0.1385206376410097,generative,0,149642,False,0.0,0.6819298958270587,1.1293081000330858,150478b8bfd1493140e0dc1f0ec5d16f48eaa1c0b2e67ed3873f7d2a25ad20ff,119714,2,4668846,0.2018575486822411,0.955484763493072,299285,1.0,False,"repeat=2,fold=2",d939eb6c071509e9d65a1aedf5aceb9c5bf0e5fe4b04d06eb6ddf4cfe22b0e5b,train,4a857db1ffc0544e571efae3b3259fa3e4710e2e276e4617997f4fd4ad318317,b758943d68df4449a1ff96aee88755263c61a4e375ced2a7f8cc6798b00a4a96,,,,
1094,,7,7,5.847171639546928e-06,2,0.06348357780079522,2e219c54a929d16f0cc7,,,,48.81165180000244,0,CensusIncome,"UCI 117 Census-Income (KDD), both partitions, excluding instance weight","{'extension': 'fewpla-datasets-v1', 'override': None, 'registry': {'group': 'core', 'note': 'UCI instructs excluding instance weight, giving 40 predictors; Table 1 lists 41. Requires original paper file for strict shape matching.', 'paper_shape': [299285, 41, 2], 'source': 'UCI 117 Census-Income (KDD), both partitions, excluding instance weight', 'url': 'https://archive.ics.uci.edu/dataset/117/census+income+kdd'}, 'strict_paper_shape': False}",0,0,0.01995798791389742,0.9749941528283604,1167224,1,PRIMARY,1197160,40,596cf5c648f32b4351348c0d9005746d2a85400d0887f6ec7c40fedc1fa5c63f,2,,119714,29929,1,,0.9564744101131023,0.10367257511480882,KDB,0.16989913923439875,generative,0,149642,False,0.0,0.6018332043139537,0.4333980000228621,e067a85aa304c576ba9f5d7fd40512e4c6ffa9efce084aac3974325f1785b697,119714,2,1167231,0.21782961331842926,0.9346211806612216,299285,1.0,False,"repeat=2,fold=2",d939eb6c071509e9d65a1aedf5aceb9c5bf0e5fe4b04d06eb6ddf4cfe22b0e5b,validation,4a857db1ffc0544e571efae3b3259fa3e4710e2e276e4617997f4fd4ad318317,b758943d68df4449a1ff96aee88755263c61a4e375ced2a7f8cc6798b00a4a96,,,,
1094,,49,49,8.18620440785341e-06,2,0.06074497801419387,2e219c54a929d16f0cc7,,,,48.81165180000244,0,CensusIncome,"UCI 117 Census-Income (KDD), both partitions, excluding instance weight","{'extension': 'fewpla-datasets-v1', 'override': None, 'registry': {'group': 'core', 'note': 'UCI instructs excluding instance weight, giving 40 predictors; Table 1 lists 41. Requires original paper file for strict shape matching.', 'paper_shape': [299285, 41, 2], 'source': 'UCI 117 Census-Income (KDD), both partitions, excluding instance weight', 'url': 'https://archive.ics.uci.edu/dataset/117/census+income+kdd'}, 'strict_paper_shape': False}",0,0,0.018328535750023595,0.9749918137955922,5835989,1,PRIMARY,5985680,40,596cf5c648f32b4351348c0d9005746d2a85400d0887f6ec7c40fedc1fa5c63f,2,,119714,29929,1,,0.9573646245394555,0.10170861400572212,KDB,0.1650725227390792,generative,0,149642,False,0.0,0.6151145582999198,1.5615922000142746,473eb14c4677275c60d9be5dead8673d561c13a601660b384aa31d0a9a92775a,119714,2,5836038,0.21347543288736848,0.9366427020198285,299285,1.0,False,"repeat=2,fold=2",d939eb6c071509e9d65a1aedf5aceb9c5bf0e5fe4b04d06eb6ddf4cfe22b0e5b,test,4a857db1ffc0544e571efae3b3259fa3e4710e2e276e4617997f4fd4ad318317,b758943d68df4449a1ff96aee88755263c61a4e375ced2a7f8cc6798b00a4a96,,,,
9650,,0,0,0.0,2,0.03896787343167883,2e219c54a929d16f0cc7,,,,48.81165180000244,0,CensusIncome,"UCI 117 Census-Income (KDD), both partitions, excluding instance weight","{'extension': 'fewpla-datasets-v1', 'override': None, 'registry': {'group': 'core', 'note': 'UCI instructs excluding instance weight, giving 40 predictors; Table 1 lists 41. Requires original paper file for strict shape matching.', 'paper_shape': [299285, 41, 2], 'source': 'UCI 117 Census-Income (KDD), both partitions, excluding instance weight', 'url': 'https://archive.ics.uci.edu/dataset/117/census+income+kdd'}, 'strict_paper_shape': False}",0,0,0.007117540847779331,1.925,9217978,2,PRIMARY,4788560,40,596cf5c648f32b4351348c0d9005746d2a85400d0887f6ec7c40fedc1fa5c63f,2,,119714,29929,2,,0.9679625816304983,0.07801569137366897,KDB,0.09811661840381211,generative,0,149642,False,0.0,0.7606303923797697,3.210064200044144,b0c514141d762bd17024055a0cd1d06bb1ae132a4dbea6c085f22236489e141e,119714,2,9217978,0.17015132847953554,0.971975797117695,299285,1.0,False,"repeat=2,fold=2",90e95541c1cea243be6c7cb5f00d5e7d5e4a01a72f1119d587c27d208fc78243,train,4a857db1ffc0544e571efae3b3259fa3e4710e2e276e4617997f4fd4ad318317,b758943d68df4449a1ff96aee88755263c61a4e375ced2a7f8cc6798b00a4a96,,,,
9650,,332,332,0.0002773229977613686,2,0.053025493668348425,2e219c54a929d16f0cc7,,,,48.81165180000244,0,CensusIncome,"UCI 117 Census-Income (KDD), both partitions, excluding instance weight","{'extension': 'fewpla-datasets-v1', 'override': None, 'registry': {'group': 'core', 'note': 'UCI instructs excluding instance weight, giving 40 predictors; Table 1 lists 41. Requires original paper file for strict shape matching.', 'paper_shape': [299285, 41, 2], 'source': 'UCI 117 Census-Income (KDD), both partitions, excluding instance weight', 'url': 'https://archive.ics.uci.edu/dataset/117/census+income+kdd'}, 'strict_paper_shape': False}",0,0,0.018939622269463368,1.924716829830599,2304194,2,PRIMARY,1197160,40,596cf5c648f32b4351348c0d9005746d2a85400d0887f6ec7c40fedc1fa5c63f,2,,119714,29929,2,,0.9659141286011149,0.08242542592678134,KDB,0.17594719097679332,generative,0,149642,False,0.0,0.584092634959794,2.6381025000009686,05bbb140c9a00256261ac099c3fc5be66e73d98bbe2c48076b589e238388c863,119714,2,2304533,0.20274913359510335,0.9248827789238934,299285,1.0,False,"repeat=2,fold=2",90e95541c1cea243be6c7cb5f00d5e7d5e4a01a72f1119d587c27d208fc78243,validation,4a857db1ffc0544e571efae3b3259fa3e4710e2e276e4617997f4fd4ad318317,b758943d68df4449a1ff96aee88755263c61a4e375ced2a7f8cc6798b00a4a96,,,,
9650,,1771,1771,0.00029587281645527326,2,0.051148741663436734,2e219c54a929d16f0cc7,,,,48.81165180000244,0,CensusIncome,"UCI 117 Census-Income (KDD), both partitions, excluding instance weight","{'extension': 'fewpla-datasets-v1', 'override': None, 'registry': {'group': 'core', 'note': 'UCI instructs excluding instance weight, giving 40 predictors; Table 1 lists 41. Requires original paper file for strict shape matching.', 'paper_shape': [299285, 41, 2], 'source': 'UCI 117 Census-Income (KDD), both partitions, excluding instance weight', 'url': 'https://archive.ics.uci.edu/dataset/117/census+income+kdd'}, 'strict_paper_shape': False}",0,0,0.0178521355888451,1.9246959409791369,11520614,2,PRIMARY,5985680,40,596cf5c648f32b4351348c0d9005746d2a85400d0887f6ec7c40fedc1fa5c63f,2,,119714,29929,2,,0.9667033939254082,0.08067453677227007,KDB,0.1699096161677014,generative,0,149642,False,0.0,0.5966293312363454,3.3014286999823526,54312a628021285cdb0d78d41a1b67fc6c1c386414ca417bd81358d6bca8db87,119714,2,11522434,0.19905785877627447,0.9280783287260773,299285,1.0,False,"repeat=2,fold=2",90e95541c1cea243be6c7cb5f00d5e7d5e4a01a72f1119d587c27d208fc78243,test,4a857db1ffc0544e571efae3b3259fa3e4710e2e276e4617997f4fd4ad318317,b758943d68df4449a1ff96aee88755263c61a4e375ced2a7f8cc6798b00a4a96,,,,
45145,,0,0,0.0,2,0.024165928796966104,2e219c54a929d16f0cc7,,,,48.81165180000244,0,CensusIncome,"UCI 117 Census-Income (KDD), both partitions, excluding instance weight","{'extension': 'fewpla-datasets-v1', 'override': None, 'registry': {'group': 'core', 'note': 'UCI instructs excluding instance weight, giving 40 predictors; Table 1 lists 41. Requires original paper file for strict shape matching.', 'paper_shape': [299285, 41, 2], 'source': 'UCI 117 Census-Income (KDD), both partitions, excluding instance weight', 'url': 'https://archive.ics.uci.edu/dataset/117/census+income+kdd'}, 'strict_paper_shape': False}",0,0,0.005174421098719297,2.85,13647396,3,PRIMARY,4788560,40,596cf5c648f32b4351348c0d9005746d2a85400d0887f6ec7c40fedc1fa5c63f,2,,119714,29929,3,,0.9810084923017532,0.046472848516617336,KDB,0.060304784388463865,generative,0,149642,False,0.0,0.8923022983820914,14.655219000007492,cc8532560a14f872e466160c8602346e14ebeb843152deb373436c2b245d349b,119714,2,13647396,0.13353501290232817,0.9895114415744477,299285,1.0,False,"repeat=2,fold=2",099563c68a2fe5d601eeb96969cc073a127fd9a1e319c5840b3d1dd19e1281a7,train,4a857db1ffc0544e571efae3b3259fa3e4710e2e276e4617997f4fd4ad318317,b758943d68df4449a1ff96aee88755263c61a4e375ced2a7f8cc6798b00a4a96,,,,
45145,,3106,3106,0.002594473587490394,2,0.05319255571519262,2e219c54a929d16f0cc7,,,,48.81165180000244,0,CensusIncome,"UCI 117 Census-Income (KDD), both partitions, excluding instance weight","{'extension': 'fewpla-datasets-v1', 'override': None, 'registry': {'group': 'core', 'note': 'UCI instructs excluding instance weight, giving 40 predictors; Table 1 lists 41. Requires original paper file for strict shape matching.', 'paper_shape': [299285, 41, 2], 'source': 'UCI 117 Census-Income (KDD), both partitions, excluding instance weight', 'url': 'https://archive.ics.uci.edu/dataset/117/census+income+kdd'}, 'strict_paper_shape': False}",0,0,0.029178451543774065,2.8471340505863876,3408475,3,PRIMARY,1197160,40,596cf5c648f32b4351348c0d9005746d2a85400d0887f6ec7c40fedc1fa5c63f,2,,119714,29929,3,,0.9759858958285815,0.057832796090038385,KDB,0.24179507071944983,generative,0,149642,False,0.0,0.5299140054314928,14.596186399983708,f8324392e7286fe22f86914b2280c4033a957859ade77d370a2baeed59520c95,119714,2,3411906,0.2090524491010501,0.9118839136320436,299285,1.0,False,"repeat=2,fold=2",099563c68a2fe5d601eeb96969cc073a127fd9a1e319c5840b3d1dd19e1281a7,validation,4a857db1ffc0544e571efae3b3259fa3e4710e2e276e4617997f4fd4ad318317,b758943d68df4449a1ff96aee88755263c61a4e375ced2a7f8cc6798b00a4a96,,,,
45145,,15820,15820,0.002642974565964101,2,0.05117547212680932,2e219c54a929d16f0cc7,,,,48.81165180000244,0,CensusIncome,"UCI 117 Census-Income (KDD), both partitions, excluding instance weight","{'extension': 'fewpla-datasets-v1', 'override': None, 'registry': {'group': 'core', 'note': 'UCI instructs excluding instance weight, giving 40 predictors; Table 1 lists 41. Requires original paper file for strict shape matching.', 'paper_shape': [299285, 41, 2], 'source': 'UCI 117 Census-Income (KDD), both partitions, excluding instance weight', 'url': 'https://archive.ics.uci.edu/dataset/117/census+income+kdd'}, 'strict_paper_shape': False}",0,0,0.029012366185486273,2.8470634915331257,17041611,3,PRIMARY,5985680,40,596cf5c648f32b4351348c0d9005746d2a85400d0887f6ec7c40fedc1fa5c63f,2,,119714,29929,3,,0.9772859340805259,0.05505102674406246,KDB,0.2395158673447339,generative,0,149642,False,0.0,0.5338246699000275,14.809832700004335,94cac5d8bd6f3377dc30c440c7d83fdfa8e814ef9f2f3043f286ea30426c7d0c,119714,2,17059188,0.20621149765426441,0.91423369933838,299285,1.0,False,"repeat=2,fold=2",099563c68a2fe5d601eeb96969cc073a127fd9a1e319c5840b3d1dd19e1281a7,test,4a857db1ffc0544e571efae3b3259fa3e4710e2e276e4617997f4fd4ad318317,b758943d68df4449a1ff96aee88755263c61a4e375ced2a7f8cc6798b00a4a96,,,,
128579,,0,0,0.0,2,0.01840219189067277,2e219c54a929d16f0cc7,,,,48.81165180000244,0,CensusIncome,"UCI 117 Census-Income (KDD), both partitions, excluding instance weight","{'extension': 'fewpla-datasets-v1', 'override': None, 'registry': {'group': 'core', 'note': 'UCI instructs excluding instance weight, giving 40 predictors; Table 1 lists 41. Requires original paper file for strict shape matching.', 'paper_shape': [299285, 41, 2], 'source': 'UCI 117 Census-Income (KDD), both partitions, excluding instance weight', 'url': 'https://archive.ics.uci.edu/dataset/117/census+income+kdd'}, 'strict_paper_shape': False}",0,0,0.0058664737219465204,3.75,17957100,4,PRIMARY,4788560,40,596cf5c648f32b4351348c0d9005746d2a85400d0887f6ec7c40fedc1fa5c63f,2,,119714,29929,4,,0.9874642818312735,0.030922956463242227,KDB,0.048407911027961235,generative,0,149642,False,0.0,0.933776344683252,46.74967689998448,6ccec18cc9f5acc7628f7ab9d1d6b84c207ba6d497b8dabcb826ce7462c64798,119714,2,17957100,0.11785659210406117,0.9937181699836618,299285,1.0,False,"repeat=2,fold=2",f34d3f8498f8009d3a51d1c4a51967055c28f8f94f9f56788b100b2fca2e27ca,train,4a857db1ffc0544e571efae3b3259fa3e4710e2e276e4617997f4fd4ad318317,b758943d68df4449a1ff96aee88755263c61a4e375ced2a7f8cc6798b00a4a96,,,,
128579,,13835,13835,0.011556517090447391,2,0.05409469076815129,2e219c54a929d16f0cc7,,,,48.81165180000244,0,CensusIncome,"UCI 117 Census-Income (KDD), both partitions, excluding instance weight","{'extension': 'fewpla-datasets-v1', 'override': None, 'registry': {'group': 'core', 'note': 'UCI instructs excluding instance weight, giving 40 predictors; Table 1 lists 41. Requires original paper file for strict shape matching.', 'paper_shape': [299285, 41, 2], 'source': 'UCI 117 Census-Income (KDD), both partitions, excluding instance weight', 'url': 'https://archive.ics.uci.edu/dataset/117/census+income+kdd'}, 'strict_paper_shape': False}",0,0,0.03739133884076549,3.7356009221824986,4472112,4,PRIMARY,1197160,40,596cf5c648f32b4351348c0d9005746d2a85400d0887f6ec7c40fedc1fa5c63f,2,,119714,29929,4,,0.9832966480726143,0.04061000422290841,KDB,0.3596514564696691,generative,0,149642,False,0.0,0.47992450439625034,45.74636200000532,add63a5b739212f6c4e5e1aa94958c6ccb31587ea6c51c5ab9f212532e849a64,119714,2,4489350,0.21648481219835078,0.8980252314496164,299285,1.0,False,"repeat=2,fold=2",f34d3f8498f8009d3a51d1c4a51967055c28f8f94f9f56788b100b2fca2e27ca,validation,4a857db1ffc0544e571efae3b3259fa3e4710e2e276e4617997f4fd4ad318317,b758943d68df4449a1ff96aee88755263c61a4e375ced2a7f8cc6798b00a4a96,,,,
128579,,69732,69732,0.011649804199355795,2,0.0529730957886155,2e219c54a929d16f0cc7,,,,48.81165180000244,0,CensusIncome,"UCI 117 Census-Income (KDD), both partitions, excluding instance weight","{'extension': 'fewpla-datasets-v1', 'override': None, 'registry': {'group': 'core', 'note': 'UCI instructs excluding instance weight, giving 40 predictors; Table 1 lists 41. Requires original paper file for strict shape matching.', 'paper_shape': [299285, 41, 2], 'source': 'UCI 117 Census-Income (KDD), both partitions, excluding instance weight', 'url': 'https://archive.ics.uci.edu/dataset/117/census+income+kdd'}, 'strict_paper_shape': False}",0,0,0.03678768748467938,3.735434737573676,22359117,4,PRIMARY,5985680,40,596cf5c648f32b4351348c0d9005746d2a85400d0887f6ec7c40fedc1fa5c63f,2,,119714,29929,4,,0.983814591696064,0.03927217024183864,KDB,0.3509606250557313,generative,0,149642,False,0.0,0.4829031186157178,48.41200909996405,7c5084d56ae914ad02b362171bbf16497914baee226279b48d6c9a6c7a4420bf,119714,2,22446300,0.21473185015656882,0.9020211086644634,299285,1.0,False,"repeat=2,fold=2",f34d3f8498f8009d3a51d1c4a51967055c28f8f94f9f56788b100b2fca2e27ca,test,4a857db1ffc0544e571efae3b3259fa3e4710e2e276e4617997f4fd4ad318317,b758943d68df4449a1ff96aee88755263c61a4e375ced2a7f8cc6798b00a4a96,,,,
259621,,0,0,0.0,2,0.01682342917286199,2e219c54a929d16f0cc7,,,,48.81165180000244,0,CensusIncome,"UCI 117 Census-Income (KDD), both partitions, excluding instance weight","{'extension': 'fewpla-datasets-v1', 'override': None, 'registry': {'group': 'core', 'note': 'UCI instructs excluding instance weight, giving 40 predictors; Table 1 lists 41. Requires original paper file for strict shape matching.', 'paper_shape': [299285, 41, 2], 'source': 'UCI 117 Census-Income (KDD), both partitions, excluding instance weight', 'url': 'https://archive.ics.uci.edu/dataset/117/census+income+kdd'}, 'strict_paper_shape': False}",0,0,0.007295979739789896,4.625,22147090,5,PRIMARY,4788560,40,596cf5c648f32b4351348c0d9005746d2a85400d0887f6ec7c40fedc1fa5c63f,2,,119714,29929,5,,0.990472550566928,0.023364722382724006,KDB,0.04694945391456267,generative,0,149642,False,0.0,0.9457749932734021,87.28635330003453,6b3f97b54019c4c358fd7ff96dfbd259018d974f7565dc77541fa0b13037d48f,119714,2,22147090,0.11329658399565948,0.9949560884809222,299285,1.0,False,"repeat=2,fold=2",17e89ca432583e1d994638970bcf925870b25ac392b37ecf8cc718206ce2ce09,train,4a857db1ffc0544e571efae3b3259fa3e4710e2e276e4617997f4fd4ad318317,b758943d68df4449a1ff96aee88755263c61a4e375ced2a7f8cc6798b00a4a96,,,,
259621,,33608,33608,0.02807310635169902,2,0.05482976377426576,2e219c54a929d16f0cc7,,,,48.81165180000244,0,CensusIncome,"UCI 117 Census-Income (KDD), both partitions, excluding instance weight","{'extension': 'fewpla-datasets-v1', 'override': None, 'registry': {'group': 'core', 'note': 'UCI instructs excluding instance weight, giving 40 predictors; Table 1 lists 41. Requires original paper file for strict shape matching.', 'paper_shape': [299285, 41, 2], 'source': 'UCI 117 Census-Income (KDD), both partitions, excluding instance weight', 'url': 'https://archive.ics.uci.edu/dataset/117/census+income+kdd'}, 'strict_paper_shape': False}",0,0,0.04296369450172978,4.5826514417454645,5486167,5,PRIMARY,1197160,40,596cf5c648f32b4351348c0d9005746d2a85400d0887f6ec7c40fedc1fa5c63f,2,,119714,29929,5,,0.9881339307274641,0.029065606991457136,KDB,0.5161783053528515,generative,0,149642,False,0.0,0.44831950629719536,84.30882009997731,6664ed1032cbe459e4c10ab69b28369afef846f8d4d5a1859f28f09e4149aed6,119714,2,5536865,0.2219801310687823,0.8905457721378967,299285,1.0,False,"repeat=2,fold=2",17e89ca432583e1d994638970bcf925870b25ac392b37ecf8cc718206ce2ce09,validation,4a857db1ffc0544e571efae3b3259fa3e4710e2e276e4617997f4fd4ad318317,b758943d68df4449a1ff96aee88755263c61a4e375ced2a7f8cc6798b00a4a96,,,,
259621,,168432,168432,0.028139158792317664,2,0.05398885339677363,2e219c54a929d16f0cc7,,,,48.81165180000244,0,CensusIncome,"UCI 117 Census-Income (KDD), both partitions, excluding instance weight","{'extension': 'fewpla-datasets-v1', 'override': None, 'registry': {'group': 'core', 'note': 'UCI instructs excluding instance weight, giving 40 predictors; Table 1 lists 41. Requires original paper file for strict shape matching.', 'paper_shape': [299285, 41, 2], 'source': 'UCI 117 Census-Income (KDD), both partitions, excluding instance weight', 'url': 'https://archive.ics.uci.edu/dataset/117/census+income+kdd'}, 'strict_paper_shape': False}",0,0,0.042076612987899956,4.582430400555993,27428962,5,PRIMARY,5985680,40,596cf5c648f32b4351348c0d9005746d2a85400d0887f6ec7c40fedc1fa5c63f,2,,119714,29929,5,,0.9880877595911259,0.02876626803011627,KDB,0.5005925703791065,generative,0,149642,False,0.0,0.44961108282723083,84.735697600001,78b5e01a6f28f780a7057ddb0e4c05f9f95a84c225e33098b6df68929359c3bd,119714,2,27683770,0.22038816176782525,0.8950027888155443,299285,1.0,False,"repeat=2,fold=2",17e89ca432583e1d994638970bcf925870b25ac392b37ecf8cc718206ce2ce09,test,4a857db1ffc0544e571efae3b3259fa3e4710e2e276e4617997f4fd4ad318317,b758943d68df4449a1ff96aee88755263c61a4e375ced2a7f8cc6798b00a4a96,,,,
