dataset,split_id,repeat,fold,k,effective_k,model_variant,learning_rate,learning_rate_role,optimizer,rows,features,classes,inner_fit_rows,inner_validation_rows,outer_test_rows,sample_fraction,order_seed,structure_sha256,discriminative_parameter_count,active_generative_contexts,parameter_to_training_row_ratio,best_validation_pass,first_sustained_deterioration_pass,final_pass,initial_train_nll,initial_validation_nll,initial_test_nll,d1_train_nll,d1_validation_nll,d1_test_nll,best_train_nll,best_validation_nll,best_test_nll,d10_train_nll,d10_validation_nll,d10_test_nll,final_train_nll,final_validation_nll,final_test_nll,train_divergence,validation_degradation,test_degradation,generalisation_gap_best,generalisation_gap_final,gap_growth,d1_minus_best_validation_nll,d10_minus_best_validation_nll,d1_train_rmse,d1_validation_rmse,d1_test_rmse,d10_train_rmse,d10_validation_rmse,d10_test_rmse,best_train_rmse,best_validation_rmse,best_test_rmse,final_train_rmse,final_validation_rmse,final_test_rmse,final_weight_l1,final_weight_l2,final_weight_max_abs,final_backoff_rate,final_backoff_corrections,context_support_median,context_support_mean,validation_rmse_degradation,test_rmse_degradation,train_rmse_divergence,rmse_gap_growth,classical_overfitting_pattern,kdb_test_nll,kdb_train_nll,kdb_validation_nll,kdb_test_rmse,kdb_train_rmse,kdb_validation_rmse,final_minus_kdb_validation_nll
Skin Segmentation,"repeat=1,fold=1",1,1,0,0,dKDB-current,0.01,fixed-0.01,adagrad,245057,3,2,98022,24506,122529,1.0,0,6ad42d10abe6cb18a9026189931c0f8456523a0d25f42baaf5e049527ae00f7b,178,3,0.0018159188753545123,20,,20,0.6931471805599454,0.6931471805599454,0.6931471805599453,0.4139816490716976,0.4134965620242972,0.41454004011603074,0.10354948115676553,0.10806212276981178,0.10690661283821208,0.10885251237065811,0.1128353598362741,0.11183857501547424,0.10354948115676553,0.10806212276981178,0.10690661283821208,0.0,0.0,0.0,0.0045126416130462504,0.0045126416130462504,0.0,0.30543443925448543,0.004773237066462321,0.3817060755012407,0.381677874329424,0.38178188001196045,0.17172914955157362,0.17515758152216163,0.17406131585710233,0.16403139079900012,0.16766442606873594,0.16653194634181837,0.16403139079900012,0.16766442606873594,0.16653194634181837,34.159684108670405,3.36426274908782,0.853029016241431,0.0,0.0,98022.0,98022.0,0.0,0.0,0.0,0.0,False,0.14164614052806931,0.13926088927962585,0.14283695330103321,0.20156339548807295,0.2000086925978747,0.20254429074280675,-0.034774830531221435
Skin Segmentation,"repeat=1,fold=1",1,1,0,0,dKDB-current,0.01,validation-selected,adagrad,245057,3,2,98022,24506,122529,1.0,0,6ad42d10abe6cb18a9026189931c0f8456523a0d25f42baaf5e049527ae00f7b,178,3,0.0018159188753545123,20,,20,0.6931471805599454,0.6931471805599454,0.6931471805599453,0.4139816490716976,0.4134965620242972,0.41454004011603074,0.10354948115676553,0.10806212276981178,0.10690661283821208,0.10885251237065811,0.1128353598362741,0.11183857501547424,0.10354948115676553,0.10806212276981178,0.10690661283821208,0.0,0.0,0.0,0.0045126416130462504,0.0045126416130462504,0.0,0.30543443925448543,0.004773237066462321,0.3817060755012407,0.381677874329424,0.38178188001196045,0.17172914955157362,0.17515758152216163,0.17406131585710233,0.16403139079900012,0.16766442606873594,0.16653194634181837,0.16403139079900012,0.16766442606873594,0.16653194634181837,34.159684108670405,3.36426274908782,0.853029016241431,0.0,0.0,98022.0,98022.0,0.0,0.0,0.0,0.0,False,0.14164614052806931,0.13926088927962585,0.14283695330103321,0.20156339548807295,0.2000086925978747,0.20254429074280675,-0.034774830531221435
Skin Segmentation,"repeat=1,fold=1",1,1,0,0,dKDB-generative-init,0.01,fixed-0.01,adagrad,245057,3,2,98022,24506,122529,1.0,0,6ad42d10abe6cb18a9026189931c0f8456523a0d25f42baaf5e049527ae00f7b,178,3,0.0018159188753545123,20,,20,0.13926088927962585,0.14283695330103321,0.14164614052806931,0.2007620405297137,0.20350532995628512,0.2030216788008462,0.10296229033112055,0.10768527665700994,0.10653696086753717,0.10705383432020592,0.11144626536945244,0.11034286989134123,0.10296229033112055,0.10768527665700994,0.10653696086753717,0.0,0.0,0.0,0.004722986325889397,0.004722986325889397,0.0,0.09582005329927518,0.0037609887124425007,0.25879186933479326,0.2610959407983903,0.26013470170150577,0.16879156625420294,0.17243843264529585,0.1712760778961793,0.16266133693170448,0.16641186439411018,0.16526581582193806,0.16266133693170448,0.16641186439411018,0.16526581582193806,178.00067306902895,13.49625007221456,1.4485306095699155,0.0,0.0,98022.0,98022.0,0.0,0.0,0.0,0.0,False,0.14164614052806931,0.13926088927962585,0.14283695330103321,0.20156339548807295,0.2000086925978747,0.20254429074280675,-0.03515167664402327
Skin Segmentation,"repeat=1,fold=1",1,1,0,0,dKDB-generative-init,0.01,validation-selected,adagrad,245057,3,2,98022,24506,122529,1.0,0,6ad42d10abe6cb18a9026189931c0f8456523a0d25f42baaf5e049527ae00f7b,178,3,0.0018159188753545123,20,,20,0.13926088927962585,0.14283695330103321,0.14164614052806931,0.2007620405297137,0.20350532995628512,0.2030216788008462,0.10296229033112055,0.10768527665700994,0.10653696086753717,0.10705383432020592,0.11144626536945244,0.11034286989134123,0.10296229033112055,0.10768527665700994,0.10653696086753717,0.0,0.0,0.0,0.004722986325889397,0.004722986325889397,0.0,0.09582005329927518,0.0037609887124425007,0.25879186933479326,0.2610959407983903,0.26013470170150577,0.16879156625420294,0.17243843264529585,0.1712760778961793,0.16266133693170448,0.16641186439411018,0.16526581582193806,0.16266133693170448,0.16641186439411018,0.16526581582193806,178.00067306902895,13.49625007221456,1.4485306095699155,0.0,0.0,98022.0,98022.0,0.0,0.0,0.0,0.0,False,0.14164614052806931,0.13926088927962585,0.14283695330103321,0.20156339548807295,0.2000086925978747,0.20254429074280675,-0.03515167664402327
Skin Segmentation,"repeat=1,fold=1",1,1,1,1,dKDB-current,0.01,fixed-0.01,adagrad,245057,3,2,98022,24506,122529,1.0,0,fdc02b2535c0b99abc75de190a38b636b47dd8883fdee16bf79dbaa495f6802a,3634,57,0.037073310073248864,20,,20,0.6931471805599454,0.6931471805599454,0.6931471805599453,0.12955385079809928,0.13115971197219167,0.13160157537569228,0.0138207046177307,0.017392787072425846,0.016594981616289178,0.0183401519835772,0.02179714021892123,0.02086205741552654,0.0138207046177307,0.017392787072425846,0.016594981616289178,0.0,0.0,0.0,0.003572082454695147,0.003572082454695147,0.0,0.11376692489976582,0.004404353146495385,0.20437392737865298,0.20580641198784963,0.20625954739465208,0.060027319354816956,0.06935495201860299,0.06647933835907084,0.0526507907367868,0.06306059962706793,0.06026484114046603,0.0526507907367868,0.06306059962706793,0.06026484114046603,459.91962622183496,10.309081887876992,0.7314251457412492,0.0,0.0,2628.0,5159.0526315789475,0.0,0.0,0.0,0.0,False,0.021381552392652915,0.018113295699364224,0.023189262718059336,0.07376222701062142,0.07029982609852081,0.0792609917150876,-0.00579647564563349
Skin Segmentation,"repeat=1,fold=1",1,1,1,1,dKDB-current,0.1,validation-selected,adagrad,245057,3,2,98022,24506,122529,1.0,0,fdc02b2535c0b99abc75de190a38b636b47dd8883fdee16bf79dbaa495f6802a,3634,57,0.037073310073248864,20,,20,0.6931471805599454,0.6931471805599454,0.6931471805599453,0.4065993990095241,0.4098831556469736,0.40975951702379976,0.004952503890859684,0.010359933468453606,0.010789563650621399,0.00668345662995475,0.011474974432278942,0.011789956714204682,0.004952503890859684,0.010359933468453606,0.010789563650621399,0.0,0.0,0.0,0.0054074295775939215,0.0054074295775939215,0.0,0.39952322217852,0.0011150409638253367,0.358065495275354,0.35871701881302853,0.3587034900159721,0.04072270542890525,0.05302071313030372,0.0520599830219674,0.036051211257821146,0.050433721972744434,0.04904458377948963,0.036051211257821146,0.050433721972744434,0.04904458377948963,1376.5221956878004,29.625917714065224,2.139132930645079,0.0,0.0,2628.0,5159.0526315789475,0.0,0.0,0.0,0.0,False,0.021381552392652915,0.018113295699364224,0.023189262718059336,0.07376222701062142,0.07029982609852081,0.0792609917150876,-0.01282932924960573
Skin Segmentation,"repeat=1,fold=1",1,1,1,1,dKDB-generative-init,0.01,fixed-0.01,adagrad,245057,3,2,98022,24506,122529,1.0,0,fdc02b2535c0b99abc75de190a38b636b47dd8883fdee16bf79dbaa495f6802a,3634,57,0.037073310073248864,20,,20,0.018113295699364224,0.023189262718059336,0.021381552392652915,0.014697224050866969,0.02102855698715637,0.018696436006845105,0.0077751077784300885,0.01404405238036917,0.013721537376088755,0.009023387206796216,0.015155958849936776,0.014453929306713912,0.0077751077784300885,0.01404405238036917,0.013721537376088755,0.0,0.0,0.0,0.006268944601939081,0.006268944601939081,0.0,0.006984504606787201,0.0011119064695676063,0.06086420559105326,0.07148290815392323,0.06577348242348267,0.04740903328033427,0.060257901900257975,0.056382668168375075,0.044224596221915394,0.057999076871292556,0.05443394124057172,0.044224596221915394,0.057999076871292556,0.05443394124057172,3634.461878455915,60.79654982061488,1.751027214691527,0.0,0.0,2628.0,5159.0526315789475,0.0,0.0,0.0,0.0,False,0.021381552392652915,0.018113295699364224,0.023189262718059336,0.07376222701062142,0.07029982609852081,0.0792609917150876,-0.009145210337690167
Skin Segmentation,"repeat=1,fold=1",1,1,1,1,dKDB-generative-init,0.03,validation-selected,adagrad,245057,3,2,98022,24506,122529,1.0,0,fdc02b2535c0b99abc75de190a38b636b47dd8883fdee16bf79dbaa495f6802a,3634,57,0.037073310073248864,20,,20,0.018113295699364224,0.023189262718059336,0.021381552392652915,0.014945474264718074,0.020874405207060694,0.019031081678768717,0.005336167308784075,0.012778038292853601,0.013094409278758904,0.006336709036899222,0.013434280266613141,0.01334102008917437,0.005336167308784075,0.012778038292853601,0.013094409278758904,0.0,0.0,0.0,0.007441870984069526,0.007441870984069526,0.0,0.008096366914207093,0.0006562419737595401,0.06265344362287117,0.07191276627857672,0.06767656251727482,0.040654384085528905,0.05633945181974326,0.0523420326365573,0.03749349290805521,0.054140251547902515,0.05069203326122777,0.03749349290805521,0.054140251547902515,0.05069203326122777,3635.2583721296996,61.96831453667205,2.3373399223977445,0.0,0.0,2628.0,5159.0526315789475,0.0,0.0,0.0,0.0,False,0.021381552392652915,0.018113295699364224,0.023189262718059336,0.07376222701062142,0.07029982609852081,0.0792609917150876,-0.010411224425205735
Skin Segmentation,"repeat=1,fold=1",1,1,2,2,dKDB-current,0.01,fixed-0.01,adagrad,245057,3,2,98022,24506,122529,1.0,0,043774c253b5db849a91747362f6dcb05757f1043006bb04e47217dec756ebb9,46962,734,0.47909652935055397,20,,20,0.6931471805599454,0.6931471805599454,0.6931471805599453,0.1567959474267962,0.15999713683553082,0.1598503231853139,0.013381567341831907,0.018280011523373954,0.017421192218842276,0.01934893794770091,0.024023177021128998,0.023064890063174682,0.013381567341831907,0.018280011523373954,0.017421192218842276,0.0,0.0,0.0,0.004898444181542047,0.004898444181542047,0.0,0.14171712531215686,0.0057431654977550435,0.23059464309469188,0.23341474027503817,0.2330632081733605,0.06013790507137174,0.0715800695191945,0.06918002871368648,0.050166974212652385,0.06348083389603132,0.061149340197697015,0.050166974212652385,0.06348083389603132,0.061149340197697015,1040.2084006755001,14.721480472869594,0.9731131132105041,0.00013330177617815647,0.0,17.0,400.63487738419616,0.0,0.0,0.0,0.0,False,0.008371446667327935,0.002762497300101553,0.008763086454577698,0.047693231341229055,0.027861652419392927,0.04940484358994517,0.009516925068796256
Skin Segmentation,"repeat=1,fold=1",1,1,2,2,dKDB-current,0.1,validation-selected,adagrad,245057,3,2,98022,24506,122529,1.0,0,043774c253b5db849a91747362f6dcb05757f1043006bb04e47217dec756ebb9,46962,734,0.47909652935055397,12,13.0,20,0.6931471805599454,0.6931471805599454,0.6931471805599453,0.3634450682187329,0.36798659541040046,0.3693443478366104,0.0033364609563057432,0.01069957237464336,0.010321690504602488,0.00354548974176041,0.010722479340433537,0.010341816638492941,0.002960165784170571,0.010829428865324304,0.010443341235268237,-0.000376295172135172,0.00012985649068094317,0.00012165073066574932,0.0073631114183376175,0.007869263081153733,0.0005061516628161152,0.3572870230357571,2.290696579017662e-05,0.35197423905155467,0.35291351949863786,0.3535122889848507,0.03146532653563803,0.05175298314413308,0.051298784665632355,0.030869608579342848,0.051528026841089807,0.0510339427395356,0.029669757941197184,0.05119323790738687,0.05053563572698917,4243.052103958079,53.72331220157826,2.6227804356058444,0.00013330177617815647,0.0,17.0,400.63487738419616,-0.00033478893370293694,-0.0004983070125464256,-0.0011998506381456636,0.0008650617044427267,True,0.008371446667327935,0.002762497300101553,0.008763086454577698,0.047693231341229055,0.027861652419392927,0.04940484358994517,0.0020663424107466057
Skin Segmentation,"repeat=1,fold=1",1,1,2,2,dKDB-generative-init,0.01,fixed-0.01,adagrad,245057,3,2,98022,24506,122529,1.0,0,043774c253b5db849a91747362f6dcb05757f1043006bb04e47217dec756ebb9,46962,734,0.47909652935055397,0,1.0,20,0.002762497300101553,0.008763086454577698,0.008371446667327935,0.0030377997499154872,0.010942170611139574,0.010188817000833093,0.002762497300101553,0.008763086454577698,0.008371446667327935,0.0026500963262385386,0.010260962419601406,0.009650650433456193,0.0025928768395979437,0.010352300583121036,0.009778753328428437,-0.0001696204605036093,0.0015892141285433377,0.0014073066611005013,0.006000589154476145,0.007759423743523092,0.0017588345890469466,0.002179084156561876,0.0014978759650237077,0.028763018047257397,0.05389777884668318,0.05105783011088003,0.027939462926276117,0.05060916211703615,0.04853902696634555,0.027861652419392927,0.04940484358994517,0.047693231341229055,0.0278384468986025,0.04995481759899069,0.048077509632591824,46962.76780667292,217.16185877208926,2.0207944056817033,0.00013330177617815647,49.0,17.0,400.63487738419616,0.000549974009045516,0.00038427829136276903,-2.320552079042651e-05,0.0005731795298359425,True,0.008371446667327935,0.002762497300101553,0.008763086454577698,0.047693231341229055,0.027861652419392927,0.04940484358994517,0.0015892141285433377
Skin Segmentation,"repeat=1,fold=1",1,1,2,2,dKDB-generative-init,0.001,validation-selected,adagrad,245057,3,2,98022,24506,122529,1.0,0,043774c253b5db849a91747362f6dcb05757f1043006bb04e47217dec756ebb9,46962,734,0.47909652935055397,0,1.0,20,0.002762497300101553,0.008763086454577698,0.008371446667327935,0.0027821804272213416,0.00911549136277005,0.008681456369317758,0.002762497300101553,0.008763086454577698,0.008371446667327935,0.0027475768245083993,0.009120635709212758,0.008690641122421275,0.0027294976378353297,0.009127611767336364,0.008701181211463094,-3.2999662266223334e-05,0.0003645253127586654,0.00032973454413515874,0.006000589154476145,0.006398114129501034,0.00039752497502488875,0.0003524049081923518,0.00035754925463506,0.027986113091673804,0.05044572711959761,0.04839319027955299,0.027935704628034675,0.05024527866666853,0.048276457600286066,0.027861652419392927,0.04940484358994517,0.047693231341229055,0.0279084630168594,0.05012366578039498,0.048210278895195,46962.0663149084,216.72807290060834,1.3705233005433288,0.00013330177617815647,49.0,17.0,400.63487738419616,0.0007188221904498096,0.0005170475539659422,4.6810597466473425e-05,0.0006720115929833362,True,0.008371446667327935,0.002762497300101553,0.008763086454577698,0.047693231341229055,0.027861652419392927,0.04940484358994517,0.0003645253127586654
Skin Segmentation,"repeat=1,fold=1",1,1,3,2,dKDB-current,0.01,fixed-0.01,adagrad,245057,3,2,98022,24506,122529,1.0,0,043774c253b5db849a91747362f6dcb05757f1043006bb04e47217dec756ebb9,46962,734,0.47909652935055397,20,,20,0.6931471805599454,0.6931471805599454,0.6931471805599453,0.1567959474267962,0.15999713683553082,0.1598503231853139,0.013381567341831907,0.018280011523373954,0.017421192218842276,0.01934893794770091,0.024023177021128998,0.023064890063174682,0.013381567341831907,0.018280011523373954,0.017421192218842276,0.0,0.0,0.0,0.004898444181542047,0.004898444181542047,0.0,0.14171712531215686,0.0057431654977550435,0.23059464309469188,0.23341474027503817,0.2330632081733605,0.06013790507137174,0.0715800695191945,0.06918002871368648,0.050166974212652385,0.06348083389603132,0.061149340197697015,0.050166974212652385,0.06348083389603132,0.061149340197697015,1040.2084006755001,14.721480472869594,0.9731131132105041,0.00013330177617815647,0.0,17.0,400.63487738419616,0.0,0.0,0.0,0.0,False,0.008371446667327935,0.002762497300101553,0.008763086454577698,0.047693231341229055,0.027861652419392927,0.04940484358994517,0.009516925068796256
Skin Segmentation,"repeat=1,fold=1",1,1,3,2,dKDB-current,0.1,validation-selected,adagrad,245057,3,2,98022,24506,122529,1.0,0,043774c253b5db849a91747362f6dcb05757f1043006bb04e47217dec756ebb9,46962,734,0.47909652935055397,12,13.0,20,0.6931471805599454,0.6931471805599454,0.6931471805599453,0.3634450682187329,0.36798659541040046,0.3693443478366104,0.0033364609563057432,0.01069957237464336,0.010321690504602488,0.00354548974176041,0.010722479340433537,0.010341816638492941,0.002960165784170571,0.010829428865324304,0.010443341235268237,-0.000376295172135172,0.00012985649068094317,0.00012165073066574932,0.0073631114183376175,0.007869263081153733,0.0005061516628161152,0.3572870230357571,2.290696579017662e-05,0.35197423905155467,0.35291351949863786,0.3535122889848507,0.03146532653563803,0.05175298314413308,0.051298784665632355,0.030869608579342848,0.051528026841089807,0.0510339427395356,0.029669757941197184,0.05119323790738687,0.05053563572698917,4243.052103958079,53.72331220157826,2.6227804356058444,0.00013330177617815647,0.0,17.0,400.63487738419616,-0.00033478893370293694,-0.0004983070125464256,-0.0011998506381456636,0.0008650617044427267,True,0.008371446667327935,0.002762497300101553,0.008763086454577698,0.047693231341229055,0.027861652419392927,0.04940484358994517,0.0020663424107466057
Skin Segmentation,"repeat=1,fold=1",1,1,3,2,dKDB-generative-init,0.01,fixed-0.01,adagrad,245057,3,2,98022,24506,122529,1.0,0,043774c253b5db849a91747362f6dcb05757f1043006bb04e47217dec756ebb9,46962,734,0.47909652935055397,0,1.0,20,0.002762497300101553,0.008763086454577698,0.008371446667327935,0.0030377997499154872,0.010942170611139574,0.010188817000833093,0.002762497300101553,0.008763086454577698,0.008371446667327935,0.0026500963262385386,0.010260962419601406,0.009650650433456193,0.0025928768395979437,0.010352300583121036,0.009778753328428437,-0.0001696204605036093,0.0015892141285433377,0.0014073066611005013,0.006000589154476145,0.007759423743523092,0.0017588345890469466,0.002179084156561876,0.0014978759650237077,0.028763018047257397,0.05389777884668318,0.05105783011088003,0.027939462926276117,0.05060916211703615,0.04853902696634555,0.027861652419392927,0.04940484358994517,0.047693231341229055,0.0278384468986025,0.04995481759899069,0.048077509632591824,46962.76780667292,217.16185877208926,2.0207944056817033,0.00013330177617815647,49.0,17.0,400.63487738419616,0.000549974009045516,0.00038427829136276903,-2.320552079042651e-05,0.0005731795298359425,True,0.008371446667327935,0.002762497300101553,0.008763086454577698,0.047693231341229055,0.027861652419392927,0.04940484358994517,0.0015892141285433377
Skin Segmentation,"repeat=1,fold=1",1,1,3,2,dKDB-generative-init,0.001,validation-selected,adagrad,245057,3,2,98022,24506,122529,1.0,0,043774c253b5db849a91747362f6dcb05757f1043006bb04e47217dec756ebb9,46962,734,0.47909652935055397,0,1.0,20,0.002762497300101553,0.008763086454577698,0.008371446667327935,0.0027821804272213416,0.00911549136277005,0.008681456369317758,0.002762497300101553,0.008763086454577698,0.008371446667327935,0.0027475768245083993,0.009120635709212758,0.008690641122421275,0.0027294976378353297,0.009127611767336364,0.008701181211463094,-3.2999662266223334e-05,0.0003645253127586654,0.00032973454413515874,0.006000589154476145,0.006398114129501034,0.00039752497502488875,0.0003524049081923518,0.00035754925463506,0.027986113091673804,0.05044572711959761,0.04839319027955299,0.027935704628034675,0.05024527866666853,0.048276457600286066,0.027861652419392927,0.04940484358994517,0.047693231341229055,0.0279084630168594,0.05012366578039498,0.048210278895195,46962.0663149084,216.72807290060834,1.3705233005433288,0.00013330177617815647,49.0,17.0,400.63487738419616,0.0007188221904498096,0.0005170475539659422,4.6810597466473425e-05,0.0006720115929833362,True,0.008371446667327935,0.002762497300101553,0.008763086454577698,0.047693231341229055,0.027861652419392927,0.04940484358994517,0.0003645253127586654
Skin Segmentation,"repeat=1,fold=1",1,1,4,2,dKDB-current,0.01,fixed-0.01,adagrad,245057,3,2,98022,24506,122529,1.0,0,043774c253b5db849a91747362f6dcb05757f1043006bb04e47217dec756ebb9,46962,734,0.47909652935055397,20,,20,0.6931471805599454,0.6931471805599454,0.6931471805599453,0.1567959474267962,0.15999713683553082,0.1598503231853139,0.013381567341831907,0.018280011523373954,0.017421192218842276,0.01934893794770091,0.024023177021128998,0.023064890063174682,0.013381567341831907,0.018280011523373954,0.017421192218842276,0.0,0.0,0.0,0.004898444181542047,0.004898444181542047,0.0,0.14171712531215686,0.0057431654977550435,0.23059464309469188,0.23341474027503817,0.2330632081733605,0.06013790507137174,0.0715800695191945,0.06918002871368648,0.050166974212652385,0.06348083389603132,0.061149340197697015,0.050166974212652385,0.06348083389603132,0.061149340197697015,1040.2084006755001,14.721480472869594,0.9731131132105041,0.00013330177617815647,0.0,17.0,400.63487738419616,0.0,0.0,0.0,0.0,False,0.008371446667327935,0.002762497300101553,0.008763086454577698,0.047693231341229055,0.027861652419392927,0.04940484358994517,0.009516925068796256
Skin Segmentation,"repeat=1,fold=1",1,1,4,2,dKDB-current,0.1,validation-selected,adagrad,245057,3,2,98022,24506,122529,1.0,0,043774c253b5db849a91747362f6dcb05757f1043006bb04e47217dec756ebb9,46962,734,0.47909652935055397,12,13.0,20,0.6931471805599454,0.6931471805599454,0.6931471805599453,0.3634450682187329,0.36798659541040046,0.3693443478366104,0.0033364609563057432,0.01069957237464336,0.010321690504602488,0.00354548974176041,0.010722479340433537,0.010341816638492941,0.002960165784170571,0.010829428865324304,0.010443341235268237,-0.000376295172135172,0.00012985649068094317,0.00012165073066574932,0.0073631114183376175,0.007869263081153733,0.0005061516628161152,0.3572870230357571,2.290696579017662e-05,0.35197423905155467,0.35291351949863786,0.3535122889848507,0.03146532653563803,0.05175298314413308,0.051298784665632355,0.030869608579342848,0.051528026841089807,0.0510339427395356,0.029669757941197184,0.05119323790738687,0.05053563572698917,4243.052103958079,53.72331220157826,2.6227804356058444,0.00013330177617815647,0.0,17.0,400.63487738419616,-0.00033478893370293694,-0.0004983070125464256,-0.0011998506381456636,0.0008650617044427267,True,0.008371446667327935,0.002762497300101553,0.008763086454577698,0.047693231341229055,0.027861652419392927,0.04940484358994517,0.0020663424107466057
Skin Segmentation,"repeat=1,fold=1",1,1,4,2,dKDB-generative-init,0.01,fixed-0.01,adagrad,245057,3,2,98022,24506,122529,1.0,0,043774c253b5db849a91747362f6dcb05757f1043006bb04e47217dec756ebb9,46962,734,0.47909652935055397,0,1.0,20,0.002762497300101553,0.008763086454577698,0.008371446667327935,0.0030377997499154872,0.010942170611139574,0.010188817000833093,0.002762497300101553,0.008763086454577698,0.008371446667327935,0.0026500963262385386,0.010260962419601406,0.009650650433456193,0.0025928768395979437,0.010352300583121036,0.009778753328428437,-0.0001696204605036093,0.0015892141285433377,0.0014073066611005013,0.006000589154476145,0.007759423743523092,0.0017588345890469466,0.002179084156561876,0.0014978759650237077,0.028763018047257397,0.05389777884668318,0.05105783011088003,0.027939462926276117,0.05060916211703615,0.04853902696634555,0.027861652419392927,0.04940484358994517,0.047693231341229055,0.0278384468986025,0.04995481759899069,0.048077509632591824,46962.76780667292,217.16185877208926,2.0207944056817033,0.00013330177617815647,49.0,17.0,400.63487738419616,0.000549974009045516,0.00038427829136276903,-2.320552079042651e-05,0.0005731795298359425,True,0.008371446667327935,0.002762497300101553,0.008763086454577698,0.047693231341229055,0.027861652419392927,0.04940484358994517,0.0015892141285433377
Skin Segmentation,"repeat=1,fold=1",1,1,4,2,dKDB-generative-init,0.001,validation-selected,adagrad,245057,3,2,98022,24506,122529,1.0,0,043774c253b5db849a91747362f6dcb05757f1043006bb04e47217dec756ebb9,46962,734,0.47909652935055397,0,1.0,20,0.002762497300101553,0.008763086454577698,0.008371446667327935,0.0027821804272213416,0.00911549136277005,0.008681456369317758,0.002762497300101553,0.008763086454577698,0.008371446667327935,0.0027475768245083993,0.009120635709212758,0.008690641122421275,0.0027294976378353297,0.009127611767336364,0.008701181211463094,-3.2999662266223334e-05,0.0003645253127586654,0.00032973454413515874,0.006000589154476145,0.006398114129501034,0.00039752497502488875,0.0003524049081923518,0.00035754925463506,0.027986113091673804,0.05044572711959761,0.04839319027955299,0.027935704628034675,0.05024527866666853,0.048276457600286066,0.027861652419392927,0.04940484358994517,0.047693231341229055,0.0279084630168594,0.05012366578039498,0.048210278895195,46962.0663149084,216.72807290060834,1.3705233005433288,0.00013330177617815647,49.0,17.0,400.63487738419616,0.0007188221904498096,0.0005170475539659422,4.6810597466473425e-05,0.0006720115929833362,True,0.008371446667327935,0.002762497300101553,0.008763086454577698,0.047693231341229055,0.027861652419392927,0.04940484358994517,0.0003645253127586654
Skin Segmentation,"repeat=1,fold=1",1,1,5,2,dKDB-current,0.01,fixed-0.01,adagrad,245057,3,2,98022,24506,122529,1.0,0,043774c253b5db849a91747362f6dcb05757f1043006bb04e47217dec756ebb9,46962,734,0.47909652935055397,20,,20,0.6931471805599454,0.6931471805599454,0.6931471805599453,0.1567959474267962,0.15999713683553082,0.1598503231853139,0.013381567341831907,0.018280011523373954,0.017421192218842276,0.01934893794770091,0.024023177021128998,0.023064890063174682,0.013381567341831907,0.018280011523373954,0.017421192218842276,0.0,0.0,0.0,0.004898444181542047,0.004898444181542047,0.0,0.14171712531215686,0.0057431654977550435,0.23059464309469188,0.23341474027503817,0.2330632081733605,0.06013790507137174,0.0715800695191945,0.06918002871368648,0.050166974212652385,0.06348083389603132,0.061149340197697015,0.050166974212652385,0.06348083389603132,0.061149340197697015,1040.2084006755001,14.721480472869594,0.9731131132105041,0.00013330177617815647,0.0,17.0,400.63487738419616,0.0,0.0,0.0,0.0,False,0.008371446667327935,0.002762497300101553,0.008763086454577698,0.047693231341229055,0.027861652419392927,0.04940484358994517,0.009516925068796256
Skin Segmentation,"repeat=1,fold=1",1,1,5,2,dKDB-current,0.1,validation-selected,adagrad,245057,3,2,98022,24506,122529,1.0,0,043774c253b5db849a91747362f6dcb05757f1043006bb04e47217dec756ebb9,46962,734,0.47909652935055397,12,13.0,20,0.6931471805599454,0.6931471805599454,0.6931471805599453,0.3634450682187329,0.36798659541040046,0.3693443478366104,0.0033364609563057432,0.01069957237464336,0.010321690504602488,0.00354548974176041,0.010722479340433537,0.010341816638492941,0.002960165784170571,0.010829428865324304,0.010443341235268237,-0.000376295172135172,0.00012985649068094317,0.00012165073066574932,0.0073631114183376175,0.007869263081153733,0.0005061516628161152,0.3572870230357571,2.290696579017662e-05,0.35197423905155467,0.35291351949863786,0.3535122889848507,0.03146532653563803,0.05175298314413308,0.051298784665632355,0.030869608579342848,0.051528026841089807,0.0510339427395356,0.029669757941197184,0.05119323790738687,0.05053563572698917,4243.052103958079,53.72331220157826,2.6227804356058444,0.00013330177617815647,0.0,17.0,400.63487738419616,-0.00033478893370293694,-0.0004983070125464256,-0.0011998506381456636,0.0008650617044427267,True,0.008371446667327935,0.002762497300101553,0.008763086454577698,0.047693231341229055,0.027861652419392927,0.04940484358994517,0.0020663424107466057
Skin Segmentation,"repeat=1,fold=1",1,1,5,2,dKDB-generative-init,0.01,fixed-0.01,adagrad,245057,3,2,98022,24506,122529,1.0,0,043774c253b5db849a91747362f6dcb05757f1043006bb04e47217dec756ebb9,46962,734,0.47909652935055397,0,1.0,20,0.002762497300101553,0.008763086454577698,0.008371446667327935,0.0030377997499154872,0.010942170611139574,0.010188817000833093,0.002762497300101553,0.008763086454577698,0.008371446667327935,0.0026500963262385386,0.010260962419601406,0.009650650433456193,0.0025928768395979437,0.010352300583121036,0.009778753328428437,-0.0001696204605036093,0.0015892141285433377,0.0014073066611005013,0.006000589154476145,0.007759423743523092,0.0017588345890469466,0.002179084156561876,0.0014978759650237077,0.028763018047257397,0.05389777884668318,0.05105783011088003,0.027939462926276117,0.05060916211703615,0.04853902696634555,0.027861652419392927,0.04940484358994517,0.047693231341229055,0.0278384468986025,0.04995481759899069,0.048077509632591824,46962.76780667292,217.16185877208926,2.0207944056817033,0.00013330177617815647,49.0,17.0,400.63487738419616,0.000549974009045516,0.00038427829136276903,-2.320552079042651e-05,0.0005731795298359425,True,0.008371446667327935,0.002762497300101553,0.008763086454577698,0.047693231341229055,0.027861652419392927,0.04940484358994517,0.0015892141285433377
Skin Segmentation,"repeat=1,fold=1",1,1,5,2,dKDB-generative-init,0.001,validation-selected,adagrad,245057,3,2,98022,24506,122529,1.0,0,043774c253b5db849a91747362f6dcb05757f1043006bb04e47217dec756ebb9,46962,734,0.47909652935055397,0,1.0,20,0.002762497300101553,0.008763086454577698,0.008371446667327935,0.0027821804272213416,0.00911549136277005,0.008681456369317758,0.002762497300101553,0.008763086454577698,0.008371446667327935,0.0027475768245083993,0.009120635709212758,0.008690641122421275,0.0027294976378353297,0.009127611767336364,0.008701181211463094,-3.2999662266223334e-05,0.0003645253127586654,0.00032973454413515874,0.006000589154476145,0.006398114129501034,0.00039752497502488875,0.0003524049081923518,0.00035754925463506,0.027986113091673804,0.05044572711959761,0.04839319027955299,0.027935704628034675,0.05024527866666853,0.048276457600286066,0.027861652419392927,0.04940484358994517,0.047693231341229055,0.0279084630168594,0.05012366578039498,0.048210278895195,46962.0663149084,216.72807290060834,1.3705233005433288,0.00013330177617815647,49.0,17.0,400.63487738419616,0.0007188221904498096,0.0005170475539659422,4.6810597466473425e-05,0.0006720115929833362,True,0.008371446667327935,0.002762497300101553,0.008763086454577698,0.047693231341229055,0.027861652419392927,0.04940484358994517,0.0003645253127586654
Skin Segmentation,"repeat=1,fold=2",1,2,0,0,dKDB-current,0.01,fixed-0.01,adagrad,245057,3,2,98023,24506,122528,1.0,0,6ad42d10abe6cb18a9026189931c0f8456523a0d25f42baaf5e049527ae00f7b,172,3,0.0017546902257633413,20,,20,0.6931471805599454,0.6931471805599454,0.6931471805599453,0.43077719632775235,0.43459367890953277,0.4323611468627906,0.10618335930992578,0.11131229233502232,0.10742281237016534,0.11162903699347664,0.11635463582344874,0.11287356534515743,0.10618335930992578,0.11131229233502232,0.10742281237016534,0.0,0.0,0.0,0.005128933025096538,0.005128933025096538,0.0,0.32328138657451044,0.005042343488426415,0.3882540935695655,0.3893678658165299,0.38870866083299926,0.17394517705099252,0.17828321690348073,0.17475979450427578,0.16635553831437536,0.17092925328230604,0.16711136639311713,0.16635553831437536,0.17092925328230604,0.16711136639311713,33.62014485698243,3.3446130276972523,0.8593014068675602,0.0,0.0,98023.0,98023.0,0.0,0.0,0.0,0.0,False,0.1414012740863716,0.13955152741295085,0.14265300948666587,0.20106331207564782,0.19999934068519543,0.20356195926617826,-0.03134071715164355
Skin Segmentation,"repeat=1,fold=2",1,2,0,0,dKDB-current,0.01,validation-selected,adagrad,245057,3,2,98023,24506,122528,1.0,0,6ad42d10abe6cb18a9026189931c0f8456523a0d25f42baaf5e049527ae00f7b,172,3,0.0017546902257633413,20,,20,0.6931471805599454,0.6931471805599454,0.6931471805599453,0.43077719632775235,0.43459367890953277,0.4323611468627906,0.10618335930992578,0.11131229233502232,0.10742281237016534,0.11162903699347664,0.11635463582344874,0.11287356534515743,0.10618335930992578,0.11131229233502232,0.10742281237016534,0.0,0.0,0.0,0.005128933025096538,0.005128933025096538,0.0,0.32328138657451044,0.005042343488426415,0.3882540935695655,0.3893678658165299,0.38870866083299926,0.17394517705099252,0.17828321690348073,0.17475979450427578,0.16635553831437536,0.17092925328230604,0.16711136639311713,0.16635553831437536,0.17092925328230604,0.16711136639311713,33.62014485698243,3.3446130276972523,0.8593014068675602,0.0,0.0,98023.0,98023.0,0.0,0.0,0.0,0.0,False,0.1414012740863716,0.13955152741295085,0.14265300948666587,0.20106331207564782,0.19999934068519543,0.20356195926617826,-0.03134071715164355
Skin Segmentation,"repeat=1,fold=2",1,2,0,0,dKDB-generative-init,0.01,fixed-0.01,adagrad,245057,3,2,98023,24506,122528,1.0,0,6ad42d10abe6cb18a9026189931c0f8456523a0d25f42baaf5e049527ae00f7b,172,3,0.0017546902257633413,20,,20,0.13955152741295085,0.14265300948666587,0.1414012740863716,0.2091577579257927,0.21458880892102972,0.21218066797740956,0.10563599802756679,0.1109080941248965,0.10712450008371412,0.1099433130873861,0.1148772806146389,0.11147903263838435,0.10563599802756679,0.1109080941248965,0.10712450008371412,0.0,0.0,0.0,0.005272096097329704,0.005272096097329704,0.0,0.10368071479613322,0.003969186489742399,0.26570685532628896,0.2692319534700775,0.2671564691800026,0.17129957106873647,0.1758493926627891,0.1721444145617755,0.16513447006042445,0.1698054407410361,0.16589641033884459,0.16513447006042445,0.1698054407410361,0.16589641033884459,172.00000292131404,13.251938270207901,1.442432536280408,0.0,0.0,98023.0,98023.0,0.0,0.0,0.0,0.0,False,0.1414012740863716,0.13955152741295085,0.14265300948666587,0.20106331207564782,0.19999934068519543,0.20356195926617826,-0.03174491536176938
Skin Segmentation,"repeat=1,fold=2",1,2,0,0,dKDB-generative-init,0.01,validation-selected,adagrad,245057,3,2,98023,24506,122528,1.0,0,6ad42d10abe6cb18a9026189931c0f8456523a0d25f42baaf5e049527ae00f7b,172,3,0.0017546902257633413,20,,20,0.13955152741295085,0.14265300948666587,0.1414012740863716,0.2091577579257927,0.21458880892102972,0.21218066797740956,0.10563599802756679,0.1109080941248965,0.10712450008371412,0.1099433130873861,0.1148772806146389,0.11147903263838435,0.10563599802756679,0.1109080941248965,0.10712450008371412,0.0,0.0,0.0,0.005272096097329704,0.005272096097329704,0.0,0.10368071479613322,0.003969186489742399,0.26570685532628896,0.2692319534700775,0.2671564691800026,0.17129957106873647,0.1758493926627891,0.1721444145617755,0.16513447006042445,0.1698054407410361,0.16589641033884459,0.16513447006042445,0.1698054407410361,0.16589641033884459,172.00000292131404,13.251938270207901,1.442432536280408,0.0,0.0,98023.0,98023.0,0.0,0.0,0.0,0.0,False,0.1414012740863716,0.13955152741295085,0.14265300948666587,0.20106331207564782,0.19999934068519543,0.20356195926617826,-0.03174491536176938
Skin Segmentation,"repeat=1,fold=2",1,2,1,1,dKDB-current,0.01,fixed-0.01,adagrad,245057,3,2,98023,24506,122528,1.0,0,fdc02b2535c0b99abc75de190a38b636b47dd8883fdee16bf79dbaa495f6802a,3438,55,0.035073401140548646,20,,20,0.6931471805599454,0.6931471805599454,0.6931471805599453,0.13338069159766686,0.13581663823140686,0.1343223474030067,0.014604853515531355,0.0180550511471441,0.01790328185973069,0.01908634259362206,0.022213848666116295,0.02206715396742997,0.014604853515531355,0.0180550511471441,0.01790328185973069,0.0,0.0,0.0,0.003450197631612747,0.003450197631612747,0.0,0.11776158708426275,0.004158797518972194,0.20849999736081434,0.21088234464794628,0.20917195864930507,0.06234290331497543,0.07002268290042182,0.06956141702931015,0.055273687827923544,0.06421800824232353,0.06355286958901028,0.055273687827923544,0.06421800824232353,0.06355286958901028,424.76662400550686,9.917600420612583,0.684443181537458,0.0,0.0,2605.0,5346.709090909091,0.0,0.0,0.0,0.0,False,0.02546180797999963,0.01944282627559732,0.022593072036380467,0.08206512692143726,0.07282434734590075,0.07766165313976825,-0.004538020889236365
Skin Segmentation,"repeat=1,fold=2",1,2,1,1,dKDB-current,0.1,validation-selected,adagrad,245057,3,2,98023,24506,122528,1.0,0,fdc02b2535c0b99abc75de190a38b636b47dd8883fdee16bf79dbaa495f6802a,3438,55,0.035073401140548646,20,,20,0.6931471805599454,0.6931471805599454,0.6931471805599453,0.4254946073021106,0.43218944941395154,0.4295432610462642,0.00616069471257186,0.011402526831668378,0.011603526108262995,0.008283945273015346,0.01250661823055669,0.012973581982997317,0.00616069471257186,0.011402526831668378,0.011603526108262995,0.0,0.0,0.0,0.005241832119096518,0.005241832119096518,0.0,0.4207869225822832,0.0011040913988883128,0.36527770979958707,0.3671877727472491,0.3659936458088708,0.04494875167945539,0.05475351370943752,0.053304480019178126,0.03978378455312868,0.051753946454965165,0.049758679403200376,0.03978378455312868,0.051753946454965165,0.049758679403200376,1263.8238844575312,28.221881910599365,1.9746024784568326,0.0,0.0,2605.0,5346.709090909091,0.0,0.0,0.0,0.0,False,0.02546180797999963,0.01944282627559732,0.022593072036380467,0.08206512692143726,0.07282434734590075,0.07766165313976825,-0.011190545204712089
Skin Segmentation,"repeat=1,fold=2",1,2,1,1,dKDB-generative-init,0.01,fixed-0.01,adagrad,245057,3,2,98023,24506,122528,1.0,0,fdc02b2535c0b99abc75de190a38b636b47dd8883fdee16bf79dbaa495f6802a,3438,55,0.035073401140548646,20,,20,0.01944282627559732,0.022593072036380467,0.02546180797999963,0.016255908919760285,0.02053050575090773,0.022951806929262127,0.00856451912644319,0.014040446433755186,0.015123736158080492,0.010048118477755056,0.01508637773096255,0.016432621295373945,0.00856451912644319,0.014040446433755186,0.015123736158080492,0.0,0.0,0.0,0.0054759273073119955,0.0054759273073119955,0.0,0.006490059317152543,0.0010459312972073646,0.06384765823103077,0.07038055666801526,0.07388032257637102,0.05074111081551016,0.059622450216363934,0.06114650455729615,0.0470904672729692,0.057346340941249095,0.057600483509643266,0.0470904672729692,0.057346340941249095,0.057600483509643266,3438.828113821689,59.11493611674796,1.6589912085557075,0.0,0.0,2605.0,5346.709090909091,0.0,0.0,0.0,0.0,False,0.02546180797999963,0.01944282627559732,0.022593072036380467,0.08206512692143726,0.07282434734590075,0.07766165313976825,-0.00855262560262528
Skin Segmentation,"repeat=1,fold=2",1,2,1,1,dKDB-generative-init,0.1,validation-selected,adagrad,245057,3,2,98023,24506,122528,1.0,0,fdc02b2535c0b99abc75de190a38b636b47dd8883fdee16bf79dbaa495f6802a,3438,55,0.035073401140548646,20,,20,0.01944282627559732,0.022593072036380467,0.02546180797999963,0.07800999802341427,0.08116496404117864,0.08445863339711339,0.0058330102911554335,0.012763977862868326,0.014216356615302846,0.007015803004923459,0.013178895077402525,0.014792050171009886,0.0058330102911554335,0.012763977862868326,0.014216356615302846,0.0,0.0,0.0,0.006930967571712893,0.006930967571712893,0.0,0.06840098617831031,0.00041491721453419846,0.1484156121817934,0.15065807297558534,0.15125416827807348,0.042817748804635646,0.05306262245124957,0.053920021355684605,0.03928504293596758,0.05084835742900761,0.05143079137300761,0.03928504293596758,0.05084835742900761,0.05143079137300761,3465.5138906665125,63.76546960090675,2.8975438471405472,0.0,0.0,2605.0,5346.709090909091,0.0,0.0,0.0,0.0,False,0.02546180797999963,0.01944282627559732,0.022593072036380467,0.08206512692143726,0.07282434734590075,0.07766165313976825,-0.00982909417351214
Skin Segmentation,"repeat=1,fold=2",1,2,2,2,dKDB-current,0.01,fixed-0.01,adagrad,245057,3,2,98023,24506,122528,1.0,0,043774c253b5db849a91747362f6dcb05757f1043006bb04e47217dec756ebb9,41444,668,0.4227987309100925,20,,20,0.6931471805599454,0.6931471805599454,0.6931471805599453,0.15653456009915412,0.15858128026608753,0.15721178798722876,0.01262846944710567,0.01698508880225333,0.015833368759146683,0.01815469181842963,0.021870599744805555,0.020845146034163087,0.01262846944710567,0.01698508880225333,0.015833368759146683,0.0,0.0,0.0,0.004356619355147659,0.004356619355147659,0.0,0.1415961914638342,0.004885510942552226,0.23033649565178319,0.23231368440726813,0.2308278557130025,0.05860740638236761,0.06832543507920118,0.06605319759300837,0.04936754933835166,0.06168174224297618,0.059135511664965563,0.04936754933835166,0.06168174224297618,0.059135511664965563,963.0936061646036,14.385759858238167,0.9811180942479673,0.00012514146426395055,0.0,18.0,440.22305389221555,0.0,0.0,0.0,0.0,False,0.007867933004176111,0.0029422549223845776,0.00920987394331598,0.0457070698027613,0.02894480749173566,0.049156614177091745,0.007775214858937349
Skin Segmentation,"repeat=1,fold=2",1,2,2,2,dKDB-current,0.1,validation-selected,adagrad,245057,3,2,98023,24506,122528,1.0,0,043774c253b5db849a91747362f6dcb05757f1043006bb04e47217dec756ebb9,41444,668,0.4227987309100925,11,12.0,20,0.6931471805599454,0.6931471805599454,0.6931471805599453,0.3199939420386866,0.3257955691250779,0.3233587441263824,0.0035908589449312463,0.010460835490222219,0.009315841954114898,0.0037104837624213982,0.010466291253527842,0.009360918903767656,0.0031240924688861944,0.01064096533942261,0.009295691790802332,-0.00046676647604505187,0.00018012984920039166,-2.0150163312566624e-05,0.006869976545290972,0.007516872870536416,0.0006468963252454444,0.3153347336348557,5.455763305623265e-06,0.3331547272244825,0.3353394638354344,0.3339808765356656,0.0327122008684684,0.0504267146805193,0.048639170467319595,0.032305893276881645,0.05029303729493143,0.04839235216134385,0.030621647344387628,0.04985142948198192,0.047418030921381964,3863.726835659968,51.5248323755812,2.6924588272759356,0.00012514146426395055,0.0,18.0,440.22305389221555,-0.0004416078129495099,-0.0009743212399618839,-0.001684245932494017,0.001242638119544507,False,0.007867933004176111,0.0029422549223845776,0.00920987394331598,0.0457070698027613,0.02894480749173566,0.049156614177091745,0.0014310913961066308
Skin Segmentation,"repeat=1,fold=2",1,2,2,2,dKDB-generative-init,0.01,fixed-0.01,adagrad,245057,3,2,98023,24506,122528,1.0,0,043774c253b5db849a91747362f6dcb05757f1043006bb04e47217dec756ebb9,41444,668,0.4227987309100925,0,1.0,20,0.0029422549223845776,0.00920987394331598,0.007867933004176111,0.003171120922433659,0.011089862836095811,0.008975669615524089,0.0029422549223845776,0.00920987394331598,0.007867933004176111,0.002830076802263181,0.010603285290328713,0.008764950754447503,0.0027811543814083043,0.010782307567118473,0.008938268513327807,-0.00016110054097627328,0.0015724336238024939,0.0010703355091516951,0.006267619020931402,0.00800115318571017,0.001733534164778768,0.0018799888927798318,0.0013934113470127334,0.02966477654211495,0.05292597408271714,0.04848207272386087,0.029002722051767946,0.04954999192410202,0.04622134103874834,0.02894480749173566,0.049156614177091745,0.0457070698027613,0.02894106418430215,0.04902751791963259,0.04589412087476258,41444.79959337631,204.0535823242538,1.9348578232867848,0.00012514146426395055,46.0,18.0,440.22305389221555,-0.00012909625745915337,0.00018705107200128052,-3.7433074335097016e-06,-0.00012535295002564367,True,0.007867933004176111,0.0029422549223845776,0.00920987394331598,0.0457070698027613,0.02894480749173566,0.049156614177091745,0.0015724336238024939
Skin Segmentation,"repeat=1,fold=2",1,2,2,2,dKDB-generative-init,0.001,validation-selected,adagrad,245057,3,2,98023,24506,122528,1.0,0,043774c253b5db849a91747362f6dcb05757f1043006bb04e47217dec756ebb9,41444,668,0.4227987309100925,0,1.0,20,0.0029422549223845776,0.00920987394331598,0.007867933004176111,0.0029548423144735076,0.009580166546652618,0.008053229227270631,0.0029422549223845776,0.00920987394331598,0.007867933004176111,0.0029230927357536494,0.009599613298202346,0.008056359120993785,0.0029063723757478165,0.009612553592149702,0.008063813206529897,-3.588254663676113e-05,0.0004026796488337224,0.00019588020235378548,0.006267619020931402,0.006706181216401885,0.00043856219547048353,0.0003702926033366388,0.0003897393548863669,0.029039001863511157,0.05008049107854227,0.04630044344959619,0.029003181923905413,0.049874282699172184,0.04616497367057149,0.02894480749173566,0.049156614177091745,0.0457070698027613,0.028982594686373386,0.04974749653528031,0.046085896799082156,41444.07926658004,203.60031991265706,1.3737000120704,0.00012514146426395055,46.0,18.0,440.22305389221555,0.000590882358188563,0.0003788269963208579,3.7787194637727006e-05,0.000553095163550836,True,0.007867933004176111,0.0029422549223845776,0.00920987394331598,0.0457070698027613,0.02894480749173566,0.049156614177091745,0.0004026796488337224
Skin Segmentation,"repeat=1,fold=2",1,2,3,2,dKDB-current,0.01,fixed-0.01,adagrad,245057,3,2,98023,24506,122528,1.0,0,043774c253b5db849a91747362f6dcb05757f1043006bb04e47217dec756ebb9,41444,668,0.4227987309100925,20,,20,0.6931471805599454,0.6931471805599454,0.6931471805599453,0.15653456009915412,0.15858128026608753,0.15721178798722876,0.01262846944710567,0.01698508880225333,0.015833368759146683,0.01815469181842963,0.021870599744805555,0.020845146034163087,0.01262846944710567,0.01698508880225333,0.015833368759146683,0.0,0.0,0.0,0.004356619355147659,0.004356619355147659,0.0,0.1415961914638342,0.004885510942552226,0.23033649565178319,0.23231368440726813,0.2308278557130025,0.05860740638236761,0.06832543507920118,0.06605319759300837,0.04936754933835166,0.06168174224297618,0.059135511664965563,0.04936754933835166,0.06168174224297618,0.059135511664965563,963.0936061646036,14.385759858238167,0.9811180942479673,0.00012514146426395055,0.0,18.0,440.22305389221555,0.0,0.0,0.0,0.0,False,0.007867933004176111,0.0029422549223845776,0.00920987394331598,0.0457070698027613,0.02894480749173566,0.049156614177091745,0.007775214858937349
Skin Segmentation,"repeat=1,fold=2",1,2,3,2,dKDB-current,0.1,validation-selected,adagrad,245057,3,2,98023,24506,122528,1.0,0,043774c253b5db849a91747362f6dcb05757f1043006bb04e47217dec756ebb9,41444,668,0.4227987309100925,11,12.0,20,0.6931471805599454,0.6931471805599454,0.6931471805599453,0.3199939420386866,0.3257955691250779,0.3233587441263824,0.0035908589449312463,0.010460835490222219,0.009315841954114898,0.0037104837624213982,0.010466291253527842,0.009360918903767656,0.0031240924688861944,0.01064096533942261,0.009295691790802332,-0.00046676647604505187,0.00018012984920039166,-2.0150163312566624e-05,0.006869976545290972,0.007516872870536416,0.0006468963252454444,0.3153347336348557,5.455763305623265e-06,0.3331547272244825,0.3353394638354344,0.3339808765356656,0.0327122008684684,0.0504267146805193,0.048639170467319595,0.032305893276881645,0.05029303729493143,0.04839235216134385,0.030621647344387628,0.04985142948198192,0.047418030921381964,3863.726835659968,51.5248323755812,2.6924588272759356,0.00012514146426395055,0.0,18.0,440.22305389221555,-0.0004416078129495099,-0.0009743212399618839,-0.001684245932494017,0.001242638119544507,False,0.007867933004176111,0.0029422549223845776,0.00920987394331598,0.0457070698027613,0.02894480749173566,0.049156614177091745,0.0014310913961066308
Skin Segmentation,"repeat=1,fold=2",1,2,3,2,dKDB-generative-init,0.01,fixed-0.01,adagrad,245057,3,2,98023,24506,122528,1.0,0,043774c253b5db849a91747362f6dcb05757f1043006bb04e47217dec756ebb9,41444,668,0.4227987309100925,0,1.0,20,0.0029422549223845776,0.00920987394331598,0.007867933004176111,0.003171120922433659,0.011089862836095811,0.008975669615524089,0.0029422549223845776,0.00920987394331598,0.007867933004176111,0.002830076802263181,0.010603285290328713,0.008764950754447503,0.0027811543814083043,0.010782307567118473,0.008938268513327807,-0.00016110054097627328,0.0015724336238024939,0.0010703355091516951,0.006267619020931402,0.00800115318571017,0.001733534164778768,0.0018799888927798318,0.0013934113470127334,0.02966477654211495,0.05292597408271714,0.04848207272386087,0.029002722051767946,0.04954999192410202,0.04622134103874834,0.02894480749173566,0.049156614177091745,0.0457070698027613,0.02894106418430215,0.04902751791963259,0.04589412087476258,41444.79959337631,204.0535823242538,1.9348578232867848,0.00012514146426395055,46.0,18.0,440.22305389221555,-0.00012909625745915337,0.00018705107200128052,-3.7433074335097016e-06,-0.00012535295002564367,True,0.007867933004176111,0.0029422549223845776,0.00920987394331598,0.0457070698027613,0.02894480749173566,0.049156614177091745,0.0015724336238024939
Skin Segmentation,"repeat=1,fold=2",1,2,3,2,dKDB-generative-init,0.001,validation-selected,adagrad,245057,3,2,98023,24506,122528,1.0,0,043774c253b5db849a91747362f6dcb05757f1043006bb04e47217dec756ebb9,41444,668,0.4227987309100925,0,1.0,20,0.0029422549223845776,0.00920987394331598,0.007867933004176111,0.0029548423144735076,0.009580166546652618,0.008053229227270631,0.0029422549223845776,0.00920987394331598,0.007867933004176111,0.0029230927357536494,0.009599613298202346,0.008056359120993785,0.0029063723757478165,0.009612553592149702,0.008063813206529897,-3.588254663676113e-05,0.0004026796488337224,0.00019588020235378548,0.006267619020931402,0.006706181216401885,0.00043856219547048353,0.0003702926033366388,0.0003897393548863669,0.029039001863511157,0.05008049107854227,0.04630044344959619,0.029003181923905413,0.049874282699172184,0.04616497367057149,0.02894480749173566,0.049156614177091745,0.0457070698027613,0.028982594686373386,0.04974749653528031,0.046085896799082156,41444.07926658004,203.60031991265706,1.3737000120704,0.00012514146426395055,46.0,18.0,440.22305389221555,0.000590882358188563,0.0003788269963208579,3.7787194637727006e-05,0.000553095163550836,True,0.007867933004176111,0.0029422549223845776,0.00920987394331598,0.0457070698027613,0.02894480749173566,0.049156614177091745,0.0004026796488337224
Skin Segmentation,"repeat=1,fold=2",1,2,4,2,dKDB-current,0.01,fixed-0.01,adagrad,245057,3,2,98023,24506,122528,1.0,0,043774c253b5db849a91747362f6dcb05757f1043006bb04e47217dec756ebb9,41444,668,0.4227987309100925,20,,20,0.6931471805599454,0.6931471805599454,0.6931471805599453,0.15653456009915412,0.15858128026608753,0.15721178798722876,0.01262846944710567,0.01698508880225333,0.015833368759146683,0.01815469181842963,0.021870599744805555,0.020845146034163087,0.01262846944710567,0.01698508880225333,0.015833368759146683,0.0,0.0,0.0,0.004356619355147659,0.004356619355147659,0.0,0.1415961914638342,0.004885510942552226,0.23033649565178319,0.23231368440726813,0.2308278557130025,0.05860740638236761,0.06832543507920118,0.06605319759300837,0.04936754933835166,0.06168174224297618,0.059135511664965563,0.04936754933835166,0.06168174224297618,0.059135511664965563,963.0936061646036,14.385759858238167,0.9811180942479673,0.00012514146426395055,0.0,18.0,440.22305389221555,0.0,0.0,0.0,0.0,False,0.007867933004176111,0.0029422549223845776,0.00920987394331598,0.0457070698027613,0.02894480749173566,0.049156614177091745,0.007775214858937349
Skin Segmentation,"repeat=1,fold=2",1,2,4,2,dKDB-current,0.1,validation-selected,adagrad,245057,3,2,98023,24506,122528,1.0,0,043774c253b5db849a91747362f6dcb05757f1043006bb04e47217dec756ebb9,41444,668,0.4227987309100925,11,12.0,20,0.6931471805599454,0.6931471805599454,0.6931471805599453,0.3199939420386866,0.3257955691250779,0.3233587441263824,0.0035908589449312463,0.010460835490222219,0.009315841954114898,0.0037104837624213982,0.010466291253527842,0.009360918903767656,0.0031240924688861944,0.01064096533942261,0.009295691790802332,-0.00046676647604505187,0.00018012984920039166,-2.0150163312566624e-05,0.006869976545290972,0.007516872870536416,0.0006468963252454444,0.3153347336348557,5.455763305623265e-06,0.3331547272244825,0.3353394638354344,0.3339808765356656,0.0327122008684684,0.0504267146805193,0.048639170467319595,0.032305893276881645,0.05029303729493143,0.04839235216134385,0.030621647344387628,0.04985142948198192,0.047418030921381964,3863.726835659968,51.5248323755812,2.6924588272759356,0.00012514146426395055,0.0,18.0,440.22305389221555,-0.0004416078129495099,-0.0009743212399618839,-0.001684245932494017,0.001242638119544507,False,0.007867933004176111,0.0029422549223845776,0.00920987394331598,0.0457070698027613,0.02894480749173566,0.049156614177091745,0.0014310913961066308
Skin Segmentation,"repeat=1,fold=2",1,2,4,2,dKDB-generative-init,0.01,fixed-0.01,adagrad,245057,3,2,98023,24506,122528,1.0,0,043774c253b5db849a91747362f6dcb05757f1043006bb04e47217dec756ebb9,41444,668,0.4227987309100925,0,1.0,20,0.0029422549223845776,0.00920987394331598,0.007867933004176111,0.003171120922433659,0.011089862836095811,0.008975669615524089,0.0029422549223845776,0.00920987394331598,0.007867933004176111,0.002830076802263181,0.010603285290328713,0.008764950754447503,0.0027811543814083043,0.010782307567118473,0.008938268513327807,-0.00016110054097627328,0.0015724336238024939,0.0010703355091516951,0.006267619020931402,0.00800115318571017,0.001733534164778768,0.0018799888927798318,0.0013934113470127334,0.02966477654211495,0.05292597408271714,0.04848207272386087,0.029002722051767946,0.04954999192410202,0.04622134103874834,0.02894480749173566,0.049156614177091745,0.0457070698027613,0.02894106418430215,0.04902751791963259,0.04589412087476258,41444.79959337631,204.0535823242538,1.9348578232867848,0.00012514146426395055,46.0,18.0,440.22305389221555,-0.00012909625745915337,0.00018705107200128052,-3.7433074335097016e-06,-0.00012535295002564367,True,0.007867933004176111,0.0029422549223845776,0.00920987394331598,0.0457070698027613,0.02894480749173566,0.049156614177091745,0.0015724336238024939
Skin Segmentation,"repeat=1,fold=2",1,2,4,2,dKDB-generative-init,0.001,validation-selected,adagrad,245057,3,2,98023,24506,122528,1.0,0,043774c253b5db849a91747362f6dcb05757f1043006bb04e47217dec756ebb9,41444,668,0.4227987309100925,0,1.0,20,0.0029422549223845776,0.00920987394331598,0.007867933004176111,0.0029548423144735076,0.009580166546652618,0.008053229227270631,0.0029422549223845776,0.00920987394331598,0.007867933004176111,0.0029230927357536494,0.009599613298202346,0.008056359120993785,0.0029063723757478165,0.009612553592149702,0.008063813206529897,-3.588254663676113e-05,0.0004026796488337224,0.00019588020235378548,0.006267619020931402,0.006706181216401885,0.00043856219547048353,0.0003702926033366388,0.0003897393548863669,0.029039001863511157,0.05008049107854227,0.04630044344959619,0.029003181923905413,0.049874282699172184,0.04616497367057149,0.02894480749173566,0.049156614177091745,0.0457070698027613,0.028982594686373386,0.04974749653528031,0.046085896799082156,41444.07926658004,203.60031991265706,1.3737000120704,0.00012514146426395055,46.0,18.0,440.22305389221555,0.000590882358188563,0.0003788269963208579,3.7787194637727006e-05,0.000553095163550836,True,0.007867933004176111,0.0029422549223845776,0.00920987394331598,0.0457070698027613,0.02894480749173566,0.049156614177091745,0.0004026796488337224
Skin Segmentation,"repeat=1,fold=2",1,2,5,2,dKDB-current,0.01,fixed-0.01,adagrad,245057,3,2,98023,24506,122528,1.0,0,043774c253b5db849a91747362f6dcb05757f1043006bb04e47217dec756ebb9,41444,668,0.4227987309100925,20,,20,0.6931471805599454,0.6931471805599454,0.6931471805599453,0.15653456009915412,0.15858128026608753,0.15721178798722876,0.01262846944710567,0.01698508880225333,0.015833368759146683,0.01815469181842963,0.021870599744805555,0.020845146034163087,0.01262846944710567,0.01698508880225333,0.015833368759146683,0.0,0.0,0.0,0.004356619355147659,0.004356619355147659,0.0,0.1415961914638342,0.004885510942552226,0.23033649565178319,0.23231368440726813,0.2308278557130025,0.05860740638236761,0.06832543507920118,0.06605319759300837,0.04936754933835166,0.06168174224297618,0.059135511664965563,0.04936754933835166,0.06168174224297618,0.059135511664965563,963.0936061646036,14.385759858238167,0.9811180942479673,0.00012514146426395055,0.0,18.0,440.22305389221555,0.0,0.0,0.0,0.0,False,0.007867933004176111,0.0029422549223845776,0.00920987394331598,0.0457070698027613,0.02894480749173566,0.049156614177091745,0.007775214858937349
Skin Segmentation,"repeat=1,fold=2",1,2,5,2,dKDB-current,0.1,validation-selected,adagrad,245057,3,2,98023,24506,122528,1.0,0,043774c253b5db849a91747362f6dcb05757f1043006bb04e47217dec756ebb9,41444,668,0.4227987309100925,11,12.0,20,0.6931471805599454,0.6931471805599454,0.6931471805599453,0.3199939420386866,0.3257955691250779,0.3233587441263824,0.0035908589449312463,0.010460835490222219,0.009315841954114898,0.0037104837624213982,0.010466291253527842,0.009360918903767656,0.0031240924688861944,0.01064096533942261,0.009295691790802332,-0.00046676647604505187,0.00018012984920039166,-2.0150163312566624e-05,0.006869976545290972,0.007516872870536416,0.0006468963252454444,0.3153347336348557,5.455763305623265e-06,0.3331547272244825,0.3353394638354344,0.3339808765356656,0.0327122008684684,0.0504267146805193,0.048639170467319595,0.032305893276881645,0.05029303729493143,0.04839235216134385,0.030621647344387628,0.04985142948198192,0.047418030921381964,3863.726835659968,51.5248323755812,2.6924588272759356,0.00012514146426395055,0.0,18.0,440.22305389221555,-0.0004416078129495099,-0.0009743212399618839,-0.001684245932494017,0.001242638119544507,False,0.007867933004176111,0.0029422549223845776,0.00920987394331598,0.0457070698027613,0.02894480749173566,0.049156614177091745,0.0014310913961066308
Skin Segmentation,"repeat=1,fold=2",1,2,5,2,dKDB-generative-init,0.01,fixed-0.01,adagrad,245057,3,2,98023,24506,122528,1.0,0,043774c253b5db849a91747362f6dcb05757f1043006bb04e47217dec756ebb9,41444,668,0.4227987309100925,0,1.0,20,0.0029422549223845776,0.00920987394331598,0.007867933004176111,0.003171120922433659,0.011089862836095811,0.008975669615524089,0.0029422549223845776,0.00920987394331598,0.007867933004176111,0.002830076802263181,0.010603285290328713,0.008764950754447503,0.0027811543814083043,0.010782307567118473,0.008938268513327807,-0.00016110054097627328,0.0015724336238024939,0.0010703355091516951,0.006267619020931402,0.00800115318571017,0.001733534164778768,0.0018799888927798318,0.0013934113470127334,0.02966477654211495,0.05292597408271714,0.04848207272386087,0.029002722051767946,0.04954999192410202,0.04622134103874834,0.02894480749173566,0.049156614177091745,0.0457070698027613,0.02894106418430215,0.04902751791963259,0.04589412087476258,41444.79959337631,204.0535823242538,1.9348578232867848,0.00012514146426395055,46.0,18.0,440.22305389221555,-0.00012909625745915337,0.00018705107200128052,-3.7433074335097016e-06,-0.00012535295002564367,True,0.007867933004176111,0.0029422549223845776,0.00920987394331598,0.0457070698027613,0.02894480749173566,0.049156614177091745,0.0015724336238024939
Skin Segmentation,"repeat=1,fold=2",1,2,5,2,dKDB-generative-init,0.001,validation-selected,adagrad,245057,3,2,98023,24506,122528,1.0,0,043774c253b5db849a91747362f6dcb05757f1043006bb04e47217dec756ebb9,41444,668,0.4227987309100925,0,1.0,20,0.0029422549223845776,0.00920987394331598,0.007867933004176111,0.0029548423144735076,0.009580166546652618,0.008053229227270631,0.0029422549223845776,0.00920987394331598,0.007867933004176111,0.0029230927357536494,0.009599613298202346,0.008056359120993785,0.0029063723757478165,0.009612553592149702,0.008063813206529897,-3.588254663676113e-05,0.0004026796488337224,0.00019588020235378548,0.006267619020931402,0.006706181216401885,0.00043856219547048353,0.0003702926033366388,0.0003897393548863669,0.029039001863511157,0.05008049107854227,0.04630044344959619,0.029003181923905413,0.049874282699172184,0.04616497367057149,0.02894480749173566,0.049156614177091745,0.0457070698027613,0.028982594686373386,0.04974749653528031,0.046085896799082156,41444.07926658004,203.60031991265706,1.3737000120704,0.00012514146426395055,46.0,18.0,440.22305389221555,0.000590882358188563,0.0003788269963208579,3.7787194637727006e-05,0.000553095163550836,True,0.007867933004176111,0.0029422549223845776,0.00920987394331598,0.0457070698027613,0.02894480749173566,0.049156614177091745,0.0004026796488337224
Skin Segmentation,"repeat=2,fold=1",2,1,0,0,dKDB-current,0.01,fixed-0.01,adagrad,245057,3,2,98022,24506,122529,1.0,0,6ad42d10abe6cb18a9026189931c0f8456523a0d25f42baaf5e049527ae00f7b,180,3,0.0018363224582236641,20,,20,0.6931471805599454,0.6931471805599454,0.6931471805599453,0.411206310485223,0.41350798317237625,0.41214881375443413,0.10295704352975674,0.11096246776653866,0.10747704567430266,0.10810392134277733,0.11570525101512195,0.112319601260518,0.10295704352975674,0.11096246776653866,0.10747704567430266,0.0,0.0,0.0,0.008005424236781924,0.008005424236781924,0.0,0.3025455154058376,0.004742783248583293,0.3809707415985894,0.38145243296065784,0.381243263695991,0.17114365288677452,0.17656031818066661,0.17482979282578048,0.1638208370971083,0.16949591506141434,0.1677449369664677,0.1638208370971083,0.16949591506141434,0.1677449369664677,34.68477692929035,3.374325937533822,0.842338925575144,0.0,0.0,98022.0,98022.0,0.0,0.0,0.0,0.0,False,0.14181961351444067,0.13729624721867867,0.1457718645325978,0.2022935390518926,0.19886568029241508,0.20447611028196094,-0.03480939676605914
Skin Segmentation,"repeat=2,fold=1",2,1,0,0,dKDB-current,0.01,validation-selected,adagrad,245057,3,2,98022,24506,122529,1.0,0,6ad42d10abe6cb18a9026189931c0f8456523a0d25f42baaf5e049527ae00f7b,180,3,0.0018363224582236641,20,,20,0.6931471805599454,0.6931471805599454,0.6931471805599453,0.411206310485223,0.41350798317237625,0.41214881375443413,0.10295704352975674,0.11096246776653866,0.10747704567430266,0.10810392134277733,0.11570525101512195,0.112319601260518,0.10295704352975674,0.11096246776653866,0.10747704567430266,0.0,0.0,0.0,0.008005424236781924,0.008005424236781924,0.0,0.3025455154058376,0.004742783248583293,0.3809707415985894,0.38145243296065784,0.381243263695991,0.17114365288677452,0.17656031818066661,0.17482979282578048,0.1638208370971083,0.16949591506141434,0.1677449369664677,0.1638208370971083,0.16949591506141434,0.1677449369664677,34.68477692929035,3.374325937533822,0.842338925575144,0.0,0.0,98022.0,98022.0,0.0,0.0,0.0,0.0,False,0.14181961351444067,0.13729624721867867,0.1457718645325978,0.2022935390518926,0.19886568029241508,0.20447611028196094,-0.03480939676605914
Skin Segmentation,"repeat=2,fold=1",2,1,0,0,dKDB-generative-init,0.01,fixed-0.01,adagrad,245057,3,2,98022,24506,122529,1.0,0,6ad42d10abe6cb18a9026189931c0f8456523a0d25f42baaf5e049527ae00f7b,180,3,0.0018363224582236641,20,,20,0.13729624721867867,0.1457718645325978,0.14181961351444067,0.20021973719997951,0.2072176495965212,0.20366488413652442,0.10240447154248321,0.11059357861259417,0.1070828934726295,0.10644926960554356,0.11425219474836919,0.11094727575776522,0.10240447154248321,0.11059357861259417,0.1070828934726295,0.0,0.0,0.0,0.00818910707011096,0.00818910707011096,0.0,0.09662407098392703,0.0036586161357750197,0.2595195408529423,0.26254937856314503,0.26134279323671983,0.16867826483961004,0.17387956623992012,0.1724392001125999,0.1627663467681382,0.1682609648262845,0.1666935634342835,0.1627663467681382,0.1682609648262845,0.1666935634342835,180.00020787551847,13.551550533966347,1.4683082575397435,0.0,0.0,98022.0,98022.0,0.0,0.0,0.0,0.0,False,0.14181961351444067,0.13729624721867867,0.1457718645325978,0.2022935390518926,0.19886568029241508,0.20447611028196094,-0.03517828592000363
Skin Segmentation,"repeat=2,fold=1",2,1,0,0,dKDB-generative-init,0.01,validation-selected,adagrad,245057,3,2,98022,24506,122529,1.0,0,6ad42d10abe6cb18a9026189931c0f8456523a0d25f42baaf5e049527ae00f7b,180,3,0.0018363224582236641,20,,20,0.13729624721867867,0.1457718645325978,0.14181961351444067,0.20021973719997951,0.2072176495965212,0.20366488413652442,0.10240447154248321,0.11059357861259417,0.1070828934726295,0.10644926960554356,0.11425219474836919,0.11094727575776522,0.10240447154248321,0.11059357861259417,0.1070828934726295,0.0,0.0,0.0,0.00818910707011096,0.00818910707011096,0.0,0.09662407098392703,0.0036586161357750197,0.2595195408529423,0.26254937856314503,0.26134279323671983,0.16867826483961004,0.17387956623992012,0.1724392001125999,0.1627663467681382,0.1682609648262845,0.1666935634342835,0.1627663467681382,0.1682609648262845,0.1666935634342835,180.00020787551847,13.551550533966347,1.4683082575397435,0.0,0.0,98022.0,98022.0,0.0,0.0,0.0,0.0,False,0.14181961351444067,0.13729624721867867,0.1457718645325978,0.2022935390518926,0.19886568029241508,0.20447611028196094,-0.03517828592000363
Skin Segmentation,"repeat=2,fold=1",2,1,1,1,dKDB-current,0.01,fixed-0.01,adagrad,245057,3,2,98022,24506,122529,1.0,0,a7746a6c33f274eb5085ff0831dd2ee290cec236af7e58c9634ef7e16870080e,3744,57,0.038195507131052214,20,,20,0.6931471805599454,0.6931471805599454,0.6931471805599453,0.11994503998206602,0.12270521492944773,0.12179156845118226,0.011424089637715245,0.014689004023372297,0.013885330691751983,0.01568373753624998,0.018755307671738157,0.01800060076523875,0.011424089637715245,0.014689004023372297,0.013885330691751983,0.0,0.0,0.0,0.003264914385657052,0.003264914385657052,0.0,0.10801621090607544,0.0040663036483658595,0.19458673231274765,0.19726411326018117,0.19634535242533865,0.053612791577362616,0.06244967910071353,0.060467868434046126,0.04621446967398492,0.05651440093467179,0.054361104583515354,0.04621446967398492,0.05651440093467179,0.054361104583515354,439.58739848131347,10.04740228525057,0.731425879575691,0.0,0.0,1922.0,5159.0526315789475,0.0,0.0,0.0,0.0,False,0.012256444085735785,0.008042686574605596,0.012703313494345966,0.055004874029329236,0.044457913731146464,0.05676015384344192,0.0019856905290263314
Skin Segmentation,"repeat=2,fold=1",2,1,1,1,dKDB-current,0.1,validation-selected,adagrad,245057,3,2,98022,24506,122529,1.0,0,a7746a6c33f274eb5085ff0831dd2ee290cec236af7e58c9634ef7e16870080e,3744,57,0.038195507131052214,20,,20,0.6931471805599454,0.6931471805599454,0.6931471805599453,0.34483006563467655,0.35001343295479287,0.3488947804498725,0.0032905007712391104,0.0074140690066980125,0.0072221490480970565,0.004315689695417075,0.007978931892090004,0.007587928573804747,0.0032905007712391104,0.0074140690066980125,0.0072221490480970565,0.0,0.0,0.0,0.004123568235458902,0.004123568235458902,0.0,0.34259936394809487,0.0005648628853919917,0.3367781788387088,0.33685813683174826,0.33758344476629154,0.031817246738013914,0.04456406978264176,0.04296227018355089,0.028799501817249284,0.04331701179701569,0.041834583802929606,0.028799501817249284,0.04331701179701569,0.041834583802929606,1325.4685251777162,28.499173002832883,1.8826376416710093,0.0,0.0,1922.0,5159.0526315789475,0.0,0.0,0.0,0.0,False,0.012256444085735785,0.008042686574605596,0.012703313494345966,0.055004874029329236,0.044457913731146464,0.05676015384344192,-0.0052892444876479535
Skin Segmentation,"repeat=2,fold=1",2,1,1,1,dKDB-generative-init,0.01,fixed-0.01,adagrad,245057,3,2,98022,24506,122529,1.0,0,a7746a6c33f274eb5085ff0831dd2ee290cec236af7e58c9634ef7e16870080e,3744,57,0.038195507131052214,20,,20,0.008042686574605596,0.012703313494345966,0.012256444085735785,0.007650437340973099,0.012828941142622247,0.012385213123600658,0.004583651288412873,0.00986954324757874,0.009534649663360487,0.005204346773318243,0.01041544512561697,0.009999310763936054,0.004583651288412873,0.00986954324757874,0.009534649663360487,0.0,0.0,0.0,0.005285891959165867,0.005285891959165867,0.0,0.002959397895043507,0.0005459018780382303,0.044293250879316834,0.05694702229308137,0.055199303729341155,0.035729624529743216,0.0499718284850686,0.04853163214783785,0.03375497048254268,0.0483362124240685,0.04710709400003745,0.03375497048254268,0.0483362124240685,0.04710709400003745,3745.243674154417,61.592098248534676,1.6119801793626167,0.0,0.0,1922.0,5159.0526315789475,0.0,0.0,0.0,0.0,False,0.012256444085735785,0.008042686574605596,0.012703313494345966,0.055004874029329236,0.044457913731146464,0.05676015384344192,-0.002833770246767226
Skin Segmentation,"repeat=2,fold=1",2,1,1,1,dKDB-generative-init,0.03,validation-selected,adagrad,245057,3,2,98022,24506,122529,1.0,0,a7746a6c33f274eb5085ff0831dd2ee290cec236af7e58c9634ef7e16870080e,3744,57,0.038195507131052214,20,,20,0.008042686574605596,0.012703313494345966,0.012256444085735785,0.008076774068756436,0.013226101149387335,0.01243000760808122,0.0033697821527586373,0.009359778242098679,0.00925610567276332,0.003840877099621907,0.009591232749683723,0.009295951376815919,0.0033697821527586373,0.009359778242098679,0.00925610567276332,0.0,0.0,0.0,0.0059899960893400415,0.0059899960893400415,0.0,0.003866322907288656,0.00023145450758504417,0.04533496927780345,0.05681095159846111,0.05508405133010718,0.031054972208607257,0.04632404417126517,0.04511124092554317,0.029292197178540362,0.04564309979092809,0.04454529105443459,0.029292197178540362,0.04564309979092809,0.04454529105443459,3744.829967840893,62.55232404252575,2.017188826385183,0.0,0.0,1922.0,5159.0526315789475,0.0,0.0,0.0,0.0,False,0.012256444085735785,0.008042686574605596,0.012703313494345966,0.055004874029329236,0.044457913731146464,0.05676015384344192,-0.003343535252247287
Skin Segmentation,"repeat=2,fold=1",2,1,2,2,dKDB-current,0.01,fixed-0.01,adagrad,245057,3,2,98022,24506,122529,1.0,0,13f9fa321882030cb06c826cd0105876d8f64c625809aa62ad1e176613fa017e,43278,656,0.4415131297055763,20,,20,0.6931471805599454,0.6931471805599454,0.6931471805599453,0.14633379102002447,0.14958887959314524,0.1484463117379821,0.013082761569189675,0.01739779772462718,0.01705772291183889,0.018454766443876107,0.022292584315333337,0.02190897656995887,0.013082761569189675,0.01739779772462718,0.01705772291183889,0.0,0.0,0.0,0.004315036155437506,0.004315036155437506,0.0,0.13219108186851805,0.004894786590706156,0.2209090433861945,0.22378632596234796,0.2227093268315132,0.059502365165857045,0.06964307341498953,0.06821850213685653,0.05040099955458706,0.06319726945119543,0.06173039791285136,0.05040099955458706,0.06319726945119543,0.06173039791285136,1016.2137954863375,14.430277309387513,0.9493102092096992,0.00014690399823715202,0.0,19.0,448.2713414634146,0.0,0.0,0.0,0.0,False,0.009053527528668368,0.0025831273854665243,0.008708154733425911,0.04927621519171261,0.02644951246838677,0.04850111009155067,0.00868964299120127
Skin Segmentation,"repeat=2,fold=1",2,1,2,2,dKDB-current,0.1,validation-selected,adagrad,245057,3,2,98022,24506,122529,1.0,0,13f9fa321882030cb06c826cd0105876d8f64c625809aa62ad1e176613fa017e,43278,656,0.4415131297055763,13,14.0,20,0.6931471805599454,0.6931471805599454,0.6931471805599453,0.3276067123183458,0.33297150958676724,0.33130983034598055,0.0029625579280823534,0.009751227226814999,0.010033116638037829,0.0032313481073731215,0.009794013798172912,0.009996949575458497,0.002688556091916169,0.00984368010741608,0.010233061546034334,-0.0002740018361661843,9.245288060108145e-05,0.00019994490799650488,0.006788669298732645,0.007155124015499911,0.00036645471676726576,0.32322028235995226,4.2786571357913625e-05,0.3351669074612743,0.33655334116619723,0.3362795529362065,0.029673091176713805,0.050097097715030674,0.04939545555797843,0.028808671147727723,0.049640729639289755,0.04913818331573093,0.027883394711725296,0.049243652405017664,0.04899130926454989,4275.475363704679,55.07677985150188,2.6214051156284484,0.00014690399823715202,0.0,19.0,448.2713414634146,-0.00039707723427209046,-0.0001468740511810368,-0.0009252764360024278,0.0005281992017303373,True,0.009053527528668368,0.0025831273854665243,0.008708154733425911,0.04927621519171261,0.02644951246838677,0.04850111009155067,0.0011355253739901688
Skin Segmentation,"repeat=2,fold=1",2,1,2,2,dKDB-generative-init,0.01,fixed-0.01,adagrad,245057,3,2,98022,24506,122529,1.0,0,13f9fa321882030cb06c826cd0105876d8f64c625809aa62ad1e176613fa017e,43278,656,0.4415131297055763,0,1.0,20,0.0025831273854665243,0.008708154733425911,0.009053527528668368,0.0027939204460058265,0.010119229637261244,0.010735726852818626,0.0025831273854665243,0.008708154733425911,0.009053527528668368,0.002442366020672024,0.009476143922688744,0.00995642649181709,0.0023866487339759546,0.009564597916081241,0.010045043982227742,-0.00019647865149056976,0.0008564431826553302,0.0009915164535593737,0.006125027347959387,0.007177949182105287,0.0010529218341459,0.001411074903835333,0.000767989189262833,0.026972371794228917,0.052276807296516514,0.05324711257087678,0.02649616922227933,0.04905484005684782,0.04923285455823928,0.02644951246838677,0.04850111009155067,0.04927621519171261,0.026425359973546128,0.04852482066806528,0.04857238801279121,43278.848211041666,208.52022771850307,1.8718696168523143,0.00014690399823715202,54.0,19.0,448.2713414634146,2.371057651461006e-05,-0.0007038271789214026,-2.4152494840640193e-05,4.786307135525025e-05,True,0.009053527528668368,0.0025831273854665243,0.008708154733425911,0.04927621519171261,0.02644951246838677,0.04850111009155067,0.0008564431826553302
Skin Segmentation,"repeat=2,fold=1",2,1,2,2,dKDB-generative-init,0.001,validation-selected,adagrad,245057,3,2,98022,24506,122529,1.0,0,13f9fa321882030cb06c826cd0105876d8f64c625809aa62ad1e176613fa017e,43278,656,0.4415131297055763,0,1.0,20,0.0025831273854665243,0.008708154733425911,0.009053527528668368,0.002591654430290158,0.008917426002738909,0.009360383836296223,0.0025831273854665243,0.008708154733425911,0.009053527528668368,0.002557857246294357,0.008886437534572088,0.009320692101990616,0.0025400968520061097,0.008874391711608752,0.009302348694430387,-4.303053346041462e-05,0.00016623697818284044,0.00024882116576201846,0.006125027347959387,0.0063342948596026415,0.00020926751164325463,0.0002092712693129977,0.00017828280114617727,0.026520866261131128,0.049289676191134967,0.050257483528411556,0.02648920227362992,0.04910344739122222,0.049947735320835636,0.02644951246838677,0.04850111009155067,0.04927621519171261,0.026471183085628923,0.048995817508523186,0.04976765181534142,43278.02265210646,208.05487250216905,1.2950822723781727,0.00014690399823715202,54.0,19.0,448.2713414634146,0.000494707416972516,0.0004914366236288131,2.1670617242154633e-05,0.0004730367997303614,True,0.009053527528668368,0.0025831273854665243,0.008708154733425911,0.04927621519171261,0.02644951246838677,0.04850111009155067,0.00016623697818284044
Skin Segmentation,"repeat=2,fold=1",2,1,3,2,dKDB-current,0.01,fixed-0.01,adagrad,245057,3,2,98022,24506,122529,1.0,0,13f9fa321882030cb06c826cd0105876d8f64c625809aa62ad1e176613fa017e,43278,656,0.4415131297055763,20,,20,0.6931471805599454,0.6931471805599454,0.6931471805599453,0.14633379102002447,0.14958887959314524,0.1484463117379821,0.013082761569189675,0.01739779772462718,0.01705772291183889,0.018454766443876107,0.022292584315333337,0.02190897656995887,0.013082761569189675,0.01739779772462718,0.01705772291183889,0.0,0.0,0.0,0.004315036155437506,0.004315036155437506,0.0,0.13219108186851805,0.004894786590706156,0.2209090433861945,0.22378632596234796,0.2227093268315132,0.059502365165857045,0.06964307341498953,0.06821850213685653,0.05040099955458706,0.06319726945119543,0.06173039791285136,0.05040099955458706,0.06319726945119543,0.06173039791285136,1016.2137954863375,14.430277309387513,0.9493102092096992,0.00014690399823715202,0.0,19.0,448.2713414634146,0.0,0.0,0.0,0.0,False,0.009053527528668368,0.0025831273854665243,0.008708154733425911,0.04927621519171261,0.02644951246838677,0.04850111009155067,0.00868964299120127
Skin Segmentation,"repeat=2,fold=1",2,1,3,2,dKDB-current,0.1,validation-selected,adagrad,245057,3,2,98022,24506,122529,1.0,0,13f9fa321882030cb06c826cd0105876d8f64c625809aa62ad1e176613fa017e,43278,656,0.4415131297055763,13,14.0,20,0.6931471805599454,0.6931471805599454,0.6931471805599453,0.3276067123183458,0.33297150958676724,0.33130983034598055,0.0029625579280823534,0.009751227226814999,0.010033116638037829,0.0032313481073731215,0.009794013798172912,0.009996949575458497,0.002688556091916169,0.00984368010741608,0.010233061546034334,-0.0002740018361661843,9.245288060108145e-05,0.00019994490799650488,0.006788669298732645,0.007155124015499911,0.00036645471676726576,0.32322028235995226,4.2786571357913625e-05,0.3351669074612743,0.33655334116619723,0.3362795529362065,0.029673091176713805,0.050097097715030674,0.04939545555797843,0.028808671147727723,0.049640729639289755,0.04913818331573093,0.027883394711725296,0.049243652405017664,0.04899130926454989,4275.475363704679,55.07677985150188,2.6214051156284484,0.00014690399823715202,0.0,19.0,448.2713414634146,-0.00039707723427209046,-0.0001468740511810368,-0.0009252764360024278,0.0005281992017303373,True,0.009053527528668368,0.0025831273854665243,0.008708154733425911,0.04927621519171261,0.02644951246838677,0.04850111009155067,0.0011355253739901688
Skin Segmentation,"repeat=2,fold=1",2,1,3,2,dKDB-generative-init,0.01,fixed-0.01,adagrad,245057,3,2,98022,24506,122529,1.0,0,13f9fa321882030cb06c826cd0105876d8f64c625809aa62ad1e176613fa017e,43278,656,0.4415131297055763,0,1.0,20,0.0025831273854665243,0.008708154733425911,0.009053527528668368,0.0027939204460058265,0.010119229637261244,0.010735726852818626,0.0025831273854665243,0.008708154733425911,0.009053527528668368,0.002442366020672024,0.009476143922688744,0.00995642649181709,0.0023866487339759546,0.009564597916081241,0.010045043982227742,-0.00019647865149056976,0.0008564431826553302,0.0009915164535593737,0.006125027347959387,0.007177949182105287,0.0010529218341459,0.001411074903835333,0.000767989189262833,0.026972371794228917,0.052276807296516514,0.05324711257087678,0.02649616922227933,0.04905484005684782,0.04923285455823928,0.02644951246838677,0.04850111009155067,0.04927621519171261,0.026425359973546128,0.04852482066806528,0.04857238801279121,43278.848211041666,208.52022771850307,1.8718696168523143,0.00014690399823715202,54.0,19.0,448.2713414634146,2.371057651461006e-05,-0.0007038271789214026,-2.4152494840640193e-05,4.786307135525025e-05,True,0.009053527528668368,0.0025831273854665243,0.008708154733425911,0.04927621519171261,0.02644951246838677,0.04850111009155067,0.0008564431826553302
Skin Segmentation,"repeat=2,fold=1",2,1,3,2,dKDB-generative-init,0.001,validation-selected,adagrad,245057,3,2,98022,24506,122529,1.0,0,13f9fa321882030cb06c826cd0105876d8f64c625809aa62ad1e176613fa017e,43278,656,0.4415131297055763,0,1.0,20,0.0025831273854665243,0.008708154733425911,0.009053527528668368,0.002591654430290158,0.008917426002738909,0.009360383836296223,0.0025831273854665243,0.008708154733425911,0.009053527528668368,0.002557857246294357,0.008886437534572088,0.009320692101990616,0.0025400968520061097,0.008874391711608752,0.009302348694430387,-4.303053346041462e-05,0.00016623697818284044,0.00024882116576201846,0.006125027347959387,0.0063342948596026415,0.00020926751164325463,0.0002092712693129977,0.00017828280114617727,0.026520866261131128,0.049289676191134967,0.050257483528411556,0.02648920227362992,0.04910344739122222,0.049947735320835636,0.02644951246838677,0.04850111009155067,0.04927621519171261,0.026471183085628923,0.048995817508523186,0.04976765181534142,43278.02265210646,208.05487250216905,1.2950822723781727,0.00014690399823715202,54.0,19.0,448.2713414634146,0.000494707416972516,0.0004914366236288131,2.1670617242154633e-05,0.0004730367997303614,True,0.009053527528668368,0.0025831273854665243,0.008708154733425911,0.04927621519171261,0.02644951246838677,0.04850111009155067,0.00016623697818284044
Skin Segmentation,"repeat=2,fold=1",2,1,4,2,dKDB-current,0.01,fixed-0.01,adagrad,245057,3,2,98022,24506,122529,1.0,0,13f9fa321882030cb06c826cd0105876d8f64c625809aa62ad1e176613fa017e,43278,656,0.4415131297055763,20,,20,0.6931471805599454,0.6931471805599454,0.6931471805599453,0.14633379102002447,0.14958887959314524,0.1484463117379821,0.013082761569189675,0.01739779772462718,0.01705772291183889,0.018454766443876107,0.022292584315333337,0.02190897656995887,0.013082761569189675,0.01739779772462718,0.01705772291183889,0.0,0.0,0.0,0.004315036155437506,0.004315036155437506,0.0,0.13219108186851805,0.004894786590706156,0.2209090433861945,0.22378632596234796,0.2227093268315132,0.059502365165857045,0.06964307341498953,0.06821850213685653,0.05040099955458706,0.06319726945119543,0.06173039791285136,0.05040099955458706,0.06319726945119543,0.06173039791285136,1016.2137954863375,14.430277309387513,0.9493102092096992,0.00014690399823715202,0.0,19.0,448.2713414634146,0.0,0.0,0.0,0.0,False,0.009053527528668368,0.0025831273854665243,0.008708154733425911,0.04927621519171261,0.02644951246838677,0.04850111009155067,0.00868964299120127
Skin Segmentation,"repeat=2,fold=1",2,1,4,2,dKDB-current,0.1,validation-selected,adagrad,245057,3,2,98022,24506,122529,1.0,0,13f9fa321882030cb06c826cd0105876d8f64c625809aa62ad1e176613fa017e,43278,656,0.4415131297055763,13,14.0,20,0.6931471805599454,0.6931471805599454,0.6931471805599453,0.3276067123183458,0.33297150958676724,0.33130983034598055,0.0029625579280823534,0.009751227226814999,0.010033116638037829,0.0032313481073731215,0.009794013798172912,0.009996949575458497,0.002688556091916169,0.00984368010741608,0.010233061546034334,-0.0002740018361661843,9.245288060108145e-05,0.00019994490799650488,0.006788669298732645,0.007155124015499911,0.00036645471676726576,0.32322028235995226,4.2786571357913625e-05,0.3351669074612743,0.33655334116619723,0.3362795529362065,0.029673091176713805,0.050097097715030674,0.04939545555797843,0.028808671147727723,0.049640729639289755,0.04913818331573093,0.027883394711725296,0.049243652405017664,0.04899130926454989,4275.475363704679,55.07677985150188,2.6214051156284484,0.00014690399823715202,0.0,19.0,448.2713414634146,-0.00039707723427209046,-0.0001468740511810368,-0.0009252764360024278,0.0005281992017303373,True,0.009053527528668368,0.0025831273854665243,0.008708154733425911,0.04927621519171261,0.02644951246838677,0.04850111009155067,0.0011355253739901688
Skin Segmentation,"repeat=2,fold=1",2,1,4,2,dKDB-generative-init,0.01,fixed-0.01,adagrad,245057,3,2,98022,24506,122529,1.0,0,13f9fa321882030cb06c826cd0105876d8f64c625809aa62ad1e176613fa017e,43278,656,0.4415131297055763,0,1.0,20,0.0025831273854665243,0.008708154733425911,0.009053527528668368,0.0027939204460058265,0.010119229637261244,0.010735726852818626,0.0025831273854665243,0.008708154733425911,0.009053527528668368,0.002442366020672024,0.009476143922688744,0.00995642649181709,0.0023866487339759546,0.009564597916081241,0.010045043982227742,-0.00019647865149056976,0.0008564431826553302,0.0009915164535593737,0.006125027347959387,0.007177949182105287,0.0010529218341459,0.001411074903835333,0.000767989189262833,0.026972371794228917,0.052276807296516514,0.05324711257087678,0.02649616922227933,0.04905484005684782,0.04923285455823928,0.02644951246838677,0.04850111009155067,0.04927621519171261,0.026425359973546128,0.04852482066806528,0.04857238801279121,43278.848211041666,208.52022771850307,1.8718696168523143,0.00014690399823715202,54.0,19.0,448.2713414634146,2.371057651461006e-05,-0.0007038271789214026,-2.4152494840640193e-05,4.786307135525025e-05,True,0.009053527528668368,0.0025831273854665243,0.008708154733425911,0.04927621519171261,0.02644951246838677,0.04850111009155067,0.0008564431826553302
Skin Segmentation,"repeat=2,fold=1",2,1,4,2,dKDB-generative-init,0.001,validation-selected,adagrad,245057,3,2,98022,24506,122529,1.0,0,13f9fa321882030cb06c826cd0105876d8f64c625809aa62ad1e176613fa017e,43278,656,0.4415131297055763,0,1.0,20,0.0025831273854665243,0.008708154733425911,0.009053527528668368,0.002591654430290158,0.008917426002738909,0.009360383836296223,0.0025831273854665243,0.008708154733425911,0.009053527528668368,0.002557857246294357,0.008886437534572088,0.009320692101990616,0.0025400968520061097,0.008874391711608752,0.009302348694430387,-4.303053346041462e-05,0.00016623697818284044,0.00024882116576201846,0.006125027347959387,0.0063342948596026415,0.00020926751164325463,0.0002092712693129977,0.00017828280114617727,0.026520866261131128,0.049289676191134967,0.050257483528411556,0.02648920227362992,0.04910344739122222,0.049947735320835636,0.02644951246838677,0.04850111009155067,0.04927621519171261,0.026471183085628923,0.048995817508523186,0.04976765181534142,43278.02265210646,208.05487250216905,1.2950822723781727,0.00014690399823715202,54.0,19.0,448.2713414634146,0.000494707416972516,0.0004914366236288131,2.1670617242154633e-05,0.0004730367997303614,True,0.009053527528668368,0.0025831273854665243,0.008708154733425911,0.04927621519171261,0.02644951246838677,0.04850111009155067,0.00016623697818284044
Skin Segmentation,"repeat=2,fold=1",2,1,5,2,dKDB-current,0.01,fixed-0.01,adagrad,245057,3,2,98022,24506,122529,1.0,0,13f9fa321882030cb06c826cd0105876d8f64c625809aa62ad1e176613fa017e,43278,656,0.4415131297055763,20,,20,0.6931471805599454,0.6931471805599454,0.6931471805599453,0.14633379102002447,0.14958887959314524,0.1484463117379821,0.013082761569189675,0.01739779772462718,0.01705772291183889,0.018454766443876107,0.022292584315333337,0.02190897656995887,0.013082761569189675,0.01739779772462718,0.01705772291183889,0.0,0.0,0.0,0.004315036155437506,0.004315036155437506,0.0,0.13219108186851805,0.004894786590706156,0.2209090433861945,0.22378632596234796,0.2227093268315132,0.059502365165857045,0.06964307341498953,0.06821850213685653,0.05040099955458706,0.06319726945119543,0.06173039791285136,0.05040099955458706,0.06319726945119543,0.06173039791285136,1016.2137954863375,14.430277309387513,0.9493102092096992,0.00014690399823715202,0.0,19.0,448.2713414634146,0.0,0.0,0.0,0.0,False,0.009053527528668368,0.0025831273854665243,0.008708154733425911,0.04927621519171261,0.02644951246838677,0.04850111009155067,0.00868964299120127
Skin Segmentation,"repeat=2,fold=1",2,1,5,2,dKDB-current,0.1,validation-selected,adagrad,245057,3,2,98022,24506,122529,1.0,0,13f9fa321882030cb06c826cd0105876d8f64c625809aa62ad1e176613fa017e,43278,656,0.4415131297055763,13,14.0,20,0.6931471805599454,0.6931471805599454,0.6931471805599453,0.3276067123183458,0.33297150958676724,0.33130983034598055,0.0029625579280823534,0.009751227226814999,0.010033116638037829,0.0032313481073731215,0.009794013798172912,0.009996949575458497,0.002688556091916169,0.00984368010741608,0.010233061546034334,-0.0002740018361661843,9.245288060108145e-05,0.00019994490799650488,0.006788669298732645,0.007155124015499911,0.00036645471676726576,0.32322028235995226,4.2786571357913625e-05,0.3351669074612743,0.33655334116619723,0.3362795529362065,0.029673091176713805,0.050097097715030674,0.04939545555797843,0.028808671147727723,0.049640729639289755,0.04913818331573093,0.027883394711725296,0.049243652405017664,0.04899130926454989,4275.475363704679,55.07677985150188,2.6214051156284484,0.00014690399823715202,0.0,19.0,448.2713414634146,-0.00039707723427209046,-0.0001468740511810368,-0.0009252764360024278,0.0005281992017303373,True,0.009053527528668368,0.0025831273854665243,0.008708154733425911,0.04927621519171261,0.02644951246838677,0.04850111009155067,0.0011355253739901688
Skin Segmentation,"repeat=2,fold=1",2,1,5,2,dKDB-generative-init,0.01,fixed-0.01,adagrad,245057,3,2,98022,24506,122529,1.0,0,13f9fa321882030cb06c826cd0105876d8f64c625809aa62ad1e176613fa017e,43278,656,0.4415131297055763,0,1.0,20,0.0025831273854665243,0.008708154733425911,0.009053527528668368,0.0027939204460058265,0.010119229637261244,0.010735726852818626,0.0025831273854665243,0.008708154733425911,0.009053527528668368,0.002442366020672024,0.009476143922688744,0.00995642649181709,0.0023866487339759546,0.009564597916081241,0.010045043982227742,-0.00019647865149056976,0.0008564431826553302,0.0009915164535593737,0.006125027347959387,0.007177949182105287,0.0010529218341459,0.001411074903835333,0.000767989189262833,0.026972371794228917,0.052276807296516514,0.05324711257087678,0.02649616922227933,0.04905484005684782,0.04923285455823928,0.02644951246838677,0.04850111009155067,0.04927621519171261,0.026425359973546128,0.04852482066806528,0.04857238801279121,43278.848211041666,208.52022771850307,1.8718696168523143,0.00014690399823715202,54.0,19.0,448.2713414634146,2.371057651461006e-05,-0.0007038271789214026,-2.4152494840640193e-05,4.786307135525025e-05,True,0.009053527528668368,0.0025831273854665243,0.008708154733425911,0.04927621519171261,0.02644951246838677,0.04850111009155067,0.0008564431826553302
Skin Segmentation,"repeat=2,fold=1",2,1,5,2,dKDB-generative-init,0.001,validation-selected,adagrad,245057,3,2,98022,24506,122529,1.0,0,13f9fa321882030cb06c826cd0105876d8f64c625809aa62ad1e176613fa017e,43278,656,0.4415131297055763,0,1.0,20,0.0025831273854665243,0.008708154733425911,0.009053527528668368,0.002591654430290158,0.008917426002738909,0.009360383836296223,0.0025831273854665243,0.008708154733425911,0.009053527528668368,0.002557857246294357,0.008886437534572088,0.009320692101990616,0.0025400968520061097,0.008874391711608752,0.009302348694430387,-4.303053346041462e-05,0.00016623697818284044,0.00024882116576201846,0.006125027347959387,0.0063342948596026415,0.00020926751164325463,0.0002092712693129977,0.00017828280114617727,0.026520866261131128,0.049289676191134967,0.050257483528411556,0.02648920227362992,0.04910344739122222,0.049947735320835636,0.02644951246838677,0.04850111009155067,0.04927621519171261,0.026471183085628923,0.048995817508523186,0.04976765181534142,43278.02265210646,208.05487250216905,1.2950822723781727,0.00014690399823715202,54.0,19.0,448.2713414634146,0.000494707416972516,0.0004914366236288131,2.1670617242154633e-05,0.0004730367997303614,True,0.009053527528668368,0.0025831273854665243,0.008708154733425911,0.04927621519171261,0.02644951246838677,0.04850111009155067,0.00016623697818284044
Skin Segmentation,"repeat=2,fold=2",2,2,0,0,dKDB-current,0.01,fixed-0.01,adagrad,245057,3,2,98023,24506,122528,1.0,0,6ad42d10abe6cb18a9026189931c0f8456523a0d25f42baaf5e049527ae00f7b,172,3,0.0017546902257633413,20,,20,0.6931471805599454,0.6931471805599454,0.6931471805599453,0.4270069186559097,0.4245977999689446,0.42767265598938875,0.10623545872981775,0.10762996680325698,0.10656302149193624,0.11158611669335229,0.11285069083363479,0.11192384929043345,0.10623545872981775,0.10762996680325698,0.10656302149193624,0.0,0.0,0.0,0.0013945080734392296,0.0013945080734392296,0.0,0.3169678331656876,0.005220724030377807,0.38664640391627475,0.38576578837613934,0.386563987707453,0.1737725768948422,0.17547751515033053,0.17318592092437704,0.1661721499601805,0.16814487897601285,0.16549038376604505,0.1661721499601805,0.16814487897601285,0.16549038376604505,33.57819352788838,3.3008833708285046,0.8417613159707391,0.0,0.0,98023.0,98023.0,0.0,0.0,0.0,0.0,False,0.14013803969215569,0.13998209565556818,0.14155777997187952,0.20010726367673268,0.20088815552587314,0.20242720960303667,-0.033927813168622534
Skin Segmentation,"repeat=2,fold=2",2,2,0,0,dKDB-current,0.01,validation-selected,adagrad,245057,3,2,98023,24506,122528,1.0,0,6ad42d10abe6cb18a9026189931c0f8456523a0d25f42baaf5e049527ae00f7b,172,3,0.0017546902257633413,20,,20,0.6931471805599454,0.6931471805599454,0.6931471805599453,0.4270069186559097,0.4245977999689446,0.42767265598938875,0.10623545872981775,0.10762996680325698,0.10656302149193624,0.11158611669335229,0.11285069083363479,0.11192384929043345,0.10623545872981775,0.10762996680325698,0.10656302149193624,0.0,0.0,0.0,0.0013945080734392296,0.0013945080734392296,0.0,0.3169678331656876,0.005220724030377807,0.38664640391627475,0.38576578837613934,0.386563987707453,0.1737725768948422,0.17547751515033053,0.17318592092437704,0.1661721499601805,0.16814487897601285,0.16549038376604505,0.1661721499601805,0.16814487897601285,0.16549038376604505,33.57819352788838,3.3008833708285046,0.8417613159707391,0.0,0.0,98023.0,98023.0,0.0,0.0,0.0,0.0,False,0.14013803969215569,0.13998209565556818,0.14155777997187952,0.20010726367673268,0.20088815552587314,0.20242720960303667,-0.033927813168622534
Skin Segmentation,"repeat=2,fold=2",2,2,0,0,dKDB-generative-init,0.01,fixed-0.01,adagrad,245057,3,2,98023,24506,122528,1.0,0,6ad42d10abe6cb18a9026189931c0f8456523a0d25f42baaf5e049527ae00f7b,172,3,0.0017546902257633413,20,,20,0.13998209565556818,0.14155777997187952,0.14013803969215569,0.20901751440076777,0.20733364784645905,0.2104658341302577,0.10577052857378957,0.10709112580695321,0.10667590675130285,0.11008605257852412,0.11120700048603922,0.11096687396303775,0.10577052857378957,0.10709112580695321,0.10667590675130285,0.0,0.0,0.0,0.001320597233163634,0.001320597233163634,0.0,0.10024252203950584,0.004115874679086015,0.2659072990816848,0.2647374205550085,0.26592882940425033,0.17140908973217497,0.17333202140102866,0.1708562807981095,0.16511608586718732,0.1672324755023424,0.16449383320562957,0.16511608586718732,0.1672324755023424,0.16449383320562957,172.00073787730742,13.250454587619759,1.4318708092901014,0.0,0.0,98023.0,98023.0,0.0,0.0,0.0,0.0,False,0.14013803969215569,0.13998209565556818,0.14155777997187952,0.20010726367673268,0.20088815552587314,0.20242720960303667,-0.03446665416492631
Skin Segmentation,"repeat=2,fold=2",2,2,0,0,dKDB-generative-init,0.01,validation-selected,adagrad,245057,3,2,98023,24506,122528,1.0,0,6ad42d10abe6cb18a9026189931c0f8456523a0d25f42baaf5e049527ae00f7b,172,3,0.0017546902257633413,20,,20,0.13998209565556818,0.14155777997187952,0.14013803969215569,0.20901751440076777,0.20733364784645905,0.2104658341302577,0.10577052857378957,0.10709112580695321,0.10667590675130285,0.11008605257852412,0.11120700048603922,0.11096687396303775,0.10577052857378957,0.10709112580695321,0.10667590675130285,0.0,0.0,0.0,0.001320597233163634,0.001320597233163634,0.0,0.10024252203950584,0.004115874679086015,0.2659072990816848,0.2647374205550085,0.26592882940425033,0.17140908973217497,0.17333202140102866,0.1708562807981095,0.16511608586718732,0.1672324755023424,0.16449383320562957,0.16511608586718732,0.1672324755023424,0.16449383320562957,172.00073787730742,13.250454587619759,1.4318708092901014,0.0,0.0,98023.0,98023.0,0.0,0.0,0.0,0.0,False,0.14013803969215569,0.13998209565556818,0.14155777997187952,0.20010726367673268,0.20088815552587314,0.20242720960303667,-0.03446665416492631
Skin Segmentation,"repeat=2,fold=2",2,2,1,1,dKDB-current,0.01,fixed-0.01,adagrad,245057,3,2,98023,24506,122528,1.0,0,fdc02b2535c0b99abc75de190a38b636b47dd8883fdee16bf79dbaa495f6802a,3438,55,0.035073401140548646,20,,20,0.6931471805599454,0.6931471805599454,0.6931471805599453,0.13337346124023422,0.13454649863558682,0.13430435097657883,0.014383049100256994,0.016678198774826368,0.01683882210432851,0.018748356463726645,0.020630021612599057,0.02099828198829939,0.014383049100256994,0.016678198774826368,0.01683882210432851,0.0,0.0,0.0,0.002295149674569374,0.002295149674569374,0.0,0.11786829986076044,0.003951822837772689,0.2089205768064751,0.20996687266916694,0.2096823164725097,0.06139795391997885,0.06664306794682862,0.0668301910001253,0.05442702143708761,0.06132700334347145,0.06062475914927784,0.05442702143708761,0.06132700334347145,0.06062475914927784,430.36673281840365,10.007843947180456,0.7755337084954907,0.0,0.0,2645.0,5346.709090909091,0.0,0.0,0.0,0.0,False,0.023196977187357245,0.01919480761980666,0.02375884582947199,0.07697313098727125,0.07101428119003868,0.07809955582959446,-0.00708064705464562
Skin Segmentation,"repeat=2,fold=2",2,2,1,1,dKDB-current,0.03,validation-selected,adagrad,245057,3,2,98023,24506,122528,1.0,0,fdc02b2535c0b99abc75de190a38b636b47dd8883fdee16bf79dbaa495f6802a,3438,55,0.035073401140548646,20,,20,0.6931471805599454,0.6931471805599454,0.6931471805599453,0.2298727272418968,0.2323492186169765,0.23124965530688743,0.007558344874454437,0.011188048952391099,0.010750522800671684,0.009584353151842183,0.01262786226466327,0.012327742914784435,0.007558344874454437,0.011188048952391099,0.010750522800671684,0.0,0.0,0.0,0.0036297040779366624,0.0036297040779366624,0.0,0.2211611696645854,0.0014398133122721715,0.2890376629661193,0.2902941393546021,0.28975210533991863,0.04432576050742269,0.05364689647459853,0.05139777038497433,0.04065567725710249,0.05153554231810252,0.04882617011617183,0.04065567725710249,0.05153554231810252,0.04882617011617183,740.2499486150996,16.57247703409171,1.2863392156831717,0.0,0.0,2645.0,5346.709090909091,0.0,0.0,0.0,0.0,False,0.023196977187357245,0.01919480761980666,0.02375884582947199,0.07697313098727125,0.07101428119003868,0.07809955582959446,-0.01257079687708089
Skin Segmentation,"repeat=2,fold=2",2,2,1,1,dKDB-generative-init,0.01,fixed-0.01,adagrad,245057,3,2,98023,24506,122528,1.0,0,fdc02b2535c0b99abc75de190a38b636b47dd8883fdee16bf79dbaa495f6802a,3438,55,0.035073401140548646,20,,20,0.01919480761980666,0.02375884582947199,0.023196977187357245,0.016471003821541496,0.021394920070622162,0.02111944525446346,0.008889070741365935,0.014499401618121844,0.013758527830152743,0.010268325467120702,0.015553399711855178,0.014977765099592852,0.008889070741365935,0.014499401618121844,0.013758527830152743,0.0,0.0,0.0,0.005610330876755909,0.005610330876755909,0.0,0.006895518452500318,0.001053998093733334,0.06281873383973267,0.07078068981679238,0.06977642714339491,0.04973185097752316,0.059792305286663454,0.05740731058399253,0.04647057766876517,0.05736564168738837,0.05448028696503543,0.04647057766876517,0.05736564168738837,0.05448028696503543,3438.7251150280626,59.09337328041494,1.661763583551544,0.0,0.0,2645.0,5346.709090909091,0.0,0.0,0.0,0.0,False,0.023196977187357245,0.01919480761980666,0.02375884582947199,0.07697313098727125,0.07101428119003868,0.07809955582959446,-0.009259444211350144
Skin Segmentation,"repeat=2,fold=2",2,2,1,1,dKDB-generative-init,0.03,validation-selected,adagrad,245057,3,2,98023,24506,122528,1.0,0,fdc02b2535c0b99abc75de190a38b636b47dd8883fdee16bf79dbaa495f6802a,3438,55,0.035073401140548646,20,,20,0.01919480761980666,0.02375884582947199,0.023196977187357245,0.015926395683295704,0.019661868055433927,0.02035002315735346,0.006195591477262699,0.012735851347245261,0.012208388085225069,0.007207079132073995,0.01306917342721573,0.012727154427635853,0.006195591477262699,0.012735851347245261,0.012208388085225069,0.0,0.0,0.0,0.006540259869982562,0.006540259869982562,0.0,0.006926016708188666,0.0003333220799704682,0.06327093119872056,0.0695574233951482,0.06938274369949311,0.042017125671164654,0.05374758253863595,0.050323897103907334,0.03916419278205837,0.05171833552807913,0.04801387343467441,0.03916419278205837,0.05171833552807913,0.04801387343467441,3439.176263002959,60.13498059379736,2.237359913460082,0.0,0.0,2645.0,5346.709090909091,0.0,0.0,0.0,0.0,False,0.023196977187357245,0.01919480761980666,0.02375884582947199,0.07697313098727125,0.07101428119003868,0.07809955582959446,-0.011022994482226727
Skin Segmentation,"repeat=2,fold=2",2,2,2,2,dKDB-current,0.01,fixed-0.01,adagrad,245057,3,2,98023,24506,122528,1.0,0,043774c253b5db849a91747362f6dcb05757f1043006bb04e47217dec756ebb9,41568,670,0.4240637401426196,20,,20,0.6931471805599454,0.6931471805599454,0.6931471805599453,0.15684517035932782,0.15758937346423182,0.15767884129503035,0.012618000145898344,0.014921340075520335,0.015695702568853918,0.0181135201341851,0.020055904675947304,0.020758483695041987,0.012618000145898344,0.014921340075520335,0.015695702568853918,0.0,0.0,0.0,0.0023033399296219902,0.0023033399296219902,0.0,0.14266803338871148,0.00513456460042697,0.23087298157644473,0.2313661500872722,0.2314613886353688,0.05838612643192896,0.0628860564552287,0.06514624397065856,0.04910229183339337,0.05498365401589383,0.05771501994450065,0.04910229183339337,0.05498365401589383,0.05771501994450065,972.634703989609,14.392314375066032,1.04604324047897,0.0001414642639505528,0.0,18.0,438.9089552238806,0.0,0.0,0.0,0.0,False,0.0073507018652765824,0.002982021426676532,0.007164359577125131,0.04272803125446514,0.02856650172709216,0.041793425085525956,0.007756980498395204
Skin Segmentation,"repeat=2,fold=2",2,2,2,2,dKDB-current,0.1,validation-selected,adagrad,245057,3,2,98023,24506,122528,1.0,0,043774c253b5db849a91747362f6dcb05757f1043006bb04e47217dec756ebb9,41568,670,0.4240637401426196,14,15.0,20,0.6931471805599454,0.6931471805599454,0.6931471805599453,0.3321482966193515,0.3331594486625377,0.3351242408037474,0.003365463327877079,0.007917700387658766,0.00892445903266455,0.0037196157365669666,0.007980937727845557,0.009051037741931828,0.003140139799888936,0.007981852641642005,0.008938163033926215,-0.00022532352798814315,6.415225398323857e-05,1.3704001261664184e-05,0.004552237059781687,0.004841712841753068,0.00028947578197138085,0.32524174827487895,6.32373401867909e-05,0.3396759110456508,0.33976699855603826,0.3403834342034832,0.0317449052199747,0.04288486735440541,0.046280622077817406,0.030556751557402787,0.04220106496574299,0.04539957775915087,0.02981985187814388,0.04184634040120822,0.0448961410072453,3925.612098826078,51.99549940093659,2.3765811195463953,0.0001414642639505528,0.0,18.0,438.9089552238806,-0.00035472456453476686,-0.0005034367519055685,-0.0007368996792589087,0.00038217511472414187,True,0.0073507018652765824,0.002982021426676532,0.007164359577125131,0.04272803125446514,0.02856650172709216,0.041793425085525956,0.0008174930645168735
Skin Segmentation,"repeat=2,fold=2",2,2,2,2,dKDB-generative-init,0.01,fixed-0.01,adagrad,245057,3,2,98023,24506,122528,1.0,0,043774c253b5db849a91747362f6dcb05757f1043006bb04e47217dec756ebb9,41568,670,0.4240637401426196,0,1.0,20,0.002982021426676532,0.007164359577125131,0.0073507018652765824,0.0032852053734761994,0.008149512960790771,0.008572242773875442,0.002982021426676532,0.007164359577125131,0.0073507018652765824,0.00287902993086204,0.007811092378620968,0.008192641708097505,0.0028211317429082017,0.007954625413019646,0.00830445969066563,-0.00016088968376833015,0.0007902658358945151,0.0009537578253890483,0.004182338150448599,0.005133493670111445,0.0009511555196628461,0.00098515338366564,0.0006467328014958373,0.029510879241613715,0.04381029296876378,0.04578385934312179,0.028631415294170907,0.04179650996294361,0.04330522271341675,0.02856650172709216,0.041793425085525956,0.04272803125446514,0.028560801215897665,0.0416658081534365,0.042872106754840614,41568.47813668469,204.36819482540534,1.9819489060758748,0.0001414642639505528,52.0,18.0,438.9089552238806,-0.00012761693208945823,0.00014407550037547068,-5.700511194493829e-06,-0.0001219164208949644,True,0.0073507018652765824,0.002982021426676532,0.007164359577125131,0.04272803125446514,0.02856650172709216,0.041793425085525956,0.0007902658358945151
Skin Segmentation,"repeat=2,fold=2",2,2,2,2,dKDB-generative-init,0.001,validation-selected,adagrad,245057,3,2,98023,24506,122528,1.0,0,043774c253b5db849a91747362f6dcb05757f1043006bb04e47217dec756ebb9,41568,670,0.4240637401426196,0,1.0,20,0.002982021426676532,0.007164359577125131,0.0073507018652765824,0.0030014091696558233,0.007338338575832416,0.00753922689773038,0.002982021426676532,0.007164359577125131,0.0073507018652765824,0.002967024095380897,0.007324724678404618,0.007547570318258119,0.0029490235416086705,0.007322527063172439,0.007554688983535326,-3.2997885067861336e-05,0.00015816748604730816,0.00020398711825874317,0.004182338150448599,0.004373503521563769,0.00019116537111516993,0.00017397899870728525,0.0001603651012794874,0.028679070255779687,0.04224091761380861,0.04329893834951726,0.028635237275130353,0.04211909108025129,0.0431550291621865,0.02856650172709216,0.041793425085525956,0.04272803125446514,0.028611379344183993,0.0420494871297934,0.04307372496367906,41568.05197963934,203.90438856676434,1.377376360963691,0.0001414642639505528,52.0,18.0,438.9089552238806,0.0002560620442674452,0.00034569370921391784,4.487761709183469e-05,0.00021118442717561053,True,0.0073507018652765824,0.002982021426676532,0.007164359577125131,0.04272803125446514,0.02856650172709216,0.041793425085525956,0.00015816748604730816
Skin Segmentation,"repeat=2,fold=2",2,2,3,2,dKDB-current,0.01,fixed-0.01,adagrad,245057,3,2,98023,24506,122528,1.0,0,043774c253b5db849a91747362f6dcb05757f1043006bb04e47217dec756ebb9,41568,670,0.4240637401426196,20,,20,0.6931471805599454,0.6931471805599454,0.6931471805599453,0.15684517035932782,0.15758937346423182,0.15767884129503035,0.012618000145898344,0.014921340075520335,0.015695702568853918,0.0181135201341851,0.020055904675947304,0.020758483695041987,0.012618000145898344,0.014921340075520335,0.015695702568853918,0.0,0.0,0.0,0.0023033399296219902,0.0023033399296219902,0.0,0.14266803338871148,0.00513456460042697,0.23087298157644473,0.2313661500872722,0.2314613886353688,0.05838612643192896,0.0628860564552287,0.06514624397065856,0.04910229183339337,0.05498365401589383,0.05771501994450065,0.04910229183339337,0.05498365401589383,0.05771501994450065,972.634703989609,14.392314375066032,1.04604324047897,0.0001414642639505528,0.0,18.0,438.9089552238806,0.0,0.0,0.0,0.0,False,0.0073507018652765824,0.002982021426676532,0.007164359577125131,0.04272803125446514,0.02856650172709216,0.041793425085525956,0.007756980498395204
Skin Segmentation,"repeat=2,fold=2",2,2,3,2,dKDB-current,0.1,validation-selected,adagrad,245057,3,2,98023,24506,122528,1.0,0,043774c253b5db849a91747362f6dcb05757f1043006bb04e47217dec756ebb9,41568,670,0.4240637401426196,14,15.0,20,0.6931471805599454,0.6931471805599454,0.6931471805599453,0.3321482966193515,0.3331594486625377,0.3351242408037474,0.003365463327877079,0.007917700387658766,0.00892445903266455,0.0037196157365669666,0.007980937727845557,0.009051037741931828,0.003140139799888936,0.007981852641642005,0.008938163033926215,-0.00022532352798814315,6.415225398323857e-05,1.3704001261664184e-05,0.004552237059781687,0.004841712841753068,0.00028947578197138085,0.32524174827487895,6.32373401867909e-05,0.3396759110456508,0.33976699855603826,0.3403834342034832,0.0317449052199747,0.04288486735440541,0.046280622077817406,0.030556751557402787,0.04220106496574299,0.04539957775915087,0.02981985187814388,0.04184634040120822,0.0448961410072453,3925.612098826078,51.99549940093659,2.3765811195463953,0.0001414642639505528,0.0,18.0,438.9089552238806,-0.00035472456453476686,-0.0005034367519055685,-0.0007368996792589087,0.00038217511472414187,True,0.0073507018652765824,0.002982021426676532,0.007164359577125131,0.04272803125446514,0.02856650172709216,0.041793425085525956,0.0008174930645168735
Skin Segmentation,"repeat=2,fold=2",2,2,3,2,dKDB-generative-init,0.01,fixed-0.01,adagrad,245057,3,2,98023,24506,122528,1.0,0,043774c253b5db849a91747362f6dcb05757f1043006bb04e47217dec756ebb9,41568,670,0.4240637401426196,0,1.0,20,0.002982021426676532,0.007164359577125131,0.0073507018652765824,0.0032852053734761994,0.008149512960790771,0.008572242773875442,0.002982021426676532,0.007164359577125131,0.0073507018652765824,0.00287902993086204,0.007811092378620968,0.008192641708097505,0.0028211317429082017,0.007954625413019646,0.00830445969066563,-0.00016088968376833015,0.0007902658358945151,0.0009537578253890483,0.004182338150448599,0.005133493670111445,0.0009511555196628461,0.00098515338366564,0.0006467328014958373,0.029510879241613715,0.04381029296876378,0.04578385934312179,0.028631415294170907,0.04179650996294361,0.04330522271341675,0.02856650172709216,0.041793425085525956,0.04272803125446514,0.028560801215897665,0.0416658081534365,0.042872106754840614,41568.47813668469,204.36819482540534,1.9819489060758748,0.0001414642639505528,52.0,18.0,438.9089552238806,-0.00012761693208945823,0.00014407550037547068,-5.700511194493829e-06,-0.0001219164208949644,True,0.0073507018652765824,0.002982021426676532,0.007164359577125131,0.04272803125446514,0.02856650172709216,0.041793425085525956,0.0007902658358945151
Skin Segmentation,"repeat=2,fold=2",2,2,3,2,dKDB-generative-init,0.001,validation-selected,adagrad,245057,3,2,98023,24506,122528,1.0,0,043774c253b5db849a91747362f6dcb05757f1043006bb04e47217dec756ebb9,41568,670,0.4240637401426196,0,1.0,20,0.002982021426676532,0.007164359577125131,0.0073507018652765824,0.0030014091696558233,0.007338338575832416,0.00753922689773038,0.002982021426676532,0.007164359577125131,0.0073507018652765824,0.002967024095380897,0.007324724678404618,0.007547570318258119,0.0029490235416086705,0.007322527063172439,0.007554688983535326,-3.2997885067861336e-05,0.00015816748604730816,0.00020398711825874317,0.004182338150448599,0.004373503521563769,0.00019116537111516993,0.00017397899870728525,0.0001603651012794874,0.028679070255779687,0.04224091761380861,0.04329893834951726,0.028635237275130353,0.04211909108025129,0.0431550291621865,0.02856650172709216,0.041793425085525956,0.04272803125446514,0.028611379344183993,0.0420494871297934,0.04307372496367906,41568.05197963934,203.90438856676434,1.377376360963691,0.0001414642639505528,52.0,18.0,438.9089552238806,0.0002560620442674452,0.00034569370921391784,4.487761709183469e-05,0.00021118442717561053,True,0.0073507018652765824,0.002982021426676532,0.007164359577125131,0.04272803125446514,0.02856650172709216,0.041793425085525956,0.00015816748604730816
Skin Segmentation,"repeat=2,fold=2",2,2,4,2,dKDB-current,0.01,fixed-0.01,adagrad,245057,3,2,98023,24506,122528,1.0,0,043774c253b5db849a91747362f6dcb05757f1043006bb04e47217dec756ebb9,41568,670,0.4240637401426196,20,,20,0.6931471805599454,0.6931471805599454,0.6931471805599453,0.15684517035932782,0.15758937346423182,0.15767884129503035,0.012618000145898344,0.014921340075520335,0.015695702568853918,0.0181135201341851,0.020055904675947304,0.020758483695041987,0.012618000145898344,0.014921340075520335,0.015695702568853918,0.0,0.0,0.0,0.0023033399296219902,0.0023033399296219902,0.0,0.14266803338871148,0.00513456460042697,0.23087298157644473,0.2313661500872722,0.2314613886353688,0.05838612643192896,0.0628860564552287,0.06514624397065856,0.04910229183339337,0.05498365401589383,0.05771501994450065,0.04910229183339337,0.05498365401589383,0.05771501994450065,972.634703989609,14.392314375066032,1.04604324047897,0.0001414642639505528,0.0,18.0,438.9089552238806,0.0,0.0,0.0,0.0,False,0.0073507018652765824,0.002982021426676532,0.007164359577125131,0.04272803125446514,0.02856650172709216,0.041793425085525956,0.007756980498395204
Skin Segmentation,"repeat=2,fold=2",2,2,4,2,dKDB-current,0.1,validation-selected,adagrad,245057,3,2,98023,24506,122528,1.0,0,043774c253b5db849a91747362f6dcb05757f1043006bb04e47217dec756ebb9,41568,670,0.4240637401426196,14,15.0,20,0.6931471805599454,0.6931471805599454,0.6931471805599453,0.3321482966193515,0.3331594486625377,0.3351242408037474,0.003365463327877079,0.007917700387658766,0.00892445903266455,0.0037196157365669666,0.007980937727845557,0.009051037741931828,0.003140139799888936,0.007981852641642005,0.008938163033926215,-0.00022532352798814315,6.415225398323857e-05,1.3704001261664184e-05,0.004552237059781687,0.004841712841753068,0.00028947578197138085,0.32524174827487895,6.32373401867909e-05,0.3396759110456508,0.33976699855603826,0.3403834342034832,0.0317449052199747,0.04288486735440541,0.046280622077817406,0.030556751557402787,0.04220106496574299,0.04539957775915087,0.02981985187814388,0.04184634040120822,0.0448961410072453,3925.612098826078,51.99549940093659,2.3765811195463953,0.0001414642639505528,0.0,18.0,438.9089552238806,-0.00035472456453476686,-0.0005034367519055685,-0.0007368996792589087,0.00038217511472414187,True,0.0073507018652765824,0.002982021426676532,0.007164359577125131,0.04272803125446514,0.02856650172709216,0.041793425085525956,0.0008174930645168735
Skin Segmentation,"repeat=2,fold=2",2,2,4,2,dKDB-generative-init,0.01,fixed-0.01,adagrad,245057,3,2,98023,24506,122528,1.0,0,043774c253b5db849a91747362f6dcb05757f1043006bb04e47217dec756ebb9,41568,670,0.4240637401426196,0,1.0,20,0.002982021426676532,0.007164359577125131,0.0073507018652765824,0.0032852053734761994,0.008149512960790771,0.008572242773875442,0.002982021426676532,0.007164359577125131,0.0073507018652765824,0.00287902993086204,0.007811092378620968,0.008192641708097505,0.0028211317429082017,0.007954625413019646,0.00830445969066563,-0.00016088968376833015,0.0007902658358945151,0.0009537578253890483,0.004182338150448599,0.005133493670111445,0.0009511555196628461,0.00098515338366564,0.0006467328014958373,0.029510879241613715,0.04381029296876378,0.04578385934312179,0.028631415294170907,0.04179650996294361,0.04330522271341675,0.02856650172709216,0.041793425085525956,0.04272803125446514,0.028560801215897665,0.0416658081534365,0.042872106754840614,41568.47813668469,204.36819482540534,1.9819489060758748,0.0001414642639505528,52.0,18.0,438.9089552238806,-0.00012761693208945823,0.00014407550037547068,-5.700511194493829e-06,-0.0001219164208949644,True,0.0073507018652765824,0.002982021426676532,0.007164359577125131,0.04272803125446514,0.02856650172709216,0.041793425085525956,0.0007902658358945151
Skin Segmentation,"repeat=2,fold=2",2,2,4,2,dKDB-generative-init,0.001,validation-selected,adagrad,245057,3,2,98023,24506,122528,1.0,0,043774c253b5db849a91747362f6dcb05757f1043006bb04e47217dec756ebb9,41568,670,0.4240637401426196,0,1.0,20,0.002982021426676532,0.007164359577125131,0.0073507018652765824,0.0030014091696558233,0.007338338575832416,0.00753922689773038,0.002982021426676532,0.007164359577125131,0.0073507018652765824,0.002967024095380897,0.007324724678404618,0.007547570318258119,0.0029490235416086705,0.007322527063172439,0.007554688983535326,-3.2997885067861336e-05,0.00015816748604730816,0.00020398711825874317,0.004182338150448599,0.004373503521563769,0.00019116537111516993,0.00017397899870728525,0.0001603651012794874,0.028679070255779687,0.04224091761380861,0.04329893834951726,0.028635237275130353,0.04211909108025129,0.0431550291621865,0.02856650172709216,0.041793425085525956,0.04272803125446514,0.028611379344183993,0.0420494871297934,0.04307372496367906,41568.05197963934,203.90438856676434,1.377376360963691,0.0001414642639505528,52.0,18.0,438.9089552238806,0.0002560620442674452,0.00034569370921391784,4.487761709183469e-05,0.00021118442717561053,True,0.0073507018652765824,0.002982021426676532,0.007164359577125131,0.04272803125446514,0.02856650172709216,0.041793425085525956,0.00015816748604730816
Skin Segmentation,"repeat=2,fold=2",2,2,5,2,dKDB-current,0.01,fixed-0.01,adagrad,245057,3,2,98023,24506,122528,1.0,0,043774c253b5db849a91747362f6dcb05757f1043006bb04e47217dec756ebb9,41568,670,0.4240637401426196,20,,20,0.6931471805599454,0.6931471805599454,0.6931471805599453,0.15684517035932782,0.15758937346423182,0.15767884129503035,0.012618000145898344,0.014921340075520335,0.015695702568853918,0.0181135201341851,0.020055904675947304,0.020758483695041987,0.012618000145898344,0.014921340075520335,0.015695702568853918,0.0,0.0,0.0,0.0023033399296219902,0.0023033399296219902,0.0,0.14266803338871148,0.00513456460042697,0.23087298157644473,0.2313661500872722,0.2314613886353688,0.05838612643192896,0.0628860564552287,0.06514624397065856,0.04910229183339337,0.05498365401589383,0.05771501994450065,0.04910229183339337,0.05498365401589383,0.05771501994450065,972.634703989609,14.392314375066032,1.04604324047897,0.0001414642639505528,0.0,18.0,438.9089552238806,0.0,0.0,0.0,0.0,False,0.0073507018652765824,0.002982021426676532,0.007164359577125131,0.04272803125446514,0.02856650172709216,0.041793425085525956,0.007756980498395204
Skin Segmentation,"repeat=2,fold=2",2,2,5,2,dKDB-current,0.1,validation-selected,adagrad,245057,3,2,98023,24506,122528,1.0,0,043774c253b5db849a91747362f6dcb05757f1043006bb04e47217dec756ebb9,41568,670,0.4240637401426196,14,15.0,20,0.6931471805599454,0.6931471805599454,0.6931471805599453,0.3321482966193515,0.3331594486625377,0.3351242408037474,0.003365463327877079,0.007917700387658766,0.00892445903266455,0.0037196157365669666,0.007980937727845557,0.009051037741931828,0.003140139799888936,0.007981852641642005,0.008938163033926215,-0.00022532352798814315,6.415225398323857e-05,1.3704001261664184e-05,0.004552237059781687,0.004841712841753068,0.00028947578197138085,0.32524174827487895,6.32373401867909e-05,0.3396759110456508,0.33976699855603826,0.3403834342034832,0.0317449052199747,0.04288486735440541,0.046280622077817406,0.030556751557402787,0.04220106496574299,0.04539957775915087,0.02981985187814388,0.04184634040120822,0.0448961410072453,3925.612098826078,51.99549940093659,2.3765811195463953,0.0001414642639505528,0.0,18.0,438.9089552238806,-0.00035472456453476686,-0.0005034367519055685,-0.0007368996792589087,0.00038217511472414187,True,0.0073507018652765824,0.002982021426676532,0.007164359577125131,0.04272803125446514,0.02856650172709216,0.041793425085525956,0.0008174930645168735
Skin Segmentation,"repeat=2,fold=2",2,2,5,2,dKDB-generative-init,0.01,fixed-0.01,adagrad,245057,3,2,98023,24506,122528,1.0,0,043774c253b5db849a91747362f6dcb05757f1043006bb04e47217dec756ebb9,41568,670,0.4240637401426196,0,1.0,20,0.002982021426676532,0.007164359577125131,0.0073507018652765824,0.0032852053734761994,0.008149512960790771,0.008572242773875442,0.002982021426676532,0.007164359577125131,0.0073507018652765824,0.00287902993086204,0.007811092378620968,0.008192641708097505,0.0028211317429082017,0.007954625413019646,0.00830445969066563,-0.00016088968376833015,0.0007902658358945151,0.0009537578253890483,0.004182338150448599,0.005133493670111445,0.0009511555196628461,0.00098515338366564,0.0006467328014958373,0.029510879241613715,0.04381029296876378,0.04578385934312179,0.028631415294170907,0.04179650996294361,0.04330522271341675,0.02856650172709216,0.041793425085525956,0.04272803125446514,0.028560801215897665,0.0416658081534365,0.042872106754840614,41568.47813668469,204.36819482540534,1.9819489060758748,0.0001414642639505528,52.0,18.0,438.9089552238806,-0.00012761693208945823,0.00014407550037547068,-5.700511194493829e-06,-0.0001219164208949644,True,0.0073507018652765824,0.002982021426676532,0.007164359577125131,0.04272803125446514,0.02856650172709216,0.041793425085525956,0.0007902658358945151
Skin Segmentation,"repeat=2,fold=2",2,2,5,2,dKDB-generative-init,0.001,validation-selected,adagrad,245057,3,2,98023,24506,122528,1.0,0,043774c253b5db849a91747362f6dcb05757f1043006bb04e47217dec756ebb9,41568,670,0.4240637401426196,0,1.0,20,0.002982021426676532,0.007164359577125131,0.0073507018652765824,0.0030014091696558233,0.007338338575832416,0.00753922689773038,0.002982021426676532,0.007164359577125131,0.0073507018652765824,0.002967024095380897,0.007324724678404618,0.007547570318258119,0.0029490235416086705,0.007322527063172439,0.007554688983535326,-3.2997885067861336e-05,0.00015816748604730816,0.00020398711825874317,0.004182338150448599,0.004373503521563769,0.00019116537111516993,0.00017397899870728525,0.0001603651012794874,0.028679070255779687,0.04224091761380861,0.04329893834951726,0.028635237275130353,0.04211909108025129,0.0431550291621865,0.02856650172709216,0.041793425085525956,0.04272803125446514,0.028611379344183993,0.0420494871297934,0.04307372496367906,41568.05197963934,203.90438856676434,1.377376360963691,0.0001414642639505528,52.0,18.0,438.9089552238806,0.0002560620442674452,0.00034569370921391784,4.487761709183469e-05,0.00021118442717561053,True,0.0073507018652765824,0.002982021426676532,0.007164359577125131,0.04272803125446514,0.02856650172709216,0.041793425085525956,0.00015816748604730816
cod-rna,"repeat=1,fold=1",1,1,0,0,dKDB-current,0.01,fixed-0.01,adagrad,488565,8,2,195425,48857,244283,1.0,0,ccd3364e40193cc3986f11b4cba54e97feea50ec228b8f7ca20b81229a0e0522,50,8,0.0002558526288857618,20,,20,0.6931471805599453,0.6931471805599454,0.693147180559945,0.6803983023970053,0.6796981789710961,0.6790449926900264,0.4783325004146156,0.4790262359803814,0.4780885606726779,0.49098675130943353,0.49152837757392454,0.4906309701413918,0.4783325004146156,0.4790262359803814,0.4780885606726779,0.0,0.0,0.0,0.0006937355657657962,0.0006937355657657962,0.0,0.20067194299071467,0.012502141593543126,0.4778515284129952,0.47744346832517043,0.4769782911742049,0.40553651324226203,0.4052692833510257,0.40500722273688167,0.3989901273750693,0.3988019246569933,0.39854615855956455,0.3989901273750693,0.3988019246569933,0.39854615855956455,9.218720266410077,1.7648222416868888,0.5092889001450334,0.0,0.0,195425.0,195425.0,0.0,0.0,0.0,0.0,False,0.46594247008069156,0.46594345257588654,0.46699229899355355,0.3921210750745752,0.3923431244962843,0.3923926916520137,0.012033936986827865
cod-rna,"repeat=1,fold=1",1,1,0,0,dKDB-current,0.003,validation-selected,adagrad,488565,8,2,195425,48857,244283,1.0,0,ccd3364e40193cc3986f11b4cba54e97feea50ec228b8f7ca20b81229a0e0522,50,8,0.0002558526288857618,20,,20,0.6931471805599453,0.6931471805599454,0.693147180559945,0.48549622482308297,0.4860611549283288,0.4850829592937899,0.4670543950656398,0.4679471480457668,0.46692794289806716,0.4682558363714462,0.4690603221674361,0.46804855595430095,0.4670543950656398,0.4679471480457668,0.46692794289806716,0.0,0.0,0.0,0.0008927529801270317,0.0008927529801270317,0.0,0.018114006882561984,0.0011131741216692803,0.3993118956770344,0.39934051944017784,0.39899683480596704,0.3935002120613215,0.39344658873786287,0.3931857223021872,0.3929223237107464,0.39289499428732994,0.39263240936401844,0.3929223237107464,0.39289499428732994,0.39263240936401844,8.233969810855221,1.6065309606059257,0.4770934205516772,0.0,0.0,195425.0,195425.0,0.0,0.0,0.0,0.0,False,0.46594247008069156,0.46594345257588654,0.46699229899355355,0.3921210750745752,0.3923431244962843,0.3923926916520137,0.0009548490522132691
cod-rna,"repeat=1,fold=1",1,1,0,0,dKDB-generative-init,0.01,fixed-0.01,adagrad,488565,8,2,195425,48857,244283,1.0,0,ccd3364e40193cc3986f11b4cba54e97feea50ec228b8f7ca20b81229a0e0522,50,8,0.0002558526288857618,0,1.0,20,0.46594345257588654,0.46699229899355355,0.46594247008069156,0.6839098741113465,0.6833056827623009,0.6827446171271486,0.46594345257588654,0.46699229899355355,0.46594247008069156,0.4909994361625719,0.4915709693645006,0.49066295528259896,0.47833612972578865,0.4790506544183321,0.4781027705904832,0.01239267714990211,0.012058355424778566,0.01216030050979161,0.0010488464176670043,0.0007145246925434612,-0.0003343217251235431,0.2163133837687473,0.024578670370947076,0.47821306856674195,0.4778103045082793,0.47734189020746565,0.4055451668752491,0.4052780266247456,0.40501604146105946,0.3923431244962843,0.3923926916520137,0.3921210750745752,0.3989923863836082,0.3988042389026362,0.39854843163956016,50.00000001697394,7.086543029325608,1.3148092332781753,0.0,0.0,195425.0,195425.0,0.00641154725062254,0.006427356564984943,0.0066492618873238984,-0.00023771463670135828,False,0.46594247008069156,0.46594345257588654,0.46699229899355355,0.3921210750745752,0.3923431244962843,0.3923926916520137,0.012058355424778566
cod-rna,"repeat=1,fold=1",1,1,0,0,dKDB-generative-init,0.001,validation-selected,adagrad,488565,8,2,195425,48857,244283,1.0,0,ccd3364e40193cc3986f11b4cba54e97feea50ec228b8f7ca20b81229a0e0522,50,8,0.0002558526288857618,7,8.0,20,0.46594345257588654,0.46699229899355355,0.46594247008069156,0.46863696566542534,0.4697990619434069,0.468765725165243,0.4659587848799209,0.4669904538639359,0.46597764876504655,0.46598026834474365,0.46700245652585953,0.46598849403868875,0.4660182789002912,0.467036229750576,0.46601639545722034,5.949402037030982e-05,4.5775886640120333e-05,3.874669217379667e-05,0.0010316689840150217,0.0010179508502848322,-1.3718133730189486e-05,0.002808608079471031,1.200266192363797e-05,0.3936978811117248,0.3938451224869306,0.3935776542954507,0.3923604342187434,0.39239415586908427,0.3921277413154966,0.39234669658106835,0.3923883428580334,0.3921227761018521,0.39238204645285496,0.39241108690266774,0.3921432077649193,50.00000000122879,7.0713122415697685,1.0310529086600133,0.0,0.0,195425.0,195425.0,2.274404463431523e-05,2.043166306719968e-05,3.53498717866052e-05,-1.2605827152289972e-05,False,0.46594247008069156,0.46594345257588654,0.46699229899355355,0.3921210750745752,0.3923431244962843,0.3923926916520137,4.393075702247007e-05
cod-rna,"repeat=1,fold=1",1,1,1,1,dKDB-current,0.01,fixed-0.01,adagrad,488565,8,2,195425,48857,244283,1.0,0,a5d01c1b48181105989c9fef1c937e3fae9ed964f445a6741470db720a732883,274,120,0.0014020724062939747,20,,20,0.6931471805599453,0.6931471805599454,0.693147180559945,0.6803983023970053,0.6796981789710961,0.6790449926900264,0.4783325004146156,0.4790262359803814,0.4780885606726779,0.49098675130943353,0.49152837757392454,0.4906309701413918,0.4783325004146156,0.4790262359803814,0.4780885606726779,0.0,0.0,0.0,0.0006937355657657962,0.0006937355657657962,0.0,0.20067194299071467,0.012502141593543126,0.4778515284129952,0.47744346832517043,0.4769782911742049,0.40553651324226203,0.4052692833510257,0.40500722273688167,0.3989901273750693,0.3988019246569933,0.39854615855956455,0.3989901273750693,0.3988019246569933,0.39854615855956455,9.218720266410077,1.7648222416868888,0.5092889001450334,0.0,0.0,7305.0,13028.333333333334,0.0,0.0,0.0,0.0,False,0.46594247008069156,0.46594345257588654,0.46699229899355355,0.3921210750745752,0.3923431244962843,0.3923926916520137,0.012033936986827865
cod-rna,"repeat=1,fold=1",1,1,1,1,dKDB-current,0.003,validation-selected,adagrad,488565,8,2,195425,48857,244283,1.0,0,a5d01c1b48181105989c9fef1c937e3fae9ed964f445a6741470db720a732883,274,120,0.0014020724062939747,20,,20,0.6931471805599453,0.6931471805599454,0.693147180559945,0.48549622482308297,0.4860611549283288,0.4850829592937899,0.4670543950656398,0.4679471480457668,0.46692794289806716,0.4682558363714462,0.4690603221674361,0.46804855595430095,0.4670543950656398,0.4679471480457668,0.46692794289806716,0.0,0.0,0.0,0.0008927529801270317,0.0008927529801270317,0.0,0.018114006882561984,0.0011131741216692803,0.3993118956770344,0.39934051944017784,0.39899683480596704,0.3935002120613215,0.39344658873786287,0.3931857223021872,0.3929223237107464,0.39289499428732994,0.39263240936401844,0.3929223237107464,0.39289499428732994,0.39263240936401844,8.233969810855221,1.6065309606059257,0.4770934205516772,0.0,0.0,7305.0,13028.333333333334,0.0,0.0,0.0,0.0,False,0.46594247008069156,0.46594345257588654,0.46699229899355355,0.3921210750745752,0.3923431244962843,0.3923926916520137,0.0009548490522132691
cod-rna,"repeat=1,fold=1",1,1,1,1,dKDB-generative-init,0.01,fixed-0.01,adagrad,488565,8,2,195425,48857,244283,1.0,0,a5d01c1b48181105989c9fef1c937e3fae9ed964f445a6741470db720a732883,274,120,0.0014020724062939747,0,1.0,20,0.46594345257588654,0.46699229899355355,0.46594247008069156,0.6839098741113465,0.6833056827623009,0.6827446171271486,0.46594345257588654,0.46699229899355355,0.46594247008069156,0.4909994361625719,0.4915709693645006,0.49066295528259896,0.47833612972578865,0.4790506544183321,0.4781027705904832,0.01239267714990211,0.012058355424778566,0.01216030050979161,0.0010488464176670043,0.0007145246925434612,-0.0003343217251235431,0.2163133837687473,0.024578670370947076,0.47821306856674195,0.4778103045082793,0.47734189020746565,0.4055451668752491,0.4052780266247456,0.40501604146105946,0.3923431244962843,0.3923926916520137,0.3921210750745752,0.3989923863836082,0.3988042389026362,0.39854843163956016,274.00000001697396,16.559561953943206,1.3148092332781753,0.0,0.0,7305.0,13028.333333333334,0.00641154725062254,0.006427356564984943,0.0066492618873238984,-0.00023771463670135828,False,0.46594247008069156,0.46594345257588654,0.46699229899355355,0.3921210750745752,0.3923431244962843,0.3923926916520137,0.012058355424778566
cod-rna,"repeat=1,fold=1",1,1,1,1,dKDB-generative-init,0.001,validation-selected,adagrad,488565,8,2,195425,48857,244283,1.0,0,a5d01c1b48181105989c9fef1c937e3fae9ed964f445a6741470db720a732883,274,120,0.0014020724062939747,7,8.0,20,0.46594345257588654,0.46699229899355355,0.46594247008069156,0.46863696566542534,0.4697990619434069,0.468765725165243,0.4659587848799209,0.4669904538639359,0.46597764876504655,0.46598026834474365,0.46700245652585953,0.46598849403868875,0.4660182789002912,0.467036229750576,0.46601639545722034,5.949402037030982e-05,4.5775886640120333e-05,3.874669217379667e-05,0.0010316689840150217,0.0010179508502848322,-1.3718133730189486e-05,0.002808608079471031,1.200266192363797e-05,0.3936978811117248,0.3938451224869306,0.3935776542954507,0.3923604342187434,0.39239415586908427,0.3921277413154966,0.39234669658106835,0.3923883428580334,0.3921227761018521,0.39238204645285496,0.39241108690266774,0.3921432077649193,274.0000000012288,16.553049773917024,1.0310529086600133,0.0,0.0,7305.0,13028.333333333334,2.274404463431523e-05,2.043166306719968e-05,3.53498717866052e-05,-1.2605827152289972e-05,False,0.46594247008069156,0.46594345257588654,0.46699229899355355,0.3921210750745752,0.3923431244962843,0.3923926916520137,4.393075702247007e-05
cod-rna,"repeat=1,fold=1",1,1,2,2,dKDB-current,0.01,fixed-0.01,adagrad,488565,8,2,195425,48857,244283,1.0,0,f2bb0842e49facdde83622a48f78491067fe45d63239c29efb630e4d3ff32dc9,274,120,0.0014020724062939747,20,,20,0.6931471805599453,0.6931471805599454,0.693147180559945,0.6803983023970053,0.6796981789710961,0.6790449926900264,0.4783325004146156,0.4790262359803814,0.4780885606726779,0.49098675130943353,0.49152837757392454,0.4906309701413918,0.4783325004146156,0.4790262359803814,0.4780885606726779,0.0,0.0,0.0,0.0006937355657657962,0.0006937355657657962,0.0,0.20067194299071467,0.012502141593543126,0.4778515284129952,0.47744346832517043,0.4769782911742049,0.40553651324226203,0.4052692833510257,0.40500722273688167,0.3989901273750693,0.3988019246569933,0.39854615855956455,0.3989901273750693,0.3988019246569933,0.39854615855956455,9.218720266410077,1.7648222416868888,0.5092889001450334,0.0,0.0,7305.0,13028.333333333334,0.0,0.0,0.0,0.0,False,0.46594247008069156,0.46594345257588654,0.46699229899355355,0.3921210750745752,0.3923431244962843,0.3923926916520137,0.012033936986827865
cod-rna,"repeat=1,fold=1",1,1,2,2,dKDB-current,0.003,validation-selected,adagrad,488565,8,2,195425,48857,244283,1.0,0,f2bb0842e49facdde83622a48f78491067fe45d63239c29efb630e4d3ff32dc9,274,120,0.0014020724062939747,20,,20,0.6931471805599453,0.6931471805599454,0.693147180559945,0.48549622482308297,0.4860611549283288,0.4850829592937899,0.4670543950656398,0.4679471480457668,0.46692794289806716,0.4682558363714462,0.4690603221674361,0.46804855595430095,0.4670543950656398,0.4679471480457668,0.46692794289806716,0.0,0.0,0.0,0.0008927529801270317,0.0008927529801270317,0.0,0.018114006882561984,0.0011131741216692803,0.3993118956770344,0.39934051944017784,0.39899683480596704,0.3935002120613215,0.39344658873786287,0.3931857223021872,0.3929223237107464,0.39289499428732994,0.39263240936401844,0.3929223237107464,0.39289499428732994,0.39263240936401844,8.233969810855221,1.6065309606059257,0.4770934205516772,0.0,0.0,7305.0,13028.333333333334,0.0,0.0,0.0,0.0,False,0.46594247008069156,0.46594345257588654,0.46699229899355355,0.3921210750745752,0.3923431244962843,0.3923926916520137,0.0009548490522132691
cod-rna,"repeat=1,fold=1",1,1,2,2,dKDB-generative-init,0.01,fixed-0.01,adagrad,488565,8,2,195425,48857,244283,1.0,0,f2bb0842e49facdde83622a48f78491067fe45d63239c29efb630e4d3ff32dc9,274,120,0.0014020724062939747,0,1.0,20,0.46594345257588654,0.46699229899355355,0.46594247008069156,0.6839098741113465,0.6833056827623009,0.6827446171271486,0.46594345257588654,0.46699229899355355,0.46594247008069156,0.4909994361625719,0.4915709693645006,0.49066295528259896,0.47833612972578865,0.4790506544183321,0.4781027705904832,0.01239267714990211,0.012058355424778566,0.01216030050979161,0.0010488464176670043,0.0007145246925434612,-0.0003343217251235431,0.2163133837687473,0.024578670370947076,0.47821306856674195,0.4778103045082793,0.47734189020746565,0.4055451668752491,0.4052780266247456,0.40501604146105946,0.3923431244962843,0.3923926916520137,0.3921210750745752,0.3989923863836082,0.3988042389026362,0.39854843163956016,274.00000001697396,16.559561953943206,1.3148092332781753,0.0,0.0,7305.0,13028.333333333334,0.00641154725062254,0.006427356564984943,0.0066492618873238984,-0.00023771463670135828,False,0.46594247008069156,0.46594345257588654,0.46699229899355355,0.3921210750745752,0.3923431244962843,0.3923926916520137,0.012058355424778566
cod-rna,"repeat=1,fold=1",1,1,2,2,dKDB-generative-init,0.001,validation-selected,adagrad,488565,8,2,195425,48857,244283,1.0,0,f2bb0842e49facdde83622a48f78491067fe45d63239c29efb630e4d3ff32dc9,274,120,0.0014020724062939747,7,8.0,20,0.46594345257588654,0.46699229899355355,0.46594247008069156,0.46863696566542534,0.4697990619434069,0.468765725165243,0.4659587848799209,0.4669904538639359,0.46597764876504655,0.46598026834474365,0.46700245652585953,0.46598849403868875,0.4660182789002912,0.467036229750576,0.46601639545722034,5.949402037030982e-05,4.5775886640120333e-05,3.874669217379667e-05,0.0010316689840150217,0.0010179508502848322,-1.3718133730189486e-05,0.002808608079471031,1.200266192363797e-05,0.3936978811117248,0.3938451224869306,0.3935776542954507,0.3923604342187434,0.39239415586908427,0.3921277413154966,0.39234669658106835,0.3923883428580334,0.3921227761018521,0.39238204645285496,0.39241108690266774,0.3921432077649193,274.0000000012288,16.553049773917024,1.0310529086600133,0.0,0.0,7305.0,13028.333333333334,2.274404463431523e-05,2.043166306719968e-05,3.53498717866052e-05,-1.2605827152289972e-05,False,0.46594247008069156,0.46594345257588654,0.46699229899355355,0.3921210750745752,0.3923431244962843,0.3923926916520137,4.393075702247007e-05
cod-rna,"repeat=1,fold=1",1,1,3,3,dKDB-current,0.01,fixed-0.01,adagrad,488565,8,2,195425,48857,244283,1.0,0,942e5887af2fabd218d0312be47fc7d5a3054454d07ab12495864c25cdf73f07,274,120,0.0014020724062939747,20,,20,0.6931471805599453,0.6931471805599454,0.693147180559945,0.6803983023970053,0.6796981789710961,0.6790449926900264,0.4783325004146156,0.4790262359803814,0.4780885606726779,0.49098675130943353,0.49152837757392454,0.4906309701413918,0.4783325004146156,0.4790262359803814,0.4780885606726779,0.0,0.0,0.0,0.0006937355657657962,0.0006937355657657962,0.0,0.20067194299071467,0.012502141593543126,0.4778515284129952,0.47744346832517043,0.4769782911742049,0.40553651324226203,0.4052692833510257,0.40500722273688167,0.3989901273750693,0.3988019246569933,0.39854615855956455,0.3989901273750693,0.3988019246569933,0.39854615855956455,9.218720266410077,1.7648222416868888,0.5092889001450334,0.0,0.0,7305.0,13028.333333333334,0.0,0.0,0.0,0.0,False,0.46594247008069156,0.46594345257588654,0.46699229899355355,0.3921210750745752,0.3923431244962843,0.3923926916520137,0.012033936986827865
cod-rna,"repeat=1,fold=1",1,1,3,3,dKDB-current,0.003,validation-selected,adagrad,488565,8,2,195425,48857,244283,1.0,0,942e5887af2fabd218d0312be47fc7d5a3054454d07ab12495864c25cdf73f07,274,120,0.0014020724062939747,20,,20,0.6931471805599453,0.6931471805599454,0.693147180559945,0.48549622482308297,0.4860611549283288,0.4850829592937899,0.4670543950656398,0.4679471480457668,0.46692794289806716,0.4682558363714462,0.4690603221674361,0.46804855595430095,0.4670543950656398,0.4679471480457668,0.46692794289806716,0.0,0.0,0.0,0.0008927529801270317,0.0008927529801270317,0.0,0.018114006882561984,0.0011131741216692803,0.3993118956770344,0.39934051944017784,0.39899683480596704,0.3935002120613215,0.39344658873786287,0.3931857223021872,0.3929223237107464,0.39289499428732994,0.39263240936401844,0.3929223237107464,0.39289499428732994,0.39263240936401844,8.233969810855221,1.6065309606059257,0.4770934205516772,0.0,0.0,7305.0,13028.333333333334,0.0,0.0,0.0,0.0,False,0.46594247008069156,0.46594345257588654,0.46699229899355355,0.3921210750745752,0.3923431244962843,0.3923926916520137,0.0009548490522132691
cod-rna,"repeat=1,fold=1",1,1,3,3,dKDB-generative-init,0.01,fixed-0.01,adagrad,488565,8,2,195425,48857,244283,1.0,0,942e5887af2fabd218d0312be47fc7d5a3054454d07ab12495864c25cdf73f07,274,120,0.0014020724062939747,0,1.0,20,0.46594345257588654,0.46699229899355355,0.46594247008069156,0.6839098741113465,0.6833056827623009,0.6827446171271486,0.46594345257588654,0.46699229899355355,0.46594247008069156,0.4909994361625719,0.4915709693645006,0.49066295528259896,0.47833612972578865,0.4790506544183321,0.4781027705904832,0.01239267714990211,0.012058355424778566,0.01216030050979161,0.0010488464176670043,0.0007145246925434612,-0.0003343217251235431,0.2163133837687473,0.024578670370947076,0.47821306856674195,0.4778103045082793,0.47734189020746565,0.4055451668752491,0.4052780266247456,0.40501604146105946,0.3923431244962843,0.3923926916520137,0.3921210750745752,0.3989923863836082,0.3988042389026362,0.39854843163956016,274.00000001697396,16.559561953943206,1.3148092332781753,0.0,0.0,7305.0,13028.333333333334,0.00641154725062254,0.006427356564984943,0.0066492618873238984,-0.00023771463670135828,False,0.46594247008069156,0.46594345257588654,0.46699229899355355,0.3921210750745752,0.3923431244962843,0.3923926916520137,0.012058355424778566
cod-rna,"repeat=1,fold=1",1,1,3,3,dKDB-generative-init,0.001,validation-selected,adagrad,488565,8,2,195425,48857,244283,1.0,0,942e5887af2fabd218d0312be47fc7d5a3054454d07ab12495864c25cdf73f07,274,120,0.0014020724062939747,7,8.0,20,0.46594345257588654,0.46699229899355355,0.46594247008069156,0.46863696566542534,0.4697990619434069,0.468765725165243,0.4659587848799209,0.4669904538639359,0.46597764876504655,0.46598026834474365,0.46700245652585953,0.46598849403868875,0.4660182789002912,0.467036229750576,0.46601639545722034,5.949402037030982e-05,4.5775886640120333e-05,3.874669217379667e-05,0.0010316689840150217,0.0010179508502848322,-1.3718133730189486e-05,0.002808608079471031,1.200266192363797e-05,0.3936978811117248,0.3938451224869306,0.3935776542954507,0.3923604342187434,0.39239415586908427,0.3921277413154966,0.39234669658106835,0.3923883428580334,0.3921227761018521,0.39238204645285496,0.39241108690266774,0.3921432077649193,274.0000000012288,16.553049773917024,1.0310529086600133,0.0,0.0,7305.0,13028.333333333334,2.274404463431523e-05,2.043166306719968e-05,3.53498717866052e-05,-1.2605827152289972e-05,False,0.46594247008069156,0.46594345257588654,0.46699229899355355,0.3921210750745752,0.3923431244962843,0.3923926916520137,4.393075702247007e-05
cod-rna,"repeat=1,fold=1",1,1,4,4,dKDB-current,0.01,fixed-0.01,adagrad,488565,8,2,195425,48857,244283,1.0,0,faf8c30045c672f51d6a375e94591ba7c26c40acd2c15d917cbabb96d7d24181,274,120,0.0014020724062939747,20,,20,0.6931471805599453,0.6931471805599454,0.693147180559945,0.6803983023970053,0.6796981789710961,0.6790449926900264,0.4783325004146156,0.4790262359803814,0.4780885606726779,0.49098675130943353,0.49152837757392454,0.4906309701413918,0.4783325004146156,0.4790262359803814,0.4780885606726779,0.0,0.0,0.0,0.0006937355657657962,0.0006937355657657962,0.0,0.20067194299071467,0.012502141593543126,0.4778515284129952,0.47744346832517043,0.4769782911742049,0.40553651324226203,0.4052692833510257,0.40500722273688167,0.3989901273750693,0.3988019246569933,0.39854615855956455,0.3989901273750693,0.3988019246569933,0.39854615855956455,9.218720266410077,1.7648222416868888,0.5092889001450334,0.0,0.0,7305.0,13028.333333333334,0.0,0.0,0.0,0.0,False,0.46594247008069156,0.46594345257588654,0.46699229899355355,0.3921210750745752,0.3923431244962843,0.3923926916520137,0.012033936986827865
cod-rna,"repeat=1,fold=1",1,1,4,4,dKDB-current,0.003,validation-selected,adagrad,488565,8,2,195425,48857,244283,1.0,0,faf8c30045c672f51d6a375e94591ba7c26c40acd2c15d917cbabb96d7d24181,274,120,0.0014020724062939747,20,,20,0.6931471805599453,0.6931471805599454,0.693147180559945,0.48549622482308297,0.4860611549283288,0.4850829592937899,0.4670543950656398,0.4679471480457668,0.46692794289806716,0.4682558363714462,0.4690603221674361,0.46804855595430095,0.4670543950656398,0.4679471480457668,0.46692794289806716,0.0,0.0,0.0,0.0008927529801270317,0.0008927529801270317,0.0,0.018114006882561984,0.0011131741216692803,0.3993118956770344,0.39934051944017784,0.39899683480596704,0.3935002120613215,0.39344658873786287,0.3931857223021872,0.3929223237107464,0.39289499428732994,0.39263240936401844,0.3929223237107464,0.39289499428732994,0.39263240936401844,8.233969810855221,1.6065309606059257,0.4770934205516772,0.0,0.0,7305.0,13028.333333333334,0.0,0.0,0.0,0.0,False,0.46594247008069156,0.46594345257588654,0.46699229899355355,0.3921210750745752,0.3923431244962843,0.3923926916520137,0.0009548490522132691
cod-rna,"repeat=1,fold=1",1,1,4,4,dKDB-generative-init,0.01,fixed-0.01,adagrad,488565,8,2,195425,48857,244283,1.0,0,faf8c30045c672f51d6a375e94591ba7c26c40acd2c15d917cbabb96d7d24181,274,120,0.0014020724062939747,0,1.0,20,0.46594345257588654,0.46699229899355355,0.46594247008069156,0.6839098741113465,0.6833056827623009,0.6827446171271486,0.46594345257588654,0.46699229899355355,0.46594247008069156,0.4909994361625719,0.4915709693645006,0.49066295528259896,0.47833612972578865,0.4790506544183321,0.4781027705904832,0.01239267714990211,0.012058355424778566,0.01216030050979161,0.0010488464176670043,0.0007145246925434612,-0.0003343217251235431,0.2163133837687473,0.024578670370947076,0.47821306856674195,0.4778103045082793,0.47734189020746565,0.4055451668752491,0.4052780266247456,0.40501604146105946,0.3923431244962843,0.3923926916520137,0.3921210750745752,0.3989923863836082,0.3988042389026362,0.39854843163956016,274.00000001697396,16.559561953943206,1.3148092332781753,0.0,0.0,7305.0,13028.333333333334,0.00641154725062254,0.006427356564984943,0.0066492618873238984,-0.00023771463670135828,False,0.46594247008069156,0.46594345257588654,0.46699229899355355,0.3921210750745752,0.3923431244962843,0.3923926916520137,0.012058355424778566
cod-rna,"repeat=1,fold=1",1,1,4,4,dKDB-generative-init,0.001,validation-selected,adagrad,488565,8,2,195425,48857,244283,1.0,0,faf8c30045c672f51d6a375e94591ba7c26c40acd2c15d917cbabb96d7d24181,274,120,0.0014020724062939747,7,8.0,20,0.46594345257588654,0.46699229899355355,0.46594247008069156,0.46863696566542534,0.4697990619434069,0.468765725165243,0.4659587848799209,0.4669904538639359,0.46597764876504655,0.46598026834474365,0.46700245652585953,0.46598849403868875,0.4660182789002912,0.467036229750576,0.46601639545722034,5.949402037030982e-05,4.5775886640120333e-05,3.874669217379667e-05,0.0010316689840150217,0.0010179508502848322,-1.3718133730189486e-05,0.002808608079471031,1.200266192363797e-05,0.3936978811117248,0.3938451224869306,0.3935776542954507,0.3923604342187434,0.39239415586908427,0.3921277413154966,0.39234669658106835,0.3923883428580334,0.3921227761018521,0.39238204645285496,0.39241108690266774,0.3921432077649193,274.0000000012288,16.553049773917024,1.0310529086600133,0.0,0.0,7305.0,13028.333333333334,2.274404463431523e-05,2.043166306719968e-05,3.53498717866052e-05,-1.2605827152289972e-05,False,0.46594247008069156,0.46594345257588654,0.46699229899355355,0.3921210750745752,0.3923431244962843,0.3923926916520137,4.393075702247007e-05
cod-rna,"repeat=1,fold=1",1,1,5,5,dKDB-current,0.01,fixed-0.01,adagrad,488565,8,2,195425,48857,244283,1.0,0,42de883fd4bfe0c1dfb839edceaa8881cc5b98bcfc9676a72bb938a3f4eb4052,274,120,0.0014020724062939747,20,,20,0.6931471805599453,0.6931471805599454,0.693147180559945,0.6803983023970053,0.6796981789710961,0.6790449926900264,0.4783325004146156,0.4790262359803814,0.4780885606726779,0.49098675130943353,0.49152837757392454,0.4906309701413918,0.4783325004146156,0.4790262359803814,0.4780885606726779,0.0,0.0,0.0,0.0006937355657657962,0.0006937355657657962,0.0,0.20067194299071467,0.012502141593543126,0.4778515284129952,0.47744346832517043,0.4769782911742049,0.40553651324226203,0.4052692833510257,0.40500722273688167,0.3989901273750693,0.3988019246569933,0.39854615855956455,0.3989901273750693,0.3988019246569933,0.39854615855956455,9.218720266410077,1.7648222416868888,0.5092889001450334,0.0,0.0,7305.0,13028.333333333334,0.0,0.0,0.0,0.0,False,0.46594247008069156,0.46594345257588654,0.46699229899355355,0.3921210750745752,0.3923431244962843,0.3923926916520137,0.012033936986827865
cod-rna,"repeat=1,fold=1",1,1,5,5,dKDB-current,0.003,validation-selected,adagrad,488565,8,2,195425,48857,244283,1.0,0,42de883fd4bfe0c1dfb839edceaa8881cc5b98bcfc9676a72bb938a3f4eb4052,274,120,0.0014020724062939747,20,,20,0.6931471805599453,0.6931471805599454,0.693147180559945,0.48549622482308297,0.4860611549283288,0.4850829592937899,0.4670543950656398,0.4679471480457668,0.46692794289806716,0.4682558363714462,0.4690603221674361,0.46804855595430095,0.4670543950656398,0.4679471480457668,0.46692794289806716,0.0,0.0,0.0,0.0008927529801270317,0.0008927529801270317,0.0,0.018114006882561984,0.0011131741216692803,0.3993118956770344,0.39934051944017784,0.39899683480596704,0.3935002120613215,0.39344658873786287,0.3931857223021872,0.3929223237107464,0.39289499428732994,0.39263240936401844,0.3929223237107464,0.39289499428732994,0.39263240936401844,8.233969810855221,1.6065309606059257,0.4770934205516772,0.0,0.0,7305.0,13028.333333333334,0.0,0.0,0.0,0.0,False,0.46594247008069156,0.46594345257588654,0.46699229899355355,0.3921210750745752,0.3923431244962843,0.3923926916520137,0.0009548490522132691
cod-rna,"repeat=1,fold=1",1,1,5,5,dKDB-generative-init,0.01,fixed-0.01,adagrad,488565,8,2,195425,48857,244283,1.0,0,42de883fd4bfe0c1dfb839edceaa8881cc5b98bcfc9676a72bb938a3f4eb4052,274,120,0.0014020724062939747,0,1.0,20,0.46594345257588654,0.46699229899355355,0.46594247008069156,0.6839098741113465,0.6833056827623009,0.6827446171271486,0.46594345257588654,0.46699229899355355,0.46594247008069156,0.4909994361625719,0.4915709693645006,0.49066295528259896,0.47833612972578865,0.4790506544183321,0.4781027705904832,0.01239267714990211,0.012058355424778566,0.01216030050979161,0.0010488464176670043,0.0007145246925434612,-0.0003343217251235431,0.2163133837687473,0.024578670370947076,0.47821306856674195,0.4778103045082793,0.47734189020746565,0.4055451668752491,0.4052780266247456,0.40501604146105946,0.3923431244962843,0.3923926916520137,0.3921210750745752,0.3989923863836082,0.3988042389026362,0.39854843163956016,274.00000001697396,16.559561953943206,1.3148092332781753,0.0,0.0,7305.0,13028.333333333334,0.00641154725062254,0.006427356564984943,0.0066492618873238984,-0.00023771463670135828,False,0.46594247008069156,0.46594345257588654,0.46699229899355355,0.3921210750745752,0.3923431244962843,0.3923926916520137,0.012058355424778566
cod-rna,"repeat=1,fold=1",1,1,5,5,dKDB-generative-init,0.001,validation-selected,adagrad,488565,8,2,195425,48857,244283,1.0,0,42de883fd4bfe0c1dfb839edceaa8881cc5b98bcfc9676a72bb938a3f4eb4052,274,120,0.0014020724062939747,7,8.0,20,0.46594345257588654,0.46699229899355355,0.46594247008069156,0.46863696566542534,0.4697990619434069,0.468765725165243,0.4659587848799209,0.4669904538639359,0.46597764876504655,0.46598026834474365,0.46700245652585953,0.46598849403868875,0.4660182789002912,0.467036229750576,0.46601639545722034,5.949402037030982e-05,4.5775886640120333e-05,3.874669217379667e-05,0.0010316689840150217,0.0010179508502848322,-1.3718133730189486e-05,0.002808608079471031,1.200266192363797e-05,0.3936978811117248,0.3938451224869306,0.3935776542954507,0.3923604342187434,0.39239415586908427,0.3921277413154966,0.39234669658106835,0.3923883428580334,0.3921227761018521,0.39238204645285496,0.39241108690266774,0.3921432077649193,274.0000000012288,16.553049773917024,1.0310529086600133,0.0,0.0,7305.0,13028.333333333334,2.274404463431523e-05,2.043166306719968e-05,3.53498717866052e-05,-1.2605827152289972e-05,False,0.46594247008069156,0.46594345257588654,0.46699229899355355,0.3921210750745752,0.3923431244962843,0.3923926916520137,4.393075702247007e-05
cod-rna,"repeat=1,fold=2",1,2,0,0,dKDB-current,0.01,fixed-0.01,adagrad,488565,8,2,195426,48857,244282,1.0,0,ccd3364e40193cc3986f11b4cba54e97feea50ec228b8f7ca20b81229a0e0522,50,8,0.0002558513196811069,20,,20,0.6931471805599454,0.6931471805599454,0.693147180559945,0.6836031282196895,0.6810735881358825,0.6854737997673972,0.47819398875340047,0.47618441280033,0.4793941933653714,0.49106455295336837,0.4889877730437451,0.49233325731251404,0.47819398875340047,0.47618441280033,0.4793941933653714,0.0,0.0,0.0,-0.0020095759530704416,-0.0020095759530704416,0.0,0.20488917533555245,0.012803360243415052,0.4781245530787013,0.47695314198632194,0.4790410857880841,0.40539909700703636,0.4044645855234692,0.40609126882867236,0.39876684133489393,0.3979028722945895,0.3994017753153661,0.39876684133489393,0.3979028722945895,0.3994017753153661,8.899786671949144,1.7267368036230277,0.4523119196309724,0.0,0.0,195426.0,195426.0,0.0,0.0,0.0,0.0,False,0.4666589105842986,0.4656006712627237,0.4637468488010793,0.39250413760296504,0.3920204309144526,0.3913692845528757,0.012437563999250723
cod-rna,"repeat=1,fold=2",1,2,0,0,dKDB-current,0.003,validation-selected,adagrad,488565,8,2,195426,48857,244282,1.0,0,ccd3364e40193cc3986f11b4cba54e97feea50ec228b8f7ca20b81229a0e0522,50,8,0.0002558513196811069,20,,20,0.6931471805599454,0.6931471805599454,0.693147180559945,0.4855752580647515,0.4839001678359446,0.4865009306963093,0.4667129300805447,0.4647984263164777,0.46780156503079906,0.46791760365760016,0.465990470122129,0.46901400060448806,0.4667129300805447,0.4647984263164777,0.46780156503079906,0.0,0.0,0.0,-0.0019145037640669882,-0.0019145037640669882,0.0,0.019101741519466864,0.0011920438056512994,0.3992048450930981,0.3984178779959635,0.3997012520231164,0.39319532268688423,0.3924458086037545,0.39373569621264753,0.3926079942095702,0.39188759114149685,0.39313597853001087,0.3926079942095702,0.39188759114149685,0.39313597853001087,8.091252821439419,1.5973497286023333,0.41941252518333616,0.0,0.0,195426.0,195426.0,0.0,0.0,0.0,0.0,False,0.4666589105842986,0.4656006712627237,0.4637468488010793,0.39250413760296504,0.3920204309144526,0.3913692845528757,0.0010515775153984164
cod-rna,"repeat=1,fold=2",1,2,0,0,dKDB-generative-init,0.01,fixed-0.01,adagrad,488565,8,2,195426,48857,244282,1.0,0,ccd3364e40193cc3986f11b4cba54e97feea50ec228b8f7ca20b81229a0e0522,50,8,0.0002558513196811069,0,1.0,20,0.4656006712627237,0.4637468488010793,0.4666589105842986,0.68704712429716,0.6845254962990878,0.6889620395369394,0.4656006712627237,0.4637468488010793,0.4666589105842986,0.4910797716950635,0.48900722226216126,0.4923501010144768,0.4781976820921838,0.47618925731666956,0.47939834142594007,0.012597010829460076,0.012442408515590253,0.012739430841641475,-0.0018538224616443943,-0.002008424775514217,-0.0001546023138698227,0.22077864749800846,0.025260373461081953,0.4784625116958098,0.4772848510922933,0.47939215717846395,0.4054058715500132,0.4044714418087009,0.40609813645784903,0.3920204309144526,0.3913692845528757,0.39250413760296504,0.3987685769575093,0.39790462093788415,0.3994035378716607,50.000000002012456,7.0860238306935095,1.3170730360852552,0.0,0.0,195426.0,195426.0,0.006535336385008472,0.006899400268695677,0.00674814604305668,-0.0002128096580482075,False,0.4666589105842986,0.4656006712627237,0.4637468488010793,0.39250413760296504,0.3920204309144526,0.3913692845528757,0.012442408515590253
cod-rna,"repeat=1,fold=2",1,2,0,0,dKDB-generative-init,0.001,validation-selected,adagrad,488565,8,2,195426,48857,244282,1.0,0,ccd3364e40193cc3986f11b4cba54e97feea50ec228b8f7ca20b81229a0e0522,50,8,0.0002558513196811069,0,1.0,20,0.4656006712627237,0.4637468488010793,0.4666589105842986,0.46813986747039177,0.4663681016584876,0.4691261222378928,0.4656006712627237,0.4637468488010793,0.4666589105842986,0.4656348088099992,0.4637773784065318,0.46669544711862304,0.4656742208366385,0.4638118110072196,0.4667400974811526,7.354957391481065e-05,6.496220614027326e-05,8.118689685399083e-05,-0.0018538224616443943,-0.0018624098294189317,-8.587367774537391e-06,0.002621252857408274,3.052960545252281e-05,0.3933295255569652,0.39279481743869005,0.3937395079646097,0.39203889614064413,0.39137785212275267,0.3925294811367187,0.3920204309144526,0.3913692845528757,0.39250413760296504,0.3920601061567193,0.391392276633429,0.3925554113317684,50.00000000014737,7.071223375157089,1.0309054781756204,0.0,0.0,195426.0,195426.0,2.2992080553341232e-05,5.1273728803369334e-05,3.9675242266723476e-05,-1.6683161713382244e-05,False,0.4666589105842986,0.4656006712627237,0.4637468488010793,0.39250413760296504,0.3920204309144526,0.3913692845528757,6.496220614027326e-05
cod-rna,"repeat=1,fold=2",1,2,1,1,dKDB-current,0.01,fixed-0.01,adagrad,488565,8,2,195426,48857,244282,1.0,0,a5d01c1b48181105989c9fef1c937e3fae9ed964f445a6741470db720a732883,274,120,0.001402065231852466,20,,20,0.6931471805599454,0.6931471805599454,0.693147180559945,0.6836031282196895,0.6810735881358825,0.6854737997673972,0.47819398875340047,0.47618441280033,0.4793941933653714,0.49106455295336837,0.4889877730437451,0.49233325731251404,0.47819398875340047,0.47618441280033,0.4793941933653714,0.0,0.0,0.0,-0.0020095759530704416,-0.0020095759530704416,0.0,0.20488917533555245,0.012803360243415052,0.4781245530787013,0.47695314198632194,0.4790410857880841,0.40539909700703636,0.4044645855234692,0.40609126882867236,0.39876684133489393,0.3979028722945895,0.3994017753153661,0.39876684133489393,0.3979028722945895,0.3994017753153661,8.899786671949144,1.7267368036230277,0.4523119196309724,0.0,0.0,8870.0,13028.4,0.0,0.0,0.0,0.0,False,0.4666589105842986,0.4656006712627237,0.4637468488010793,0.39250413760296504,0.3920204309144526,0.3913692845528757,0.012437563999250723
cod-rna,"repeat=1,fold=2",1,2,1,1,dKDB-current,0.003,validation-selected,adagrad,488565,8,2,195426,48857,244282,1.0,0,a5d01c1b48181105989c9fef1c937e3fae9ed964f445a6741470db720a732883,274,120,0.001402065231852466,20,,20,0.6931471805599454,0.6931471805599454,0.693147180559945,0.4855752580647515,0.4839001678359446,0.4865009306963093,0.4667129300805447,0.4647984263164777,0.46780156503079906,0.46791760365760016,0.465990470122129,0.46901400060448806,0.4667129300805447,0.4647984263164777,0.46780156503079906,0.0,0.0,0.0,-0.0019145037640669882,-0.0019145037640669882,0.0,0.019101741519466864,0.0011920438056512994,0.3992048450930981,0.3984178779959635,0.3997012520231164,0.39319532268688423,0.3924458086037545,0.39373569621264753,0.3926079942095702,0.39188759114149685,0.39313597853001087,0.3926079942095702,0.39188759114149685,0.39313597853001087,8.091252821439419,1.5973497286023333,0.41941252518333616,0.0,0.0,8870.0,13028.4,0.0,0.0,0.0,0.0,False,0.4666589105842986,0.4656006712627237,0.4637468488010793,0.39250413760296504,0.3920204309144526,0.3913692845528757,0.0010515775153984164
cod-rna,"repeat=1,fold=2",1,2,1,1,dKDB-generative-init,0.01,fixed-0.01,adagrad,488565,8,2,195426,48857,244282,1.0,0,a5d01c1b48181105989c9fef1c937e3fae9ed964f445a6741470db720a732883,274,120,0.001402065231852466,0,1.0,20,0.4656006712627237,0.4637468488010793,0.4666589105842986,0.68704712429716,0.6845254962990878,0.6889620395369394,0.4656006712627237,0.4637468488010793,0.4666589105842986,0.4910797716950635,0.48900722226216126,0.4923501010144768,0.4781976820921838,0.47618925731666956,0.47939834142594007,0.012597010829460076,0.012442408515590253,0.012739430841641475,-0.0018538224616443943,-0.002008424775514217,-0.0001546023138698227,0.22077864749800846,0.025260373461081953,0.4784625116958098,0.4772848510922933,0.47939215717846395,0.4054058715500132,0.4044714418087009,0.40609813645784903,0.3920204309144526,0.3913692845528757,0.39250413760296504,0.3987685769575093,0.39790462093788415,0.3994035378716607,274.0000000020125,16.559339773347133,1.3170730360852552,0.0,0.0,8870.0,13028.4,0.006535336385008472,0.006899400268695677,0.00674814604305668,-0.0002128096580482075,False,0.4666589105842986,0.4656006712627237,0.4637468488010793,0.39250413760296504,0.3920204309144526,0.3913692845528757,0.012442408515590253
cod-rna,"repeat=1,fold=2",1,2,1,1,dKDB-generative-init,0.001,validation-selected,adagrad,488565,8,2,195426,48857,244282,1.0,0,a5d01c1b48181105989c9fef1c937e3fae9ed964f445a6741470db720a732883,274,120,0.001402065231852466,0,1.0,20,0.4656006712627237,0.4637468488010793,0.4666589105842986,0.46813986747039177,0.4663681016584876,0.4691261222378928,0.4656006712627237,0.4637468488010793,0.4666589105842986,0.4656348088099992,0.4637773784065318,0.46669544711862304,0.4656742208366385,0.4638118110072196,0.4667400974811526,7.354957391481065e-05,6.496220614027326e-05,8.118689685399083e-05,-0.0018538224616443943,-0.0018624098294189317,-8.587367774537391e-06,0.002621252857408274,3.052960545252281e-05,0.3933295255569652,0.39279481743869005,0.3937395079646097,0.39203889614064413,0.39137785212275267,0.3925294811367187,0.3920204309144526,0.3913692845528757,0.39250413760296504,0.3920601061567193,0.391392276633429,0.3925554113317684,274.00000000014734,16.553011811189165,1.0309054781756204,0.0,0.0,8870.0,13028.4,2.2992080553341232e-05,5.1273728803369334e-05,3.9675242266723476e-05,-1.6683161713382244e-05,False,0.4666589105842986,0.4656006712627237,0.4637468488010793,0.39250413760296504,0.3920204309144526,0.3913692845528757,6.496220614027326e-05
cod-rna,"repeat=1,fold=2",1,2,2,2,dKDB-current,0.01,fixed-0.01,adagrad,488565,8,2,195426,48857,244282,1.0,0,f2bb0842e49facdde83622a48f78491067fe45d63239c29efb630e4d3ff32dc9,274,120,0.001402065231852466,20,,20,0.6931471805599454,0.6931471805599454,0.693147180559945,0.6836031282196895,0.6810735881358825,0.6854737997673972,0.47819398875340047,0.47618441280033,0.4793941933653714,0.49106455295336837,0.4889877730437451,0.49233325731251404,0.47819398875340047,0.47618441280033,0.4793941933653714,0.0,0.0,0.0,-0.0020095759530704416,-0.0020095759530704416,0.0,0.20488917533555245,0.012803360243415052,0.4781245530787013,0.47695314198632194,0.4790410857880841,0.40539909700703636,0.4044645855234692,0.40609126882867236,0.39876684133489393,0.3979028722945895,0.3994017753153661,0.39876684133489393,0.3979028722945895,0.3994017753153661,8.899786671949144,1.7267368036230277,0.4523119196309724,0.0,0.0,8870.0,13028.4,0.0,0.0,0.0,0.0,False,0.4666589105842986,0.4656006712627237,0.4637468488010793,0.39250413760296504,0.3920204309144526,0.3913692845528757,0.012437563999250723
cod-rna,"repeat=1,fold=2",1,2,2,2,dKDB-current,0.003,validation-selected,adagrad,488565,8,2,195426,48857,244282,1.0,0,f2bb0842e49facdde83622a48f78491067fe45d63239c29efb630e4d3ff32dc9,274,120,0.001402065231852466,20,,20,0.6931471805599454,0.6931471805599454,0.693147180559945,0.4855752580647515,0.4839001678359446,0.4865009306963093,0.4667129300805447,0.4647984263164777,0.46780156503079906,0.46791760365760016,0.465990470122129,0.46901400060448806,0.4667129300805447,0.4647984263164777,0.46780156503079906,0.0,0.0,0.0,-0.0019145037640669882,-0.0019145037640669882,0.0,0.019101741519466864,0.0011920438056512994,0.3992048450930981,0.3984178779959635,0.3997012520231164,0.39319532268688423,0.3924458086037545,0.39373569621264753,0.3926079942095702,0.39188759114149685,0.39313597853001087,0.3926079942095702,0.39188759114149685,0.39313597853001087,8.091252821439419,1.5973497286023333,0.41941252518333616,0.0,0.0,8870.0,13028.4,0.0,0.0,0.0,0.0,False,0.4666589105842986,0.4656006712627237,0.4637468488010793,0.39250413760296504,0.3920204309144526,0.3913692845528757,0.0010515775153984164
cod-rna,"repeat=1,fold=2",1,2,2,2,dKDB-generative-init,0.01,fixed-0.01,adagrad,488565,8,2,195426,48857,244282,1.0,0,f2bb0842e49facdde83622a48f78491067fe45d63239c29efb630e4d3ff32dc9,274,120,0.001402065231852466,0,1.0,20,0.4656006712627237,0.4637468488010793,0.4666589105842986,0.68704712429716,0.6845254962990878,0.6889620395369394,0.4656006712627237,0.4637468488010793,0.4666589105842986,0.4910797716950635,0.48900722226216126,0.4923501010144768,0.4781976820921838,0.47618925731666956,0.47939834142594007,0.012597010829460076,0.012442408515590253,0.012739430841641475,-0.0018538224616443943,-0.002008424775514217,-0.0001546023138698227,0.22077864749800846,0.025260373461081953,0.4784625116958098,0.4772848510922933,0.47939215717846395,0.4054058715500132,0.4044714418087009,0.40609813645784903,0.3920204309144526,0.3913692845528757,0.39250413760296504,0.3987685769575093,0.39790462093788415,0.3994035378716607,274.0000000020125,16.559339773347133,1.3170730360852552,0.0,0.0,8870.0,13028.4,0.006535336385008472,0.006899400268695677,0.00674814604305668,-0.0002128096580482075,False,0.4666589105842986,0.4656006712627237,0.4637468488010793,0.39250413760296504,0.3920204309144526,0.3913692845528757,0.012442408515590253
cod-rna,"repeat=1,fold=2",1,2,2,2,dKDB-generative-init,0.001,validation-selected,adagrad,488565,8,2,195426,48857,244282,1.0,0,f2bb0842e49facdde83622a48f78491067fe45d63239c29efb630e4d3ff32dc9,274,120,0.001402065231852466,0,1.0,20,0.4656006712627237,0.4637468488010793,0.4666589105842986,0.46813986747039177,0.4663681016584876,0.4691261222378928,0.4656006712627237,0.4637468488010793,0.4666589105842986,0.4656348088099992,0.4637773784065318,0.46669544711862304,0.4656742208366385,0.4638118110072196,0.4667400974811526,7.354957391481065e-05,6.496220614027326e-05,8.118689685399083e-05,-0.0018538224616443943,-0.0018624098294189317,-8.587367774537391e-06,0.002621252857408274,3.052960545252281e-05,0.3933295255569652,0.39279481743869005,0.3937395079646097,0.39203889614064413,0.39137785212275267,0.3925294811367187,0.3920204309144526,0.3913692845528757,0.39250413760296504,0.3920601061567193,0.391392276633429,0.3925554113317684,274.00000000014734,16.553011811189165,1.0309054781756204,0.0,0.0,8870.0,13028.4,2.2992080553341232e-05,5.1273728803369334e-05,3.9675242266723476e-05,-1.6683161713382244e-05,False,0.4666589105842986,0.4656006712627237,0.4637468488010793,0.39250413760296504,0.3920204309144526,0.3913692845528757,6.496220614027326e-05
cod-rna,"repeat=1,fold=2",1,2,3,3,dKDB-current,0.01,fixed-0.01,adagrad,488565,8,2,195426,48857,244282,1.0,0,942e5887af2fabd218d0312be47fc7d5a3054454d07ab12495864c25cdf73f07,274,120,0.001402065231852466,20,,20,0.6931471805599454,0.6931471805599454,0.693147180559945,0.6836031282196895,0.6810735881358825,0.6854737997673972,0.47819398875340047,0.47618441280033,0.4793941933653714,0.49106455295336837,0.4889877730437451,0.49233325731251404,0.47819398875340047,0.47618441280033,0.4793941933653714,0.0,0.0,0.0,-0.0020095759530704416,-0.0020095759530704416,0.0,0.20488917533555245,0.012803360243415052,0.4781245530787013,0.47695314198632194,0.4790410857880841,0.40539909700703636,0.4044645855234692,0.40609126882867236,0.39876684133489393,0.3979028722945895,0.3994017753153661,0.39876684133489393,0.3979028722945895,0.3994017753153661,8.899786671949144,1.7267368036230277,0.4523119196309724,0.0,0.0,8870.0,13028.4,0.0,0.0,0.0,0.0,False,0.4666589105842986,0.4656006712627237,0.4637468488010793,0.39250413760296504,0.3920204309144526,0.3913692845528757,0.012437563999250723
cod-rna,"repeat=1,fold=2",1,2,3,3,dKDB-current,0.003,validation-selected,adagrad,488565,8,2,195426,48857,244282,1.0,0,942e5887af2fabd218d0312be47fc7d5a3054454d07ab12495864c25cdf73f07,274,120,0.001402065231852466,20,,20,0.6931471805599454,0.6931471805599454,0.693147180559945,0.4855752580647515,0.4839001678359446,0.4865009306963093,0.4667129300805447,0.4647984263164777,0.46780156503079906,0.46791760365760016,0.465990470122129,0.46901400060448806,0.4667129300805447,0.4647984263164777,0.46780156503079906,0.0,0.0,0.0,-0.0019145037640669882,-0.0019145037640669882,0.0,0.019101741519466864,0.0011920438056512994,0.3992048450930981,0.3984178779959635,0.3997012520231164,0.39319532268688423,0.3924458086037545,0.39373569621264753,0.3926079942095702,0.39188759114149685,0.39313597853001087,0.3926079942095702,0.39188759114149685,0.39313597853001087,8.091252821439419,1.5973497286023333,0.41941252518333616,0.0,0.0,8870.0,13028.4,0.0,0.0,0.0,0.0,False,0.4666589105842986,0.4656006712627237,0.4637468488010793,0.39250413760296504,0.3920204309144526,0.3913692845528757,0.0010515775153984164
cod-rna,"repeat=1,fold=2",1,2,3,3,dKDB-generative-init,0.01,fixed-0.01,adagrad,488565,8,2,195426,48857,244282,1.0,0,942e5887af2fabd218d0312be47fc7d5a3054454d07ab12495864c25cdf73f07,274,120,0.001402065231852466,0,1.0,20,0.4656006712627237,0.4637468488010793,0.4666589105842986,0.68704712429716,0.6845254962990878,0.6889620395369394,0.4656006712627237,0.4637468488010793,0.4666589105842986,0.4910797716950635,0.48900722226216126,0.4923501010144768,0.4781976820921838,0.47618925731666956,0.47939834142594007,0.012597010829460076,0.012442408515590253,0.012739430841641475,-0.0018538224616443943,-0.002008424775514217,-0.0001546023138698227,0.22077864749800846,0.025260373461081953,0.4784625116958098,0.4772848510922933,0.47939215717846395,0.4054058715500132,0.4044714418087009,0.40609813645784903,0.3920204309144526,0.3913692845528757,0.39250413760296504,0.3987685769575093,0.39790462093788415,0.3994035378716607,274.0000000020125,16.559339773347133,1.3170730360852552,0.0,0.0,8870.0,13028.4,0.006535336385008472,0.006899400268695677,0.00674814604305668,-0.0002128096580482075,False,0.4666589105842986,0.4656006712627237,0.4637468488010793,0.39250413760296504,0.3920204309144526,0.3913692845528757,0.012442408515590253
cod-rna,"repeat=1,fold=2",1,2,3,3,dKDB-generative-init,0.001,validation-selected,adagrad,488565,8,2,195426,48857,244282,1.0,0,942e5887af2fabd218d0312be47fc7d5a3054454d07ab12495864c25cdf73f07,274,120,0.001402065231852466,0,1.0,20,0.4656006712627237,0.4637468488010793,0.4666589105842986,0.46813986747039177,0.4663681016584876,0.4691261222378928,0.4656006712627237,0.4637468488010793,0.4666589105842986,0.4656348088099992,0.4637773784065318,0.46669544711862304,0.4656742208366385,0.4638118110072196,0.4667400974811526,7.354957391481065e-05,6.496220614027326e-05,8.118689685399083e-05,-0.0018538224616443943,-0.0018624098294189317,-8.587367774537391e-06,0.002621252857408274,3.052960545252281e-05,0.3933295255569652,0.39279481743869005,0.3937395079646097,0.39203889614064413,0.39137785212275267,0.3925294811367187,0.3920204309144526,0.3913692845528757,0.39250413760296504,0.3920601061567193,0.391392276633429,0.3925554113317684,274.00000000014734,16.553011811189165,1.0309054781756204,0.0,0.0,8870.0,13028.4,2.2992080553341232e-05,5.1273728803369334e-05,3.9675242266723476e-05,-1.6683161713382244e-05,False,0.4666589105842986,0.4656006712627237,0.4637468488010793,0.39250413760296504,0.3920204309144526,0.3913692845528757,6.496220614027326e-05
cod-rna,"repeat=1,fold=2",1,2,4,4,dKDB-current,0.01,fixed-0.01,adagrad,488565,8,2,195426,48857,244282,1.0,0,faf8c30045c672f51d6a375e94591ba7c26c40acd2c15d917cbabb96d7d24181,274,120,0.001402065231852466,20,,20,0.6931471805599454,0.6931471805599454,0.693147180559945,0.6836031282196895,0.6810735881358825,0.6854737997673972,0.47819398875340047,0.47618441280033,0.4793941933653714,0.49106455295336837,0.4889877730437451,0.49233325731251404,0.47819398875340047,0.47618441280033,0.4793941933653714,0.0,0.0,0.0,-0.0020095759530704416,-0.0020095759530704416,0.0,0.20488917533555245,0.012803360243415052,0.4781245530787013,0.47695314198632194,0.4790410857880841,0.40539909700703636,0.4044645855234692,0.40609126882867236,0.39876684133489393,0.3979028722945895,0.3994017753153661,0.39876684133489393,0.3979028722945895,0.3994017753153661,8.899786671949144,1.7267368036230277,0.4523119196309724,0.0,0.0,8870.0,13028.4,0.0,0.0,0.0,0.0,False,0.4666589105842986,0.4656006712627237,0.4637468488010793,0.39250413760296504,0.3920204309144526,0.3913692845528757,0.012437563999250723
cod-rna,"repeat=1,fold=2",1,2,4,4,dKDB-current,0.003,validation-selected,adagrad,488565,8,2,195426,48857,244282,1.0,0,faf8c30045c672f51d6a375e94591ba7c26c40acd2c15d917cbabb96d7d24181,274,120,0.001402065231852466,20,,20,0.6931471805599454,0.6931471805599454,0.693147180559945,0.4855752580647515,0.4839001678359446,0.4865009306963093,0.4667129300805447,0.4647984263164777,0.46780156503079906,0.46791760365760016,0.465990470122129,0.46901400060448806,0.4667129300805447,0.4647984263164777,0.46780156503079906,0.0,0.0,0.0,-0.0019145037640669882,-0.0019145037640669882,0.0,0.019101741519466864,0.0011920438056512994,0.3992048450930981,0.3984178779959635,0.3997012520231164,0.39319532268688423,0.3924458086037545,0.39373569621264753,0.3926079942095702,0.39188759114149685,0.39313597853001087,0.3926079942095702,0.39188759114149685,0.39313597853001087,8.091252821439419,1.5973497286023333,0.41941252518333616,0.0,0.0,8870.0,13028.4,0.0,0.0,0.0,0.0,False,0.4666589105842986,0.4656006712627237,0.4637468488010793,0.39250413760296504,0.3920204309144526,0.3913692845528757,0.0010515775153984164
cod-rna,"repeat=1,fold=2",1,2,4,4,dKDB-generative-init,0.01,fixed-0.01,adagrad,488565,8,2,195426,48857,244282,1.0,0,faf8c30045c672f51d6a375e94591ba7c26c40acd2c15d917cbabb96d7d24181,274,120,0.001402065231852466,0,1.0,20,0.4656006712627237,0.4637468488010793,0.4666589105842986,0.68704712429716,0.6845254962990878,0.6889620395369394,0.4656006712627237,0.4637468488010793,0.4666589105842986,0.4910797716950635,0.48900722226216126,0.4923501010144768,0.4781976820921838,0.47618925731666956,0.47939834142594007,0.012597010829460076,0.012442408515590253,0.012739430841641475,-0.0018538224616443943,-0.002008424775514217,-0.0001546023138698227,0.22077864749800846,0.025260373461081953,0.4784625116958098,0.4772848510922933,0.47939215717846395,0.4054058715500132,0.4044714418087009,0.40609813645784903,0.3920204309144526,0.3913692845528757,0.39250413760296504,0.3987685769575093,0.39790462093788415,0.3994035378716607,274.0000000020125,16.559339773347133,1.3170730360852552,0.0,0.0,8870.0,13028.4,0.006535336385008472,0.006899400268695677,0.00674814604305668,-0.0002128096580482075,False,0.4666589105842986,0.4656006712627237,0.4637468488010793,0.39250413760296504,0.3920204309144526,0.3913692845528757,0.012442408515590253
cod-rna,"repeat=1,fold=2",1,2,4,4,dKDB-generative-init,0.001,validation-selected,adagrad,488565,8,2,195426,48857,244282,1.0,0,faf8c30045c672f51d6a375e94591ba7c26c40acd2c15d917cbabb96d7d24181,274,120,0.001402065231852466,0,1.0,20,0.4656006712627237,0.4637468488010793,0.4666589105842986,0.46813986747039177,0.4663681016584876,0.4691261222378928,0.4656006712627237,0.4637468488010793,0.4666589105842986,0.4656348088099992,0.4637773784065318,0.46669544711862304,0.4656742208366385,0.4638118110072196,0.4667400974811526,7.354957391481065e-05,6.496220614027326e-05,8.118689685399083e-05,-0.0018538224616443943,-0.0018624098294189317,-8.587367774537391e-06,0.002621252857408274,3.052960545252281e-05,0.3933295255569652,0.39279481743869005,0.3937395079646097,0.39203889614064413,0.39137785212275267,0.3925294811367187,0.3920204309144526,0.3913692845528757,0.39250413760296504,0.3920601061567193,0.391392276633429,0.3925554113317684,274.00000000014734,16.553011811189165,1.0309054781756204,0.0,0.0,8870.0,13028.4,2.2992080553341232e-05,5.1273728803369334e-05,3.9675242266723476e-05,-1.6683161713382244e-05,False,0.4666589105842986,0.4656006712627237,0.4637468488010793,0.39250413760296504,0.3920204309144526,0.3913692845528757,6.496220614027326e-05
cod-rna,"repeat=1,fold=2",1,2,5,5,dKDB-current,0.01,fixed-0.01,adagrad,488565,8,2,195426,48857,244282,1.0,0,42de883fd4bfe0c1dfb839edceaa8881cc5b98bcfc9676a72bb938a3f4eb4052,274,120,0.001402065231852466,20,,20,0.6931471805599454,0.6931471805599454,0.693147180559945,0.6836031282196895,0.6810735881358825,0.6854737997673972,0.47819398875340047,0.47618441280033,0.4793941933653714,0.49106455295336837,0.4889877730437451,0.49233325731251404,0.47819398875340047,0.47618441280033,0.4793941933653714,0.0,0.0,0.0,-0.0020095759530704416,-0.0020095759530704416,0.0,0.20488917533555245,0.012803360243415052,0.4781245530787013,0.47695314198632194,0.4790410857880841,0.40539909700703636,0.4044645855234692,0.40609126882867236,0.39876684133489393,0.3979028722945895,0.3994017753153661,0.39876684133489393,0.3979028722945895,0.3994017753153661,8.899786671949144,1.7267368036230277,0.4523119196309724,0.0,0.0,8870.0,13028.4,0.0,0.0,0.0,0.0,False,0.4666589105842986,0.4656006712627237,0.4637468488010793,0.39250413760296504,0.3920204309144526,0.3913692845528757,0.012437563999250723
cod-rna,"repeat=1,fold=2",1,2,5,5,dKDB-current,0.003,validation-selected,adagrad,488565,8,2,195426,48857,244282,1.0,0,42de883fd4bfe0c1dfb839edceaa8881cc5b98bcfc9676a72bb938a3f4eb4052,274,120,0.001402065231852466,20,,20,0.6931471805599454,0.6931471805599454,0.693147180559945,0.4855752580647515,0.4839001678359446,0.4865009306963093,0.4667129300805447,0.4647984263164777,0.46780156503079906,0.46791760365760016,0.465990470122129,0.46901400060448806,0.4667129300805447,0.4647984263164777,0.46780156503079906,0.0,0.0,0.0,-0.0019145037640669882,-0.0019145037640669882,0.0,0.019101741519466864,0.0011920438056512994,0.3992048450930981,0.3984178779959635,0.3997012520231164,0.39319532268688423,0.3924458086037545,0.39373569621264753,0.3926079942095702,0.39188759114149685,0.39313597853001087,0.3926079942095702,0.39188759114149685,0.39313597853001087,8.091252821439419,1.5973497286023333,0.41941252518333616,0.0,0.0,8870.0,13028.4,0.0,0.0,0.0,0.0,False,0.4666589105842986,0.4656006712627237,0.4637468488010793,0.39250413760296504,0.3920204309144526,0.3913692845528757,0.0010515775153984164
cod-rna,"repeat=1,fold=2",1,2,5,5,dKDB-generative-init,0.01,fixed-0.01,adagrad,488565,8,2,195426,48857,244282,1.0,0,42de883fd4bfe0c1dfb839edceaa8881cc5b98bcfc9676a72bb938a3f4eb4052,274,120,0.001402065231852466,0,1.0,20,0.4656006712627237,0.4637468488010793,0.4666589105842986,0.68704712429716,0.6845254962990878,0.6889620395369394,0.4656006712627237,0.4637468488010793,0.4666589105842986,0.4910797716950635,0.48900722226216126,0.4923501010144768,0.4781976820921838,0.47618925731666956,0.47939834142594007,0.012597010829460076,0.012442408515590253,0.012739430841641475,-0.0018538224616443943,-0.002008424775514217,-0.0001546023138698227,0.22077864749800846,0.025260373461081953,0.4784625116958098,0.4772848510922933,0.47939215717846395,0.4054058715500132,0.4044714418087009,0.40609813645784903,0.3920204309144526,0.3913692845528757,0.39250413760296504,0.3987685769575093,0.39790462093788415,0.3994035378716607,274.0000000020125,16.559339773347133,1.3170730360852552,0.0,0.0,8870.0,13028.4,0.006535336385008472,0.006899400268695677,0.00674814604305668,-0.0002128096580482075,False,0.4666589105842986,0.4656006712627237,0.4637468488010793,0.39250413760296504,0.3920204309144526,0.3913692845528757,0.012442408515590253
cod-rna,"repeat=1,fold=2",1,2,5,5,dKDB-generative-init,0.001,validation-selected,adagrad,488565,8,2,195426,48857,244282,1.0,0,42de883fd4bfe0c1dfb839edceaa8881cc5b98bcfc9676a72bb938a3f4eb4052,274,120,0.001402065231852466,0,1.0,20,0.4656006712627237,0.4637468488010793,0.4666589105842986,0.46813986747039177,0.4663681016584876,0.4691261222378928,0.4656006712627237,0.4637468488010793,0.4666589105842986,0.4656348088099992,0.4637773784065318,0.46669544711862304,0.4656742208366385,0.4638118110072196,0.4667400974811526,7.354957391481065e-05,6.496220614027326e-05,8.118689685399083e-05,-0.0018538224616443943,-0.0018624098294189317,-8.587367774537391e-06,0.002621252857408274,3.052960545252281e-05,0.3933295255569652,0.39279481743869005,0.3937395079646097,0.39203889614064413,0.39137785212275267,0.3925294811367187,0.3920204309144526,0.3913692845528757,0.39250413760296504,0.3920601061567193,0.391392276633429,0.3925554113317684,274.00000000014734,16.553011811189165,1.0309054781756204,0.0,0.0,8870.0,13028.4,2.2992080553341232e-05,5.1273728803369334e-05,3.9675242266723476e-05,-1.6683161713382244e-05,False,0.4666589105842986,0.4656006712627237,0.4637468488010793,0.39250413760296504,0.3920204309144526,0.3913692845528757,6.496220614027326e-05
cod-rna,"repeat=2,fold=1",2,1,0,0,dKDB-current,0.01,fixed-0.01,adagrad,488565,8,2,195425,48857,244283,1.0,0,ccd3364e40193cc3986f11b4cba54e97feea50ec228b8f7ca20b81229a0e0522,52,8,0.00026608673404119226,20,,20,0.6931471805599453,0.6931471805599454,0.693147180559945,0.6839107461408429,0.6845470009637238,0.6844485082522123,0.47795763530431895,0.4764817999574937,0.47943850973945146,0.49092199165755274,0.4897034277079893,0.4922642906758362,0.47795763530431895,0.4764817999574937,0.47943850973945146,0.0,0.0,0.0,-0.0014758353468252716,-0.0014758353468252716,0.0,0.2080652010062301,0.013221627750495624,0.4778559158767699,0.4783720793158752,0.47834158594710063,0.40537531505399527,0.40518432548150907,0.4060993406930293,0.3986938817008672,0.3983245227066422,0.3994608729733258,0.3986938817008672,0.3983245227066422,0.3994608729733258,9.315304895689238,1.7509478880738498,0.4589851987607272,0.0,0.0,195425.0,195425.0,0.0,0.0,0.0,0.0,False,0.4670756405725888,0.4652545557361769,0.4631534969238442,0.3927306016503153,0.39187717390697685,0.39105879713745473,0.013328303033649458
cod-rna,"repeat=2,fold=1",2,1,0,0,dKDB-current,0.003,validation-selected,adagrad,488565,8,2,195425,48857,244283,1.0,0,ccd3364e40193cc3986f11b4cba54e97feea50ec228b8f7ca20b81229a0e0522,52,8,0.00026608673404119226,20,,20,0.6931471805599453,0.6931471805599454,0.693147180559945,0.48557010916039023,0.48458644968292197,0.4868887375035415,0.4663765757860443,0.46448010248335747,0.4680892759326459,0.4675981733519817,0.4658354864896288,0.4692637259492061,0.4663765757860443,0.46448010248335747,0.4680892759326459,0.0,0.0,0.0,-0.0018964733026868297,-0.0018964733026868297,0.0,0.0201063471995645,0.0013553840062713318,0.39915927440786864,0.39879703187339416,0.399869149273287,0.3930643261441623,0.3924481273057467,0.3938844841131423,0.39247151054660934,0.391788353768731,0.3933021482768711,0.39247151054660934,0.391788353768731,0.3933021482768711,8.478975376058475,1.6200154070728894,0.4285091261802173,0.0,0.0,195425.0,195425.0,0.0,0.0,0.0,0.0,False,0.4670756405725888,0.4652545557361769,0.4631534969238442,0.3927306016503153,0.39187717390697685,0.39105879713745473,0.0013266055595132498
cod-rna,"repeat=2,fold=1",2,1,0,0,dKDB-generative-init,0.01,fixed-0.01,adagrad,488565,8,2,195425,48857,244283,1.0,0,ccd3364e40193cc3986f11b4cba54e97feea50ec228b8f7ca20b81229a0e0522,52,8,0.00026608673404119226,0,1.0,20,0.4652545557361769,0.4631534969238442,0.4670756405725888,0.6875588112127534,0.6880579397559948,0.6880462393320486,0.4652545557361769,0.4631534969238442,0.4670756405725888,0.49093871248403226,0.4897198932527619,0.49228264258987375,0.47796137936728045,0.47648551504072767,0.4794425814681384,0.012706823631103537,0.013332018116883448,0.012366940895549572,-0.00210105881233269,-0.0014758643265527782,0.0006251944857799119,0.2249044428321506,0.026566396328917663,0.4782689170799866,0.47878396342291574,0.47876060704790024,0.4053852479720357,0.40519427934036156,0.40610917693040016,0.39187717390697685,0.39105879713745473,0.3927306016503153,0.39869614127451297,0.3983268013362776,0.39946309821447473,52.00000000311586,7.226340183591872,1.3219029969659166,0.0,0.0,195425.0,195425.0,0.007268004198822897,0.006732496564159418,0.006818967367536122,0.0004490368312867754,False,0.4670756405725888,0.4652545557361769,0.4631534969238442,0.3927306016503153,0.39187717390697685,0.39105879713745473,0.013332018116883448
cod-rna,"repeat=2,fold=1",2,1,0,0,dKDB-generative-init,0.001,validation-selected,adagrad,488565,8,2,195425,48857,244283,1.0,0,ccd3364e40193cc3986f11b4cba54e97feea50ec228b8f7ca20b81229a0e0522,52,8,0.00026608673404119226,6,7.0,20,0.4652545557361769,0.4631534969238442,0.4670756405725888,0.467846683533026,0.4654525536691835,0.46985456522070307,0.4652680949944037,0.46315273074977786,0.4671097388259357,0.4652925324746396,0.46321617269505067,0.4671087676952124,0.4653313774449184,0.4632724774792086,0.46713315761325175,6.328245051473447e-05,0.00011974672943071418,2.3418787316042966e-05,-0.002115364244625828,-0.0020588999657098483,5.6464278915979715e-05,0.002299822919405614,6.344194527280189e-05,0.3932030064997886,0.39219445270180336,0.3940911730649097,0.3918967100970283,0.39110090512140583,0.3927493099594139,0.3918805683807653,0.3910586493276971,0.39273874978244566,0.39191818199857437,0.39113301629792263,0.39276737655407934,52.000000000225285,7.211311154175178,1.0315441791771784,0.0,0.0,195425.0,195425.0,7.436697022550343e-05,2.862677163367744e-05,3.7613617809073574e-05,3.675335241642985e-05,False,0.4670756405725888,0.4652545557361769,0.4631534969238442,0.3927306016503153,0.39187717390697685,0.39105879713745473,0.00011898055536435637
cod-rna,"repeat=2,fold=1",2,1,1,1,dKDB-current,0.01,fixed-0.01,adagrad,488565,8,2,195425,48857,244283,1.0,0,a5d01c1b48181105989c9fef1c937e3fae9ed964f445a6741470db720a732883,290,127,0.0014839452475374185,20,,20,0.6931471805599453,0.6931471805599454,0.693147180559945,0.6839107461408429,0.6845470009637238,0.6844485082522123,0.47795763530431895,0.4764817999574937,0.47943850973945146,0.49092199165755274,0.4897034277079893,0.4922642906758362,0.47795763530431895,0.4764817999574937,0.47943850973945146,0.0,0.0,0.0,-0.0014758353468252716,-0.0014758353468252716,0.0,0.2080652010062301,0.013221627750495624,0.4778559158767699,0.4783720793158752,0.47834158594710063,0.40537531505399527,0.40518432548150907,0.4060993406930293,0.3986938817008672,0.3983245227066422,0.3994608729733258,0.3986938817008672,0.3983245227066422,0.3994608729733258,9.315304895689238,1.7509478880738498,0.4589851987607272,0.0,0.0,7338.0,12310.236220472441,0.0,0.0,0.0,0.0,False,0.4670756405725888,0.4652545557361769,0.4631534969238442,0.3927306016503153,0.39187717390697685,0.39105879713745473,0.013328303033649458
cod-rna,"repeat=2,fold=1",2,1,1,1,dKDB-current,0.003,validation-selected,adagrad,488565,8,2,195425,48857,244283,1.0,0,a5d01c1b48181105989c9fef1c937e3fae9ed964f445a6741470db720a732883,290,127,0.0014839452475374185,20,,20,0.6931471805599453,0.6931471805599454,0.693147180559945,0.48557010916039023,0.48458644968292197,0.4868887375035415,0.4663765757860443,0.46448010248335747,0.4680892759326459,0.4675981733519817,0.4658354864896288,0.4692637259492061,0.4663765757860443,0.46448010248335747,0.4680892759326459,0.0,0.0,0.0,-0.0018964733026868297,-0.0018964733026868297,0.0,0.0201063471995645,0.0013553840062713318,0.39915927440786864,0.39879703187339416,0.399869149273287,0.3930643261441623,0.3924481273057467,0.3938844841131423,0.39247151054660934,0.391788353768731,0.3933021482768711,0.39247151054660934,0.391788353768731,0.3933021482768711,8.478975376058475,1.6200154070728894,0.4285091261802173,0.0,0.0,7338.0,12310.236220472441,0.0,0.0,0.0,0.0,False,0.4670756405725888,0.4652545557361769,0.4631534969238442,0.3927306016503153,0.39187717390697685,0.39105879713745473,0.0013266055595132498
cod-rna,"repeat=2,fold=1",2,1,1,1,dKDB-generative-init,0.01,fixed-0.01,adagrad,488565,8,2,195425,48857,244283,1.0,0,a5d01c1b48181105989c9fef1c937e3fae9ed964f445a6741470db720a732883,290,127,0.0014839452475374185,0,1.0,20,0.4652545557361769,0.4631534969238442,0.4670756405725888,0.6875588112127534,0.6880579397559948,0.6880462393320486,0.4652545557361769,0.4631534969238442,0.4670756405725888,0.49093871248403226,0.4897198932527619,0.49228264258987375,0.47796137936728045,0.47648551504072767,0.4794425814681384,0.012706823631103537,0.013332018116883448,0.012366940895549572,-0.00210105881233269,-0.0014758643265527782,0.0006251944857799119,0.2249044428321506,0.026566396328917663,0.4782689170799866,0.47878396342291574,0.47876060704790024,0.4053852479720357,0.40519427934036156,0.40610917693040016,0.39187717390697685,0.39105879713745473,0.3927306016503153,0.39869614127451297,0.3983268013362776,0.39946309821447473,290.0000000031159,17.035844342121543,1.3219029969659166,0.0,0.0,7338.0,12310.236220472441,0.007268004198822897,0.006732496564159418,0.006818967367536122,0.0004490368312867754,False,0.4670756405725888,0.4652545557361769,0.4631534969238442,0.3927306016503153,0.39187717390697685,0.39105879713745473,0.013332018116883448
cod-rna,"repeat=2,fold=1",2,1,1,1,dKDB-generative-init,0.001,validation-selected,adagrad,488565,8,2,195425,48857,244283,1.0,0,a5d01c1b48181105989c9fef1c937e3fae9ed964f445a6741470db720a732883,290,127,0.0014839452475374185,6,7.0,20,0.4652545557361769,0.4631534969238442,0.4670756405725888,0.467846683533026,0.4654525536691835,0.46985456522070307,0.4652680949944037,0.46315273074977786,0.4671097388259357,0.4652925324746396,0.46321617269505067,0.4671087676952124,0.4653313774449184,0.4632724774792086,0.46713315761325175,6.328245051473447e-05,0.00011974672943071418,2.3418787316042966e-05,-0.002115364244625828,-0.0020588999657098483,5.6464278915979715e-05,0.002299822919405614,6.344194527280189e-05,0.3932030064997886,0.39219445270180336,0.3940911730649097,0.3918967100970283,0.39110090512140583,0.3927493099594139,0.3918805683807653,0.3910586493276971,0.39273874978244566,0.39191818199857437,0.39113301629792263,0.39276737655407934,290.00000000022527,17.02947470012893,1.0315441791771784,0.0,0.0,7338.0,12310.236220472441,7.436697022550343e-05,2.862677163367744e-05,3.7613617809073574e-05,3.675335241642985e-05,False,0.4670756405725888,0.4652545557361769,0.4631534969238442,0.3927306016503153,0.39187717390697685,0.39105879713745473,0.00011898055536435637
cod-rna,"repeat=2,fold=1",2,1,2,2,dKDB-current,0.01,fixed-0.01,adagrad,488565,8,2,195425,48857,244283,1.0,0,f2bb0842e49facdde83622a48f78491067fe45d63239c29efb630e4d3ff32dc9,290,127,0.0014839452475374185,20,,20,0.6931471805599453,0.6931471805599454,0.693147180559945,0.6839107461408429,0.6845470009637238,0.6844485082522123,0.47795763530431895,0.4764817999574937,0.47943850973945146,0.49092199165755274,0.4897034277079893,0.4922642906758362,0.47795763530431895,0.4764817999574937,0.47943850973945146,0.0,0.0,0.0,-0.0014758353468252716,-0.0014758353468252716,0.0,0.2080652010062301,0.013221627750495624,0.4778559158767699,0.4783720793158752,0.47834158594710063,0.40537531505399527,0.40518432548150907,0.4060993406930293,0.3986938817008672,0.3983245227066422,0.3994608729733258,0.3986938817008672,0.3983245227066422,0.3994608729733258,9.315304895689238,1.7509478880738498,0.4589851987607272,0.0,0.0,7338.0,12310.236220472441,0.0,0.0,0.0,0.0,False,0.4670756405725888,0.4652545557361769,0.4631534969238442,0.3927306016503153,0.39187717390697685,0.39105879713745473,0.013328303033649458
cod-rna,"repeat=2,fold=1",2,1,2,2,dKDB-current,0.003,validation-selected,adagrad,488565,8,2,195425,48857,244283,1.0,0,f2bb0842e49facdde83622a48f78491067fe45d63239c29efb630e4d3ff32dc9,290,127,0.0014839452475374185,20,,20,0.6931471805599453,0.6931471805599454,0.693147180559945,0.48557010916039023,0.48458644968292197,0.4868887375035415,0.4663765757860443,0.46448010248335747,0.4680892759326459,0.4675981733519817,0.4658354864896288,0.4692637259492061,0.4663765757860443,0.46448010248335747,0.4680892759326459,0.0,0.0,0.0,-0.0018964733026868297,-0.0018964733026868297,0.0,0.0201063471995645,0.0013553840062713318,0.39915927440786864,0.39879703187339416,0.399869149273287,0.3930643261441623,0.3924481273057467,0.3938844841131423,0.39247151054660934,0.391788353768731,0.3933021482768711,0.39247151054660934,0.391788353768731,0.3933021482768711,8.478975376058475,1.6200154070728894,0.4285091261802173,0.0,0.0,7338.0,12310.236220472441,0.0,0.0,0.0,0.0,False,0.4670756405725888,0.4652545557361769,0.4631534969238442,0.3927306016503153,0.39187717390697685,0.39105879713745473,0.0013266055595132498
cod-rna,"repeat=2,fold=1",2,1,2,2,dKDB-generative-init,0.01,fixed-0.01,adagrad,488565,8,2,195425,48857,244283,1.0,0,f2bb0842e49facdde83622a48f78491067fe45d63239c29efb630e4d3ff32dc9,290,127,0.0014839452475374185,0,1.0,20,0.4652545557361769,0.4631534969238442,0.4670756405725888,0.6875588112127534,0.6880579397559948,0.6880462393320486,0.4652545557361769,0.4631534969238442,0.4670756405725888,0.49093871248403226,0.4897198932527619,0.49228264258987375,0.47796137936728045,0.47648551504072767,0.4794425814681384,0.012706823631103537,0.013332018116883448,0.012366940895549572,-0.00210105881233269,-0.0014758643265527782,0.0006251944857799119,0.2249044428321506,0.026566396328917663,0.4782689170799866,0.47878396342291574,0.47876060704790024,0.4053852479720357,0.40519427934036156,0.40610917693040016,0.39187717390697685,0.39105879713745473,0.3927306016503153,0.39869614127451297,0.3983268013362776,0.39946309821447473,290.0000000031159,17.035844342121543,1.3219029969659166,0.0,0.0,7338.0,12310.236220472441,0.007268004198822897,0.006732496564159418,0.006818967367536122,0.0004490368312867754,False,0.4670756405725888,0.4652545557361769,0.4631534969238442,0.3927306016503153,0.39187717390697685,0.39105879713745473,0.013332018116883448
cod-rna,"repeat=2,fold=1",2,1,2,2,dKDB-generative-init,0.001,validation-selected,adagrad,488565,8,2,195425,48857,244283,1.0,0,f2bb0842e49facdde83622a48f78491067fe45d63239c29efb630e4d3ff32dc9,290,127,0.0014839452475374185,6,7.0,20,0.4652545557361769,0.4631534969238442,0.4670756405725888,0.467846683533026,0.4654525536691835,0.46985456522070307,0.4652680949944037,0.46315273074977786,0.4671097388259357,0.4652925324746396,0.46321617269505067,0.4671087676952124,0.4653313774449184,0.4632724774792086,0.46713315761325175,6.328245051473447e-05,0.00011974672943071418,2.3418787316042966e-05,-0.002115364244625828,-0.0020588999657098483,5.6464278915979715e-05,0.002299822919405614,6.344194527280189e-05,0.3932030064997886,0.39219445270180336,0.3940911730649097,0.3918967100970283,0.39110090512140583,0.3927493099594139,0.3918805683807653,0.3910586493276971,0.39273874978244566,0.39191818199857437,0.39113301629792263,0.39276737655407934,290.00000000022527,17.02947470012893,1.0315441791771784,0.0,0.0,7338.0,12310.236220472441,7.436697022550343e-05,2.862677163367744e-05,3.7613617809073574e-05,3.675335241642985e-05,False,0.4670756405725888,0.4652545557361769,0.4631534969238442,0.3927306016503153,0.39187717390697685,0.39105879713745473,0.00011898055536435637
cod-rna,"repeat=2,fold=1",2,1,3,3,dKDB-current,0.01,fixed-0.01,adagrad,488565,8,2,195425,48857,244283,1.0,0,942e5887af2fabd218d0312be47fc7d5a3054454d07ab12495864c25cdf73f07,290,127,0.0014839452475374185,20,,20,0.6931471805599453,0.6931471805599454,0.693147180559945,0.6839107461408429,0.6845470009637238,0.6844485082522123,0.47795763530431895,0.4764817999574937,0.47943850973945146,0.49092199165755274,0.4897034277079893,0.4922642906758362,0.47795763530431895,0.4764817999574937,0.47943850973945146,0.0,0.0,0.0,-0.0014758353468252716,-0.0014758353468252716,0.0,0.2080652010062301,0.013221627750495624,0.4778559158767699,0.4783720793158752,0.47834158594710063,0.40537531505399527,0.40518432548150907,0.4060993406930293,0.3986938817008672,0.3983245227066422,0.3994608729733258,0.3986938817008672,0.3983245227066422,0.3994608729733258,9.315304895689238,1.7509478880738498,0.4589851987607272,0.0,0.0,7338.0,12310.236220472441,0.0,0.0,0.0,0.0,False,0.4670756405725888,0.4652545557361769,0.4631534969238442,0.3927306016503153,0.39187717390697685,0.39105879713745473,0.013328303033649458
cod-rna,"repeat=2,fold=1",2,1,3,3,dKDB-current,0.003,validation-selected,adagrad,488565,8,2,195425,48857,244283,1.0,0,942e5887af2fabd218d0312be47fc7d5a3054454d07ab12495864c25cdf73f07,290,127,0.0014839452475374185,20,,20,0.6931471805599453,0.6931471805599454,0.693147180559945,0.48557010916039023,0.48458644968292197,0.4868887375035415,0.4663765757860443,0.46448010248335747,0.4680892759326459,0.4675981733519817,0.4658354864896288,0.4692637259492061,0.4663765757860443,0.46448010248335747,0.4680892759326459,0.0,0.0,0.0,-0.0018964733026868297,-0.0018964733026868297,0.0,0.0201063471995645,0.0013553840062713318,0.39915927440786864,0.39879703187339416,0.399869149273287,0.3930643261441623,0.3924481273057467,0.3938844841131423,0.39247151054660934,0.391788353768731,0.3933021482768711,0.39247151054660934,0.391788353768731,0.3933021482768711,8.478975376058475,1.6200154070728894,0.4285091261802173,0.0,0.0,7338.0,12310.236220472441,0.0,0.0,0.0,0.0,False,0.4670756405725888,0.4652545557361769,0.4631534969238442,0.3927306016503153,0.39187717390697685,0.39105879713745473,0.0013266055595132498
cod-rna,"repeat=2,fold=1",2,1,3,3,dKDB-generative-init,0.01,fixed-0.01,adagrad,488565,8,2,195425,48857,244283,1.0,0,942e5887af2fabd218d0312be47fc7d5a3054454d07ab12495864c25cdf73f07,290,127,0.0014839452475374185,0,1.0,20,0.4652545557361769,0.4631534969238442,0.4670756405725888,0.6875588112127534,0.6880579397559948,0.6880462393320486,0.4652545557361769,0.4631534969238442,0.4670756405725888,0.49093871248403226,0.4897198932527619,0.49228264258987375,0.47796137936728045,0.47648551504072767,0.4794425814681384,0.012706823631103537,0.013332018116883448,0.012366940895549572,-0.00210105881233269,-0.0014758643265527782,0.0006251944857799119,0.2249044428321506,0.026566396328917663,0.4782689170799866,0.47878396342291574,0.47876060704790024,0.4053852479720357,0.40519427934036156,0.40610917693040016,0.39187717390697685,0.39105879713745473,0.3927306016503153,0.39869614127451297,0.3983268013362776,0.39946309821447473,290.0000000031159,17.035844342121543,1.3219029969659166,0.0,0.0,7338.0,12310.236220472441,0.007268004198822897,0.006732496564159418,0.006818967367536122,0.0004490368312867754,False,0.4670756405725888,0.4652545557361769,0.4631534969238442,0.3927306016503153,0.39187717390697685,0.39105879713745473,0.013332018116883448
cod-rna,"repeat=2,fold=1",2,1,3,3,dKDB-generative-init,0.001,validation-selected,adagrad,488565,8,2,195425,48857,244283,1.0,0,942e5887af2fabd218d0312be47fc7d5a3054454d07ab12495864c25cdf73f07,290,127,0.0014839452475374185,6,7.0,20,0.4652545557361769,0.4631534969238442,0.4670756405725888,0.467846683533026,0.4654525536691835,0.46985456522070307,0.4652680949944037,0.46315273074977786,0.4671097388259357,0.4652925324746396,0.46321617269505067,0.4671087676952124,0.4653313774449184,0.4632724774792086,0.46713315761325175,6.328245051473447e-05,0.00011974672943071418,2.3418787316042966e-05,-0.002115364244625828,-0.0020588999657098483,5.6464278915979715e-05,0.002299822919405614,6.344194527280189e-05,0.3932030064997886,0.39219445270180336,0.3940911730649097,0.3918967100970283,0.39110090512140583,0.3927493099594139,0.3918805683807653,0.3910586493276971,0.39273874978244566,0.39191818199857437,0.39113301629792263,0.39276737655407934,290.00000000022527,17.02947470012893,1.0315441791771784,0.0,0.0,7338.0,12310.236220472441,7.436697022550343e-05,2.862677163367744e-05,3.7613617809073574e-05,3.675335241642985e-05,False,0.4670756405725888,0.4652545557361769,0.4631534969238442,0.3927306016503153,0.39187717390697685,0.39105879713745473,0.00011898055536435637
cod-rna,"repeat=2,fold=1",2,1,4,4,dKDB-current,0.01,fixed-0.01,adagrad,488565,8,2,195425,48857,244283,1.0,0,faf8c30045c672f51d6a375e94591ba7c26c40acd2c15d917cbabb96d7d24181,290,127,0.0014839452475374185,20,,20,0.6931471805599453,0.6931471805599454,0.693147180559945,0.6839107461408429,0.6845470009637238,0.6844485082522123,0.47795763530431895,0.4764817999574937,0.47943850973945146,0.49092199165755274,0.4897034277079893,0.4922642906758362,0.47795763530431895,0.4764817999574937,0.47943850973945146,0.0,0.0,0.0,-0.0014758353468252716,-0.0014758353468252716,0.0,0.2080652010062301,0.013221627750495624,0.4778559158767699,0.4783720793158752,0.47834158594710063,0.40537531505399527,0.40518432548150907,0.4060993406930293,0.3986938817008672,0.3983245227066422,0.3994608729733258,0.3986938817008672,0.3983245227066422,0.3994608729733258,9.315304895689238,1.7509478880738498,0.4589851987607272,0.0,0.0,7338.0,12310.236220472441,0.0,0.0,0.0,0.0,False,0.4670756405725888,0.4652545557361769,0.4631534969238442,0.3927306016503153,0.39187717390697685,0.39105879713745473,0.013328303033649458
cod-rna,"repeat=2,fold=1",2,1,4,4,dKDB-current,0.003,validation-selected,adagrad,488565,8,2,195425,48857,244283,1.0,0,faf8c30045c672f51d6a375e94591ba7c26c40acd2c15d917cbabb96d7d24181,290,127,0.0014839452475374185,20,,20,0.6931471805599453,0.6931471805599454,0.693147180559945,0.48557010916039023,0.48458644968292197,0.4868887375035415,0.4663765757860443,0.46448010248335747,0.4680892759326459,0.4675981733519817,0.4658354864896288,0.4692637259492061,0.4663765757860443,0.46448010248335747,0.4680892759326459,0.0,0.0,0.0,-0.0018964733026868297,-0.0018964733026868297,0.0,0.0201063471995645,0.0013553840062713318,0.39915927440786864,0.39879703187339416,0.399869149273287,0.3930643261441623,0.3924481273057467,0.3938844841131423,0.39247151054660934,0.391788353768731,0.3933021482768711,0.39247151054660934,0.391788353768731,0.3933021482768711,8.478975376058475,1.6200154070728894,0.4285091261802173,0.0,0.0,7338.0,12310.236220472441,0.0,0.0,0.0,0.0,False,0.4670756405725888,0.4652545557361769,0.4631534969238442,0.3927306016503153,0.39187717390697685,0.39105879713745473,0.0013266055595132498
cod-rna,"repeat=2,fold=1",2,1,4,4,dKDB-generative-init,0.01,fixed-0.01,adagrad,488565,8,2,195425,48857,244283,1.0,0,faf8c30045c672f51d6a375e94591ba7c26c40acd2c15d917cbabb96d7d24181,290,127,0.0014839452475374185,0,1.0,20,0.4652545557361769,0.4631534969238442,0.4670756405725888,0.6875588112127534,0.6880579397559948,0.6880462393320486,0.4652545557361769,0.4631534969238442,0.4670756405725888,0.49093871248403226,0.4897198932527619,0.49228264258987375,0.47796137936728045,0.47648551504072767,0.4794425814681384,0.012706823631103537,0.013332018116883448,0.012366940895549572,-0.00210105881233269,-0.0014758643265527782,0.0006251944857799119,0.2249044428321506,0.026566396328917663,0.4782689170799866,0.47878396342291574,0.47876060704790024,0.4053852479720357,0.40519427934036156,0.40610917693040016,0.39187717390697685,0.39105879713745473,0.3927306016503153,0.39869614127451297,0.3983268013362776,0.39946309821447473,290.0000000031159,17.035844342121543,1.3219029969659166,0.0,0.0,7338.0,12310.236220472441,0.007268004198822897,0.006732496564159418,0.006818967367536122,0.0004490368312867754,False,0.4670756405725888,0.4652545557361769,0.4631534969238442,0.3927306016503153,0.39187717390697685,0.39105879713745473,0.013332018116883448
cod-rna,"repeat=2,fold=1",2,1,4,4,dKDB-generative-init,0.001,validation-selected,adagrad,488565,8,2,195425,48857,244283,1.0,0,faf8c30045c672f51d6a375e94591ba7c26c40acd2c15d917cbabb96d7d24181,290,127,0.0014839452475374185,6,7.0,20,0.4652545557361769,0.4631534969238442,0.4670756405725888,0.467846683533026,0.4654525536691835,0.46985456522070307,0.4652680949944037,0.46315273074977786,0.4671097388259357,0.4652925324746396,0.46321617269505067,0.4671087676952124,0.4653313774449184,0.4632724774792086,0.46713315761325175,6.328245051473447e-05,0.00011974672943071418,2.3418787316042966e-05,-0.002115364244625828,-0.0020588999657098483,5.6464278915979715e-05,0.002299822919405614,6.344194527280189e-05,0.3932030064997886,0.39219445270180336,0.3940911730649097,0.3918967100970283,0.39110090512140583,0.3927493099594139,0.3918805683807653,0.3910586493276971,0.39273874978244566,0.39191818199857437,0.39113301629792263,0.39276737655407934,290.00000000022527,17.02947470012893,1.0315441791771784,0.0,0.0,7338.0,12310.236220472441,7.436697022550343e-05,2.862677163367744e-05,3.7613617809073574e-05,3.675335241642985e-05,False,0.4670756405725888,0.4652545557361769,0.4631534969238442,0.3927306016503153,0.39187717390697685,0.39105879713745473,0.00011898055536435637
cod-rna,"repeat=2,fold=1",2,1,5,5,dKDB-current,0.01,fixed-0.01,adagrad,488565,8,2,195425,48857,244283,1.0,0,42de883fd4bfe0c1dfb839edceaa8881cc5b98bcfc9676a72bb938a3f4eb4052,290,127,0.0014839452475374185,20,,20,0.6931471805599453,0.6931471805599454,0.693147180559945,0.6839107461408429,0.6845470009637238,0.6844485082522123,0.47795763530431895,0.4764817999574937,0.47943850973945146,0.49092199165755274,0.4897034277079893,0.4922642906758362,0.47795763530431895,0.4764817999574937,0.47943850973945146,0.0,0.0,0.0,-0.0014758353468252716,-0.0014758353468252716,0.0,0.2080652010062301,0.013221627750495624,0.4778559158767699,0.4783720793158752,0.47834158594710063,0.40537531505399527,0.40518432548150907,0.4060993406930293,0.3986938817008672,0.3983245227066422,0.3994608729733258,0.3986938817008672,0.3983245227066422,0.3994608729733258,9.315304895689238,1.7509478880738498,0.4589851987607272,0.0,0.0,7338.0,12310.236220472441,0.0,0.0,0.0,0.0,False,0.4670756405725888,0.4652545557361769,0.4631534969238442,0.3927306016503153,0.39187717390697685,0.39105879713745473,0.013328303033649458
cod-rna,"repeat=2,fold=1",2,1,5,5,dKDB-current,0.003,validation-selected,adagrad,488565,8,2,195425,48857,244283,1.0,0,42de883fd4bfe0c1dfb839edceaa8881cc5b98bcfc9676a72bb938a3f4eb4052,290,127,0.0014839452475374185,20,,20,0.6931471805599453,0.6931471805599454,0.693147180559945,0.48557010916039023,0.48458644968292197,0.4868887375035415,0.4663765757860443,0.46448010248335747,0.4680892759326459,0.4675981733519817,0.4658354864896288,0.4692637259492061,0.4663765757860443,0.46448010248335747,0.4680892759326459,0.0,0.0,0.0,-0.0018964733026868297,-0.0018964733026868297,0.0,0.0201063471995645,0.0013553840062713318,0.39915927440786864,0.39879703187339416,0.399869149273287,0.3930643261441623,0.3924481273057467,0.3938844841131423,0.39247151054660934,0.391788353768731,0.3933021482768711,0.39247151054660934,0.391788353768731,0.3933021482768711,8.478975376058475,1.6200154070728894,0.4285091261802173,0.0,0.0,7338.0,12310.236220472441,0.0,0.0,0.0,0.0,False,0.4670756405725888,0.4652545557361769,0.4631534969238442,0.3927306016503153,0.39187717390697685,0.39105879713745473,0.0013266055595132498
cod-rna,"repeat=2,fold=1",2,1,5,5,dKDB-generative-init,0.01,fixed-0.01,adagrad,488565,8,2,195425,48857,244283,1.0,0,42de883fd4bfe0c1dfb839edceaa8881cc5b98bcfc9676a72bb938a3f4eb4052,290,127,0.0014839452475374185,0,1.0,20,0.4652545557361769,0.4631534969238442,0.4670756405725888,0.6875588112127534,0.6880579397559948,0.6880462393320486,0.4652545557361769,0.4631534969238442,0.4670756405725888,0.49093871248403226,0.4897198932527619,0.49228264258987375,0.47796137936728045,0.47648551504072767,0.4794425814681384,0.012706823631103537,0.013332018116883448,0.012366940895549572,-0.00210105881233269,-0.0014758643265527782,0.0006251944857799119,0.2249044428321506,0.026566396328917663,0.4782689170799866,0.47878396342291574,0.47876060704790024,0.4053852479720357,0.40519427934036156,0.40610917693040016,0.39187717390697685,0.39105879713745473,0.3927306016503153,0.39869614127451297,0.3983268013362776,0.39946309821447473,290.0000000031159,17.035844342121543,1.3219029969659166,0.0,0.0,7338.0,12310.236220472441,0.007268004198822897,0.006732496564159418,0.006818967367536122,0.0004490368312867754,False,0.4670756405725888,0.4652545557361769,0.4631534969238442,0.3927306016503153,0.39187717390697685,0.39105879713745473,0.013332018116883448
cod-rna,"repeat=2,fold=1",2,1,5,5,dKDB-generative-init,0.001,validation-selected,adagrad,488565,8,2,195425,48857,244283,1.0,0,42de883fd4bfe0c1dfb839edceaa8881cc5b98bcfc9676a72bb938a3f4eb4052,290,127,0.0014839452475374185,6,7.0,20,0.4652545557361769,0.4631534969238442,0.4670756405725888,0.467846683533026,0.4654525536691835,0.46985456522070307,0.4652680949944037,0.46315273074977786,0.4671097388259357,0.4652925324746396,0.46321617269505067,0.4671087676952124,0.4653313774449184,0.4632724774792086,0.46713315761325175,6.328245051473447e-05,0.00011974672943071418,2.3418787316042966e-05,-0.002115364244625828,-0.0020588999657098483,5.6464278915979715e-05,0.002299822919405614,6.344194527280189e-05,0.3932030064997886,0.39219445270180336,0.3940911730649097,0.3918967100970283,0.39110090512140583,0.3927493099594139,0.3918805683807653,0.3910586493276971,0.39273874978244566,0.39191818199857437,0.39113301629792263,0.39276737655407934,290.00000000022527,17.02947470012893,1.0315441791771784,0.0,0.0,7338.0,12310.236220472441,7.436697022550343e-05,2.862677163367744e-05,3.7613617809073574e-05,3.675335241642985e-05,False,0.4670756405725888,0.4652545557361769,0.4631534969238442,0.3927306016503153,0.39187717390697685,0.39105879713745473,0.00011898055536435637
cod-rna,"repeat=2,fold=2",2,2,0,0,dKDB-current,0.01,fixed-0.01,adagrad,488565,8,2,195426,48857,244282,1.0,0,ccd3364e40193cc3986f11b4cba54e97feea50ec228b8f7ca20b81229a0e0522,50,8,0.0002558513196811069,20,,20,0.6931471805599454,0.6931471805599454,0.693147180559945,0.6794000379290801,0.681213400111762,0.6801804416329551,0.4787037037545404,0.48038986211871,0.47799995259426187,0.49128815049443625,0.4929514163444765,0.49077900530766333,0.4787037037545404,0.48038986211871,0.47799995259426187,0.0,0.0,0.0,0.0016861583641695765,0.0016861583641695765,0.0,0.20082353799305203,0.012561554225766491,0.4774778145016073,0.4781848456313596,0.4774718518549864,0.4055543895304577,0.40647991855050075,0.40527299406802214,0.39904521269249277,0.39996436210542297,0.3986838988017903,0.39904521269249277,0.39996436210542297,0.3986838988017903,9.298365197508343,1.7443646039075225,0.45021564923293844,0.0,0.0,195426.0,195426.0,0.0,0.0,0.0,0.0,False,0.4652158159111684,0.46638482050764707,0.4681514413356636,0.3918698173498848,0.392435665268075,0.39328649225947393,0.012238420783046378
cod-rna,"repeat=2,fold=2",2,2,0,0,dKDB-current,0.003,validation-selected,adagrad,488565,8,2,195426,48857,244282,1.0,0,ccd3364e40193cc3986f11b4cba54e97feea50ec228b8f7ca20b81229a0e0522,50,8,0.0002558513196811069,20,,20,0.6931471805599454,0.6931471805599454,0.693147180559945,0.4862636807558317,0.48764713215716265,0.48550442522247517,0.46747383461693454,0.46921062026924015,0.4664388108563027,0.4686590901376871,0.47038223290612236,0.46767412409261483,0.46747383461693454,0.46921062026924015,0.4664388108563027,0.0,0.0,0.0,0.0017367856523056169,0.0017367856523056169,0.0,0.018436511887922502,0.0011716126368822022,0.3994664656003527,0.4002151277557958,0.3990752014395778,0.3935807067633301,0.3944637654950772,0.3931002907444026,0.393010286409856,0.3938877215797301,0.3925050052636554,0.393010286409856,0.3938877215797301,0.3925050052636554,8.476413109617512,1.6194449705341278,0.42125662940773545,0.0,0.0,195426.0,195426.0,0.0,0.0,0.0,0.0,False,0.4652158159111684,0.46638482050764707,0.4681514413356636,0.3918698173498848,0.392435665268075,0.39328649225947393,0.0010591789335765434
cod-rna,"repeat=2,fold=2",2,2,0,0,dKDB-generative-init,0.01,fixed-0.01,adagrad,488565,8,2,195426,48857,244282,1.0,0,ccd3364e40193cc3986f11b4cba54e97feea50ec228b8f7ca20b81229a0e0522,50,8,0.0002558513196811069,0,1.0,20,0.46638482050764707,0.4681514413356636,0.4652158159111684,0.6829497949754133,0.6848005026008274,0.6838097983434727,0.46638482050764707,0.4681514413356636,0.4652158159111684,0.4913042098363595,0.49297030304465295,0.4907941848330246,0.4787073360368568,0.48039407812143936,0.47800340515404693,0.01232251552920971,0.012242636785775751,0.012787589242878539,0.0017666208280165407,0.001686742084582582,-7.987874343395873e-05,0.21664906126516376,0.024818861708989337,0.4779138424838299,0.47862981283699474,0.47790847733723313,0.40556459822076635,0.4064901175170174,0.40528325872406545,0.392435665268075,0.39328649225947393,0.3918698173498848,0.3990475395417273,0.39996668193162505,0.39868624658041973,50.000000002988955,7.085469582288888,1.311130660735529,0.0,0.0,195426.0,195426.0,0.006680189672151116,0.006816429230534937,0.006611874273652285,6.83153984988305e-05,False,0.4652158159111684,0.46638482050764707,0.4681514413356636,0.3918698173498848,0.392435665268075,0.39328649225947393,0.012242636785775751
cod-rna,"repeat=2,fold=2",2,2,0,0,dKDB-generative-init,0.001,validation-selected,adagrad,488565,8,2,195426,48857,244282,1.0,0,ccd3364e40193cc3986f11b4cba54e97feea50ec228b8f7ca20b81229a0e0522,50,8,0.0002558513196811069,0,1.0,20,0.46638482050764707,0.4681514413356636,0.4652158159111684,0.4689438252555209,0.4707882844611864,0.4675516191929697,0.46638482050764707,0.4681514413356636,0.4652158159111684,0.4664180230016914,0.4681879695068558,0.4652661080344992,0.4664580282618773,0.4682211570377932,0.465320761923798,7.320775423025339e-05,6.971570212960243e-05,0.00010494601262961423,0.0017666208280165407,0.0017631287759158898,-3.4920521006509553e-06,0.002636843125522814,3.652817119220719e-05,0.39374930506965705,0.3945609563019071,0.39309442036505926,0.3924520795446492,0.3933095227622622,0.3918957791493334,0.392435665268075,0.39328649225947393,0.3918698173498848,0.3924740943066399,0.39333265150861585,0.39192339701435513,50.000000000220275,7.0712781360938335,1.0303408306826227,0.0,0.0,195426.0,195426.0,4.615924914191938e-05,5.3579664470337907e-05,3.842903856488e-05,7.730210577039376e-06,False,0.4652158159111684,0.46638482050764707,0.4681514413356636,0.3918698173498848,0.392435665268075,0.39328649225947393,6.971570212960243e-05
cod-rna,"repeat=2,fold=2",2,2,1,1,dKDB-current,0.01,fixed-0.01,adagrad,488565,8,2,195426,48857,244282,1.0,0,a5d01c1b48181105989c9fef1c937e3fae9ed964f445a6741470db720a732883,274,120,0.001402065231852466,20,,20,0.6931471805599454,0.6931471805599454,0.693147180559945,0.6794000379290801,0.681213400111762,0.6801804416329551,0.4787037037545404,0.48038986211871,0.47799995259426187,0.49128815049443625,0.4929514163444765,0.49077900530766333,0.4787037037545404,0.48038986211871,0.47799995259426187,0.0,0.0,0.0,0.0016861583641695765,0.0016861583641695765,0.0,0.20082353799305203,0.012561554225766491,0.4774778145016073,0.4781848456313596,0.4774718518549864,0.4055543895304577,0.40647991855050075,0.40527299406802214,0.39904521269249277,0.39996436210542297,0.3986838988017903,0.39904521269249277,0.39996436210542297,0.3986838988017903,9.298365197508343,1.7443646039075225,0.45021564923293844,0.0,0.0,9175.0,13028.4,0.0,0.0,0.0,0.0,False,0.4652158159111684,0.46638482050764707,0.4681514413356636,0.3918698173498848,0.392435665268075,0.39328649225947393,0.012238420783046378
cod-rna,"repeat=2,fold=2",2,2,1,1,dKDB-current,0.003,validation-selected,adagrad,488565,8,2,195426,48857,244282,1.0,0,a5d01c1b48181105989c9fef1c937e3fae9ed964f445a6741470db720a732883,274,120,0.001402065231852466,20,,20,0.6931471805599454,0.6931471805599454,0.693147180559945,0.4862636807558317,0.48764713215716265,0.48550442522247517,0.46747383461693454,0.46921062026924015,0.4664388108563027,0.4686590901376871,0.47038223290612236,0.46767412409261483,0.46747383461693454,0.46921062026924015,0.4664388108563027,0.0,0.0,0.0,0.0017367856523056169,0.0017367856523056169,0.0,0.018436511887922502,0.0011716126368822022,0.3994664656003527,0.4002151277557958,0.3990752014395778,0.3935807067633301,0.3944637654950772,0.3931002907444026,0.393010286409856,0.3938877215797301,0.3925050052636554,0.393010286409856,0.3938877215797301,0.3925050052636554,8.476413109617512,1.6194449705341278,0.42125662940773545,0.0,0.0,9175.0,13028.4,0.0,0.0,0.0,0.0,False,0.4652158159111684,0.46638482050764707,0.4681514413356636,0.3918698173498848,0.392435665268075,0.39328649225947393,0.0010591789335765434
cod-rna,"repeat=2,fold=2",2,2,1,1,dKDB-generative-init,0.01,fixed-0.01,adagrad,488565,8,2,195426,48857,244282,1.0,0,a5d01c1b48181105989c9fef1c937e3fae9ed964f445a6741470db720a732883,274,120,0.001402065231852466,0,1.0,20,0.46638482050764707,0.4681514413356636,0.4652158159111684,0.6829497949754133,0.6848005026008274,0.6838097983434727,0.46638482050764707,0.4681514413356636,0.4652158159111684,0.4913042098363595,0.49297030304465295,0.4907941848330246,0.4787073360368568,0.48039407812143936,0.47800340515404693,0.01232251552920971,0.012242636785775751,0.012787589242878539,0.0017666208280165407,0.001686742084582582,-7.987874343395873e-05,0.21664906126516376,0.024818861708989337,0.4779138424838299,0.47862981283699474,0.47790847733723313,0.40556459822076635,0.4064901175170174,0.40528325872406545,0.392435665268075,0.39328649225947393,0.3918698173498848,0.3990475395417273,0.39996668193162505,0.39868624658041973,274.00000000298894,16.559102608581817,1.311130660735529,0.0,0.0,9175.0,13028.4,0.006680189672151116,0.006816429230534937,0.006611874273652285,6.83153984988305e-05,False,0.4652158159111684,0.46638482050764707,0.4681514413356636,0.3918698173498848,0.392435665268075,0.39328649225947393,0.012242636785775751
cod-rna,"repeat=2,fold=2",2,2,1,1,dKDB-generative-init,0.001,validation-selected,adagrad,488565,8,2,195426,48857,244282,1.0,0,a5d01c1b48181105989c9fef1c937e3fae9ed964f445a6741470db720a732883,274,120,0.001402065231852466,0,1.0,20,0.46638482050764707,0.4681514413356636,0.4652158159111684,0.4689438252555209,0.4707882844611864,0.4675516191929697,0.46638482050764707,0.4681514413356636,0.4652158159111684,0.4664180230016914,0.4681879695068558,0.4652661080344992,0.4664580282618773,0.4682211570377932,0.465320761923798,7.320775423025339e-05,6.971570212960243e-05,0.00010494601262961423,0.0017666208280165407,0.0017631287759158898,-3.4920521006509553e-06,0.002636843125522814,3.652817119220719e-05,0.39374930506965705,0.3945609563019071,0.39309442036505926,0.3924520795446492,0.3933095227622622,0.3918957791493334,0.392435665268075,0.39328649225947393,0.3918698173498848,0.3924740943066399,0.39333265150861585,0.39192339701435513,274.00000000022027,16.553035204396767,1.0303408306826227,0.0,0.0,9175.0,13028.4,4.615924914191938e-05,5.3579664470337907e-05,3.842903856488e-05,7.730210577039376e-06,False,0.4652158159111684,0.46638482050764707,0.4681514413356636,0.3918698173498848,0.392435665268075,0.39328649225947393,6.971570212960243e-05
cod-rna,"repeat=2,fold=2",2,2,2,2,dKDB-current,0.01,fixed-0.01,adagrad,488565,8,2,195426,48857,244282,1.0,0,f2bb0842e49facdde83622a48f78491067fe45d63239c29efb630e4d3ff32dc9,274,120,0.001402065231852466,20,,20,0.6931471805599454,0.6931471805599454,0.693147180559945,0.6794000379290801,0.681213400111762,0.6801804416329551,0.4787037037545404,0.48038986211871,0.47799995259426187,0.49128815049443625,0.4929514163444765,0.49077900530766333,0.4787037037545404,0.48038986211871,0.47799995259426187,0.0,0.0,0.0,0.0016861583641695765,0.0016861583641695765,0.0,0.20082353799305203,0.012561554225766491,0.4774778145016073,0.4781848456313596,0.4774718518549864,0.4055543895304577,0.40647991855050075,0.40527299406802214,0.39904521269249277,0.39996436210542297,0.3986838988017903,0.39904521269249277,0.39996436210542297,0.3986838988017903,9.298365197508343,1.7443646039075225,0.45021564923293844,0.0,0.0,9175.0,13028.4,0.0,0.0,0.0,0.0,False,0.4652158159111684,0.46638482050764707,0.4681514413356636,0.3918698173498848,0.392435665268075,0.39328649225947393,0.012238420783046378
cod-rna,"repeat=2,fold=2",2,2,2,2,dKDB-current,0.003,validation-selected,adagrad,488565,8,2,195426,48857,244282,1.0,0,f2bb0842e49facdde83622a48f78491067fe45d63239c29efb630e4d3ff32dc9,274,120,0.001402065231852466,20,,20,0.6931471805599454,0.6931471805599454,0.693147180559945,0.4862636807558317,0.48764713215716265,0.48550442522247517,0.46747383461693454,0.46921062026924015,0.4664388108563027,0.4686590901376871,0.47038223290612236,0.46767412409261483,0.46747383461693454,0.46921062026924015,0.4664388108563027,0.0,0.0,0.0,0.0017367856523056169,0.0017367856523056169,0.0,0.018436511887922502,0.0011716126368822022,0.3994664656003527,0.4002151277557958,0.3990752014395778,0.3935807067633301,0.3944637654950772,0.3931002907444026,0.393010286409856,0.3938877215797301,0.3925050052636554,0.393010286409856,0.3938877215797301,0.3925050052636554,8.476413109617512,1.6194449705341278,0.42125662940773545,0.0,0.0,9175.0,13028.4,0.0,0.0,0.0,0.0,False,0.4652158159111684,0.46638482050764707,0.4681514413356636,0.3918698173498848,0.392435665268075,0.39328649225947393,0.0010591789335765434
cod-rna,"repeat=2,fold=2",2,2,2,2,dKDB-generative-init,0.01,fixed-0.01,adagrad,488565,8,2,195426,48857,244282,1.0,0,f2bb0842e49facdde83622a48f78491067fe45d63239c29efb630e4d3ff32dc9,274,120,0.001402065231852466,0,1.0,20,0.46638482050764707,0.4681514413356636,0.4652158159111684,0.6829497949754133,0.6848005026008274,0.6838097983434727,0.46638482050764707,0.4681514413356636,0.4652158159111684,0.4913042098363595,0.49297030304465295,0.4907941848330246,0.4787073360368568,0.48039407812143936,0.47800340515404693,0.01232251552920971,0.012242636785775751,0.012787589242878539,0.0017666208280165407,0.001686742084582582,-7.987874343395873e-05,0.21664906126516376,0.024818861708989337,0.4779138424838299,0.47862981283699474,0.47790847733723313,0.40556459822076635,0.4064901175170174,0.40528325872406545,0.392435665268075,0.39328649225947393,0.3918698173498848,0.3990475395417273,0.39996668193162505,0.39868624658041973,274.00000000298894,16.559102608581817,1.311130660735529,0.0,0.0,9175.0,13028.4,0.006680189672151116,0.006816429230534937,0.006611874273652285,6.83153984988305e-05,False,0.4652158159111684,0.46638482050764707,0.4681514413356636,0.3918698173498848,0.392435665268075,0.39328649225947393,0.012242636785775751
cod-rna,"repeat=2,fold=2",2,2,2,2,dKDB-generative-init,0.001,validation-selected,adagrad,488565,8,2,195426,48857,244282,1.0,0,f2bb0842e49facdde83622a48f78491067fe45d63239c29efb630e4d3ff32dc9,274,120,0.001402065231852466,0,1.0,20,0.46638482050764707,0.4681514413356636,0.4652158159111684,0.4689438252555209,0.4707882844611864,0.4675516191929697,0.46638482050764707,0.4681514413356636,0.4652158159111684,0.4664180230016914,0.4681879695068558,0.4652661080344992,0.4664580282618773,0.4682211570377932,0.465320761923798,7.320775423025339e-05,6.971570212960243e-05,0.00010494601262961423,0.0017666208280165407,0.0017631287759158898,-3.4920521006509553e-06,0.002636843125522814,3.652817119220719e-05,0.39374930506965705,0.3945609563019071,0.39309442036505926,0.3924520795446492,0.3933095227622622,0.3918957791493334,0.392435665268075,0.39328649225947393,0.3918698173498848,0.3924740943066399,0.39333265150861585,0.39192339701435513,274.00000000022027,16.553035204396767,1.0303408306826227,0.0,0.0,9175.0,13028.4,4.615924914191938e-05,5.3579664470337907e-05,3.842903856488e-05,7.730210577039376e-06,False,0.4652158159111684,0.46638482050764707,0.4681514413356636,0.3918698173498848,0.392435665268075,0.39328649225947393,6.971570212960243e-05
cod-rna,"repeat=2,fold=2",2,2,3,3,dKDB-current,0.01,fixed-0.01,adagrad,488565,8,2,195426,48857,244282,1.0,0,942e5887af2fabd218d0312be47fc7d5a3054454d07ab12495864c25cdf73f07,274,120,0.001402065231852466,20,,20,0.6931471805599454,0.6931471805599454,0.693147180559945,0.6794000379290801,0.681213400111762,0.6801804416329551,0.4787037037545404,0.48038986211871,0.47799995259426187,0.49128815049443625,0.4929514163444765,0.49077900530766333,0.4787037037545404,0.48038986211871,0.47799995259426187,0.0,0.0,0.0,0.0016861583641695765,0.0016861583641695765,0.0,0.20082353799305203,0.012561554225766491,0.4774778145016073,0.4781848456313596,0.4774718518549864,0.4055543895304577,0.40647991855050075,0.40527299406802214,0.39904521269249277,0.39996436210542297,0.3986838988017903,0.39904521269249277,0.39996436210542297,0.3986838988017903,9.298365197508343,1.7443646039075225,0.45021564923293844,0.0,0.0,9175.0,13028.4,0.0,0.0,0.0,0.0,False,0.4652158159111684,0.46638482050764707,0.4681514413356636,0.3918698173498848,0.392435665268075,0.39328649225947393,0.012238420783046378
cod-rna,"repeat=2,fold=2",2,2,3,3,dKDB-current,0.003,validation-selected,adagrad,488565,8,2,195426,48857,244282,1.0,0,942e5887af2fabd218d0312be47fc7d5a3054454d07ab12495864c25cdf73f07,274,120,0.001402065231852466,20,,20,0.6931471805599454,0.6931471805599454,0.693147180559945,0.4862636807558317,0.48764713215716265,0.48550442522247517,0.46747383461693454,0.46921062026924015,0.4664388108563027,0.4686590901376871,0.47038223290612236,0.46767412409261483,0.46747383461693454,0.46921062026924015,0.4664388108563027,0.0,0.0,0.0,0.0017367856523056169,0.0017367856523056169,0.0,0.018436511887922502,0.0011716126368822022,0.3994664656003527,0.4002151277557958,0.3990752014395778,0.3935807067633301,0.3944637654950772,0.3931002907444026,0.393010286409856,0.3938877215797301,0.3925050052636554,0.393010286409856,0.3938877215797301,0.3925050052636554,8.476413109617512,1.6194449705341278,0.42125662940773545,0.0,0.0,9175.0,13028.4,0.0,0.0,0.0,0.0,False,0.4652158159111684,0.46638482050764707,0.4681514413356636,0.3918698173498848,0.392435665268075,0.39328649225947393,0.0010591789335765434
cod-rna,"repeat=2,fold=2",2,2,3,3,dKDB-generative-init,0.01,fixed-0.01,adagrad,488565,8,2,195426,48857,244282,1.0,0,942e5887af2fabd218d0312be47fc7d5a3054454d07ab12495864c25cdf73f07,274,120,0.001402065231852466,0,1.0,20,0.46638482050764707,0.4681514413356636,0.4652158159111684,0.6829497949754133,0.6848005026008274,0.6838097983434727,0.46638482050764707,0.4681514413356636,0.4652158159111684,0.4913042098363595,0.49297030304465295,0.4907941848330246,0.4787073360368568,0.48039407812143936,0.47800340515404693,0.01232251552920971,0.012242636785775751,0.012787589242878539,0.0017666208280165407,0.001686742084582582,-7.987874343395873e-05,0.21664906126516376,0.024818861708989337,0.4779138424838299,0.47862981283699474,0.47790847733723313,0.40556459822076635,0.4064901175170174,0.40528325872406545,0.392435665268075,0.39328649225947393,0.3918698173498848,0.3990475395417273,0.39996668193162505,0.39868624658041973,274.00000000298894,16.559102608581817,1.311130660735529,0.0,0.0,9175.0,13028.4,0.006680189672151116,0.006816429230534937,0.006611874273652285,6.83153984988305e-05,False,0.4652158159111684,0.46638482050764707,0.4681514413356636,0.3918698173498848,0.392435665268075,0.39328649225947393,0.012242636785775751
cod-rna,"repeat=2,fold=2",2,2,3,3,dKDB-generative-init,0.001,validation-selected,adagrad,488565,8,2,195426,48857,244282,1.0,0,942e5887af2fabd218d0312be47fc7d5a3054454d07ab12495864c25cdf73f07,274,120,0.001402065231852466,0,1.0,20,0.46638482050764707,0.4681514413356636,0.4652158159111684,0.4689438252555209,0.4707882844611864,0.4675516191929697,0.46638482050764707,0.4681514413356636,0.4652158159111684,0.4664180230016914,0.4681879695068558,0.4652661080344992,0.4664580282618773,0.4682211570377932,0.465320761923798,7.320775423025339e-05,6.971570212960243e-05,0.00010494601262961423,0.0017666208280165407,0.0017631287759158898,-3.4920521006509553e-06,0.002636843125522814,3.652817119220719e-05,0.39374930506965705,0.3945609563019071,0.39309442036505926,0.3924520795446492,0.3933095227622622,0.3918957791493334,0.392435665268075,0.39328649225947393,0.3918698173498848,0.3924740943066399,0.39333265150861585,0.39192339701435513,274.00000000022027,16.553035204396767,1.0303408306826227,0.0,0.0,9175.0,13028.4,4.615924914191938e-05,5.3579664470337907e-05,3.842903856488e-05,7.730210577039376e-06,False,0.4652158159111684,0.46638482050764707,0.4681514413356636,0.3918698173498848,0.392435665268075,0.39328649225947393,6.971570212960243e-05
cod-rna,"repeat=2,fold=2",2,2,4,4,dKDB-current,0.01,fixed-0.01,adagrad,488565,8,2,195426,48857,244282,1.0,0,faf8c30045c672f51d6a375e94591ba7c26c40acd2c15d917cbabb96d7d24181,274,120,0.001402065231852466,20,,20,0.6931471805599454,0.6931471805599454,0.693147180559945,0.6794000379290801,0.681213400111762,0.6801804416329551,0.4787037037545404,0.48038986211871,0.47799995259426187,0.49128815049443625,0.4929514163444765,0.49077900530766333,0.4787037037545404,0.48038986211871,0.47799995259426187,0.0,0.0,0.0,0.0016861583641695765,0.0016861583641695765,0.0,0.20082353799305203,0.012561554225766491,0.4774778145016073,0.4781848456313596,0.4774718518549864,0.4055543895304577,0.40647991855050075,0.40527299406802214,0.39904521269249277,0.39996436210542297,0.3986838988017903,0.39904521269249277,0.39996436210542297,0.3986838988017903,9.298365197508343,1.7443646039075225,0.45021564923293844,0.0,0.0,9175.0,13028.4,0.0,0.0,0.0,0.0,False,0.4652158159111684,0.46638482050764707,0.4681514413356636,0.3918698173498848,0.392435665268075,0.39328649225947393,0.012238420783046378
cod-rna,"repeat=2,fold=2",2,2,4,4,dKDB-current,0.003,validation-selected,adagrad,488565,8,2,195426,48857,244282,1.0,0,faf8c30045c672f51d6a375e94591ba7c26c40acd2c15d917cbabb96d7d24181,274,120,0.001402065231852466,20,,20,0.6931471805599454,0.6931471805599454,0.693147180559945,0.4862636807558317,0.48764713215716265,0.48550442522247517,0.46747383461693454,0.46921062026924015,0.4664388108563027,0.4686590901376871,0.47038223290612236,0.46767412409261483,0.46747383461693454,0.46921062026924015,0.4664388108563027,0.0,0.0,0.0,0.0017367856523056169,0.0017367856523056169,0.0,0.018436511887922502,0.0011716126368822022,0.3994664656003527,0.4002151277557958,0.3990752014395778,0.3935807067633301,0.3944637654950772,0.3931002907444026,0.393010286409856,0.3938877215797301,0.3925050052636554,0.393010286409856,0.3938877215797301,0.3925050052636554,8.476413109617512,1.6194449705341278,0.42125662940773545,0.0,0.0,9175.0,13028.4,0.0,0.0,0.0,0.0,False,0.4652158159111684,0.46638482050764707,0.4681514413356636,0.3918698173498848,0.392435665268075,0.39328649225947393,0.0010591789335765434
cod-rna,"repeat=2,fold=2",2,2,4,4,dKDB-generative-init,0.01,fixed-0.01,adagrad,488565,8,2,195426,48857,244282,1.0,0,faf8c30045c672f51d6a375e94591ba7c26c40acd2c15d917cbabb96d7d24181,274,120,0.001402065231852466,0,1.0,20,0.46638482050764707,0.4681514413356636,0.4652158159111684,0.6829497949754133,0.6848005026008274,0.6838097983434727,0.46638482050764707,0.4681514413356636,0.4652158159111684,0.4913042098363595,0.49297030304465295,0.4907941848330246,0.4787073360368568,0.48039407812143936,0.47800340515404693,0.01232251552920971,0.012242636785775751,0.012787589242878539,0.0017666208280165407,0.001686742084582582,-7.987874343395873e-05,0.21664906126516376,0.024818861708989337,0.4779138424838299,0.47862981283699474,0.47790847733723313,0.40556459822076635,0.4064901175170174,0.40528325872406545,0.392435665268075,0.39328649225947393,0.3918698173498848,0.3990475395417273,0.39996668193162505,0.39868624658041973,274.00000000298894,16.559102608581817,1.311130660735529,0.0,0.0,9175.0,13028.4,0.006680189672151116,0.006816429230534937,0.006611874273652285,6.83153984988305e-05,False,0.4652158159111684,0.46638482050764707,0.4681514413356636,0.3918698173498848,0.392435665268075,0.39328649225947393,0.012242636785775751
cod-rna,"repeat=2,fold=2",2,2,4,4,dKDB-generative-init,0.001,validation-selected,adagrad,488565,8,2,195426,48857,244282,1.0,0,faf8c30045c672f51d6a375e94591ba7c26c40acd2c15d917cbabb96d7d24181,274,120,0.001402065231852466,0,1.0,20,0.46638482050764707,0.4681514413356636,0.4652158159111684,0.4689438252555209,0.4707882844611864,0.4675516191929697,0.46638482050764707,0.4681514413356636,0.4652158159111684,0.4664180230016914,0.4681879695068558,0.4652661080344992,0.4664580282618773,0.4682211570377932,0.465320761923798,7.320775423025339e-05,6.971570212960243e-05,0.00010494601262961423,0.0017666208280165407,0.0017631287759158898,-3.4920521006509553e-06,0.002636843125522814,3.652817119220719e-05,0.39374930506965705,0.3945609563019071,0.39309442036505926,0.3924520795446492,0.3933095227622622,0.3918957791493334,0.392435665268075,0.39328649225947393,0.3918698173498848,0.3924740943066399,0.39333265150861585,0.39192339701435513,274.00000000022027,16.553035204396767,1.0303408306826227,0.0,0.0,9175.0,13028.4,4.615924914191938e-05,5.3579664470337907e-05,3.842903856488e-05,7.730210577039376e-06,False,0.4652158159111684,0.46638482050764707,0.4681514413356636,0.3918698173498848,0.392435665268075,0.39328649225947393,6.971570212960243e-05
cod-rna,"repeat=2,fold=2",2,2,5,5,dKDB-current,0.01,fixed-0.01,adagrad,488565,8,2,195426,48857,244282,1.0,0,42de883fd4bfe0c1dfb839edceaa8881cc5b98bcfc9676a72bb938a3f4eb4052,274,120,0.001402065231852466,20,,20,0.6931471805599454,0.6931471805599454,0.693147180559945,0.6794000379290801,0.681213400111762,0.6801804416329551,0.4787037037545404,0.48038986211871,0.47799995259426187,0.49128815049443625,0.4929514163444765,0.49077900530766333,0.4787037037545404,0.48038986211871,0.47799995259426187,0.0,0.0,0.0,0.0016861583641695765,0.0016861583641695765,0.0,0.20082353799305203,0.012561554225766491,0.4774778145016073,0.4781848456313596,0.4774718518549864,0.4055543895304577,0.40647991855050075,0.40527299406802214,0.39904521269249277,0.39996436210542297,0.3986838988017903,0.39904521269249277,0.39996436210542297,0.3986838988017903,9.298365197508343,1.7443646039075225,0.45021564923293844,0.0,0.0,9175.0,13028.4,0.0,0.0,0.0,0.0,False,0.4652158159111684,0.46638482050764707,0.4681514413356636,0.3918698173498848,0.392435665268075,0.39328649225947393,0.012238420783046378
cod-rna,"repeat=2,fold=2",2,2,5,5,dKDB-current,0.003,validation-selected,adagrad,488565,8,2,195426,48857,244282,1.0,0,42de883fd4bfe0c1dfb839edceaa8881cc5b98bcfc9676a72bb938a3f4eb4052,274,120,0.001402065231852466,20,,20,0.6931471805599454,0.6931471805599454,0.693147180559945,0.4862636807558317,0.48764713215716265,0.48550442522247517,0.46747383461693454,0.46921062026924015,0.4664388108563027,0.4686590901376871,0.47038223290612236,0.46767412409261483,0.46747383461693454,0.46921062026924015,0.4664388108563027,0.0,0.0,0.0,0.0017367856523056169,0.0017367856523056169,0.0,0.018436511887922502,0.0011716126368822022,0.3994664656003527,0.4002151277557958,0.3990752014395778,0.3935807067633301,0.3944637654950772,0.3931002907444026,0.393010286409856,0.3938877215797301,0.3925050052636554,0.393010286409856,0.3938877215797301,0.3925050052636554,8.476413109617512,1.6194449705341278,0.42125662940773545,0.0,0.0,9175.0,13028.4,0.0,0.0,0.0,0.0,False,0.4652158159111684,0.46638482050764707,0.4681514413356636,0.3918698173498848,0.392435665268075,0.39328649225947393,0.0010591789335765434
cod-rna,"repeat=2,fold=2",2,2,5,5,dKDB-generative-init,0.01,fixed-0.01,adagrad,488565,8,2,195426,48857,244282,1.0,0,42de883fd4bfe0c1dfb839edceaa8881cc5b98bcfc9676a72bb938a3f4eb4052,274,120,0.001402065231852466,0,1.0,20,0.46638482050764707,0.4681514413356636,0.4652158159111684,0.6829497949754133,0.6848005026008274,0.6838097983434727,0.46638482050764707,0.4681514413356636,0.4652158159111684,0.4913042098363595,0.49297030304465295,0.4907941848330246,0.4787073360368568,0.48039407812143936,0.47800340515404693,0.01232251552920971,0.012242636785775751,0.012787589242878539,0.0017666208280165407,0.001686742084582582,-7.987874343395873e-05,0.21664906126516376,0.024818861708989337,0.4779138424838299,0.47862981283699474,0.47790847733723313,0.40556459822076635,0.4064901175170174,0.40528325872406545,0.392435665268075,0.39328649225947393,0.3918698173498848,0.3990475395417273,0.39996668193162505,0.39868624658041973,274.00000000298894,16.559102608581817,1.311130660735529,0.0,0.0,9175.0,13028.4,0.006680189672151116,0.006816429230534937,0.006611874273652285,6.83153984988305e-05,False,0.4652158159111684,0.46638482050764707,0.4681514413356636,0.3918698173498848,0.392435665268075,0.39328649225947393,0.012242636785775751
cod-rna,"repeat=2,fold=2",2,2,5,5,dKDB-generative-init,0.001,validation-selected,adagrad,488565,8,2,195426,48857,244282,1.0,0,42de883fd4bfe0c1dfb839edceaa8881cc5b98bcfc9676a72bb938a3f4eb4052,274,120,0.001402065231852466,0,1.0,20,0.46638482050764707,0.4681514413356636,0.4652158159111684,0.4689438252555209,0.4707882844611864,0.4675516191929697,0.46638482050764707,0.4681514413356636,0.4652158159111684,0.4664180230016914,0.4681879695068558,0.4652661080344992,0.4664580282618773,0.4682211570377932,0.465320761923798,7.320775423025339e-05,6.971570212960243e-05,0.00010494601262961423,0.0017666208280165407,0.0017631287759158898,-3.4920521006509553e-06,0.002636843125522814,3.652817119220719e-05,0.39374930506965705,0.3945609563019071,0.39309442036505926,0.3924520795446492,0.3933095227622622,0.3918957791493334,0.392435665268075,0.39328649225947393,0.3918698173498848,0.3924740943066399,0.39333265150861585,0.39192339701435513,274.00000000022027,16.553035204396767,1.0303408306826227,0.0,0.0,9175.0,13028.4,4.615924914191938e-05,5.3579664470337907e-05,3.842903856488e-05,7.730210577039376e-06,False,0.4652158159111684,0.46638482050764707,0.4681514413356636,0.3918698173498848,0.392435665268075,0.39328649225947393,6.971570212960243e-05
Localization,"repeat=1,fold=1",1,1,0,0,dKDB-current,0.01,fixed-0.01,adagrad,164860,4,11,65944,16486,82430,1.0,0,b24eb3e0b4f97bc948767862270e34a98cefdab00ee4ec5394c875d94b910736,814,4,0.012343806866432125,20,,20,2.397895272798372,2.3978952727983716,2.397895272798372,1.386270066911348,1.395907768744331,1.397706692340953,1.3278228470095919,1.3415635964599741,1.3443708129895482,1.3339556744550982,1.3466431966876127,1.3496392994273396,1.3278228470095919,1.3415635964599741,1.3443708129895482,0.0,0.0,0.0,0.013740749450382284,0.013740749450382284,0.0,0.05434417228435695,0.005079600227638537,0.6946657706152939,0.6970185536320596,0.6966049064424065,0.674666495621306,0.6772562191662064,0.6770880668422669,0.6718933052690322,0.6745046844406664,0.6743262987331026,0.6718933052690322,0.6745046844406664,0.6743262987331026,173.248837564085,7.728876016906946,0.8636798748169178,0.0,0.0,65944.0,65944.0,0.0,0.0,0.0,0.0,False,1.402065523437555,1.3825610376880364,1.3969057634150182,0.6821590802340933,0.6794201088353746,0.6822604478122442,-0.055342166955044014
Localization,"repeat=1,fold=1",1,1,0,0,dKDB-current,0.03,validation-selected,adagrad,164860,4,11,65944,16486,82430,1.0,0,b24eb3e0b4f97bc948767862270e34a98cefdab00ee4ec5394c875d94b910736,814,4,0.012343806866432125,20,,20,2.397895272798372,2.3978952727983716,2.397895272798372,1.3558160879872103,1.3671307484221469,1.3726075249855056,1.3236075445828346,1.3394223007550172,1.3421558721972544,1.3265102334671646,1.3415581795257174,1.3447211972876218,1.3236075445828346,1.3394223007550172,1.3421558721972544,0.0,0.0,0.0,0.015814756172182642,0.015814756172182642,0.0,0.027708447667129654,0.002135878770700206,0.6788209304772399,0.6812706802838594,0.6813233126730855,0.6707903745913886,0.6732705420352622,0.6732358030967274,0.6694358588149152,0.671929449014867,0.6718611754048336,0.6694358588149152,0.671929449014867,0.6718611754048336,239.57390320012172,10.515539679075566,1.3851027432176046,0.0,0.0,65944.0,65944.0,0.0,0.0,0.0,0.0,False,1.402065523437555,1.3825610376880364,1.3969057634150182,0.6821590802340933,0.6794201088353746,0.6822604478122442,-0.05748346266000093
Localization,"repeat=1,fold=1",1,1,0,0,dKDB-generative-init,0.01,fixed-0.01,adagrad,164860,4,11,65944,16486,82430,1.0,0,b24eb3e0b4f97bc948767862270e34a98cefdab00ee4ec5394c875d94b910736,814,4,0.012343806866432125,20,,20,1.3825610376880364,1.3969057634150182,1.402065523437555,1.3602608847891153,1.376956427027048,1.3825414671869567,1.3261380149127584,1.3450474848249168,1.3486795072986046,1.3304784631154498,1.3489008532746496,1.3531244538493432,1.3261380149127584,1.3450474848249168,1.3486795072986046,0.0,0.0,0.0,0.01890946991215836,0.01890946991215836,0.0,0.03190894220213125,0.00385336844973283,0.6730392495805781,0.6759273686491163,0.6755931152848098,0.6702120337253246,0.6728789567602608,0.6726968683514166,0.669485123854694,0.6721253307072272,0.671941838894563,0.669485123854694,0.6721253307072272,0.671941838894563,889.3846044803397,31.404890656899767,2.024093620509682,0.0,0.0,65944.0,65944.0,0.0,0.0,0.0,0.0,False,1.402065523437555,1.3825610376880364,1.3969057634150182,0.6821590802340933,0.6794201088353746,0.6822604478122442,-0.05185827859010139
Localization,"repeat=1,fold=1",1,1,0,0,dKDB-generative-init,0.03,validation-selected,adagrad,164860,4,11,65944,16486,82430,1.0,0,b24eb3e0b4f97bc948767862270e34a98cefdab00ee4ec5394c875d94b910736,814,4,0.012343806866432125,20,,20,1.3825610376880364,1.3969057634150182,1.402065523437555,1.3660244565363726,1.3840938815255854,1.39195121957426,1.3243370273715498,1.3445970196048853,1.3477480989797401,1.32804204993836,1.3481002385661531,1.3518687216059524,1.3243370273715498,1.3445970196048853,1.3477480989797401,0.0,0.0,0.0,0.020259992233335522,0.020259992233335522,0.0,0.03949686192070012,0.0035032189612678177,0.6729543266720791,0.6754754781318196,0.6755466708611018,0.6699716839392351,0.6724583399722408,0.6724230058105082,0.6690613663008008,0.6715567829367084,0.671487015150408,0.6690613663008008,0.6715567829367084,0.671487015150408,970.2603659115105,34.489070091941876,2.5141847708469878,0.0,0.0,65944.0,65944.0,0.0,0.0,0.0,0.0,False,1.402065523437555,1.3825610376880364,1.3969057634150182,0.6821590802340933,0.6794201088353746,0.6822604478122442,-0.05230874381013284
Localization,"repeat=1,fold=1",1,1,1,1,dKDB-current,0.01,fixed-0.01,adagrad,164860,4,11,65944,16486,82430,1.0,0,1f81fd561639db2a83073e8834083541b8242afcbbb817d2cbf99158d53a2828,13409,74,0.20333919689433458,20,,20,2.397895272798372,2.3978952727983716,2.397895272798372,1.2748414085032336,1.3005396166004486,1.3003902649984471,1.112340614507728,1.181271335880548,1.1781730423041963,1.1362456739220428,1.1927657659977065,1.1902759739880646,1.112340614507728,1.181271335880548,1.1781730423041963,0.0,0.0,0.0,0.06893072137282008,0.06893072137282008,0.0,0.11926828071990059,0.01149443011715845,0.6701956599291597,0.6742477971923678,0.6739532597339273,0.6276283864409673,0.6355899346459226,0.6347492644359904,0.6192704029497674,0.6284595609357683,0.6275715186747481,0.6192704029497674,0.6284595609357683,0.6275715186747481,2079.7942690349905,24.14618228111979,1.246607466601223,0.0,0.0,2099.0,3564.5405405405404,0.0,0.0,0.0,0.0,False,1.232923465437231,1.1257171295270452,1.2375509603760217,0.6223602661480125,0.6108732890603953,0.6229744028830552,-0.056279624495473746
Localization,"repeat=1,fold=1",1,1,1,1,dKDB-current,0.03,validation-selected,adagrad,164860,4,11,65944,16486,82430,1.0,0,1f81fd561639db2a83073e8834083541b8242afcbbb817d2cbf99158d53a2828,13409,74,0.20333919689433458,6,7.0,20,2.397895272798372,2.3978952727983716,2.397895272798372,1.1652012006046573,1.2147447070019584,1.2162045639997079,1.0952911263102192,1.1808244489918105,1.1790732963534023,1.0853620771133605,1.1822342810722684,1.1795954626835035,1.0763777868519728,1.188893977679466,1.1850999200480168,-0.01891333945824636,0.008069528687655536,0.006026623694614486,0.0855333226815913,0.1125161908274932,0.026982868145901895,0.03392025801014786,0.0014098320804578623,0.63348212267788,0.6407062872634871,0.6404277000448964,0.6084782572906223,0.6200429386946443,0.6193633326527661,0.6122611668261511,0.6229851988254932,0.6223485950879117,0.6046694357533885,0.6172348978841893,0.6165216875660794,3852.6382325619606,44.073875361827504,1.6482832028945253,0.0,0.0,2099.0,3564.5405405405404,-0.00575030094130391,-0.005826907521832347,-0.007591731072762564,0.0018414301314586545,True,1.232923465437231,1.1257171295270452,1.2375509603760217,0.6223602661480125,0.6108732890603953,0.6229744028830552,-0.04865698269655572
Localization,"repeat=1,fold=1",1,1,1,1,dKDB-generative-init,0.01,fixed-0.01,adagrad,164860,4,11,65944,16486,82430,1.0,0,1f81fd561639db2a83073e8834083541b8242afcbbb817d2cbf99158d53a2828,13409,74,0.20333919689433458,8,9.0,20,1.1257171295270452,1.2375509603760217,1.232923465437231,1.113418057050125,1.2398280777496318,1.2339275468113842,1.0875550820182414,1.2292566880983427,1.2208205346593661,1.0853383594696908,1.229335532499668,1.2206118706962985,1.0793566069533025,1.2312963747040127,1.2216690986470404,-0.00819847506493887,0.002039686605669999,0.0008485639876743001,0.1417016060801013,0.15193976775071016,0.01023816167060887,0.01057138965128912,7.884440132532866e-05,0.6058991519335309,0.6186239675863429,0.6176329547385518,0.6030639047623974,0.6165984775792136,0.6154960164694218,0.6033264501449723,0.616782775377949,0.6156775849106998,0.6022973616718957,0.616065376336305,0.6149857478172431,14744.100608799821,128.17002398717958,1.8607116921426434,0.0,0.0,2099.0,3564.5405405405404,-0.000717399041644029,-0.0006918370934566598,-0.0010290884730765892,0.0003116894314325602,True,1.232923465437231,1.1257171295270452,1.2375509603760217,0.6223602661480125,0.6108732890603953,0.6229744028830552,-0.006254585672009094
Localization,"repeat=1,fold=1",1,1,1,1,dKDB-generative-init,0.003,validation-selected,adagrad,164860,4,11,65944,16486,82430,1.0,0,1f81fd561639db2a83073e8834083541b8242afcbbb817d2cbf99158d53a2828,13409,74,0.20333919689433458,20,,20,1.1257171295270452,1.2375509603760217,1.232923465437231,1.118728183805707,1.2358095315535744,1.2302578128336423,1.095970674196427,1.2245866450914131,1.216554824494484,1.10196806331785,1.226687392429692,1.2193164354171853,1.095970674196427,1.2245866450914131,1.216554824494484,0.0,0.0,0.0,0.1286159708949861,0.1286159708949861,0.0,0.011222886462161297,0.0021007473382788078,0.607434627230083,0.6197305420891066,0.6188294632233015,0.6066368810636199,0.6194411802963031,0.6183481540230921,0.6059002673490491,0.6188642605488902,0.6177364418289852,0.6059002673490491,0.6188642605488902,0.6177364418289852,13907.44407078824,120.25127423604799,1.44033841583923,0.0,0.0,2099.0,3564.5405405405404,0.0,0.0,0.0,0.0,False,1.232923465437231,1.1257171295270452,1.2375509603760217,0.6223602661480125,0.6108732890603953,0.6229744028830552,-0.012964315284608618
Localization,"repeat=1,fold=1",1,1,2,2,dKDB-current,0.01,fixed-0.01,adagrad,164860,4,11,65944,16486,82430,1.0,0,2e80984a2d1f88f6edb05b7b73b84f517fafdae7c05f4c6a19a1e8be4af3c73f,148159,1019,2.246739657891544,20,,20,2.397895272798372,2.3978952727983716,2.397895272798372,1.287515286750443,1.3340927822184598,1.335360303768032,0.9651931496931955,1.1355423158382074,1.129615834047044,1.030103513266925,1.161237648064687,1.157346529643873,0.9651931496931955,1.1355423158382074,1.129615834047044,0.0,0.0,0.0,0.17034916614501194,0.17034916614501194,0.0,0.19855046638025242,0.025695332226479684,0.6754343153722576,0.6823608414365072,0.682947868620844,0.6015874596195516,0.6222983585802745,0.6219207193696481,0.5820192244231703,0.6091156261866026,0.6083498771136511,0.5820192244231703,0.6091156261866026,0.6083498771136511,10717.077607082256,46.84080023482249,0.9290330091259249,0.00010918354967851511,0.0,72.0,258.8577036310108,0.0,0.0,0.0,0.0,False,1.200257892260127,0.807048168678749,1.2165368768026144,0.5804527146297065,0.5212465444575368,0.5820556533876672,-0.08099456096440694
Localization,"repeat=1,fold=1",1,1,2,2,dKDB-current,0.03,validation-selected,adagrad,164860,4,11,65944,16486,82430,1.0,0,2e80984a2d1f88f6edb05b7b73b84f517fafdae7c05f4c6a19a1e8be4af3c73f,148159,1019,2.246739657891544,6,7.0,20,2.397895272798372,2.3978952727983716,2.397895272798372,1.0823916763727237,1.1928784930850889,1.1923705481290905,0.9020733477913349,1.128923834518393,1.1215411343433894,0.8662377065083341,1.1340571610146712,1.1248491912440282,0.8283263322001576,1.1559444106356582,1.1444389847186203,-0.07374701559117725,0.02702057611726527,0.022897850375230844,0.2268504867270581,0.3276180784355006,0.10076759170844252,0.06395465856669591,0.00513332649627829,0.6144429199817371,0.6316077931337106,0.6320442680233936,0.5495511142992049,0.591703732258586,0.590620038708389,0.5615747724849757,0.5976314865333944,0.5967453660153749,0.5358954795067755,0.5861267738881732,0.5848732805292619,23773.24277681199,101.28421419167891,1.7026272224013461,0.00010918354967851511,0.0,72.0,258.8577036310108,-0.011504712645221127,-0.01187208548611296,-0.025679292978200152,0.014174580332979025,True,1.200257892260127,0.807048168678749,1.2165368768026144,0.5804527146297065,0.5212465444575368,0.5820556533876672,-0.06059246616695613
Localization,"repeat=1,fold=1",1,1,2,2,dKDB-generative-init,0.01,fixed-0.01,adagrad,164860,4,11,65944,16486,82430,1.0,0,2e80984a2d1f88f6edb05b7b73b84f517fafdae7c05f4c6a19a1e8be4af3c73f,148159,1019,2.246739657891544,0,1.0,20,0.807048168678749,1.2165368768026144,1.200257892260127,0.8077065027020011,1.2459142385315836,1.2295197398757192,0.807048168678749,1.2165368768026144,1.200257892260127,0.7933169259342732,1.284532957563892,1.264930410022224,0.7881710230537394,1.3057870023820255,1.2849315614334826,-0.018877145625009528,0.08925012557941114,0.08467366917335561,0.4094887081238654,0.5176159793282861,0.10812727120442067,0.02937736172896921,0.06799608076127761,0.5194856331911677,0.5810539046147456,0.5796950126941299,0.5172578428709984,0.581390328200064,0.5798148035519481,0.5212465444575368,0.5820556533876672,0.5804527146297065,0.5162599199092326,0.5813529778804767,0.5797479084932695,156330.4930294408,407.5744269451675,1.9279763927086118,0.00010918354967851511,36.0,72.0,258.8577036310108,-0.0007026755071904978,-0.0007048061364369751,-0.00498662454830423,0.004283949041113733,True,1.200257892260127,0.807048168678749,1.2165368768026144,0.5804527146297065,0.5212465444575368,0.5820556533876672,0.08925012557941114
Localization,"repeat=1,fold=1",1,1,2,2,dKDB-generative-init,0.001,validation-selected,adagrad,164860,4,11,65944,16486,82430,1.0,0,2e80984a2d1f88f6edb05b7b73b84f517fafdae7c05f4c6a19a1e8be4af3c73f,148159,1019,2.246739657891544,0,1.0,20,0.807048168678749,1.2165368768026144,1.200257892260127,0.8069586618129969,1.2193521947349248,1.202967841600359,0.807048168678749,1.2165368768026144,1.200257892260127,0.8046155022291281,1.2241287479857628,1.2073271064159676,0.8035258971015781,1.2271700770141862,1.2101526971203287,-0.003522271577170888,0.01063320021157188,0.009894804860201667,0.4094887081238654,0.42364417991260817,0.014155471788742768,0.0028153179323104904,0.007591871183148413,0.5204400259925779,0.5811387797433626,0.5795194475980684,0.5206336180695144,0.5819473602083193,0.580319233164598,0.5212465444575368,0.5820556533876672,0.5804527146297065,0.5206036050435194,0.5821761755518072,0.5805476698132038,149252.05840837074,387.7822892461536,1.139657255198759,0.00010918354967851511,36.0,72.0,258.8577036310108,0.00012052216414004668,9.495518349733612e-05,-0.000642939414017385,0.0007634615781574317,True,1.200257892260127,0.807048168678749,1.2165368768026144,0.5804527146297065,0.5212465444575368,0.5820556533876672,0.01063320021157188
Localization,"repeat=1,fold=1",1,1,3,3,dKDB-current,0.01,fixed-0.01,adagrad,164860,4,11,65944,16486,82430,1.0,0,3ed21bdaccfb2e8924ce3b8bf8aed9d50e78725c73fd3c8341cab0b0ecb966e6,482977,6092,7.324047676816693,20,,20,2.397895272798372,2.3978952727983716,2.397895272798372,1.3216802442494258,1.37271666825893,1.37409249221638,0.9643078326493058,1.165373779492949,1.1600491381828355,1.0433818132013475,1.1958738423672877,1.192458405926668,0.9643078326493058,1.165373779492949,1.1600491381828355,0.0,0.0,0.0,0.20106594684364332,0.20106594684364332,0.0,0.20734288876598095,0.030500062874338596,0.6855087168473862,0.6931884190263553,0.6938054902327999,0.6077679496942789,0.632486670573997,0.6323705188061506,0.5841833106497051,0.6172623890353274,0.6168686025808856,0.5841833106497051,0.6172623890353274,0.6168686025808856,20008.074072362855,58.14397744585121,0.8878913647394931,0.0052681062719883535,0.0,5.0,43.29875246224557,0.0,0.0,0.0,0.0,False,1.2218857621239216,0.6990273944688093,1.2380872378315642,0.5726914539642979,0.4854722178972657,0.5743139616370212,-0.07271345833861509
Localization,"repeat=1,fold=1",1,1,3,3,dKDB-current,0.03,validation-selected,adagrad,164860,4,11,65944,16486,82430,1.0,0,3ed21bdaccfb2e8924ce3b8bf8aed9d50e78725c73fd3c8341cab0b0ecb966e6,482977,6092,7.324047676816693,7,8.0,20,2.397895272798372,2.3978952727983716,2.397895272798372,1.1094467853271528,1.2336210671675796,1.2338654214192755,0.867594226377624,1.1523928507362207,1.1450397803306056,0.832811942787756,1.1547058843767983,1.1459553449371762,0.7754814298264565,1.1744383985011615,1.1630513558565112,-0.09211279655116744,0.02204554776494083,0.0180115755259056,0.2847986243585967,0.398956968674705,0.11415834431610827,0.08122821643135891,0.0023130336405776664,0.6243598728213723,0.6440710758048216,0.6447544913173683,0.5416476077567726,0.5952799040477331,0.5946414174634319,0.5533212489166185,0.6007228898596425,0.6002087830414745,0.5211067403194011,0.5870646368712541,0.5862531116951298,47423.2254925969,134.18522388576756,1.9720636642652905,0.0052681062719883535,0.0,5.0,43.29875246224557,-0.013658252988388409,-0.013955671346344678,-0.03221450859721742,0.01855625560882901,True,1.2218857621239216,0.6990273944688093,1.2380872378315642,0.5726914539642979,0.4854722178972657,0.5743139616370212,-0.06364883933040266
Localization,"repeat=1,fold=1",1,1,3,3,dKDB-generative-init,0.01,fixed-0.01,adagrad,164860,4,11,65944,16486,82430,1.0,0,3ed21bdaccfb2e8924ce3b8bf8aed9d50e78725c73fd3c8341cab0b0ecb966e6,482977,6092,7.324047676816693,0,1.0,20,0.6990273944688093,1.2380872378315642,1.2218857621239216,0.7006871998086779,1.2721493556612338,1.2554658758146187,0.6990273944688093,1.2380872378315642,1.2218857621239216,0.6880060963364094,1.3265226413258964,1.3056144236340999,0.6837379310824334,1.35534071711811,1.3326534138652082,-0.015289463386375934,0.11725347928654584,0.11076765174128655,0.5390598433627548,0.6716027860356766,0.13254294267292177,0.034062117829669614,0.08843540349433221,0.48546454277372436,0.5752098589062404,0.5737371864421983,0.48330457829061513,0.5761256363981558,0.5744661511830497,0.4854722178972657,0.5743139616370212,0.5726914539642979,0.482429330514802,0.5762599395802079,0.5745814731940012,499848.88709704624,721.0479039327274,1.9940239461561193,0.0052681062719883535,1737.0,5.0,43.29875246224557,0.0019459779431867386,0.0018900192297033325,-0.003042887382463666,0.0049888653256504045,True,1.2218857621239216,0.6990273944688093,1.2380872378315642,0.5726914539642979,0.4854722178972657,0.5743139616370212,0.11725347928654584
Localization,"repeat=1,fold=1",1,1,3,3,dKDB-generative-init,0.001,validation-selected,adagrad,164860,4,11,65944,16486,82430,1.0,0,3ed21bdaccfb2e8924ce3b8bf8aed9d50e78725c73fd3c8341cab0b0ecb966e6,482977,6092,7.324047676816693,0,1.0,20,0.6990273944688093,1.2380872378315642,1.2218857621239216,0.6992593776068173,1.2416999448423074,1.2253053198046477,0.6990273944688093,1.2380872378315642,1.2218857621239216,0.6969027633421003,1.2483353017183265,1.231444299665448,0.6959142265552578,1.252615724754837,1.2354384208086193,-0.00311316791355154,0.01452848692327291,0.013552658684697683,0.5390598433627548,0.5567014981995793,0.01764165483682445,0.0036127070107432324,0.01024806388676236,0.48515639329436144,0.5739069365813954,0.5722675398867559,0.4855019546114269,0.5751582103716864,0.5735025422623967,0.4854722178972657,0.5743139616370212,0.5726914539642979,0.4855668996308437,0.5755929774538058,0.5739305742763601,485206.1880084826,698.2069404291384,1.1878019500378292,0.0052681062719883535,1737.0,5.0,43.29875246224557,0.0012790158167845789,0.0012391203120621919,9.468173357801701e-05,0.0011843340832065619,True,1.2218857621239216,0.6990273944688093,1.2380872378315642,0.5726914539642979,0.4854722178972657,0.5743139616370212,0.01452848692327291
Localization,"repeat=1,fold=1",1,1,4,3,dKDB-current,0.01,fixed-0.01,adagrad,164860,4,11,65944,16486,82430,1.0,0,3ed21bdaccfb2e8924ce3b8bf8aed9d50e78725c73fd3c8341cab0b0ecb966e6,482977,6092,7.324047676816693,20,,20,2.397895272798372,2.3978952727983716,2.397895272798372,1.3216802442494258,1.37271666825893,1.37409249221638,0.9643078326493058,1.165373779492949,1.1600491381828355,1.0433818132013475,1.1958738423672877,1.192458405926668,0.9643078326493058,1.165373779492949,1.1600491381828355,0.0,0.0,0.0,0.20106594684364332,0.20106594684364332,0.0,0.20734288876598095,0.030500062874338596,0.6855087168473862,0.6931884190263553,0.6938054902327999,0.6077679496942789,0.632486670573997,0.6323705188061506,0.5841833106497051,0.6172623890353274,0.6168686025808856,0.5841833106497051,0.6172623890353274,0.6168686025808856,20008.074072362855,58.14397744585121,0.8878913647394931,0.0052681062719883535,0.0,5.0,43.29875246224557,0.0,0.0,0.0,0.0,False,1.2218857621239216,0.6990273944688093,1.2380872378315642,0.5726914539642979,0.4854722178972657,0.5743139616370212,-0.07271345833861509
Localization,"repeat=1,fold=1",1,1,4,3,dKDB-current,0.03,validation-selected,adagrad,164860,4,11,65944,16486,82430,1.0,0,3ed21bdaccfb2e8924ce3b8bf8aed9d50e78725c73fd3c8341cab0b0ecb966e6,482977,6092,7.324047676816693,7,8.0,20,2.397895272798372,2.3978952727983716,2.397895272798372,1.1094467853271528,1.2336210671675796,1.2338654214192755,0.867594226377624,1.1523928507362207,1.1450397803306056,0.832811942787756,1.1547058843767983,1.1459553449371762,0.7754814298264565,1.1744383985011615,1.1630513558565112,-0.09211279655116744,0.02204554776494083,0.0180115755259056,0.2847986243585967,0.398956968674705,0.11415834431610827,0.08122821643135891,0.0023130336405776664,0.6243598728213723,0.6440710758048216,0.6447544913173683,0.5416476077567726,0.5952799040477331,0.5946414174634319,0.5533212489166185,0.6007228898596425,0.6002087830414745,0.5211067403194011,0.5870646368712541,0.5862531116951298,47423.2254925969,134.18522388576756,1.9720636642652905,0.0052681062719883535,0.0,5.0,43.29875246224557,-0.013658252988388409,-0.013955671346344678,-0.03221450859721742,0.01855625560882901,True,1.2218857621239216,0.6990273944688093,1.2380872378315642,0.5726914539642979,0.4854722178972657,0.5743139616370212,-0.06364883933040266
Localization,"repeat=1,fold=1",1,1,4,3,dKDB-generative-init,0.01,fixed-0.01,adagrad,164860,4,11,65944,16486,82430,1.0,0,3ed21bdaccfb2e8924ce3b8bf8aed9d50e78725c73fd3c8341cab0b0ecb966e6,482977,6092,7.324047676816693,0,1.0,20,0.6990273944688093,1.2380872378315642,1.2218857621239216,0.7006871998086779,1.2721493556612338,1.2554658758146187,0.6990273944688093,1.2380872378315642,1.2218857621239216,0.6880060963364094,1.3265226413258964,1.3056144236340999,0.6837379310824334,1.35534071711811,1.3326534138652082,-0.015289463386375934,0.11725347928654584,0.11076765174128655,0.5390598433627548,0.6716027860356766,0.13254294267292177,0.034062117829669614,0.08843540349433221,0.48546454277372436,0.5752098589062404,0.5737371864421983,0.48330457829061513,0.5761256363981558,0.5744661511830497,0.4854722178972657,0.5743139616370212,0.5726914539642979,0.482429330514802,0.5762599395802079,0.5745814731940012,499848.88709704624,721.0479039327274,1.9940239461561193,0.0052681062719883535,1737.0,5.0,43.29875246224557,0.0019459779431867386,0.0018900192297033325,-0.003042887382463666,0.0049888653256504045,True,1.2218857621239216,0.6990273944688093,1.2380872378315642,0.5726914539642979,0.4854722178972657,0.5743139616370212,0.11725347928654584
Localization,"repeat=1,fold=1",1,1,4,3,dKDB-generative-init,0.001,validation-selected,adagrad,164860,4,11,65944,16486,82430,1.0,0,3ed21bdaccfb2e8924ce3b8bf8aed9d50e78725c73fd3c8341cab0b0ecb966e6,482977,6092,7.324047676816693,0,1.0,20,0.6990273944688093,1.2380872378315642,1.2218857621239216,0.6992593776068173,1.2416999448423074,1.2253053198046477,0.6990273944688093,1.2380872378315642,1.2218857621239216,0.6969027633421003,1.2483353017183265,1.231444299665448,0.6959142265552578,1.252615724754837,1.2354384208086193,-0.00311316791355154,0.01452848692327291,0.013552658684697683,0.5390598433627548,0.5567014981995793,0.01764165483682445,0.0036127070107432324,0.01024806388676236,0.48515639329436144,0.5739069365813954,0.5722675398867559,0.4855019546114269,0.5751582103716864,0.5735025422623967,0.4854722178972657,0.5743139616370212,0.5726914539642979,0.4855668996308437,0.5755929774538058,0.5739305742763601,485206.1880084826,698.2069404291384,1.1878019500378292,0.0052681062719883535,1737.0,5.0,43.29875246224557,0.0012790158167845789,0.0012391203120621919,9.468173357801701e-05,0.0011843340832065619,True,1.2218857621239216,0.6990273944688093,1.2380872378315642,0.5726914539642979,0.4854722178972657,0.5743139616370212,0.01452848692327291
Localization,"repeat=1,fold=1",1,1,5,3,dKDB-current,0.01,fixed-0.01,adagrad,164860,4,11,65944,16486,82430,1.0,0,3ed21bdaccfb2e8924ce3b8bf8aed9d50e78725c73fd3c8341cab0b0ecb966e6,482977,6092,7.324047676816693,20,,20,2.397895272798372,2.3978952727983716,2.397895272798372,1.3216802442494258,1.37271666825893,1.37409249221638,0.9643078326493058,1.165373779492949,1.1600491381828355,1.0433818132013475,1.1958738423672877,1.192458405926668,0.9643078326493058,1.165373779492949,1.1600491381828355,0.0,0.0,0.0,0.20106594684364332,0.20106594684364332,0.0,0.20734288876598095,0.030500062874338596,0.6855087168473862,0.6931884190263553,0.6938054902327999,0.6077679496942789,0.632486670573997,0.6323705188061506,0.5841833106497051,0.6172623890353274,0.6168686025808856,0.5841833106497051,0.6172623890353274,0.6168686025808856,20008.074072362855,58.14397744585121,0.8878913647394931,0.0052681062719883535,0.0,5.0,43.29875246224557,0.0,0.0,0.0,0.0,False,1.2218857621239216,0.6990273944688093,1.2380872378315642,0.5726914539642979,0.4854722178972657,0.5743139616370212,-0.07271345833861509
Localization,"repeat=1,fold=1",1,1,5,3,dKDB-current,0.03,validation-selected,adagrad,164860,4,11,65944,16486,82430,1.0,0,3ed21bdaccfb2e8924ce3b8bf8aed9d50e78725c73fd3c8341cab0b0ecb966e6,482977,6092,7.324047676816693,7,8.0,20,2.397895272798372,2.3978952727983716,2.397895272798372,1.1094467853271528,1.2336210671675796,1.2338654214192755,0.867594226377624,1.1523928507362207,1.1450397803306056,0.832811942787756,1.1547058843767983,1.1459553449371762,0.7754814298264565,1.1744383985011615,1.1630513558565112,-0.09211279655116744,0.02204554776494083,0.0180115755259056,0.2847986243585967,0.398956968674705,0.11415834431610827,0.08122821643135891,0.0023130336405776664,0.6243598728213723,0.6440710758048216,0.6447544913173683,0.5416476077567726,0.5952799040477331,0.5946414174634319,0.5533212489166185,0.6007228898596425,0.6002087830414745,0.5211067403194011,0.5870646368712541,0.5862531116951298,47423.2254925969,134.18522388576756,1.9720636642652905,0.0052681062719883535,0.0,5.0,43.29875246224557,-0.013658252988388409,-0.013955671346344678,-0.03221450859721742,0.01855625560882901,True,1.2218857621239216,0.6990273944688093,1.2380872378315642,0.5726914539642979,0.4854722178972657,0.5743139616370212,-0.06364883933040266
Localization,"repeat=1,fold=1",1,1,5,3,dKDB-generative-init,0.01,fixed-0.01,adagrad,164860,4,11,65944,16486,82430,1.0,0,3ed21bdaccfb2e8924ce3b8bf8aed9d50e78725c73fd3c8341cab0b0ecb966e6,482977,6092,7.324047676816693,0,1.0,20,0.6990273944688093,1.2380872378315642,1.2218857621239216,0.7006871998086779,1.2721493556612338,1.2554658758146187,0.6990273944688093,1.2380872378315642,1.2218857621239216,0.6880060963364094,1.3265226413258964,1.3056144236340999,0.6837379310824334,1.35534071711811,1.3326534138652082,-0.015289463386375934,0.11725347928654584,0.11076765174128655,0.5390598433627548,0.6716027860356766,0.13254294267292177,0.034062117829669614,0.08843540349433221,0.48546454277372436,0.5752098589062404,0.5737371864421983,0.48330457829061513,0.5761256363981558,0.5744661511830497,0.4854722178972657,0.5743139616370212,0.5726914539642979,0.482429330514802,0.5762599395802079,0.5745814731940012,499848.88709704624,721.0479039327274,1.9940239461561193,0.0052681062719883535,1737.0,5.0,43.29875246224557,0.0019459779431867386,0.0018900192297033325,-0.003042887382463666,0.0049888653256504045,True,1.2218857621239216,0.6990273944688093,1.2380872378315642,0.5726914539642979,0.4854722178972657,0.5743139616370212,0.11725347928654584
Localization,"repeat=1,fold=1",1,1,5,3,dKDB-generative-init,0.001,validation-selected,adagrad,164860,4,11,65944,16486,82430,1.0,0,3ed21bdaccfb2e8924ce3b8bf8aed9d50e78725c73fd3c8341cab0b0ecb966e6,482977,6092,7.324047676816693,0,1.0,20,0.6990273944688093,1.2380872378315642,1.2218857621239216,0.6992593776068173,1.2416999448423074,1.2253053198046477,0.6990273944688093,1.2380872378315642,1.2218857621239216,0.6969027633421003,1.2483353017183265,1.231444299665448,0.6959142265552578,1.252615724754837,1.2354384208086193,-0.00311316791355154,0.01452848692327291,0.013552658684697683,0.5390598433627548,0.5567014981995793,0.01764165483682445,0.0036127070107432324,0.01024806388676236,0.48515639329436144,0.5739069365813954,0.5722675398867559,0.4855019546114269,0.5751582103716864,0.5735025422623967,0.4854722178972657,0.5743139616370212,0.5726914539642979,0.4855668996308437,0.5755929774538058,0.5739305742763601,485206.1880084826,698.2069404291384,1.1878019500378292,0.0052681062719883535,1737.0,5.0,43.29875246224557,0.0012790158167845789,0.0012391203120621919,9.468173357801701e-05,0.0011843340832065619,True,1.2218857621239216,0.6990273944688093,1.2380872378315642,0.5726914539642979,0.4854722178972657,0.5743139616370212,0.01452848692327291
Localization,"repeat=1,fold=2",1,2,0,0,dKDB-current,0.01,fixed-0.01,adagrad,164860,4,11,65944,16486,82430,1.0,0,b24eb3e0b4f97bc948767862270e34a98cefdab00ee4ec5394c875d94b910736,803,4,0.012176998665534393,20,,20,2.397895272798372,2.3978952727983716,2.397895272798372,1.3873845380332634,1.3924823707536358,1.3944764166722596,1.3285433575664172,1.3380724145503733,1.3411505497887821,1.3348652058342831,1.343284989934642,1.3462089343573875,1.3285433575664172,1.3380724145503733,1.3411505497887821,0.0,0.0,0.0,0.009529056983956119,0.009529056983956119,0.0,0.0544099562032625,0.0052125753842686695,0.6948803399198517,0.6953694109167705,0.6958838708530316,0.6750366050916689,0.6758438764423923,0.6764180785219606,0.6721515725759278,0.673113041752823,0.6736751367310118,0.6721515725759278,0.673113041752823,0.6736751367310118,170.97661952783446,7.734253722576265,0.8847691604864617,0.0,0.0,65944.0,65944.0,0.0,0.0,0.0,0.0,False,1.3949515749094845,1.3825339570546773,1.3903546120513088,0.6812834025908213,0.6801886278317205,0.6804006536088788,-0.052282197500935546
Localization,"repeat=1,fold=2",1,2,0,0,dKDB-current,0.03,validation-selected,adagrad,164860,4,11,65944,16486,82430,1.0,0,b24eb3e0b4f97bc948767862270e34a98cefdab00ee4ec5394c875d94b910736,803,4,0.012176998665534393,20,,20,2.397895272798372,2.3978952727983716,2.397895272798372,1.3552204068223077,1.3647220776617517,1.3658271740665762,1.3235736460990362,1.3355774167009828,1.3387917996855179,1.3264937157016972,1.338180624432077,1.3410597903638575,1.3235736460990362,1.3355774167009828,1.3387917996855179,0.0,0.0,0.0,0.012003770601946684,0.012003770601946684,0.0,0.029144660960768842,0.002603207731094237,0.6790366284456373,0.6799458374324716,0.6803304459901244,0.6706083072407775,0.6717901073587764,0.6723215522337884,0.6692374571532389,0.6704718813378696,0.670995441852331,0.6692374571532389,0.6704718813378696,0.670995441852331,238.46598348194937,10.603297260873958,1.4185536139011556,0.0,0.0,65944.0,65944.0,0.0,0.0,0.0,0.0,False,1.3949515749094845,1.3825339570546773,1.3903546120513088,0.6812834025908213,0.6801886278317205,0.6804006536088788,-0.05477719535032599
Localization,"repeat=1,fold=2",1,2,0,0,dKDB-generative-init,0.01,fixed-0.01,adagrad,164860,4,11,65944,16486,82430,1.0,0,b24eb3e0b4f97bc948767862270e34a98cefdab00ee4ec5394c875d94b910736,803,4,0.012176998665534393,20,,20,1.3825339570546773,1.3903546120513088,1.3949515749094845,1.3612880169781072,1.373022539545669,1.376591937816648,1.3270135712460591,1.340860520118378,1.3438090361894148,1.3316143548786434,1.3452236918771194,1.3479662704115778,1.3270135712460591,1.340860520118378,1.3438090361894148,0.0,0.0,0.0,0.013846948872318965,0.013846948872318965,0.0,0.03216201942729091,0.0043631717587413466,0.6733266962022845,0.6737855653937458,0.6748141079708962,0.6704564945349164,0.6714613770919873,0.6721009817554096,0.6696330679833113,0.670749874994792,0.6713297009787784,0.6696330679833113,0.670749874994792,0.6713297009787784,879.2266296533026,31.28146294085203,1.9977053781381091,0.0,0.0,65944.0,65944.0,0.0,0.0,0.0,0.0,False,1.3949515749094845,1.3825339570546773,1.3903546120513088,0.6812834025908213,0.6801886278317205,0.6804006536088788,-0.04949409193293075
Localization,"repeat=1,fold=2",1,2,0,0,dKDB-generative-init,0.03,validation-selected,adagrad,164860,4,11,65944,16486,82430,1.0,0,b24eb3e0b4f97bc948767862270e34a98cefdab00ee4ec5394c875d94b910736,803,4,0.012176998665534393,20,,20,1.3825339570546773,1.3903546120513088,1.3949515749094845,1.366665465331884,1.3826811686693765,1.383552845475952,1.3244276084408653,1.3392112273674102,1.3428895940491068,1.3282091141409376,1.3433513473290313,1.3464531941945437,1.3244276084408653,1.3392112273674102,1.3428895940491068,0.0,0.0,0.0,0.014783618926544895,0.014783618926544895,0.0,0.04346994130196635,0.004140119961621114,0.6728534588259182,0.6739916859175845,0.6745124354268954,0.6697424256585789,0.6709773656017586,0.6715192283752147,0.6688525695539872,0.6701043775724542,0.6706365853149256,0.6688525695539872,0.6701043775724542,0.6706365853149256,956.8625788638712,34.28481568030057,2.446510967622917,0.0,0.0,65944.0,65944.0,0.0,0.0,0.0,0.0,False,1.3949515749094845,1.3825339570546773,1.3903546120513088,0.6812834025908213,0.6801886278317205,0.6804006536088788,-0.051143384683898674
Localization,"repeat=1,fold=2",1,2,1,1,dKDB-current,0.01,fixed-0.01,adagrad,164860,4,11,65944,16486,82430,1.0,0,3f9f37870da65e947a18bf072dd5ca33a9703427bf8638c6baa5c02eb65757c9,13211,75,0.20033664927817543,20,,20,2.397895272798372,2.3978952727983716,2.397895272798372,1.2673666638299037,1.2874020716076928,1.292132786347223,1.1037259596627322,1.1653108824206606,1.1736936283566493,1.1278439574520218,1.1772233162093562,1.1849468968845651,1.1037259596627322,1.1653108824206606,1.1736936283566493,0.0,0.0,0.0,0.06158492275792837,0.06158492275792837,0.0,0.12209118918703221,0.011912433788695553,0.6679087657189924,0.6701685793323918,0.6712268206460515,0.6244995243672048,0.6306865371454575,0.6321766375055333,0.6159022277489963,0.6235141595260393,0.62507397623334,0.6159022277489963,0.6235141595260393,0.62507397623334,2019.4473574063977,23.82783802878729,1.37685829895136,0.0,0.0,2133.0,3517.0133333333333,0.0,0.0,0.0,0.0,False,1.2286709815890113,1.117603838749438,1.2191772101860239,0.6199861679139205,0.608047021687466,0.6186556129538949,-0.053866327765363264
Localization,"repeat=1,fold=2",1,2,1,1,dKDB-current,0.01,validation-selected,adagrad,164860,4,11,65944,16486,82430,1.0,0,3f9f37870da65e947a18bf072dd5ca33a9703427bf8638c6baa5c02eb65757c9,13211,75,0.20033664927817543,20,,20,2.397895272798372,2.3978952727983716,2.397895272798372,1.2673666638299037,1.2874020716076928,1.292132786347223,1.1037259596627322,1.1653108824206606,1.1736936283566493,1.1278439574520218,1.1772233162093562,1.1849468968845651,1.1037259596627322,1.1653108824206606,1.1736936283566493,0.0,0.0,0.0,0.06158492275792837,0.06158492275792837,0.0,0.12209118918703221,0.011912433788695553,0.6679087657189924,0.6701685793323918,0.6712268206460515,0.6244995243672048,0.6306865371454575,0.6321766375055333,0.6159022277489963,0.6235141595260393,0.62507397623334,0.6159022277489963,0.6235141595260393,0.62507397623334,2019.4473574063977,23.82783802878729,1.37685829895136,0.0,0.0,2133.0,3517.0133333333333,0.0,0.0,0.0,0.0,False,1.2286709815890113,1.117603838749438,1.2191772101860239,0.6199861679139205,0.608047021687466,0.6186556129538949,-0.053866327765363264
Localization,"repeat=1,fold=2",1,2,1,1,dKDB-generative-init,0.01,fixed-0.01,adagrad,164860,4,11,65944,16486,82430,1.0,0,3f9f37870da65e947a18bf072dd5ca33a9703427bf8638c6baa5c02eb65757c9,13211,75,0.20033664927817543,12,13.0,20,1.117603838749438,1.2191772101860239,1.2286709815890113,1.1054051026798843,1.2190638857958849,1.231057048583491,1.075203336459305,1.2052277091870418,1.217776908207344,1.0769519686996145,1.2052859477859605,1.2178316868354067,1.0708149323481202,1.2060476651441925,1.2185701367700663,-0.004388404111184796,0.0008199559571506754,0.0007932285627223479,0.13002437272773681,0.13523273279607229,0.005208360068335471,0.013836176608843065,5.823859891873617e-05,0.6021257218378147,0.6131082856965666,0.6152059490133333,0.59928040199955,0.6111149832041348,0.6132908074488521,0.5990482482273191,0.6109519607211694,0.6131304179265544,0.5984197491241751,0.6105254207544,0.6127036969943549,14509.410621115432,127.0844295309637,1.8444711008330028,0.0,0.0,2133.0,3517.0133333333333,-0.00042653996676944583,-0.00042672093219953133,-0.0006284991031439979,0.0002019591363745521,True,1.2286709815890113,1.117603838749438,1.2191772101860239,0.6199861679139205,0.608047021687466,0.6186556129538949,-0.013129545041831392
Localization,"repeat=1,fold=2",1,2,1,1,dKDB-generative-init,0.003,validation-selected,adagrad,164860,4,11,65944,16486,82430,1.0,0,3f9f37870da65e947a18bf072dd5ca33a9703427bf8638c6baa5c02eb65757c9,13211,75,0.20033664927817543,20,,20,1.117603838749438,1.2191772101860239,1.2286709815890113,1.1107675684248732,1.216018019289752,1.2268319989859604,1.0876907787702548,1.2016710147218463,1.2138812735090823,1.09378209240578,1.2046123598441276,1.2165317787080188,1.0876907787702548,1.2016710147218463,1.2138812735090823,0.0,0.0,0.0,0.11398023595159157,0.11398023595159157,0.0,0.014347004567905719,0.0029413451222812803,0.6040521663166806,0.6145807776110324,0.6162672415401759,0.6032991265961676,0.6142164479781506,0.6162016588129073,0.6025016423897893,0.613593868804254,0.6156452784860336,0.6025016423897893,0.613593868804254,0.6156452784860336,13700.140973905336,119.34815674946306,1.407396710165953,0.0,0.0,2133.0,3517.0133333333333,0.0,0.0,0.0,0.0,False,1.2286709815890113,1.117603838749438,1.2191772101860239,0.6199861679139205,0.608047021687466,0.6186556129538949,-0.017506195464177532
Localization,"repeat=1,fold=2",1,2,2,2,dKDB-current,0.01,fixed-0.01,adagrad,164860,4,11,65944,16486,82430,1.0,0,d1e47170584b6cf302f841e505adc964268902fa5b4c6ccf561274f993cb3fe7,143407,986,2.1746785151037242,20,,20,2.397895272798372,2.3978952727983716,2.397895272798372,1.2596629351767035,1.3007938374188286,1.305894512881303,0.9403131452037333,1.0976268372162319,1.1074511511214755,1.0024591856051028,1.122755010410577,1.1313703025362007,0.9403131452037333,1.0976268372162319,1.1074511511214755,0.0,0.0,0.0,0.15731369201249856,0.15731369201249856,0.0,0.2031670002025967,0.025128173194345127,0.6687185106290559,0.6747863619696577,0.6757776991210064,0.5928821390438159,0.6121767522605434,0.6140561923510987,0.5736343895925173,0.599101943074845,0.6012086207802788,0.5736343895925173,0.599101943074845,0.6012086207802788,10403.147066066978,46.82095428009449,0.9925656608275112,0.00010615067329855635,0.0,80.0,267.52129817444217,0.0,0.0,0.0,0.0,False,1.1925085433695137,0.7966316295969802,1.1784597143237752,0.5780790687241729,0.5181002067798954,0.5752114550744685,-0.08083287710754328
Localization,"repeat=1,fold=2",1,2,2,2,dKDB-current,0.03,validation-selected,adagrad,164860,4,11,65944,16486,82430,1.0,0,d1e47170584b6cf302f841e505adc964268902fa5b4c6ccf561274f993cb3fe7,143407,986,2.1746785151037242,6,7.0,20,2.397895272798372,2.3978952727983716,2.397895272798372,1.0503518331072283,1.1541835865619257,1.1617610459867027,0.8805209392899813,1.0919786255395847,1.1033727030077618,0.8474994337897619,1.097239938135757,1.1100303348397338,0.8128669201012011,1.1187915449634016,1.1335316327268739,-0.06765401918878022,0.026812919423816917,0.03015892971911205,0.21145768624960337,0.3059246248622005,0.09446693861259714,0.062204961022340965,0.005261312596172241,0.6040292418747173,0.6206382882268373,0.6222073139039811,0.542376896751267,0.582440447921941,0.584891386588737,0.5534044233452051,0.5877007824482503,0.5900273459943803,0.5300824144746963,0.5777795370963128,0.5802800763624766,22550.672163912433,98.95010277276828,1.9233150690730814,0.00010615067329855635,0.0,80.0,267.52129817444217,-0.009921245351937502,-0.009747269631903754,-0.023322008870508837,0.013400763518571335,True,1.1925085433695137,0.7966316295969802,1.1784597143237752,0.5780790687241729,0.5181002067798954,0.5752114550744685,-0.05966816936037356
Localization,"repeat=1,fold=2",1,2,2,2,dKDB-generative-init,0.01,fixed-0.01,adagrad,164860,4,11,65944,16486,82430,1.0,0,d1e47170584b6cf302f841e505adc964268902fa5b4c6ccf561274f993cb3fe7,143407,986,2.1746785151037242,0,1.0,20,0.7966316295969802,1.1784597143237752,1.1925085433695137,0.7965329399021717,1.2059898239434672,1.2217595622005422,0.7966316295969802,1.1784597143237752,1.1925085433695137,0.7817450492996314,1.24029400972575,1.2572707172549553,0.7766162425670696,1.260006502521114,1.2775177910455222,-0.02001538702991057,0.08154678819733885,0.08500924767600848,0.38182808472679497,0.4833902599540444,0.10156217522724942,0.027530109619692045,0.061834295401974826,0.515978997883881,0.5741682459211174,0.5770842994785695,0.5139361312832139,0.5746535432438462,0.5774424226671414,0.5181002067798954,0.5752114550744685,0.5780790687241729,0.5129560223020805,0.5746736841865755,0.5773809199141664,151244.88537680195,400.79579430866755,1.831001137530995,0.00010615067329855635,35.0,80.0,267.52129817444217,-0.0005377708878929743,-0.0006981488100065159,-0.00514418447781495,0.004606413589921976,True,1.1925085433695137,0.7966316295969802,1.1784597143237752,0.5780790687241729,0.5181002067798954,0.5752114550744685,0.08154678819733885
Localization,"repeat=1,fold=2",1,2,2,2,dKDB-generative-init,0.001,validation-selected,adagrad,164860,4,11,65944,16486,82430,1.0,0,d1e47170584b6cf302f841e505adc964268902fa5b4c6ccf561274f993cb3fe7,143407,986,2.1746785151037242,0,1.0,20,0.7966316295969802,1.1784597143237752,1.1925085433695137,0.796543186800325,1.1812047395259997,1.1954690597312427,0.7966316295969802,1.1784597143237752,1.1925085433695137,0.7939438375307893,1.1850781689744754,1.1995907529034702,0.792737631432418,1.1876902034222954,1.202314960896265,-0.0038939981645621513,0.0092304890985202,0.009806417526751376,0.38182808472679497,0.3949525719898773,0.013124487263082352,0.002745025202224527,0.006618454650700212,0.5172736044003241,0.57425740202316,0.5771512631683695,0.517439124307094,0.5750848502196734,0.5779829719348352,0.5181002067798954,0.5752114550744685,0.5780790687241729,0.517396099951829,0.5753237368697736,0.5782174743305236,144467.75341977735,381.5208593223147,1.143962948328695,0.00010615067329855635,35.0,80.0,267.52129817444217,0.00011228179530509141,0.00013840560635069998,-0.0007041068280664309,0.0008163886233715223,True,1.1925085433695137,0.7966316295969802,1.1784597143237752,0.5780790687241729,0.5181002067798954,0.5752114550744685,0.0092304890985202
Localization,"repeat=1,fold=2",1,2,3,3,dKDB-current,0.01,fixed-0.01,adagrad,164860,4,11,65944,16486,82430,1.0,0,6406fc7d8b2737bb0eb5acdd110d246be5ff806babf30cb544b71ce51ac544d6,463045,5829,7.021791216790004,20,,20,2.397895272798372,2.3978952727983716,2.397895272798372,1.2984262862260336,1.343860534002335,1.3493744606607383,0.9471539709290433,1.1370381705292598,1.1485360839191703,1.0239874316127546,1.1666957089982346,1.1766820551052177,0.9471539709290433,1.1370381705292598,1.1485360839191703,0.0,0.0,0.0,0.18988419960021652,0.18988419960021652,0.0,0.20682236347307525,0.029657538468974787,0.6800280535407106,0.6869875835044933,0.6878844484180952,0.6018809329569502,0.6253034490376421,0.6273543786147588,0.5787140068101545,0.61042443528086,0.6127941427251314,0.5787140068101545,0.61042443528086,0.6127941427251314,19483.46109587639,57.068413827063395,0.7593817681904457,0.004176270775203203,0.0,6.0,45.25235889517928,0.0,0.0,0.0,0.0,False,1.2254644402658728,0.6839137333785753,1.2099610942175771,0.5716132023956441,0.48009184627086765,0.568497472559204,-0.07292292368831732
Localization,"repeat=1,fold=2",1,2,3,3,dKDB-current,0.03,validation-selected,adagrad,164860,4,11,65944,16486,82430,1.0,0,6406fc7d8b2737bb0eb5acdd110d246be5ff806babf30cb544b71ce51ac544d6,463045,5829,7.021791216790004,7,8.0,20,2.397895272798372,2.3978952727983716,2.397895272798372,1.0870350032678,1.2046998429785518,1.2136535973914944,0.8529211161783207,1.1245049046792728,1.1385764767730084,0.8187682270050871,1.1263068476681295,1.1414955729835181,0.7620215963891985,1.1449308135398184,1.1622709840629706,-0.09089951978912214,0.020425908860545627,0.02369450728996214,0.2715837885009521,0.3829092171506199,0.11132542864966777,0.08019493829927904,0.0018019429888567196,0.6168697364267173,0.6359640651933952,0.6376439070372607,0.5366341824768707,0.5888988489166221,0.5917794989435109,0.5480125941345426,0.5940675336245306,0.5968200236451443,0.5164402691854368,0.5811091010036323,0.5841579036764869,45472.069371025354,129.9538258785454,1.824963413266922,0.004176270775203203,0.0,6.0,45.25235889517928,-0.012958432620898241,-0.012662119968657404,-0.03157232494910578,0.018613892328207537,True,1.2254644402658728,0.6839137333785753,1.2099610942175771,0.5716132023956441,0.48009184627086765,0.568497472559204,-0.06503028067775873
Localization,"repeat=1,fold=2",1,2,3,3,dKDB-generative-init,0.01,fixed-0.01,adagrad,164860,4,11,65944,16486,82430,1.0,0,6406fc7d8b2737bb0eb5acdd110d246be5ff806babf30cb544b71ce51ac544d6,463045,5829,7.021791216790004,0,1.0,20,0.6839137333785753,1.2099610942175771,1.2254644402658728,0.6852292100567342,1.2430503444906729,1.2605469702117589,0.6839137333785753,1.2099610942175771,1.2254644402658728,0.6728434229103674,1.293539541419158,1.3124077243964944,0.6685622369120218,1.321029485484039,1.3404637211227142,-0.015351496466553538,0.11106839126646184,0.11499928085684141,0.5260473608390018,0.6524672485720172,0.12641988773301538,0.03308925027309573,0.08357844720158081,0.4798850663491352,0.5692475038683293,0.5725959615063438,0.47786790602791707,0.5702392890490701,0.5735547587477833,0.48009184627086765,0.568497472559204,0.5716132023956441,0.4769588345046046,0.5704262330114237,0.5736924702212397,479459.6822216342,706.3537396198356,1.8981218928049544,0.004176270775203203,1377.0,6.0,45.25235889517928,0.00192876045221968,0.002079267825595643,-0.003133011766263072,0.005061772218482752,True,1.2254644402658728,0.6839137333785753,1.2099610942175771,0.5716132023956441,0.48009184627086765,0.568497472559204,0.11106839126646184
Localization,"repeat=1,fold=2",1,2,3,3,dKDB-generative-init,0.001,validation-selected,adagrad,164860,4,11,65944,16486,82430,1.0,0,6406fc7d8b2737bb0eb5acdd110d246be5ff806babf30cb544b71ce51ac544d6,463045,5829,7.021791216790004,0,1.0,20,0.6839137333785753,1.2099610942175771,1.2254644402658728,0.6841849195983474,1.2135150050234382,1.229253656560183,0.6839137333785753,1.2099610942175771,1.2254644402658728,0.6818213333545933,1.2194228015194175,1.235452133533173,0.6808364526622159,1.2233317416391705,1.2395064037480426,-0.0030772807163593763,0.013370647421593329,0.014041963482169795,0.5260473608390018,0.5424952889769545,0.016447928137952705,0.0035539108058610935,0.009461707301840372,0.47976694216917654,0.56802902785396,0.5711711039801028,0.480080138513016,0.569229685923323,0.5724288502334772,0.48009184627086765,0.568497472559204,0.5716132023956441,0.4801381589909151,0.569649218018724,0.5728662221665601,465270.8819786287,683.779568925905,1.1917078299412411,0.004176270775203203,1377.0,6.0,45.25235889517928,0.001151745459520015,0.001253019770916075,4.63127200474589e-05,0.001105432739472556,True,1.2254644402658728,0.6839137333785753,1.2099610942175771,0.5716132023956441,0.48009184627086765,0.568497472559204,0.013370647421593329
Localization,"repeat=1,fold=2",1,2,4,3,dKDB-current,0.01,fixed-0.01,adagrad,164860,4,11,65944,16486,82430,1.0,0,6406fc7d8b2737bb0eb5acdd110d246be5ff806babf30cb544b71ce51ac544d6,463045,5829,7.021791216790004,20,,20,2.397895272798372,2.3978952727983716,2.397895272798372,1.2984262862260336,1.343860534002335,1.3493744606607383,0.9471539709290433,1.1370381705292598,1.1485360839191703,1.0239874316127546,1.1666957089982346,1.1766820551052177,0.9471539709290433,1.1370381705292598,1.1485360839191703,0.0,0.0,0.0,0.18988419960021652,0.18988419960021652,0.0,0.20682236347307525,0.029657538468974787,0.6800280535407106,0.6869875835044933,0.6878844484180952,0.6018809329569502,0.6253034490376421,0.6273543786147588,0.5787140068101545,0.61042443528086,0.6127941427251314,0.5787140068101545,0.61042443528086,0.6127941427251314,19483.46109587639,57.068413827063395,0.7593817681904457,0.004176270775203203,0.0,6.0,45.25235889517928,0.0,0.0,0.0,0.0,False,1.2254644402658728,0.6839137333785753,1.2099610942175771,0.5716132023956441,0.48009184627086765,0.568497472559204,-0.07292292368831732
Localization,"repeat=1,fold=2",1,2,4,3,dKDB-current,0.03,validation-selected,adagrad,164860,4,11,65944,16486,82430,1.0,0,6406fc7d8b2737bb0eb5acdd110d246be5ff806babf30cb544b71ce51ac544d6,463045,5829,7.021791216790004,7,8.0,20,2.397895272798372,2.3978952727983716,2.397895272798372,1.0870350032678,1.2046998429785518,1.2136535973914944,0.8529211161783207,1.1245049046792728,1.1385764767730084,0.8187682270050871,1.1263068476681295,1.1414955729835181,0.7620215963891985,1.1449308135398184,1.1622709840629706,-0.09089951978912214,0.020425908860545627,0.02369450728996214,0.2715837885009521,0.3829092171506199,0.11132542864966777,0.08019493829927904,0.0018019429888567196,0.6168697364267173,0.6359640651933952,0.6376439070372607,0.5366341824768707,0.5888988489166221,0.5917794989435109,0.5480125941345426,0.5940675336245306,0.5968200236451443,0.5164402691854368,0.5811091010036323,0.5841579036764869,45472.069371025354,129.9538258785454,1.824963413266922,0.004176270775203203,0.0,6.0,45.25235889517928,-0.012958432620898241,-0.012662119968657404,-0.03157232494910578,0.018613892328207537,True,1.2254644402658728,0.6839137333785753,1.2099610942175771,0.5716132023956441,0.48009184627086765,0.568497472559204,-0.06503028067775873
Localization,"repeat=1,fold=2",1,2,4,3,dKDB-generative-init,0.01,fixed-0.01,adagrad,164860,4,11,65944,16486,82430,1.0,0,6406fc7d8b2737bb0eb5acdd110d246be5ff806babf30cb544b71ce51ac544d6,463045,5829,7.021791216790004,0,1.0,20,0.6839137333785753,1.2099610942175771,1.2254644402658728,0.6852292100567342,1.2430503444906729,1.2605469702117589,0.6839137333785753,1.2099610942175771,1.2254644402658728,0.6728434229103674,1.293539541419158,1.3124077243964944,0.6685622369120218,1.321029485484039,1.3404637211227142,-0.015351496466553538,0.11106839126646184,0.11499928085684141,0.5260473608390018,0.6524672485720172,0.12641988773301538,0.03308925027309573,0.08357844720158081,0.4798850663491352,0.5692475038683293,0.5725959615063438,0.47786790602791707,0.5702392890490701,0.5735547587477833,0.48009184627086765,0.568497472559204,0.5716132023956441,0.4769588345046046,0.5704262330114237,0.5736924702212397,479459.6822216342,706.3537396198356,1.8981218928049544,0.004176270775203203,1377.0,6.0,45.25235889517928,0.00192876045221968,0.002079267825595643,-0.003133011766263072,0.005061772218482752,True,1.2254644402658728,0.6839137333785753,1.2099610942175771,0.5716132023956441,0.48009184627086765,0.568497472559204,0.11106839126646184
Localization,"repeat=1,fold=2",1,2,4,3,dKDB-generative-init,0.001,validation-selected,adagrad,164860,4,11,65944,16486,82430,1.0,0,6406fc7d8b2737bb0eb5acdd110d246be5ff806babf30cb544b71ce51ac544d6,463045,5829,7.021791216790004,0,1.0,20,0.6839137333785753,1.2099610942175771,1.2254644402658728,0.6841849195983474,1.2135150050234382,1.229253656560183,0.6839137333785753,1.2099610942175771,1.2254644402658728,0.6818213333545933,1.2194228015194175,1.235452133533173,0.6808364526622159,1.2233317416391705,1.2395064037480426,-0.0030772807163593763,0.013370647421593329,0.014041963482169795,0.5260473608390018,0.5424952889769545,0.016447928137952705,0.0035539108058610935,0.009461707301840372,0.47976694216917654,0.56802902785396,0.5711711039801028,0.480080138513016,0.569229685923323,0.5724288502334772,0.48009184627086765,0.568497472559204,0.5716132023956441,0.4801381589909151,0.569649218018724,0.5728662221665601,465270.8819786287,683.779568925905,1.1917078299412411,0.004176270775203203,1377.0,6.0,45.25235889517928,0.001151745459520015,0.001253019770916075,4.63127200474589e-05,0.001105432739472556,True,1.2254644402658728,0.6839137333785753,1.2099610942175771,0.5716132023956441,0.48009184627086765,0.568497472559204,0.013370647421593329
Localization,"repeat=1,fold=2",1,2,5,3,dKDB-current,0.01,fixed-0.01,adagrad,164860,4,11,65944,16486,82430,1.0,0,6406fc7d8b2737bb0eb5acdd110d246be5ff806babf30cb544b71ce51ac544d6,463045,5829,7.021791216790004,20,,20,2.397895272798372,2.3978952727983716,2.397895272798372,1.2984262862260336,1.343860534002335,1.3493744606607383,0.9471539709290433,1.1370381705292598,1.1485360839191703,1.0239874316127546,1.1666957089982346,1.1766820551052177,0.9471539709290433,1.1370381705292598,1.1485360839191703,0.0,0.0,0.0,0.18988419960021652,0.18988419960021652,0.0,0.20682236347307525,0.029657538468974787,0.6800280535407106,0.6869875835044933,0.6878844484180952,0.6018809329569502,0.6253034490376421,0.6273543786147588,0.5787140068101545,0.61042443528086,0.6127941427251314,0.5787140068101545,0.61042443528086,0.6127941427251314,19483.46109587639,57.068413827063395,0.7593817681904457,0.004176270775203203,0.0,6.0,45.25235889517928,0.0,0.0,0.0,0.0,False,1.2254644402658728,0.6839137333785753,1.2099610942175771,0.5716132023956441,0.48009184627086765,0.568497472559204,-0.07292292368831732
Localization,"repeat=1,fold=2",1,2,5,3,dKDB-current,0.03,validation-selected,adagrad,164860,4,11,65944,16486,82430,1.0,0,6406fc7d8b2737bb0eb5acdd110d246be5ff806babf30cb544b71ce51ac544d6,463045,5829,7.021791216790004,7,8.0,20,2.397895272798372,2.3978952727983716,2.397895272798372,1.0870350032678,1.2046998429785518,1.2136535973914944,0.8529211161783207,1.1245049046792728,1.1385764767730084,0.8187682270050871,1.1263068476681295,1.1414955729835181,0.7620215963891985,1.1449308135398184,1.1622709840629706,-0.09089951978912214,0.020425908860545627,0.02369450728996214,0.2715837885009521,0.3829092171506199,0.11132542864966777,0.08019493829927904,0.0018019429888567196,0.6168697364267173,0.6359640651933952,0.6376439070372607,0.5366341824768707,0.5888988489166221,0.5917794989435109,0.5480125941345426,0.5940675336245306,0.5968200236451443,0.5164402691854368,0.5811091010036323,0.5841579036764869,45472.069371025354,129.9538258785454,1.824963413266922,0.004176270775203203,0.0,6.0,45.25235889517928,-0.012958432620898241,-0.012662119968657404,-0.03157232494910578,0.018613892328207537,True,1.2254644402658728,0.6839137333785753,1.2099610942175771,0.5716132023956441,0.48009184627086765,0.568497472559204,-0.06503028067775873
Localization,"repeat=1,fold=2",1,2,5,3,dKDB-generative-init,0.01,fixed-0.01,adagrad,164860,4,11,65944,16486,82430,1.0,0,6406fc7d8b2737bb0eb5acdd110d246be5ff806babf30cb544b71ce51ac544d6,463045,5829,7.021791216790004,0,1.0,20,0.6839137333785753,1.2099610942175771,1.2254644402658728,0.6852292100567342,1.2430503444906729,1.2605469702117589,0.6839137333785753,1.2099610942175771,1.2254644402658728,0.6728434229103674,1.293539541419158,1.3124077243964944,0.6685622369120218,1.321029485484039,1.3404637211227142,-0.015351496466553538,0.11106839126646184,0.11499928085684141,0.5260473608390018,0.6524672485720172,0.12641988773301538,0.03308925027309573,0.08357844720158081,0.4798850663491352,0.5692475038683293,0.5725959615063438,0.47786790602791707,0.5702392890490701,0.5735547587477833,0.48009184627086765,0.568497472559204,0.5716132023956441,0.4769588345046046,0.5704262330114237,0.5736924702212397,479459.6822216342,706.3537396198356,1.8981218928049544,0.004176270775203203,1377.0,6.0,45.25235889517928,0.00192876045221968,0.002079267825595643,-0.003133011766263072,0.005061772218482752,True,1.2254644402658728,0.6839137333785753,1.2099610942175771,0.5716132023956441,0.48009184627086765,0.568497472559204,0.11106839126646184
Localization,"repeat=1,fold=2",1,2,5,3,dKDB-generative-init,0.001,validation-selected,adagrad,164860,4,11,65944,16486,82430,1.0,0,6406fc7d8b2737bb0eb5acdd110d246be5ff806babf30cb544b71ce51ac544d6,463045,5829,7.021791216790004,0,1.0,20,0.6839137333785753,1.2099610942175771,1.2254644402658728,0.6841849195983474,1.2135150050234382,1.229253656560183,0.6839137333785753,1.2099610942175771,1.2254644402658728,0.6818213333545933,1.2194228015194175,1.235452133533173,0.6808364526622159,1.2233317416391705,1.2395064037480426,-0.0030772807163593763,0.013370647421593329,0.014041963482169795,0.5260473608390018,0.5424952889769545,0.016447928137952705,0.0035539108058610935,0.009461707301840372,0.47976694216917654,0.56802902785396,0.5711711039801028,0.480080138513016,0.569229685923323,0.5724288502334772,0.48009184627086765,0.568497472559204,0.5716132023956441,0.4801381589909151,0.569649218018724,0.5728662221665601,465270.8819786287,683.779568925905,1.1917078299412411,0.004176270775203203,1377.0,6.0,45.25235889517928,0.001151745459520015,0.001253019770916075,4.63127200474589e-05,0.001105432739472556,True,1.2254644402658728,0.6839137333785753,1.2099610942175771,0.5716132023956441,0.48009184627086765,0.568497472559204,0.013370647421593329
Localization,"repeat=2,fold=1",2,1,0,0,dKDB-current,0.01,fixed-0.01,adagrad,164860,4,11,65944,16486,82430,1.0,0,b24eb3e0b4f97bc948767862270e34a98cefdab00ee4ec5394c875d94b910736,869,4,0.013177847870920781,20,,20,2.397895272798372,2.3978952727983716,2.397895272798372,1.3888659940045247,1.3998776789949592,1.3943996850298548,1.3285335808630132,1.3485843442398733,1.340053830042589,1.3348660577451972,1.353654750817514,1.34530727210326,1.3285335808630132,1.3485843442398733,1.340053830042589,0.0,0.0,0.0,0.02005076337686007,0.02005076337686007,0.0,0.051293334755085906,0.005070406577640796,0.696031826643157,0.6974740046538105,0.6963949889631894,0.675299328273973,0.677787280189734,0.6761212757071536,0.6723553789853267,0.6749622725790613,0.6732684588622728,0.6723553789853267,0.6749622725790613,0.6732684588622728,184.5943824115358,7.985325789204879,0.8574101854409962,0.0,0.0,65944.0,65944.0,0.0,0.0,0.0,0.0,False,1.3942740443238635,1.3821106096557638,1.4044630170939545,0.6805985533411085,0.6799872961601142,0.6824977124537424,-0.05587867285408121
Localization,"repeat=2,fold=1",2,1,0,0,dKDB-current,0.03,validation-selected,adagrad,164860,4,11,65944,16486,82430,1.0,0,b24eb3e0b4f97bc948767862270e34a98cefdab00ee4ec5394c875d94b910736,869,4,0.013177847870920781,20,,20,2.397895272798372,2.3978952727983716,2.397895272798372,1.3574113630151188,1.3769398263690318,1.3683801800706628,1.3238251336777718,1.3456057092719302,1.3375764298943078,1.3268236266573137,1.3484154154982544,1.3401595804648418,1.3238251336777718,1.3456057092719302,1.3375764298943078,0.0,0.0,0.0,0.02178057559415847,0.02178057559415847,0.0,0.031334117097101544,0.002809706226324149,0.6804226622389847,0.6830175480730136,0.6814047659315776,0.6711840459704019,0.6739033019062722,0.6722749906433565,0.6696758038940301,0.6723584564327189,0.6707675775619115,0.6696758038940301,0.6723584564327189,0.6707675775619115,260.2187553752999,11.083526218204005,1.3916320194512182,0.0,0.0,65944.0,65944.0,0.0,0.0,0.0,0.0,False,1.3942740443238635,1.3821106096557638,1.4044630170939545,0.6805985533411085,0.6799872961601142,0.6824977124537424,-0.05885730782202425
Localization,"repeat=2,fold=1",2,1,0,0,dKDB-generative-init,0.01,fixed-0.01,adagrad,164860,4,11,65944,16486,82430,1.0,0,b24eb3e0b4f97bc948767862270e34a98cefdab00ee4ec5394c875d94b910736,869,4,0.013177847870920781,20,,20,1.3821106096557638,1.4044630170939545,1.3942740443238635,1.3606104331954458,1.3854844503544088,1.3768422325324925,1.3266650482296827,1.3524834310620464,1.3436701846656633,1.3310607285208393,1.3571057827849158,1.3480960504105441,1.3266650482296827,1.3524834310620464,1.3436701846656633,0.0,0.0,0.0,0.025818382832363707,0.025818382832363707,0.0,0.03300101929236243,0.0046223517228694,0.6740622936147223,0.6767232866026673,0.6750679208513902,0.6707718341061274,0.673596367286646,0.6718292029513614,0.6698925567342898,0.672687768920753,0.6709497622934117,0.6698925567342898,0.672687768920753,0.6709497622934117,954.224681330433,32.62975956863913,1.9737793734056053,0.0,0.0,65944.0,65944.0,0.0,0.0,0.0,0.0,False,1.3942740443238635,1.3821106096557638,1.4044630170939545,0.6805985533411085,0.6799872961601142,0.6824977124537424,-0.05197958603190811
Localization,"repeat=2,fold=1",2,1,0,0,dKDB-generative-init,0.03,validation-selected,adagrad,164860,4,11,65944,16486,82430,1.0,0,b24eb3e0b4f97bc948767862270e34a98cefdab00ee4ec5394c875d94b910736,869,4,0.013177847870920781,20,,20,1.3821106096557638,1.4044630170939545,1.3942740443238635,1.3663287727851494,1.3950466294861468,1.3860629885014437,1.324490228057633,1.3502376152886308,1.3424407492195092,1.3282968544085298,1.3547087140034373,1.3466282339928184,1.324490228057633,1.3502376152886308,1.3424407492195092,0.0,0.0,0.0,0.025747387230997898,0.025747387230997898,0.0,0.04480901419751593,0.004471098714806443,0.6744037887606316,0.6773580146623268,0.675710997565731,0.6703421713480328,0.6731216175148292,0.6714871848024381,0.6692815141687413,0.6719930513611162,0.6704000871493071,0.6692815141687413,0.6719930513611162,0.6704000871493071,1042.8312764325717,35.91737404654273,2.4273898968555407,0.0,0.0,65944.0,65944.0,0.0,0.0,0.0,0.0,False,1.3942740443238635,1.3821106096557638,1.4044630170939545,0.6805985533411085,0.6799872961601142,0.6824977124537424,-0.05422540180532365
Localization,"repeat=2,fold=1",2,1,1,1,dKDB-current,0.01,fixed-0.01,adagrad,164860,4,11,65944,16486,82430,1.0,0,3f9f37870da65e947a18bf072dd5ca33a9703427bf8638c6baa5c02eb65757c9,15587,82,0.2363672206720854,20,,20,2.397895272798372,2.3978952727983716,2.397895272798372,1.273471247742118,1.305242240922944,1.299141313695686,1.1000531987441575,1.1890664767275367,1.1743254554552534,1.1260532599986373,1.1993320845557145,1.1862110100235204,1.1000531987441575,1.1890664767275367,1.1743254554552534,0.0,0.0,0.0,0.08901327798337921,0.08901327798337921,0.0,0.11617576419540732,0.010265607828177759,0.6705169657151276,0.6749027159263626,0.6735611900339938,0.6251021936593811,0.635627084465903,0.6326820276650805,0.6159637788189757,0.6284297620699792,0.6252409279687998,0.6159637788189757,0.6284297620699792,0.6252409279687998,2310.731823774108,25.174002827800688,1.3339746945167126,0.0,0.0,2037.0,3216.7804878048782,0.0,0.0,0.0,0.0,False,1.2319272399938468,1.1116950448084164,1.2480363377472417,0.619575723907096,0.607340609952126,0.6226740989794701,-0.05896986101970492
Localization,"repeat=2,fold=1",2,1,1,1,dKDB-current,0.01,validation-selected,adagrad,164860,4,11,65944,16486,82430,1.0,0,3f9f37870da65e947a18bf072dd5ca33a9703427bf8638c6baa5c02eb65757c9,15587,82,0.2363672206720854,20,,20,2.397895272798372,2.3978952727983716,2.397895272798372,1.273471247742118,1.305242240922944,1.299141313695686,1.1000531987441575,1.1890664767275367,1.1743254554552534,1.1260532599986373,1.1993320845557145,1.1862110100235204,1.1000531987441575,1.1890664767275367,1.1743254554552534,0.0,0.0,0.0,0.08901327798337921,0.08901327798337921,0.0,0.11617576419540732,0.010265607828177759,0.6705169657151276,0.6749027159263626,0.6735611900339938,0.6251021936593811,0.635627084465903,0.6326820276650805,0.6159637788189757,0.6284297620699792,0.6252409279687998,0.6159637788189757,0.6284297620699792,0.6252409279687998,2310.731823774108,25.174002827800688,1.3339746945167126,0.0,0.0,2037.0,3216.7804878048782,0.0,0.0,0.0,0.0,False,1.2319272399938468,1.1116950448084164,1.2480363377472417,0.619575723907096,0.607340609952126,0.6226740989794701,-0.05896986101970492
Localization,"repeat=2,fold=1",2,1,1,1,dKDB-generative-init,0.01,fixed-0.01,adagrad,164860,4,11,65944,16486,82430,1.0,0,3f9f37870da65e947a18bf072dd5ca33a9703427bf8638c6baa5c02eb65757c9,15587,82,0.2363672206720854,7,8.0,20,1.1116950448084164,1.2480363377472417,1.2319272399938468,1.0981400641370143,1.254520472568318,1.2349533545355005,1.0736253020619255,1.2460365939095472,1.2241694367834652,1.0699319136736167,1.246361838390951,1.223923021338641,1.063750419610346,1.2489410778929524,1.2253468641160552,-0.009874882451579525,0.0029044839834051484,0.0011774273325899642,0.17241129184762172,0.1851906582826064,0.012779366434984674,0.00848387865877065,0.000325244481403697,0.6017286149505083,0.6187558398188597,0.6150194781109547,0.5982874954421059,0.6168785585387297,0.612792450289543,0.5988117674028893,0.6171683623804385,0.6131324300725731,0.5973468517330919,0.6163609065077276,0.6121944504295902,17082.049351497124,137.66397875999314,1.7250740514431653,0.0,0.0,2037.0,3216.7804878048782,-0.000807455872710916,-0.0009379796429829224,-0.0014649156697974508,0.0006574597970865348,True,1.2319272399938468,1.1116950448084164,1.2480363377472417,0.619575723907096,0.607340609952126,0.6226740989794701,0.0009047401457107362
Localization,"repeat=2,fold=1",2,1,1,1,dKDB-generative-init,0.003,validation-selected,adagrad,164860,4,11,65944,16486,82430,1.0,0,3f9f37870da65e947a18bf072dd5ca33a9703427bf8638c6baa5c02eb65757c9,15587,82,0.2363672206720854,20,,20,1.1116950448084164,1.2480363377472417,1.2319272399938468,1.1044626200732364,1.24800176136332,1.2303730060590494,1.0812121658084026,1.238133145784954,1.2182324219059457,1.0873719619053268,1.239778499697666,1.2205577863471144,1.0812121658084026,1.238133145784954,1.2182324219059457,0.0,0.0,0.0,0.1569209799765514,0.1569209799765514,0.0,0.009868615578366047,0.001645353912711922,0.6036528919759776,0.6195206826558788,0.6161218553831647,0.6024533510143959,0.6193335926397489,0.6156665356804223,0.6015608992504644,0.6188136079691237,0.6150573868022848,0.6015608992504644,0.6188136079691237,0.6150573868022848,16147.811405098162,129.48834054545472,1.3663531909945463,0.0,0.0,2037.0,3216.7804878048782,0.0,0.0,0.0,0.0,False,1.2319272399938468,1.1116950448084164,1.2480363377472417,0.619575723907096,0.607340609952126,0.6226740989794701,-0.009903191962287616
Localization,"repeat=2,fold=1",2,1,2,2,dKDB-current,0.01,fixed-0.01,adagrad,164860,4,11,65944,16486,82430,1.0,0,d1e47170584b6cf302f841e505adc964268902fa5b4c6ccf561274f993cb3fe7,177155,1165,2.6864460754579644,20,,20,2.397895272798372,2.3978952727983716,2.397895272798372,1.2706323212151667,1.3260761851640435,1.3195517066951694,0.9293927308420895,1.1318050314757584,1.1145636612664855,0.9978538874105253,1.1544809757686223,1.1395985136578397,0.9293927308420895,1.1318050314757584,1.1145636612664855,0.0,0.0,0.0,0.20241230063366888,0.20241230063366888,0.0,0.19427115368828507,0.022675944292863903,0.6727403980184347,0.6818086538433727,0.6801915772476997,0.5927631384450639,0.6205020866678064,0.616680954357878,0.5714399200398621,0.6074599701664544,0.6031680713393983,0.5714399200398621,0.6074599701664544,0.6031680713393983,12152.177865582282,49.46986289641055,0.9496461595151329,0.00016984107727769016,0.0,69.0,226.41716738197425,0.0,0.0,0.0,0.0,False,1.2154290932858474,0.7603878877958874,1.247308821668593,0.5785507523003062,0.5063859651817041,0.5839214078115295,-0.11550379019283463
Localization,"repeat=2,fold=1",2,1,2,2,dKDB-current,0.03,validation-selected,adagrad,164860,4,11,65944,16486,82430,1.0,0,d1e47170584b6cf302f841e505adc964268902fa5b4c6ccf561274f993cb3fe7,177155,1165,2.6864460754579644,5,6.0,20,2.397895272798372,2.3978952727983716,2.397895272798372,1.0505879952554043,1.1841234847195663,1.1711166059121896,0.8778500167292582,1.128817946078375,1.109830384992115,0.8245996063505974,1.1382922712586387,1.1167457656767092,0.7842159101158285,1.166405107036111,1.142306131002861,-0.09363410661342975,0.037587160957736065,0.0324757460107461,0.2509679293491167,0.3821891969202825,0.1312212675711658,0.055305538641191365,0.00947432518026381,0.6058018440584871,0.6294831445933876,0.6260593973706093,0.535993120743103,0.590827573483465,0.5859077552401474,0.5538847480651642,0.5985681018090927,0.5939733503893171,0.521422513511985,0.5860386981481712,0.5809072937773568,26824.129039266638,106.28211005661483,1.790382297776264,0.00016984107727769016,0.0,69.0,226.41716738197425,-0.012529403660921479,-0.013066056611960253,-0.0324622345531792,0.019932830892257725,True,1.2154290932858474,0.7603878877958874,1.247308821668593,0.5785507523003062,0.5063859651817041,0.5839214078115295,-0.08090371463248203
Localization,"repeat=2,fold=1",2,1,2,2,dKDB-generative-init,0.01,fixed-0.01,adagrad,164860,4,11,65944,16486,82430,1.0,0,d1e47170584b6cf302f841e505adc964268902fa5b4c6ccf561274f993cb3fe7,177155,1165,2.6864460754579644,0,1.0,20,0.7603878877958874,1.247308821668593,1.2154290932858474,0.7599242949066602,1.278710707652203,1.2461728704428199,0.7603878877958874,1.247308821668593,1.2154290932858474,0.7446725099681051,1.3212798899423717,1.286028725122908,0.7392089274395492,1.3454309291655246,1.308786177852693,-0.02117896035633815,0.09812210749693162,0.09335708456684566,0.48692093387270563,0.6062220017259754,0.11930106785326977,0.031401885983610045,0.07397106827377864,0.5043053986223003,0.5831441586277013,0.577717243969938,0.5018096706430848,0.5833895751766922,0.577971872833708,0.5063859651817041,0.5839214078115295,0.5785507523003062,0.5006785702150494,0.5833498799577612,0.5779224838506564,186323.60071654565,444.0892572626795,1.8320123597678502,0.00016984107727769016,56.0,69.0,226.41716738197425,-0.0005715278537682389,-0.0006282684496498048,-0.005707394966654733,0.005135867112886494,True,1.2154290932858474,0.7603878877958874,1.247308821668593,0.5785507523003062,0.5063859651817041,0.5839214078115295,0.09812210749693162
Localization,"repeat=2,fold=1",2,1,2,2,dKDB-generative-init,0.001,validation-selected,adagrad,164860,4,11,65944,16486,82430,1.0,0,d1e47170584b6cf302f841e505adc964268902fa5b4c6ccf561274f993cb3fe7,177155,1165,2.6864460754579644,0,1.0,20,0.7603878877958874,1.247308821668593,1.2154290932858474,0.7601763114317138,1.2504403491736316,1.2184714057508546,0.7603878877958874,1.247308821668593,1.2154290932858474,0.757603960314969,1.2554285804236966,1.223164899183038,0.7563654702363687,1.2586192898412212,1.226192708313697,-0.0040224175595187095,0.011310468172628152,0.010763615027849616,0.48692093387270563,0.5022538196048525,0.015332885732146861,0.003131527505038534,0.008119758755103623,0.5056191611157567,0.5830771494030418,0.5776954642624618,0.5056372832213035,0.5838465536722082,0.5784673590066735,0.5063859651817041,0.5839214078115295,0.5785507523003062,0.5055408194935901,0.5840620122916492,0.5786874057818555,178387.00175957332,423.8526477771189,1.139218663101906,0.00016984107727769016,56.0,69.0,226.41716738197425,0.0001406044801197659,0.00013665348154934254,-0.0008451456881140018,0.0009857501682337677,True,1.2154290932858474,0.7603878877958874,1.247308821668593,0.5785507523003062,0.5063859651817041,0.5839214078115295,0.011310468172628152
Localization,"repeat=2,fold=1",2,1,3,3,dKDB-current,0.01,fixed-0.01,adagrad,164860,4,11,65944,16486,82430,1.0,0,6406fc7d8b2737bb0eb5acdd110d246be5ff806babf30cb544b71ce51ac544d6,577841,7236,8.762601601358728,20,,20,2.397895272798372,2.3978952727983716,2.397895272798372,1.3117473999640339,1.3704685540506132,1.3654750901049946,0.9404683901874052,1.173990268235056,1.160026296707744,1.0238499082334418,1.2012424162871729,1.1892957758586342,0.9404683901874052,1.173990268235056,1.160026296707744,0.0,0.0,0.0,0.2335218780476508,0.2335218780476508,0.0,0.19647828581555715,0.027252148052116842,0.6844611364769986,0.6939257681852925,0.6927114413333494,0.6031109404738312,0.6342548812426302,0.6312633173108319,0.5778197084115196,0.6194811711129884,0.6160686109750282,0.5778197084115196,0.6194811711129884,0.6160686109750282,22538.06461384871,59.962306654697535,0.6876978156744464,0.005986897974038578,0.0,5.0,36.45328911000553,0.0,0.0,0.0,0.0,False,1.2531304756917447,0.6426051876250747,1.281158977705163,0.5728696966521802,0.46554172802988864,0.5773013431682319,-0.10716870947010704
Localization,"repeat=2,fold=1",2,1,3,3,dKDB-current,0.03,validation-selected,adagrad,164860,4,11,65944,16486,82430,1.0,0,6406fc7d8b2737bb0eb5acdd110d246be5ff806babf30cb544b71ce51ac544d6,577841,7236,8.762601601358728,7,8.0,20,2.397895272798372,2.3978952727983716,2.397895272798372,1.0924776914211118,1.2382281289202237,1.2275641142556644,0.8369024676714432,1.165807673042588,1.1489484611808358,0.7985012780219721,1.1697578058504998,1.1518956049300013,0.7340394481420855,1.1935568030196242,1.1739457613425737,-0.10286301952935761,0.02774912997703627,0.024997300161737845,0.32890520537114476,0.45951735487753864,0.13061214950639388,0.07242045587763579,0.003950132807911899,0.6202214475742834,0.6456834058973348,0.6428830391072625,0.5309552803584464,0.5982511157997024,0.5941252859599843,0.5439374205897122,0.6035137684245953,0.5994952328560935,0.507650124568153,0.5902766233282066,0.5860773879638447,53223.10310306425,138.0823166368153,1.6968949940413556,0.005986897974038578,0.0,5.0,36.45328911000553,-0.013237145096388625,-0.013417844892248842,-0.03628729602155922,0.0230501509251706,True,1.2531304756917447,0.6426051876250747,1.281158977705163,0.5728696966521802,0.46554172802988864,0.5773013431682319,-0.08760217468553888
Localization,"repeat=2,fold=1",2,1,3,3,dKDB-generative-init,0.01,fixed-0.01,adagrad,164860,4,11,65944,16486,82430,1.0,0,6406fc7d8b2737bb0eb5acdd110d246be5ff806babf30cb544b71ce51ac544d6,577841,7236,8.762601601358728,0,1.0,20,0.6426051876250747,1.281158977705163,1.2531304756917447,0.6434029376953214,1.3179229420893015,1.2893126014087717,0.6426051876250747,1.281158977705163,1.2531304756917447,0.6304876359494408,1.3776816315707638,1.3459420772449218,0.6258859901807153,1.409850405461516,1.3767161923792404,-0.016719197444359346,0.1286914277563529,0.12358571668749563,0.6385537900800884,0.7839644152808006,0.14541062520071224,0.036763964384138426,0.09652265386560077,0.46544988242454916,0.5786315156444745,0.5742192608066874,0.46301711143620267,0.5794649440087001,0.5751790447204379,0.46554172802988864,0.5773013431682319,0.5728696966521802,0.46197613182829145,0.5796006850667179,0.5753610632975152,596668.840936483,786.6499284868968,1.7922375319998707,0.005986897974038578,1974.0,5.0,36.45328911000553,0.002299341898486018,0.0024913666453350025,-0.0035655962015971876,0.005864938100083206,True,1.2531304756917447,0.6426051876250747,1.281158977705163,0.5728696966521802,0.46554172802988864,0.5773013431682319,0.1286914277563529
Localization,"repeat=2,fold=1",2,1,3,3,dKDB-generative-init,0.001,validation-selected,adagrad,164860,4,11,65944,16486,82430,1.0,0,6406fc7d8b2737bb0eb5acdd110d246be5ff806babf30cb544b71ce51ac544d6,577841,7236,8.762601601358728,0,1.0,20,0.6426051876250747,1.281158977705163,1.2531304756917447,0.6427148956643217,1.2849763546828612,1.2570063635104038,0.6426051876250747,1.281158977705163,1.2531304756917447,0.6403007726793636,1.2921749284492667,1.2638290418096456,0.6392667930541035,1.296794498762132,1.268234877070595,-0.0033383945709711815,0.01563552105696897,0.015104401378850163,0.6385537900800884,0.6575277057080285,0.018973915627940152,0.003817376977698128,0.011015950744103664,0.46529913428567726,0.5770104626723526,0.5725962632233712,0.46546648716085814,0.5782146889004782,0.5738624101673726,0.46554172802988864,0.5773013431682319,0.5728696966521802,0.4654734831214145,0.5786382112883784,0.5743121481954117,580376.8633760902,763.5273098251442,1.1800170148980698,0.005986897974038578,1974.0,5.0,36.45328911000553,0.0013368681201465504,0.0014424515432314156,-6.824490847412434e-05,0.0014051130286206748,True,1.2531304756917447,0.6426051876250747,1.281158977705163,0.5728696966521802,0.46554172802988864,0.5773013431682319,0.01563552105696897
Localization,"repeat=2,fold=1",2,1,4,3,dKDB-current,0.01,fixed-0.01,adagrad,164860,4,11,65944,16486,82430,1.0,0,6406fc7d8b2737bb0eb5acdd110d246be5ff806babf30cb544b71ce51ac544d6,577841,7236,8.762601601358728,20,,20,2.397895272798372,2.3978952727983716,2.397895272798372,1.3117473999640339,1.3704685540506132,1.3654750901049946,0.9404683901874052,1.173990268235056,1.160026296707744,1.0238499082334418,1.2012424162871729,1.1892957758586342,0.9404683901874052,1.173990268235056,1.160026296707744,0.0,0.0,0.0,0.2335218780476508,0.2335218780476508,0.0,0.19647828581555715,0.027252148052116842,0.6844611364769986,0.6939257681852925,0.6927114413333494,0.6031109404738312,0.6342548812426302,0.6312633173108319,0.5778197084115196,0.6194811711129884,0.6160686109750282,0.5778197084115196,0.6194811711129884,0.6160686109750282,22538.06461384871,59.962306654697535,0.6876978156744464,0.005986897974038578,0.0,5.0,36.45328911000553,0.0,0.0,0.0,0.0,False,1.2531304756917447,0.6426051876250747,1.281158977705163,0.5728696966521802,0.46554172802988864,0.5773013431682319,-0.10716870947010704
Localization,"repeat=2,fold=1",2,1,4,3,dKDB-current,0.03,validation-selected,adagrad,164860,4,11,65944,16486,82430,1.0,0,6406fc7d8b2737bb0eb5acdd110d246be5ff806babf30cb544b71ce51ac544d6,577841,7236,8.762601601358728,7,8.0,20,2.397895272798372,2.3978952727983716,2.397895272798372,1.0924776914211118,1.2382281289202237,1.2275641142556644,0.8369024676714432,1.165807673042588,1.1489484611808358,0.7985012780219721,1.1697578058504998,1.1518956049300013,0.7340394481420855,1.1935568030196242,1.1739457613425737,-0.10286301952935761,0.02774912997703627,0.024997300161737845,0.32890520537114476,0.45951735487753864,0.13061214950639388,0.07242045587763579,0.003950132807911899,0.6202214475742834,0.6456834058973348,0.6428830391072625,0.5309552803584464,0.5982511157997024,0.5941252859599843,0.5439374205897122,0.6035137684245953,0.5994952328560935,0.507650124568153,0.5902766233282066,0.5860773879638447,53223.10310306425,138.0823166368153,1.6968949940413556,0.005986897974038578,0.0,5.0,36.45328911000553,-0.013237145096388625,-0.013417844892248842,-0.03628729602155922,0.0230501509251706,True,1.2531304756917447,0.6426051876250747,1.281158977705163,0.5728696966521802,0.46554172802988864,0.5773013431682319,-0.08760217468553888
Localization,"repeat=2,fold=1",2,1,4,3,dKDB-generative-init,0.01,fixed-0.01,adagrad,164860,4,11,65944,16486,82430,1.0,0,6406fc7d8b2737bb0eb5acdd110d246be5ff806babf30cb544b71ce51ac544d6,577841,7236,8.762601601358728,0,1.0,20,0.6426051876250747,1.281158977705163,1.2531304756917447,0.6434029376953214,1.3179229420893015,1.2893126014087717,0.6426051876250747,1.281158977705163,1.2531304756917447,0.6304876359494408,1.3776816315707638,1.3459420772449218,0.6258859901807153,1.409850405461516,1.3767161923792404,-0.016719197444359346,0.1286914277563529,0.12358571668749563,0.6385537900800884,0.7839644152808006,0.14541062520071224,0.036763964384138426,0.09652265386560077,0.46544988242454916,0.5786315156444745,0.5742192608066874,0.46301711143620267,0.5794649440087001,0.5751790447204379,0.46554172802988864,0.5773013431682319,0.5728696966521802,0.46197613182829145,0.5796006850667179,0.5753610632975152,596668.840936483,786.6499284868968,1.7922375319998707,0.005986897974038578,1974.0,5.0,36.45328911000553,0.002299341898486018,0.0024913666453350025,-0.0035655962015971876,0.005864938100083206,True,1.2531304756917447,0.6426051876250747,1.281158977705163,0.5728696966521802,0.46554172802988864,0.5773013431682319,0.1286914277563529
Localization,"repeat=2,fold=1",2,1,4,3,dKDB-generative-init,0.001,validation-selected,adagrad,164860,4,11,65944,16486,82430,1.0,0,6406fc7d8b2737bb0eb5acdd110d246be5ff806babf30cb544b71ce51ac544d6,577841,7236,8.762601601358728,0,1.0,20,0.6426051876250747,1.281158977705163,1.2531304756917447,0.6427148956643217,1.2849763546828612,1.2570063635104038,0.6426051876250747,1.281158977705163,1.2531304756917447,0.6403007726793636,1.2921749284492667,1.2638290418096456,0.6392667930541035,1.296794498762132,1.268234877070595,-0.0033383945709711815,0.01563552105696897,0.015104401378850163,0.6385537900800884,0.6575277057080285,0.018973915627940152,0.003817376977698128,0.011015950744103664,0.46529913428567726,0.5770104626723526,0.5725962632233712,0.46546648716085814,0.5782146889004782,0.5738624101673726,0.46554172802988864,0.5773013431682319,0.5728696966521802,0.4654734831214145,0.5786382112883784,0.5743121481954117,580376.8633760902,763.5273098251442,1.1800170148980698,0.005986897974038578,1974.0,5.0,36.45328911000553,0.0013368681201465504,0.0014424515432314156,-6.824490847412434e-05,0.0014051130286206748,True,1.2531304756917447,0.6426051876250747,1.281158977705163,0.5728696966521802,0.46554172802988864,0.5773013431682319,0.01563552105696897
Localization,"repeat=2,fold=1",2,1,5,3,dKDB-current,0.01,fixed-0.01,adagrad,164860,4,11,65944,16486,82430,1.0,0,6406fc7d8b2737bb0eb5acdd110d246be5ff806babf30cb544b71ce51ac544d6,577841,7236,8.762601601358728,20,,20,2.397895272798372,2.3978952727983716,2.397895272798372,1.3117473999640339,1.3704685540506132,1.3654750901049946,0.9404683901874052,1.173990268235056,1.160026296707744,1.0238499082334418,1.2012424162871729,1.1892957758586342,0.9404683901874052,1.173990268235056,1.160026296707744,0.0,0.0,0.0,0.2335218780476508,0.2335218780476508,0.0,0.19647828581555715,0.027252148052116842,0.6844611364769986,0.6939257681852925,0.6927114413333494,0.6031109404738312,0.6342548812426302,0.6312633173108319,0.5778197084115196,0.6194811711129884,0.6160686109750282,0.5778197084115196,0.6194811711129884,0.6160686109750282,22538.06461384871,59.962306654697535,0.6876978156744464,0.005986897974038578,0.0,5.0,36.45328911000553,0.0,0.0,0.0,0.0,False,1.2531304756917447,0.6426051876250747,1.281158977705163,0.5728696966521802,0.46554172802988864,0.5773013431682319,-0.10716870947010704
Localization,"repeat=2,fold=1",2,1,5,3,dKDB-current,0.03,validation-selected,adagrad,164860,4,11,65944,16486,82430,1.0,0,6406fc7d8b2737bb0eb5acdd110d246be5ff806babf30cb544b71ce51ac544d6,577841,7236,8.762601601358728,7,8.0,20,2.397895272798372,2.3978952727983716,2.397895272798372,1.0924776914211118,1.2382281289202237,1.2275641142556644,0.8369024676714432,1.165807673042588,1.1489484611808358,0.7985012780219721,1.1697578058504998,1.1518956049300013,0.7340394481420855,1.1935568030196242,1.1739457613425737,-0.10286301952935761,0.02774912997703627,0.024997300161737845,0.32890520537114476,0.45951735487753864,0.13061214950639388,0.07242045587763579,0.003950132807911899,0.6202214475742834,0.6456834058973348,0.6428830391072625,0.5309552803584464,0.5982511157997024,0.5941252859599843,0.5439374205897122,0.6035137684245953,0.5994952328560935,0.507650124568153,0.5902766233282066,0.5860773879638447,53223.10310306425,138.0823166368153,1.6968949940413556,0.005986897974038578,0.0,5.0,36.45328911000553,-0.013237145096388625,-0.013417844892248842,-0.03628729602155922,0.0230501509251706,True,1.2531304756917447,0.6426051876250747,1.281158977705163,0.5728696966521802,0.46554172802988864,0.5773013431682319,-0.08760217468553888
Localization,"repeat=2,fold=1",2,1,5,3,dKDB-generative-init,0.01,fixed-0.01,adagrad,164860,4,11,65944,16486,82430,1.0,0,6406fc7d8b2737bb0eb5acdd110d246be5ff806babf30cb544b71ce51ac544d6,577841,7236,8.762601601358728,0,1.0,20,0.6426051876250747,1.281158977705163,1.2531304756917447,0.6434029376953214,1.3179229420893015,1.2893126014087717,0.6426051876250747,1.281158977705163,1.2531304756917447,0.6304876359494408,1.3776816315707638,1.3459420772449218,0.6258859901807153,1.409850405461516,1.3767161923792404,-0.016719197444359346,0.1286914277563529,0.12358571668749563,0.6385537900800884,0.7839644152808006,0.14541062520071224,0.036763964384138426,0.09652265386560077,0.46544988242454916,0.5786315156444745,0.5742192608066874,0.46301711143620267,0.5794649440087001,0.5751790447204379,0.46554172802988864,0.5773013431682319,0.5728696966521802,0.46197613182829145,0.5796006850667179,0.5753610632975152,596668.840936483,786.6499284868968,1.7922375319998707,0.005986897974038578,1974.0,5.0,36.45328911000553,0.002299341898486018,0.0024913666453350025,-0.0035655962015971876,0.005864938100083206,True,1.2531304756917447,0.6426051876250747,1.281158977705163,0.5728696966521802,0.46554172802988864,0.5773013431682319,0.1286914277563529
Localization,"repeat=2,fold=1",2,1,5,3,dKDB-generative-init,0.001,validation-selected,adagrad,164860,4,11,65944,16486,82430,1.0,0,6406fc7d8b2737bb0eb5acdd110d246be5ff806babf30cb544b71ce51ac544d6,577841,7236,8.762601601358728,0,1.0,20,0.6426051876250747,1.281158977705163,1.2531304756917447,0.6427148956643217,1.2849763546828612,1.2570063635104038,0.6426051876250747,1.281158977705163,1.2531304756917447,0.6403007726793636,1.2921749284492667,1.2638290418096456,0.6392667930541035,1.296794498762132,1.268234877070595,-0.0033383945709711815,0.01563552105696897,0.015104401378850163,0.6385537900800884,0.6575277057080285,0.018973915627940152,0.003817376977698128,0.011015950744103664,0.46529913428567726,0.5770104626723526,0.5725962632233712,0.46546648716085814,0.5782146889004782,0.5738624101673726,0.46554172802988864,0.5773013431682319,0.5728696966521802,0.4654734831214145,0.5786382112883784,0.5743121481954117,580376.8633760902,763.5273098251442,1.1800170148980698,0.005986897974038578,1974.0,5.0,36.45328911000553,0.0013368681201465504,0.0014424515432314156,-6.824490847412434e-05,0.0014051130286206748,True,1.2531304756917447,0.6426051876250747,1.281158977705163,0.5728696966521802,0.46554172802988864,0.5773013431682319,0.01563552105696897
Localization,"repeat=2,fold=2",2,2,0,0,dKDB-current,0.01,fixed-0.01,adagrad,164860,4,11,65944,16486,82430,1.0,0,b24eb3e0b4f97bc948767862270e34a98cefdab00ee4ec5394c875d94b910736,847,4,0.012844231469125318,20,,20,2.397895272798372,2.3978952727983716,2.397895272798372,1.3807477439212557,1.3987346371426064,1.3967986809570099,1.3218193598110648,1.3478023663863494,1.3453093451344948,1.328128522576071,1.3527725384760925,1.3503191698199972,1.3218193598110648,1.3478023663863494,1.3453093451344948,0.0,0.0,0.0,0.02598300657528463,0.02598300657528463,0.0,0.05093227075625695,0.004970172089743041,0.6928136375388748,0.6962618948251516,0.696071223774809,0.6728326821242507,0.6770773108896426,0.6769038726362966,0.6700232500553635,0.6743684548225259,0.6741923127570871,0.6700232500553635,0.6743684548225259,0.6741923127570871,174.72515287949818,7.741917744012513,0.8859046760986187,0.0,0.0,65944.0,65944.0,0.0,0.0,0.0,0.0,False,1.4029994214252528,1.3764952229022527,1.40493303240383,0.6821691729025364,0.6776353567265547,0.6825130470551359,-0.057130666017480625
Localization,"repeat=2,fold=2",2,2,0,0,dKDB-current,0.03,validation-selected,adagrad,164860,4,11,65944,16486,82430,1.0,0,b24eb3e0b4f97bc948767862270e34a98cefdab00ee4ec5394c875d94b910736,847,4,0.012844231469125318,20,,20,2.397895272798372,2.3978952727983716,2.397895272798372,1.3489246866064788,1.3737681624661653,1.371163263544694,1.316722318331999,1.3458603354667995,1.3428388628398102,1.3194754543516065,1.3479243768777522,1.3450844110395228,1.316722318331999,1.3458603354667995,1.3428388628398102,0.0,0.0,0.0,0.029138017134800576,0.029138017134800576,0.0,0.02790782699936578,0.0020640414109527327,0.6768068516293908,0.6810051168189402,0.6807956087005697,0.6685079148621648,0.6730153265173845,0.6727675018969488,0.6671871160997564,0.6717402805181707,0.6714657161687987,0.6671871160997564,0.6717402805181707,0.6714657161687987,244.99568144723526,10.607144904509175,1.4176939912063204,0.0,0.0,65944.0,65944.0,0.0,0.0,0.0,0.0,False,1.4029994214252528,1.3764952229022527,1.40493303240383,0.6821691729025364,0.6776353567265547,0.6825130470551359,-0.059072696937030544
Localization,"repeat=2,fold=2",2,2,0,0,dKDB-generative-init,0.01,fixed-0.01,adagrad,164860,4,11,65944,16486,82430,1.0,0,b24eb3e0b4f97bc948767862270e34a98cefdab00ee4ec5394c875d94b910736,847,4,0.012844231469125318,20,,20,1.3764952229022527,1.40493303240383,1.4029994214252528,1.3535129716546588,1.3836490027085644,1.3807985693061184,1.3198079820717223,1.3519232978538092,1.3478965584894091,1.3242360714373265,1.3559640712449963,1.3520299921339403,1.3198079820717223,1.3519232978538092,1.3478965584894091,0.0,0.0,0.0,0.03211531578208682,0.03211531578208682,0.0,0.03172570485475523,0.004040773391187136,0.6707725091685302,0.6752321433902972,0.6750608933790557,0.6681787852757922,0.6726626155475488,0.6724517793445722,0.6674700537215795,0.6719658334060955,0.6717459185633443,0.6674700537215795,0.6719658334060955,0.6717459185633443,924.0903599697369,31.99447723818597,2.031567481065462,0.0,0.0,65944.0,65944.0,0.0,0.0,0.0,0.0,False,1.4029994214252528,1.3764952229022527,1.40493303240383,0.6821691729025364,0.6776353567265547,0.6825130470551359,-0.05300973455002089
Localization,"repeat=2,fold=2",2,2,0,0,dKDB-generative-init,0.03,validation-selected,adagrad,164860,4,11,65944,16486,82430,1.0,0,b24eb3e0b4f97bc948767862270e34a98cefdab00ee4ec5394c875d94b910736,847,4,0.012844231469125318,20,,20,1.3764952229022527,1.40493303240383,1.4029994214252528,1.3586739466316404,1.392426246742897,1.3876858976158133,1.317307595304049,1.351481040301024,1.346863298761095,1.3207281427750317,1.3550087901614214,1.3502403889688304,1.317307595304049,1.351481040301024,1.346863298761095,0.0,0.0,0.0,0.034173444996975055,0.034173444996975055,0.0,0.04094520644187294,0.003527749860397389,0.6705281297482124,0.6750397314193056,0.6747669020906237,0.6676008802661063,0.6721549377166235,0.6718781208759411,0.6667723305269866,0.671347295625098,0.6710585822692394,0.6667723305269866,0.671347295625098,0.6710585822692394,1006.3707878379712,35.07658215538261,2.4902056369073864,0.0,0.0,65944.0,65944.0,0.0,0.0,0.0,0.0,False,1.4029994214252528,1.3764952229022527,1.40493303240383,0.6821691729025364,0.6776353567265547,0.6825130470551359,-0.053451992102806045
Localization,"repeat=2,fold=2",2,2,1,1,dKDB-current,0.01,fixed-0.01,adagrad,164860,4,11,65944,16486,82430,1.0,0,1f81fd561639db2a83073e8834083541b8242afcbbb817d2cbf99158d53a2828,14399,76,0.21835193497513042,20,,20,2.397895272798372,2.3978952727983716,2.397895272798372,1.2643235916347504,1.2962933194488464,1.2968951312668704,1.1017399831203412,1.1762381784165286,1.1805398672795708,1.1258324546919816,1.1878278164016332,1.1917141045014847,1.1017399831203412,1.1762381784165286,1.1805398672795708,0.0,0.0,0.0,0.0744981952961874,0.0744981952961874,0.0,0.12005514103231785,0.011589637985104595,0.6669158204791483,0.6720833366136941,0.6725262466044991,0.6242098113639225,0.6328772812023122,0.6342207847828515,0.615723756244038,0.6257958931093115,0.6271173772600416,0.615723756244038,0.6257958931093115,0.6271173772600416,2037.0375428448233,23.758142301836045,1.3546450640066094,0.0,0.0,2185.0,3470.7368421052633,0.0,0.0,0.0,0.0,False,1.239048589847076,1.1152439101081792,1.2350470280873402,0.6216317414175291,0.6069259570801299,0.6206675911522301,-0.05880884967081168
Localization,"repeat=2,fold=2",2,2,1,1,dKDB-current,0.01,validation-selected,adagrad,164860,4,11,65944,16486,82430,1.0,0,1f81fd561639db2a83073e8834083541b8242afcbbb817d2cbf99158d53a2828,14399,76,0.21835193497513042,20,,20,2.397895272798372,2.3978952727983716,2.397895272798372,1.2643235916347504,1.2962933194488464,1.2968951312668704,1.1017399831203412,1.1762381784165286,1.1805398672795708,1.1258324546919816,1.1878278164016332,1.1917141045014847,1.1017399831203412,1.1762381784165286,1.1805398672795708,0.0,0.0,0.0,0.0744981952961874,0.0744981952961874,0.0,0.12005514103231785,0.011589637985104595,0.6669158204791483,0.6720833366136941,0.6725262466044991,0.6242098113639225,0.6328772812023122,0.6342207847828515,0.615723756244038,0.6257958931093115,0.6271173772600416,0.615723756244038,0.6257958931093115,0.6271173772600416,2037.0375428448233,23.758142301836045,1.3546450640066094,0.0,0.0,2185.0,3470.7368421052633,0.0,0.0,0.0,0.0,False,1.239048589847076,1.1152439101081792,1.2350470280873402,0.6216317414175291,0.6069259570801299,0.6206675911522301,-0.05880884967081168
Localization,"repeat=2,fold=2",2,2,1,1,dKDB-generative-init,0.01,fixed-0.01,adagrad,164860,4,11,65944,16486,82430,1.0,0,1f81fd561639db2a83073e8834083541b8242afcbbb817d2cbf99158d53a2828,14399,76,0.21835193497513042,12,13.0,20,1.1152439101081792,1.2350470280873402,1.239048589847076,1.1035625586778604,1.2366379654359716,1.2423464586599111,1.073270559552633,1.2227095555515788,1.228393032957387,1.0750415690368191,1.2227971531263022,1.2284876622938732,1.0688070981197029,1.2234143441260867,1.2290583558938313,-0.004463461432930194,0.000704788574507953,0.0006653229364441682,0.14943899599894572,0.15460724600638387,0.0051682500074381466,0.013928409884392812,8.759757472343033e-05,0.6018079377203731,0.6159474214134648,0.6171056395717943,0.5989994650593757,0.6140326012480462,0.6151067751112734,0.5987757627866713,0.6138857004617044,0.6149502541744097,0.598166416247309,0.613494447875308,0.6145304084249742,15708.671929153938,131.74411449088745,1.8905144175069994,0.0,0.0,2185.0,3470.7368421052633,-0.0003912525863963845,-0.0004198457494355434,-0.0006093465393622877,0.00021809395296590317,True,1.239048589847076,1.1152439101081792,1.2350470280873402,0.6216317414175291,0.6069259570801299,0.6206675911522301,-0.011632683961253498
Localization,"repeat=2,fold=2",2,2,1,1,dKDB-generative-init,0.003,validation-selected,adagrad,164860,4,11,65944,16486,82430,1.0,0,1f81fd561639db2a83073e8834083541b8242afcbbb817d2cbf99158d53a2828,14399,76,0.21835193497513042,20,,20,1.1152439101081792,1.2350470280873402,1.239048589847076,1.1085642146251942,1.2329611437450667,1.237300178562487,1.085865900999526,1.2192034290323466,1.2242420975372825,1.091939577513374,1.2220477467307822,1.2269840407871908,1.085865900999526,1.2192034290323466,1.2242420975372825,0.0,0.0,0.0,0.13333752803282062,0.13333752803282062,0.0,0.013757714712720137,0.0028443176984356278,0.6033866842035362,0.617097213647471,0.6181678958092921,0.6026858914308103,0.616814572455701,0.6179641837614069,0.6019405653749423,0.6162652051779394,0.6173949730072592,0.6019405653749423,0.6162652051779394,0.6173949730072592,14888.696497530189,124.22409228238719,1.4572212435116405,0.0,0.0,2185.0,3470.7368421052633,0.0,0.0,0.0,0.0,False,1.239048589847076,1.1152439101081792,1.2350470280873402,0.6216317414175291,0.6069259570801299,0.6206675911522301,-0.015843599054993662
Localization,"repeat=2,fold=2",2,2,2,2,dKDB-current,0.01,fixed-0.01,adagrad,164860,4,11,65944,16486,82430,1.0,0,2e80984a2d1f88f6edb05b7b73b84f517fafdae7c05f4c6a19a1e8be4af3c73f,155672,1029,2.360669659104695,20,,20,2.397895272798372,2.3978952727983716,2.397895272798372,1.2842565598158258,1.3387538874335405,1.3383963620321928,0.9575867085886208,1.1391774393410874,1.1404082305814818,1.0246825629974472,1.165683800837489,1.1670740272320426,0.9575867085886208,1.1391774393410874,1.1404082305814818,0.0,0.0,0.0,0.18159073075246657,0.18159073075246657,0.0,0.19957644809245312,0.02650636149640162,0.6740430315008377,0.6829399342791227,0.683120975665752,0.6004553014397648,0.6233237301276362,0.6241369762386483,0.580463343201549,0.6100014515934317,0.610751785339809,0.580463343201549,0.6100014515934317,0.610751785339809,10881.919384436924,47.247488486199785,0.8827283956468669,0.00024263011039670022,0.0,86.0,256.3420796890185,0.0,0.0,0.0,0.0,False,1.221658367970319,0.7901600437936922,1.2236357884308102,0.581595868020952,0.5163290337091461,0.5830173083386397,-0.08445834908972283
Localization,"repeat=2,fold=2",2,2,2,2,dKDB-current,0.03,validation-selected,adagrad,164860,4,11,65944,16486,82430,1.0,0,2e80984a2d1f88f6edb05b7b73b84f517fafdae7c05f4c6a19a1e8be4af3c73f,155672,1029,2.360669659104695,6,7.0,20,2.397895272798372,2.3978952727983716,2.397895272798372,1.0771078555953344,1.2002507007825514,1.2004765671186428,0.8911798577568183,1.1332375125494092,1.133130348715333,0.853453593074436,1.1379239700635413,1.1376135653016608,0.813461212061916,1.1600353875879903,1.1595903062284807,-0.07771864569490228,0.02679787503858111,0.02645995751314767,0.2420576547925909,0.3465741755260743,0.10451652073348339,0.06701318823314217,0.004686457514132103,0.6127806089840785,0.6328139003288622,0.6333737171367809,0.5463476134294135,0.5922904782901799,0.5924728028591819,0.5589607028836941,0.5983990335322457,0.5987187849838705,0.5318974555978608,0.5865310497854749,0.5865648880706353,24152.934431564343,102.41792033700015,1.9127680985518059,0.00024263011039670022,0.0,86.0,256.3420796890185,-0.011867983746770783,-0.012153896913235207,-0.027063247285833314,0.015195263539062531,True,1.221658367970319,0.7901600437936922,1.2236357884308102,0.581595868020952,0.5163290337091461,0.5830173083386397,-0.06360040084281993
Localization,"repeat=2,fold=2",2,2,2,2,dKDB-generative-init,0.01,fixed-0.01,adagrad,164860,4,11,65944,16486,82430,1.0,0,2e80984a2d1f88f6edb05b7b73b84f517fafdae7c05f4c6a19a1e8be4af3c73f,155672,1029,2.360669659104695,0,1.0,20,0.7901600437936922,1.2236357884308102,1.221658367970319,0.7901854902450535,1.253878575129682,1.2525278516448037,0.7901600437936922,1.2236357884308102,1.221658367970319,0.7761042873668178,1.2943066292742038,1.2920789110914135,0.7709770022800062,1.316617249743755,1.314136262728389,-0.019183041513685994,0.09298146131294471,0.09247789475807,0.433475744637118,0.5456402474637487,0.11216450282663071,0.030242786698871704,0.07067084084339359,0.5147772662353293,0.5825749201800903,0.5811956839266246,0.512442395998972,0.5828331942636439,0.5814586820110117,0.5163290337091461,0.5830173083386397,0.581595868020952,0.5113709447860048,0.5827428249193914,0.581400332844675,163966.86711554494,417.0148634478123,1.7550458112294933,0.00024263011039670022,80.0,86.0,256.3420796890185,-0.0002744834192482948,-0.00019553517627701744,-0.004958088923141313,0.004683605503893018,True,1.221658367970319,0.7901600437936922,1.2236357884308102,0.581595868020952,0.5163290337091461,0.5830173083386397,0.09298146131294471
Localization,"repeat=2,fold=2",2,2,2,2,dKDB-generative-init,0.001,validation-selected,adagrad,164860,4,11,65944,16486,82430,1.0,0,2e80984a2d1f88f6edb05b7b73b84f517fafdae7c05f4c6a19a1e8be4af3c73f,155672,1029,2.360669659104695,0,1.0,20,0.7901600437936922,1.2236357884308102,1.221658367970319,0.7900024392827178,1.2266899816202304,1.224618454553473,0.7901600437936922,1.2236357884308102,1.221658367970319,0.7876587714535994,1.2315500076784076,1.229527041383464,0.7865646970953237,1.2346953637251417,1.232669017863809,-0.0035953466983684734,0.011059575294331436,0.011010649893489877,0.433475744637118,0.44813066662981793,0.01465492199269991,0.003054193189420129,0.007914219247597387,0.5156172260140173,0.5822023313915526,0.5807899387932439,0.5157947650431804,0.5830481993223624,0.5816249759433529,0.5163290337091461,0.5830173083386397,0.581595868020952,0.5157587916706472,0.5832979991022064,0.5818727146997982,156782.6132838036,397.39616098755954,1.1360717084955376,0.00024263011039670022,80.0,86.0,256.3420796890185,0.0002806907635666267,0.00027684667884619873,-0.0005702420384988693,0.000850932802065496,True,1.221658367970319,0.7901600437936922,1.2236357884308102,0.581595868020952,0.5163290337091461,0.5830173083386397,0.011059575294331436
Localization,"repeat=2,fold=2",2,2,3,3,dKDB-current,0.01,fixed-0.01,adagrad,164860,4,11,65944,16486,82430,1.0,0,3ed21bdaccfb2e8924ce3b8bf8aed9d50e78725c73fd3c8341cab0b0ecb966e6,490886,6108,7.443982773262162,20,,20,2.397895272798372,2.3978952727983716,2.397895272798372,1.318574942191027,1.3773696739826848,1.376852490469891,0.9579088073687609,1.171311943521947,1.1732785175927565,1.03921911089297,1.2021722661215526,1.2038979756341075,0.9579088073687609,1.171311943521947,1.1732785175927565,0.0,0.0,0.0,0.21340313615318607,0.21340313615318607,0.0,0.20605773046073783,0.030860322599605583,0.6841682580568347,0.6938733503573998,0.6940137692714031,0.6070233013963782,0.6342859432091924,0.6351281286881798,0.5829501590344361,0.6190975385454277,0.6200173901968742,0.5829501590344361,0.6190975385454277,0.6200173901968742,20516.79226469959,58.63411703533994,0.7708150485369764,0.0051376925876501275,0.0,5.0,43.18533071381794,0.0,0.0,0.0,0.0,False,1.256167642470369,0.6809240415870659,1.2502310132572432,0.5759794702168883,0.4791866724398088,0.5757147367202147,-0.07891906973529617
Localization,"repeat=2,fold=2",2,2,3,3,dKDB-current,0.03,validation-selected,adagrad,164860,4,11,65944,16486,82430,1.0,0,3ed21bdaccfb2e8924ce3b8bf8aed9d50e78725c73fd3c8341cab0b0ecb966e6,490886,6108,7.443982773262162,7,8.0,20,2.397895272798372,2.3978952727983716,2.397895272798372,1.1050220849284451,1.2428379395899245,1.2428775720740906,0.8571896527275792,1.1593186427335678,1.1607821716880125,0.8210031374564554,1.161275326580477,1.1631548331429624,0.7612391571506668,1.1808412121232614,1.183845119265746,-0.09595049557691238,0.021522569389693658,0.023062947577733528,0.3021289900059886,0.4196020549725946,0.11747306496660603,0.08351929685635673,0.0019566838469091685,0.6228380285909128,0.6457697131170068,0.6462897341410524,0.5383670958061716,0.5969228734522121,0.5977641051665707,0.5505716448262702,0.6024767831846702,0.603287117637369,0.5167833885019594,0.5885291513887988,0.5894264449803706,48738.18947981599,135.8734572835631,1.8895435496055024,0.0051376925876501275,0.0,5.0,43.18533071381794,-0.01394763179587144,-0.013860672656998418,-0.03378825632431082,0.019840624528439377,True,1.256167642470369,0.6809240415870659,1.2502310132572432,0.5759794702168883,0.4791866724398088,0.5757147367202147,-0.06938980113398174
Localization,"repeat=2,fold=2",2,2,3,3,dKDB-generative-init,0.01,fixed-0.01,adagrad,164860,4,11,65944,16486,82430,1.0,0,3ed21bdaccfb2e8924ce3b8bf8aed9d50e78725c73fd3c8341cab0b0ecb966e6,490886,6108,7.443982773262162,0,1.0,20,0.6809240415870659,1.2502310132572432,1.256167642470369,0.6819007169218089,1.2863956092131041,1.2919706309433059,0.6809240415870659,1.2502310132572432,1.256167642470369,0.6693095746248289,1.3400840303288446,1.346714802502914,0.6649647941382556,1.3689766691582903,1.3762756363134296,-0.015959247448810276,0.11874565590104713,0.1201079938430607,0.5693069716701773,0.7040118750200347,0.1347049033498574,0.03616459595586097,0.08985301707160143,0.47932399118613006,0.5772799550950501,0.5775128691175367,0.4769080728211937,0.5779829282469748,0.5780844245247743,0.4791866724398088,0.5757147367202147,0.5759794702168883,0.4759443782898791,0.5780872887437838,0.5781611021499308,508123.239822092,727.0300205887855,1.860897284966358,0.0051376925876501275,1694.0,5.0,43.18533071381794,0.002372552023569119,0.0021816319330424383,-0.0032422941499296587,0.005614846173498778,True,1.256167642470369,0.6809240415870659,1.2502310132572432,0.5759794702168883,0.4791866724398088,0.5757147367202147,0.11874565590104713
Localization,"repeat=2,fold=2",2,2,3,3,dKDB-generative-init,0.001,validation-selected,adagrad,164860,4,11,65944,16486,82430,1.0,0,3ed21bdaccfb2e8924ce3b8bf8aed9d50e78725c73fd3c8341cab0b0ecb966e6,490886,6108,7.443982773262162,0,1.0,20,0.6809240415870659,1.2502310132572432,1.256167642470369,0.6810092389224591,1.2541746648488983,1.2598630265128063,0.6809240415870659,1.2502310132572432,1.256167642470369,0.6786365338824212,1.2609509619348382,1.2666699390845195,0.677629423359322,1.265279013107719,1.2710377511623419,-0.0032946182277439062,0.01504799985047578,0.014870108691972916,0.5693069716701773,0.587649589748397,0.018342618078219686,0.003943651591655106,0.01071994867759507,0.4789598739042451,0.5755038932976576,0.5757413222388256,0.47922159217811167,0.5767416551909473,0.5769496762640048,0.4791866724398088,0.5757147367202147,0.5759794702168883,0.47925615222199,0.5771752443258086,0.5773691401690693,493175.2822733004,703.933882921812,1.1907090224941261,0.0051376925876501275,1694.0,5.0,43.18533071381794,0.0014605076055939081,0.0013896699521809275,6.947978218119211e-05,0.001391027823412716,True,1.256167642470369,0.6809240415870659,1.2502310132572432,0.5759794702168883,0.4791866724398088,0.5757147367202147,0.01504799985047578
Localization,"repeat=2,fold=2",2,2,4,3,dKDB-current,0.01,fixed-0.01,adagrad,164860,4,11,65944,16486,82430,1.0,0,3ed21bdaccfb2e8924ce3b8bf8aed9d50e78725c73fd3c8341cab0b0ecb966e6,490886,6108,7.443982773262162,20,,20,2.397895272798372,2.3978952727983716,2.397895272798372,1.318574942191027,1.3773696739826848,1.376852490469891,0.9579088073687609,1.171311943521947,1.1732785175927565,1.03921911089297,1.2021722661215526,1.2038979756341075,0.9579088073687609,1.171311943521947,1.1732785175927565,0.0,0.0,0.0,0.21340313615318607,0.21340313615318607,0.0,0.20605773046073783,0.030860322599605583,0.6841682580568347,0.6938733503573998,0.6940137692714031,0.6070233013963782,0.6342859432091924,0.6351281286881798,0.5829501590344361,0.6190975385454277,0.6200173901968742,0.5829501590344361,0.6190975385454277,0.6200173901968742,20516.79226469959,58.63411703533994,0.7708150485369764,0.0051376925876501275,0.0,5.0,43.18533071381794,0.0,0.0,0.0,0.0,False,1.256167642470369,0.6809240415870659,1.2502310132572432,0.5759794702168883,0.4791866724398088,0.5757147367202147,-0.07891906973529617
Localization,"repeat=2,fold=2",2,2,4,3,dKDB-current,0.03,validation-selected,adagrad,164860,4,11,65944,16486,82430,1.0,0,3ed21bdaccfb2e8924ce3b8bf8aed9d50e78725c73fd3c8341cab0b0ecb966e6,490886,6108,7.443982773262162,7,8.0,20,2.397895272798372,2.3978952727983716,2.397895272798372,1.1050220849284451,1.2428379395899245,1.2428775720740906,0.8571896527275792,1.1593186427335678,1.1607821716880125,0.8210031374564554,1.161275326580477,1.1631548331429624,0.7612391571506668,1.1808412121232614,1.183845119265746,-0.09595049557691238,0.021522569389693658,0.023062947577733528,0.3021289900059886,0.4196020549725946,0.11747306496660603,0.08351929685635673,0.0019566838469091685,0.6228380285909128,0.6457697131170068,0.6462897341410524,0.5383670958061716,0.5969228734522121,0.5977641051665707,0.5505716448262702,0.6024767831846702,0.603287117637369,0.5167833885019594,0.5885291513887988,0.5894264449803706,48738.18947981599,135.8734572835631,1.8895435496055024,0.0051376925876501275,0.0,5.0,43.18533071381794,-0.01394763179587144,-0.013860672656998418,-0.03378825632431082,0.019840624528439377,True,1.256167642470369,0.6809240415870659,1.2502310132572432,0.5759794702168883,0.4791866724398088,0.5757147367202147,-0.06938980113398174
Localization,"repeat=2,fold=2",2,2,4,3,dKDB-generative-init,0.01,fixed-0.01,adagrad,164860,4,11,65944,16486,82430,1.0,0,3ed21bdaccfb2e8924ce3b8bf8aed9d50e78725c73fd3c8341cab0b0ecb966e6,490886,6108,7.443982773262162,0,1.0,20,0.6809240415870659,1.2502310132572432,1.256167642470369,0.6819007169218089,1.2863956092131041,1.2919706309433059,0.6809240415870659,1.2502310132572432,1.256167642470369,0.6693095746248289,1.3400840303288446,1.346714802502914,0.6649647941382556,1.3689766691582903,1.3762756363134296,-0.015959247448810276,0.11874565590104713,0.1201079938430607,0.5693069716701773,0.7040118750200347,0.1347049033498574,0.03616459595586097,0.08985301707160143,0.47932399118613006,0.5772799550950501,0.5775128691175367,0.4769080728211937,0.5779829282469748,0.5780844245247743,0.4791866724398088,0.5757147367202147,0.5759794702168883,0.4759443782898791,0.5780872887437838,0.5781611021499308,508123.239822092,727.0300205887855,1.860897284966358,0.0051376925876501275,1694.0,5.0,43.18533071381794,0.002372552023569119,0.0021816319330424383,-0.0032422941499296587,0.005614846173498778,True,1.256167642470369,0.6809240415870659,1.2502310132572432,0.5759794702168883,0.4791866724398088,0.5757147367202147,0.11874565590104713
Localization,"repeat=2,fold=2",2,2,4,3,dKDB-generative-init,0.001,validation-selected,adagrad,164860,4,11,65944,16486,82430,1.0,0,3ed21bdaccfb2e8924ce3b8bf8aed9d50e78725c73fd3c8341cab0b0ecb966e6,490886,6108,7.443982773262162,0,1.0,20,0.6809240415870659,1.2502310132572432,1.256167642470369,0.6810092389224591,1.2541746648488983,1.2598630265128063,0.6809240415870659,1.2502310132572432,1.256167642470369,0.6786365338824212,1.2609509619348382,1.2666699390845195,0.677629423359322,1.265279013107719,1.2710377511623419,-0.0032946182277439062,0.01504799985047578,0.014870108691972916,0.5693069716701773,0.587649589748397,0.018342618078219686,0.003943651591655106,0.01071994867759507,0.4789598739042451,0.5755038932976576,0.5757413222388256,0.47922159217811167,0.5767416551909473,0.5769496762640048,0.4791866724398088,0.5757147367202147,0.5759794702168883,0.47925615222199,0.5771752443258086,0.5773691401690693,493175.2822733004,703.933882921812,1.1907090224941261,0.0051376925876501275,1694.0,5.0,43.18533071381794,0.0014605076055939081,0.0013896699521809275,6.947978218119211e-05,0.001391027823412716,True,1.256167642470369,0.6809240415870659,1.2502310132572432,0.5759794702168883,0.4791866724398088,0.5757147367202147,0.01504799985047578
Localization,"repeat=2,fold=2",2,2,5,3,dKDB-current,0.01,fixed-0.01,adagrad,164860,4,11,65944,16486,82430,1.0,0,3ed21bdaccfb2e8924ce3b8bf8aed9d50e78725c73fd3c8341cab0b0ecb966e6,490886,6108,7.443982773262162,20,,20,2.397895272798372,2.3978952727983716,2.397895272798372,1.318574942191027,1.3773696739826848,1.376852490469891,0.9579088073687609,1.171311943521947,1.1732785175927565,1.03921911089297,1.2021722661215526,1.2038979756341075,0.9579088073687609,1.171311943521947,1.1732785175927565,0.0,0.0,0.0,0.21340313615318607,0.21340313615318607,0.0,0.20605773046073783,0.030860322599605583,0.6841682580568347,0.6938733503573998,0.6940137692714031,0.6070233013963782,0.6342859432091924,0.6351281286881798,0.5829501590344361,0.6190975385454277,0.6200173901968742,0.5829501590344361,0.6190975385454277,0.6200173901968742,20516.79226469959,58.63411703533994,0.7708150485369764,0.0051376925876501275,0.0,5.0,43.18533071381794,0.0,0.0,0.0,0.0,False,1.256167642470369,0.6809240415870659,1.2502310132572432,0.5759794702168883,0.4791866724398088,0.5757147367202147,-0.07891906973529617
Localization,"repeat=2,fold=2",2,2,5,3,dKDB-current,0.03,validation-selected,adagrad,164860,4,11,65944,16486,82430,1.0,0,3ed21bdaccfb2e8924ce3b8bf8aed9d50e78725c73fd3c8341cab0b0ecb966e6,490886,6108,7.443982773262162,7,8.0,20,2.397895272798372,2.3978952727983716,2.397895272798372,1.1050220849284451,1.2428379395899245,1.2428775720740906,0.8571896527275792,1.1593186427335678,1.1607821716880125,0.8210031374564554,1.161275326580477,1.1631548331429624,0.7612391571506668,1.1808412121232614,1.183845119265746,-0.09595049557691238,0.021522569389693658,0.023062947577733528,0.3021289900059886,0.4196020549725946,0.11747306496660603,0.08351929685635673,0.0019566838469091685,0.6228380285909128,0.6457697131170068,0.6462897341410524,0.5383670958061716,0.5969228734522121,0.5977641051665707,0.5505716448262702,0.6024767831846702,0.603287117637369,0.5167833885019594,0.5885291513887988,0.5894264449803706,48738.18947981599,135.8734572835631,1.8895435496055024,0.0051376925876501275,0.0,5.0,43.18533071381794,-0.01394763179587144,-0.013860672656998418,-0.03378825632431082,0.019840624528439377,True,1.256167642470369,0.6809240415870659,1.2502310132572432,0.5759794702168883,0.4791866724398088,0.5757147367202147,-0.06938980113398174
Localization,"repeat=2,fold=2",2,2,5,3,dKDB-generative-init,0.01,fixed-0.01,adagrad,164860,4,11,65944,16486,82430,1.0,0,3ed21bdaccfb2e8924ce3b8bf8aed9d50e78725c73fd3c8341cab0b0ecb966e6,490886,6108,7.443982773262162,0,1.0,20,0.6809240415870659,1.2502310132572432,1.256167642470369,0.6819007169218089,1.2863956092131041,1.2919706309433059,0.6809240415870659,1.2502310132572432,1.256167642470369,0.6693095746248289,1.3400840303288446,1.346714802502914,0.6649647941382556,1.3689766691582903,1.3762756363134296,-0.015959247448810276,0.11874565590104713,0.1201079938430607,0.5693069716701773,0.7040118750200347,0.1347049033498574,0.03616459595586097,0.08985301707160143,0.47932399118613006,0.5772799550950501,0.5775128691175367,0.4769080728211937,0.5779829282469748,0.5780844245247743,0.4791866724398088,0.5757147367202147,0.5759794702168883,0.4759443782898791,0.5780872887437838,0.5781611021499308,508123.239822092,727.0300205887855,1.860897284966358,0.0051376925876501275,1694.0,5.0,43.18533071381794,0.002372552023569119,0.0021816319330424383,-0.0032422941499296587,0.005614846173498778,True,1.256167642470369,0.6809240415870659,1.2502310132572432,0.5759794702168883,0.4791866724398088,0.5757147367202147,0.11874565590104713
Localization,"repeat=2,fold=2",2,2,5,3,dKDB-generative-init,0.001,validation-selected,adagrad,164860,4,11,65944,16486,82430,1.0,0,3ed21bdaccfb2e8924ce3b8bf8aed9d50e78725c73fd3c8341cab0b0ecb966e6,490886,6108,7.443982773262162,0,1.0,20,0.6809240415870659,1.2502310132572432,1.256167642470369,0.6810092389224591,1.2541746648488983,1.2598630265128063,0.6809240415870659,1.2502310132572432,1.256167642470369,0.6786365338824212,1.2609509619348382,1.2666699390845195,0.677629423359322,1.265279013107719,1.2710377511623419,-0.0032946182277439062,0.01504799985047578,0.014870108691972916,0.5693069716701773,0.587649589748397,0.018342618078219686,0.003943651591655106,0.01071994867759507,0.4789598739042451,0.5755038932976576,0.5757413222388256,0.47922159217811167,0.5767416551909473,0.5769496762640048,0.4791866724398088,0.5757147367202147,0.5759794702168883,0.47925615222199,0.5771752443258086,0.5773691401690693,493175.2822733004,703.933882921812,1.1907090224941261,0.0051376925876501275,1694.0,5.0,43.18533071381794,0.0014605076055939081,0.0013896699521809275,6.947978218119211e-05,0.001391027823412716,True,1.256167642470369,0.6809240415870659,1.2502310132572432,0.5759794702168883,0.4791866724398088,0.5757147367202147,0.01504799985047578
PokerHand,"repeat=1,fold=1",1,1,0,0,dKDB-current,0.01,fixed-0.01,adagrad,1025010,10,10,410004,102501,512505,1.0,0,b0d72a05652bf9d9c096a097d2ee2813f41ebd80dc885a59321fbd2098498c68,1060,10,0.002585340630823114,5,6.0,20,2.3025850929940472,2.302585092994046,2.3025850929940463,0.9808686526247818,0.9820771846251908,0.9821000190632841,0.9802757305811879,0.9818321453825709,0.9817658529468201,0.9801400822438211,0.9818641093074957,0.9817537666112351,0.9800578637492245,0.981943900365508,0.9817931621143057,-0.00021786683196334256,0.00011175498293714003,2.730916748561185e-05,0.0015564148013830215,0.001886036616283504,0.0003296218149004826,0.0002450392426198711,3.1963924924771625e-05,0.5799445144997817,0.580029787778916,0.5800773753045533,0.5800228771239045,0.5801007181344783,0.5801421637172522,0.5800356696449677,0.5801156629427103,0.5801575587132713,0.5799995338848118,0.5800757493779729,0.5801170584533573,118.68336049179594,5.1772148483131915,0.5174342207649136,0.0,0.0,410004.0,410004.0,-3.991356473742602e-05,-4.050025991408912e-05,-3.6135760155819874e-05,-3.777804581606148e-06,True,1.1255728382566061,1.1247216994873126,1.1262124530594504,0.5889050190763433,0.5889693659866039,0.5889347749289289,-0.14426855269394234
PokerHand,"repeat=1,fold=1",1,1,0,0,dKDB-current,0.003,validation-selected,adagrad,1025010,10,10,410004,102501,512505,1.0,0,b0d72a05652bf9d9c096a097d2ee2813f41ebd80dc885a59321fbd2098498c68,1060,10,0.002585340630823114,20,,20,2.3025850929940472,2.302585092994046,2.3025850929940463,0.9815693714641713,0.9822444337688335,0.9822787188850355,0.9804591619205143,0.98172208546276,0.9816706022376579,0.9806694106249856,0.9817697462169481,0.98174442810856,0.9804591619205143,0.98172208546276,0.9816706022376579,0.0,0.0,0.0,0.0012629235422456642,0.0012629235422456642,0.0,0.0005223483060735612,4.766075418816129e-05,0.5804294128364044,0.5804855578641674,0.580524671924993,0.5800352032498981,0.5801018165359603,0.5801422558170344,0.5800243412746515,0.5800925844416626,0.5801333018852379,0.5800243412746515,0.5800925844416626,0.5801333018852379,93.6146416645315,3.8185250914777873,0.4070845325603546,0.0,0.0,410004.0,410004.0,0.0,0.0,0.0,0.0,False,1.1255728382566061,1.1247216994873126,1.1262124530594504,0.5889050190763433,0.5889693659866039,0.5889347749289289,-0.14449036759669043
PokerHand,"repeat=1,fold=1",1,1,0,0,dKDB-generative-init,0.01,fixed-0.01,adagrad,1025010,10,10,410004,102501,512505,1.0,0,b0d72a05652bf9d9c096a097d2ee2813f41ebd80dc885a59321fbd2098498c68,1060,10,0.002585340630823114,20,,20,1.1247216994873126,1.1262124530594504,1.1255728382566061,0.982199111880773,0.9846365001014907,0.9845967524250792,0.9800531789204232,0.9827694314239448,0.9825363630449028,0.9801837340104933,0.9828167701639559,0.9826541945147832,0.9800531789204232,0.9827694314239448,0.9825363630449028,0.0,0.0,0.0,0.002716252503521588,0.002716252503521588,0.0,0.0018670686775459355,4.733874001106031e-05,0.5797743734296537,0.5798731800367355,0.5799163548830252,0.580011117394645,0.5800928299329422,0.5801343193624046,0.5799927580448555,0.5800726144661821,0.5801139611758511,0.5799927580448555,0.5800726144661821,0.5801139611758511,1170.4900440710735,36.434937372721194,2.046576149557038,0.0,0.0,410004.0,410004.0,0.0,0.0,0.0,0.0,False,1.1255728382566061,1.1247216994873126,1.1262124530594504,0.5889050190763433,0.5889693659866039,0.5889347749289289,-0.1434430216355056
PokerHand,"repeat=1,fold=1",1,1,0,0,dKDB-generative-init,0.003,validation-selected,adagrad,1025010,10,10,410004,102501,512505,1.0,0,b0d72a05652bf9d9c096a097d2ee2813f41ebd80dc885a59321fbd2098498c68,1060,10,0.002585340630823114,20,,20,1.1247216994873126,1.1262124530594504,1.1255728382566061,0.9888719736244421,0.9909370653749888,0.9906474896606887,0.9805119826716956,0.9827430059291127,0.9826448693866506,0.9811329085041599,0.9832983816480428,0.9831975206419988,0.9805119826716956,0.9827430059291127,0.9826448693866506,0.0,0.0,0.0,0.0022310232574170863,0.0022310232574170863,0.0,0.008194059445876145,0.0005553757189301622,0.5792662069690037,0.5793379279904631,0.5793654523985209,0.5799588048195962,0.5800358130935634,0.5800732285076661,0.5799973987886007,0.5800720902735494,0.5801117096588031,0.5799973987886007,0.5800720902735494,0.5801117096588031,1109.9843523254324,34.22555220908849,1.4511690771332444,0.0,0.0,410004.0,410004.0,0.0,0.0,0.0,0.0,False,1.1255728382566061,1.1247216994873126,1.1262124530594504,0.5889050190763433,0.5889693659866039,0.5889347749289289,-0.1434694471303377
PokerHand,"repeat=1,fold=1",1,1,1,1,dKDB-current,0.01,fixed-0.01,adagrad,1025010,10,10,410004,102501,512505,1.0,0,a79e795b21cfe77e5e6bdd4405fd69a14b5daebda70762b070a79678b2d41d47,9700,82,0.02365830577262661,20,,20,2.3025850929940472,2.302585092994046,2.3025850929940463,0.8056100625752896,0.8102523341047828,0.8107490481735335,0.7438237604391766,0.7518805700424472,0.7524662271721364,0.7526727499583102,0.7599156639559635,0.7604229963819371,0.7438237604391766,0.7518805700424472,0.7524662271721364,0.0,0.0,0.0,0.008056809603270598,0.008056809603270598,0.0,0.058371764062335574,0.008035093913516311,0.5146088644062441,0.5153514588941085,0.5154848750580718,0.4983753636346278,0.4994836507010553,0.4995141326602476,0.4954124338997783,0.49663345030269457,0.49665215912315075,0.4954124338997783,0.49663345030269457,0.49665215912315075,1701.7355438649408,34.451652695884675,2.0664492429601955,0.0,0.0,31590.0,50000.48780487805,0.0,0.0,0.0,0.0,False,3.122266626064856,3.110647281606556,3.1190439933933733,0.702604695497246,0.7023490875709372,0.702806110345448,-2.367163423350926
PokerHand,"repeat=1,fold=1",1,1,1,1,dKDB-current,0.03,validation-selected,adagrad,1025010,10,10,410004,102501,512505,1.0,0,a79e795b21cfe77e5e6bdd4405fd69a14b5daebda70762b070a79678b2d41d47,9700,82,0.02365830577262661,20,,20,2.3025850929940472,2.302585092994046,2.3025850929940463,0.7569239720442625,0.7651054234068829,0.7653203715222396,0.7340293688854189,0.7447318102265293,0.7455551162709145,0.7354779819274327,0.7456352774838073,0.7463248119572198,0.7340293688854189,0.7447318102265293,0.7455551162709145,0.0,0.0,0.0,0.010702441341110425,0.010702441341110425,0.0,0.020373613180353578,0.0009034672572779678,0.4992871267632899,0.5004999173251182,0.5005637187124282,0.49161873691564445,0.49307095089806513,0.49307456989686455,0.49084345298276166,0.4923489619436158,0.49234161975769386,0.49084345298276166,0.4923489619436158,0.49234161975769386,3416.947565662599,62.92787573888481,3.8602666985165768,0.0,0.0,31590.0,50000.48780487805,0.0,0.0,0.0,0.0,False,3.122266626064856,3.110647281606556,3.1190439933933733,0.702604695497246,0.7023490875709372,0.702806110345448,-2.374312183166844
PokerHand,"repeat=1,fold=1",1,1,1,1,dKDB-generative-init,0.01,fixed-0.01,adagrad,1025010,10,10,410004,102501,512505,1.0,0,a79e795b21cfe77e5e6bdd4405fd69a14b5daebda70762b070a79678b2d41d47,9700,82,0.02365830577262661,20,,20,3.110647281606556,3.1190439933933733,3.122266626064856,1.1199555016209632,1.1283826742718945,1.1330975611238006,0.7473740946286582,0.7584383863546403,0.7594987208649506,0.7702180859363911,0.7808813267378386,0.7826795287278756,0.7473740946286582,0.7584383863546403,0.7594987208649506,0.0,0.0,0.0,0.011064291725982112,0.011064291725982112,0.0,0.3699442879172542,0.022442940383198273,0.5649237880926343,0.5661897799224397,0.5662926576086458,0.5009768051444548,0.5022279126406319,0.502442758209867,0.49698141177075333,0.49841798579920854,0.49847460651737013,0.49698141177075333,0.49841798579920854,0.49847460651737013,11038.126959396159,116.74352140785543,2.9550795918146315,0.0,0.0,31590.0,50000.48780487805,0.0,0.0,0.0,0.0,False,3.122266626064856,3.110647281606556,3.1190439933933733,0.702604695497246,0.7023490875709372,0.702806110345448,-2.360605607038733
PokerHand,"repeat=1,fold=1",1,1,1,1,dKDB-generative-init,0.03,validation-selected,adagrad,1025010,10,10,410004,102501,512505,1.0,0,a79e795b21cfe77e5e6bdd4405fd69a14b5daebda70762b070a79678b2d41d47,9700,82,0.02365830577262661,20,,20,3.110647281606556,3.1190439933933733,3.122266626064856,0.7978475573303925,0.8094517129593866,0.8122842178923895,0.7344673652705848,0.7473635156026438,0.7485087587553926,0.7363720318273793,0.7489704565364724,0.750025557862062,0.7344673652705848,0.7473635156026438,0.7485087587553926,0.0,0.0,0.0,0.012896150332059042,0.012896150332059042,0.0,0.06208819735674276,0.0016069409338286267,0.5021439236426466,0.5032699507562995,0.5036116421767524,0.49245152550934035,0.4940721323511209,0.4940446484665815,0.4914088623911133,0.49306046018517674,0.49302180059066764,0.4914088623911133,0.49306046018517674,0.49302180059066764,12594.526252758871,138.77105971517142,4.495093793772569,0.0,0.0,31590.0,50000.48780487805,0.0,0.0,0.0,0.0,False,3.122266626064856,3.110647281606556,3.1190439933933733,0.702604695497246,0.7023490875709372,0.702806110345448,-2.3716804777907297
PokerHand,"repeat=1,fold=1",1,1,2,2,dKDB-current,0.01,fixed-0.01,adagrad,1025010,10,10,410004,102501,512505,1.0,0,a8095acc6f84523c726c02a4adf1f4cdf539b94f2dc2746f613e8d9a9f3f7176,94300,790,0.2299977561194525,20,,20,2.3025850929940472,2.302585092994046,2.3025850929940463,0.7193907249429646,0.7403286750903463,0.7405336077570178,0.5498821394286811,0.5980803279520672,0.5980758131242697,0.5837671484639877,0.6258059056381443,0.6258384952586467,0.5498821394286811,0.5980803279520672,0.5980758131242697,0.0,0.0,0.0,0.04819818852338609,0.04819818852338609,0.0,0.14224834713827905,0.027725577686077085,0.4756568795211619,0.4798227619899003,0.479815878023697,0.42620050829248046,0.4359044490627548,0.4355733334573466,0.4136195764960429,0.42495283935624045,0.42451615514918106,0.4136195764960429,0.42495283935624045,0.42451615514918106,17232.86729721367,85.27464166786156,1.5176209345467533,0.0,0.0,2481.0,5189.9240506329115,0.0,0.0,0.0,0.0,False,3.632145649148121,3.6218901678383517,3.6243352749880837,0.8054164812799076,0.8056275881659906,0.804951977716671,-3.0262549470360165
PokerHand,"repeat=1,fold=1",1,1,2,2,dKDB-current,0.1,validation-selected,adagrad,1025010,10,10,410004,102501,512505,1.0,0,a8095acc6f84523c726c02a4adf1f4cdf539b94f2dc2746f613e8d9a9f3f7176,94300,790,0.2299977561194525,13,14.0,20,2.3025850929940472,2.302585092994046,2.3025850929940463,0.5138171038386256,0.5762027990503855,0.5766808461879951,0.4534584669735422,0.5369563022257919,0.5368826621975106,0.45596036361707676,0.5371941316375425,0.5371319740824935,0.4503087603770041,0.5376302856100683,0.5375608955350865,-0.003149706596538071,0.0006739833842763776,0.0006782333375758842,0.08349783525224974,0.08732152523306419,0.0038236899808144487,0.03924649682459358,0.00023782941175054528,0.39592503554180386,0.4101859502006992,0.40998501649490887,0.3716372413903938,0.3906557851018969,0.38971902937513053,0.3704314496844534,0.3897941508140964,0.3888284000232925,0.3688558362244314,0.3887262329394108,0.38774133693218704,69077.1129007474,310.5955040947762,4.550801575274934,0.0,0.0,2481.0,5189.9240506329115,-0.001067917874685631,-0.0010870630911054557,-0.0015756134600219962,0.0005076955853363652,True,3.632145649148121,3.6218901678383517,3.6243352749880837,0.8054164812799076,0.8056275881659906,0.804951977716671,-3.086704989378015
PokerHand,"repeat=1,fold=1",1,1,2,2,dKDB-generative-init,0.01,fixed-0.01,adagrad,1025010,10,10,410004,102501,512505,1.0,0,a8095acc6f84523c726c02a4adf1f4cdf539b94f2dc2746f613e8d9a9f3f7176,94300,790,0.2299977561194525,20,,20,3.6218901678383517,3.6243352749880837,3.632145649148121,2.056250154388706,2.087158222174159,2.0920805604535193,0.6345074678529051,0.7000754262142518,0.6998101582657392,0.7805264796813765,0.8414641579329902,0.8412066140677259,0.6345074678529051,0.7000754262142518,0.6998101582657392,0.0,0.0,0.0,0.06556795836134666,0.06556795836134666,0.0,1.3870827959599072,0.14138873171873845,0.7350445232998977,0.7378088688687189,0.7381540745590963,0.5016181284691581,0.5130840009573759,0.5132604706136275,0.4379564504352531,0.450740257776206,0.45056290038740704,0.4379564504352531,0.450740257776206,0.45056290038740704,104988.7287607726,347.2399018380622,2.2358825596526932,0.0,0.0,2481.0,5189.9240506329115,0.0,0.0,0.0,0.0,False,3.632145649148121,3.6218901678383517,3.6243352749880837,0.8054164812799076,0.8056275881659906,0.804951977716671,-2.924259848773832
PokerHand,"repeat=1,fold=1",1,1,2,2,dKDB-generative-init,0.1,validation-selected,adagrad,1025010,10,10,410004,102501,512505,1.0,0,a8095acc6f84523c726c02a4adf1f4cdf539b94f2dc2746f613e8d9a9f3f7176,94300,790,0.2299977561194525,19,,20,3.6218901678383517,3.6243352749880837,3.632145649148121,0.5582735100953458,0.650351777228505,0.651264198049297,0.4522484631532565,0.5623909881469102,0.5641372044797079,0.45913118371352707,0.5644692815895788,0.5663101307474528,0.4518433386000992,0.5623983727250175,0.5641374165757452,-0.0004051245531573322,7.384578107227924e-06,2.120960372886671e-07,0.11014252499365373,0.1105550341249183,0.0004125091312645601,0.08796078908159477,0.002078293442668522,0.4055270800176627,0.42129288890815014,0.4211568669624947,0.3733256404556936,0.394142314544323,0.39325083168174874,0.3699794910701849,0.3914997196116605,0.3904835828479536,0.3697727988392617,0.3913446767727263,0.39032265631326224,149048.65087619878,532.8204301537284,5.620308848156514,0.0,0.0,2481.0,5189.9240506329115,-0.00015504283893424953,-0.00016092653469135243,-0.0002066922309232333,5.164939198898377e-05,True,3.632145649148121,3.6218901678383517,3.6243352749880837,0.8054164812799076,0.8056275881659906,0.804951977716671,-3.0619369022630663
PokerHand,"repeat=1,fold=1",1,1,3,3,dKDB-current,0.01,fixed-0.01,adagrad,1025010,10,10,410004,102501,512505,1.0,0,90c03cfb304453b3ff6a3ded16b06892a53ff89cf0f3de3bc51db480c3a829ac,879100,7786,2.1441254231666034,20,,20,2.3025850929940472,2.302585092994046,2.3025850929940463,0.7052270690459632,0.74925979041881,0.7489078142845416,0.3889401312225417,0.522778042391353,0.5209518885749332,0.45679396329924143,0.5669584537832862,0.5653936593941015,0.3889401312225417,0.522778042391353,0.5209518885749332,0.0,0.0,0.0,0.13383791116881127,0.13383791116881127,0.0,0.22648174802745702,0.044180411391933294,0.47470400749549774,0.4874762160522881,0.48740584330865666,0.3680473145239102,0.40624818403745333,0.40547705860867134,0.33327088660092485,0.3817105147790345,0.3807107979404102,0.33327088660092485,0.3817105147790345,0.3807107979404102,108845.57133546851,160.540837384728,1.6710239018173227,0.0,0.0,197.0,526.5913177498073,0.0,0.0,0.0,0.0,False,3.9957332372877676,4.204573476528267,3.9933626161527696,0.8890127054845891,0.8986096249808565,0.8883871045194919,-3.4705845737614167
PokerHand,"repeat=1,fold=1",1,1,3,3,dKDB-current,0.1,validation-selected,adagrad,1025010,10,10,410004,102501,512505,1.0,0,90c03cfb304453b3ff6a3ded16b06892a53ff89cf0f3de3bc51db480c3a829ac,879100,7786,2.1441254231666034,7,8.0,20,2.3025850929940472,2.302585092994046,2.3025850929940463,0.3210758208922418,0.49302682068931136,0.48981623163586296,0.18720021854346444,0.4464740146636393,0.4434961929423101,0.1699718166093186,0.44846696573744327,0.44536658368214727,0.1421661280814082,0.46192904496229864,0.4584019268840934,-0.04503409046205625,0.015455030298659356,0.01490573394178335,0.25927379612017487,0.3197629168808904,0.06048912076071555,0.04655280602567208,0.0019929510738039835,0.29165735053425745,0.3496217783237171,0.3485014488026727,0.2111729869983042,0.3137176976942671,0.3118906494185996,0.22222355726689874,0.31729392782354043,0.3155683275772249,0.19239389092614276,0.3088420361612034,0.30689252237506687,445493.81124721357,628.2069255913801,4.08884838283085,0.0,0.0,197.0,526.5913177498073,-0.008451891662337008,-0.008675805202158049,-0.029829666340755984,0.021377774678418976,True,3.9957332372877676,4.204573476528267,3.9933626161527696,0.8890127054845891,0.8986096249808565,0.8883871045194919,-3.5314335711904707
PokerHand,"repeat=1,fold=1",1,1,3,3,dKDB-generative-init,0.01,fixed-0.01,adagrad,1025010,10,10,410004,102501,512505,1.0,0,90c03cfb304453b3ff6a3ded16b06892a53ff89cf0f3de3bc51db480c3a829ac,879100,7786,2.1441254231666034,20,,20,4.204573476528267,3.9933626161527696,3.9957332372877676,2.8137028191385105,2.714800105977839,2.718320091100774,1.1695185046632093,1.280973595363003,1.284953544399233,1.5625134618151857,1.6154640160420084,1.6202840270314083,1.1695185046632093,1.280973595363003,1.284953544399233,0.0,0.0,0.0,0.11145509069979376,0.11145509069979376,0.0,1.4338265106148358,0.33449042067900536,0.8321892107969361,0.823035858297251,0.8236623071074829,0.693979711479084,0.6981338765235415,0.6990537064905658,0.620295095424178,0.635886410748709,0.6368834142546692,0.620295095424178,0.635886410748709,0.6368834142546692,951917.8993295046,1021.4822065670573,2.3019280722183515,0.0,0.0,197.0,526.5913177498073,0.0,0.0,0.0,0.0,False,3.9957332372877676,4.204573476528267,3.9933626161527696,0.8890127054845891,0.8986096249808565,0.8883871045194919,-2.7123890207897663
PokerHand,"repeat=1,fold=1",1,1,3,3,dKDB-generative-init,0.1,validation-selected,adagrad,1025010,10,10,410004,102501,512505,1.0,0,90c03cfb304453b3ff6a3ded16b06892a53ff89cf0f3de3bc51db480c3a829ac,879100,7786,2.1441254231666034,12,13.0,20,4.204573476528267,3.9933626161527696,3.9957332372877676,0.6135543816377449,0.8205131942416706,0.8224483111045945,0.18020417927849908,0.4901295474974435,0.48924442333831286,0.1911999562098313,0.4906983890946898,0.489903500348252,0.15491074417132528,0.49584662553003195,0.4946430001842144,-0.0252934351071738,0.005717078032588474,0.005398576845901559,0.3099253682189444,0.34093588135870667,0.031010513139762275,0.3303836467442271,0.0005688415972463501,0.4337749157319267,0.48462217438652355,0.48576337496785943,0.22179870807133437,0.3198679519108389,0.318708987069223,0.21545746178462746,0.31738925741709373,0.31613531382413135,0.2001785620971887,0.31272848025188116,0.31126136761732187,1233637.9709105631,1400.2599148839383,4.517863029065618,0.0,0.0,197.0,526.5913177498073,-0.004660777165212571,-0.004873946206809476,-0.015278899687438757,0.010618122522226187,True,3.9957332372877676,4.204573476528267,3.9933626161527696,0.8890127054845891,0.8986096249808565,0.8883871045194919,-3.4975159906227375
PokerHand,"repeat=1,fold=1",1,1,4,4,dKDB-current,0.01,fixed-0.01,adagrad,1025010,10,10,410004,102501,512505,1.0,0,178436af2cbc3598ec51c7826d20a807fa998528c355076387a9d30588d89471,7108570,72072,17.337806460424776,20,,20,2.3025850929940472,2.302585092994046,2.3025850929940463,0.7048338185380909,0.7737478391893199,0.7732791122670201,0.3013197045846285,0.526386942123088,0.5242805872525157,0.3967977320702994,0.5822800088564752,0.5803228596586334,0.3013197045846285,0.526386942123088,0.5242805872525157,0.0,0.0,0.0,0.22506723753845953,0.22506723753845953,0.0,0.24736089706623188,0.05589306673338723,0.4759370467038215,0.49924721797547045,0.4991476540706944,0.3389393128385173,0.42112692025847154,0.42006051188599003,0.2822567386734449,0.3942185709964255,0.39287389201160533,0.2822567386734449,0.3942185709964255,0.39287389201160533,358410.2809330814,215.52772344234384,1.6187962225093997,8.780402142418123e-06,0.0,16.0,56.88811188811189,0.0,0.0,0.0,0.0,False,4.255945006169537,5.850429132355787,4.249524677742545,0.9010356596539089,0.9714983146209153,0.900499803300968,-3.723137735619457
PokerHand,"repeat=1,fold=1",1,1,4,4,dKDB-current,0.1,validation-selected,adagrad,1025010,10,10,410004,102501,512505,1.0,0,178436af2cbc3598ec51c7826d20a807fa998528c355076387a9d30588d89471,7108570,72072,17.337806460424776,20,,20,2.3025850929940472,2.302585092994046,2.3025850929940463,0.20130165633457786,0.4811348717392531,0.47875169398102524,0.01661584777910055,0.3613716741733705,0.36234913430565263,0.03106693450219111,0.36661694694642927,0.3672646031987032,0.01661584777910055,0.3613716741733705,0.36234913430565263,0.0,0.0,0.0,0.34475582639426994,0.34475582639426994,0.0,0.1197631975658826,0.005245272773058751,0.21983996583284107,0.36334082861017314,0.36161566256414984,0.04179242412919254,0.3048033866146531,0.30450961310018554,0.022932905902598645,0.29767814093185974,0.29758682073155246,0.022932905902598645,0.29767814093185974,0.29758682073155246,1465052.307515628,821.5117640516446,4.363702862281239,8.780402142418123e-06,0.0,16.0,56.88811188811189,0.0,0.0,0.0,0.0,False,4.255945006169537,5.850429132355787,4.249524677742545,0.9010356596539089,0.9714983146209153,0.900499803300968,-3.8881530035691743
PokerHand,"repeat=1,fold=1",1,1,4,4,dKDB-generative-init,0.01,fixed-0.01,adagrad,1025010,10,10,410004,102501,512505,1.0,0,178436af2cbc3598ec51c7826d20a807fa998528c355076387a9d30588d89471,7108570,72072,17.337806460424776,20,,20,5.850429132355787,4.249524677742545,4.255945006169537,4.255541757615904,3.1444762429752737,3.1543873665735953,2.2362986455994096,1.7657793300705533,1.7738335736894708,2.768203299907584,2.086463407861123,2.0960950839825645,2.2362986455994096,1.7657793300705533,1.7738335736894708,0.0,0.0,0.0,-0.4705193155288563,-0.4705193155288563,0.0,1.3786969129047204,0.3206840777905695,0.907491085465389,0.8332215847988999,0.8333582320555266,0.8055039402294688,0.7330680729797574,0.7337998916505329,0.7366687466938406,0.6824503150380159,0.6833069309998809,0.7366687466938406,0.6824503150380159,0.6833069309998809,7358072.835111544,2765.045169384849,2.452331517079911,8.780402142418123e-06,45.0,16.0,56.88811188811189,0.0,0.0,0.0,0.0,False,4.255945006169537,5.850429132355787,4.249524677742545,0.9010356596539089,0.9714983146209153,0.900499803300968,-2.4837453476719915
PokerHand,"repeat=1,fold=1",1,1,4,4,dKDB-generative-init,0.1,validation-selected,adagrad,1025010,10,10,410004,102501,512505,1.0,0,178436af2cbc3598ec51c7826d20a807fa998528c355076387a9d30588d89471,7108570,72072,17.337806460424776,20,,20,5.850429132355787,4.249524677742545,4.255945006169537,1.457181729070157,1.3683728447362575,1.3708377749433969,0.05825469729298983,0.521784465967622,0.5214629138577105,0.1435479869247461,0.584584326371368,0.5832220236613468,0.05825469729298983,0.521784465967622,0.5214629138577105,0.0,0.0,0.0,0.46352976867463214,0.46352976867463214,0.0,0.8465883787686356,0.06279986040374608,0.6147747605632732,0.5958860684266509,0.5962535524027337,0.1792984268132201,0.36945883471512286,0.3683751827325714,0.08501854087695561,0.33426774893786765,0.333537034302958,0.08501854087695561,0.33426774893786765,0.333537034302958,8220366.587280519,3189.6052857108843,4.068213029186226,8.780402142418123e-06,45.0,16.0,56.88811188811189,0.0,0.0,0.0,0.0,False,4.255945006169537,5.850429132355787,4.249524677742545,0.9010356596539089,0.9714983146209153,0.900499803300968,-3.7277402117749228
PokerHand,"repeat=1,fold=1",1,1,5,5,dKDB-current,0.01,fixed-0.01,adagrad,1025010,10,10,410004,102501,512505,1.0,0,703e3d4a72bd89e988fdd2aba5cb21e95c22e969c660e1e2d99350005171b8e1,28849390,434419,70.36367937873777,20,,20,2.3025850929940472,2.302585092994046,2.3025850929940463,0.7018712586709057,0.7915365526432053,0.7917542017592499,0.2528069307814487,0.5644144970099674,0.5627184395899911,0.3578363596607533,0.6156558130098619,0.6143499664422509,0.2528069307814487,0.5644144970099674,0.5627184395899911,0.0,0.0,0.0,0.31160756622851865,0.31160756622851865,0.0,0.22712205563323795,0.051241315999894566,0.47190458002480323,0.5045420009837477,0.504685890991128,0.3149024155690504,0.4360427856794188,0.435453750310865,0.2469331423618391,0.4128661403062785,0.4119714820132332,0.2469331423618391,0.4128661403062785,0.4119714820132332,741330.1227086681,268.0855930540255,1.636953509159346,0.035261314523760745,0.0,2.0,9.437984986844498,0.0,0.0,0.0,0.0,False,4.088148109919715,7.780424580784689,4.092683565812645,0.8792655633281153,0.9843719447233189,0.8791362840588943,-3.528269068802677
PokerHand,"repeat=1,fold=1",1,1,5,5,dKDB-current,0.1,validation-selected,adagrad,1025010,10,10,410004,102501,512505,1.0,0,703e3d4a72bd89e988fdd2aba5cb21e95c22e969c660e1e2d99350005171b8e1,28849390,434419,70.36367937873777,19,,20,2.3025850929940472,2.302585092994046,2.3025850929940463,0.14505320246950662,0.5215630358152047,0.5192657871868012,0.01082309017481661,0.4368294311824336,0.43462273459948053,0.019402613954246143,0.4396692150558949,0.4375867793612026,0.010321534263415772,0.4368356470381926,0.4346197993015649,-0.0005015559114008375,6.215855758995303e-06,-2.9352979156183068e-06,0.42600634100761703,0.42651411277477685,0.0005077717671598259,0.08473360463277108,0.002839783873461288,0.1776211306231811,0.38333779332210605,0.38203796400057694,0.025143234756203187,0.3456184515388494,0.34429281959252533,0.014198524392836311,0.34057897622531286,0.339216362153652,0.01355139685988894,0.34027553927803417,0.33891108695089356,2911126.3952625426,998.0925577893606,4.457601560950103,0.035261314523760745,0.0,2.0,9.437984986844498,-0.0003034369472786902,-0.0003052752027584149,-0.0006471275329473711,0.0003436905856686878,False,4.088148109919715,7.780424580784689,4.092683565812645,0.8792655633281153,0.9843719447233189,0.8791362840588943,-3.655847918774452
PokerHand,"repeat=1,fold=1",1,1,5,5,dKDB-generative-init,0.01,fixed-0.01,adagrad,1025010,10,10,410004,102501,512505,1.0,0,703e3d4a72bd89e988fdd2aba5cb21e95c22e969c660e1e2d99350005171b8e1,28849390,434419,70.36367937873777,20,,20,7.780424580784689,4.092683565812645,4.088148109919715,5.940997265279056,3.4091532546127588,3.409237783652354,3.4259243817150034,2.072928431194034,2.07782132251984,4.192616612094778,2.4408262664468015,2.4447672337912305,3.4259243817150034,2.072928431194034,2.07782132251984,0.0,0.0,0.0,-1.3529959505209694,-1.3529959505209694,0.0,1.3362248234187248,0.36789783525276754,0.9348748252755001,0.8057895431510398,0.8050182012238284,0.8351934167193722,0.7030921386521272,0.7028160060447869,0.7790489443678431,0.6559785032808354,0.6561338509271334,0.7790489443678431,0.6559785032808354,0.6561338509271334,29379630.92820107,5475.073142929746,2.682607666522886,0.035261314523760745,180716.0,2.0,9.437984986844498,0.0,0.0,0.0,0.0,False,4.088148109919715,7.780424580784689,4.092683565812645,0.8792655633281153,0.9843719447233189,0.8791362840588943,-2.019755134618611
PokerHand,"repeat=1,fold=1",1,1,5,5,dKDB-generative-init,0.1,validation-selected,adagrad,1025010,10,10,410004,102501,512505,1.0,0,703e3d4a72bd89e988fdd2aba5cb21e95c22e969c660e1e2d99350005171b8e1,28849390,434419,70.36367937873777,20,,20,7.780424580784689,4.092683565812645,4.088148109919715,2.5363453296828187,1.8377976820416995,1.839590948953677,0.050753713672607205,0.6752232862561683,0.6704910540169907,0.16313371562255352,0.7333357973492608,0.7281252974963003,0.050753713672607205,0.6752232862561683,0.6704910540169907,0.0,0.0,0.0,0.6244695725835612,0.6244695725835612,0.0,1.1625743957855312,0.058112511093092456,0.6350000851262492,0.5995222098827172,0.5997470933672043,0.19776623330056117,0.4156580120803375,0.41446699535012194,0.0731484669609837,0.388318262687361,0.3872985597203291,0.0731484669609837,0.388318262687361,0.3872985597203291,31132615.137775574,5904.124461459269,4.326066887229376,0.035261314523760745,180716.0,2.0,9.437984986844498,0.0,0.0,0.0,0.0,False,4.088148109919715,7.780424580784689,4.092683565812645,0.8792655633281153,0.9843719447233189,0.8791362840588943,-3.4174602795564764
PokerHand,"repeat=1,fold=2",1,2,0,0,dKDB-current,0.01,fixed-0.01,adagrad,1025010,10,10,410004,102501,512505,1.0,0,b0d72a05652bf9d9c096a097d2ee2813f41ebd80dc885a59321fbd2098498c68,1060,10,0.002585340630823114,18,19.0,20,2.3025850929940472,2.302585092994046,2.3025850929940463,0.981232315968146,0.9816214277525489,0.9819513524970869,0.980481862963298,0.9811818909923771,0.9814865360225142,0.9805477357108959,0.9811957509097087,0.9814838113951815,0.9804729798008421,0.9811820854742762,0.9814903546875249,-8.883162455841642e-06,1.9448189914061942e-07,3.818665010646427e-06,0.0007000280290790917,0.0007091056734340739,9.077644354982262e-06,0.0004395367601718325,1.3859917331604521e-05,0.5801508008340802,0.5802090528581224,0.5802468482962518,0.5800285665585826,0.5801184183127235,0.580121631579636,0.5800187629664572,0.580112104316539,0.5801116184234448,0.5800174842384029,0.5801113561501478,0.5801103192904238,112.83436712245066,4.849929705368807,0.4489039655055252,0.0,0.0,410004.0,410004.0,-7.481663912844994e-07,-1.2991330210487817e-06,-1.2787280542214674e-06,5.30561662936968e-07,True,0.9819151912937892,0.980942814433727,0.9814951988567407,0.5800733570549491,0.5799807335780217,0.5800853490521412,-0.000313113382464536
PokerHand,"repeat=1,fold=2",1,2,0,0,dKDB-current,0.01,validation-selected,adagrad,1025010,10,10,410004,102501,512505,1.0,0,b0d72a05652bf9d9c096a097d2ee2813f41ebd80dc885a59321fbd2098498c68,1060,10,0.002585340630823114,18,19.0,20,2.3025850929940472,2.302585092994046,2.3025850929940463,0.981232315968146,0.9816214277525489,0.9819513524970869,0.980481862963298,0.9811818909923771,0.9814865360225142,0.9805477357108959,0.9811957509097087,0.9814838113951815,0.9804729798008421,0.9811820854742762,0.9814903546875249,-8.883162455841642e-06,1.9448189914061942e-07,3.818665010646427e-06,0.0007000280290790917,0.0007091056734340739,9.077644354982262e-06,0.0004395367601718325,1.3859917331604521e-05,0.5801508008340802,0.5802090528581224,0.5802468482962518,0.5800285665585826,0.5801184183127235,0.580121631579636,0.5800187629664572,0.580112104316539,0.5801116184234448,0.5800174842384029,0.5801113561501478,0.5801103192904238,112.83436712245066,4.849929705368807,0.4489039655055252,0.0,0.0,410004.0,410004.0,-7.481663912844994e-07,-1.2991330210487817e-06,-1.2787280542214674e-06,5.30561662936968e-07,True,0.9819151912937892,0.980942814433727,0.9814951988567407,0.5800733570549491,0.5799807335780217,0.5800853490521412,-0.000313113382464536
PokerHand,"repeat=1,fold=2",1,2,0,0,dKDB-generative-init,0.01,fixed-0.01,adagrad,1025010,10,10,410004,102501,512505,1.0,0,b0d72a05652bf9d9c096a097d2ee2813f41ebd80dc885a59321fbd2098498c68,1060,10,0.002585340630823114,20,,20,0.980942814433727,0.9814951988567407,0.9819151912937892,0.9822546693170436,0.9828353334701138,0.9835595811908129,0.9804739212723109,0.9814157647325724,0.9820232986124224,0.9806217171994498,0.9814934604705738,0.9821064670301449,0.9804739212723109,0.9814157647325724,0.9820232986124224,0.0,0.0,0.0,0.0009418434602614933,0.0009418434602614933,0.0,0.0014195687375413435,7.769573800142648e-05,0.5799589442385618,0.5800225477619928,0.5800624644929712,0.579999436863502,0.580093405033665,0.5800974837631452,0.5800024337516042,0.5801010488750064,0.5801003725325738,0.5800024337516042,0.5801010488750064,0.5801003725325738,1161.2705424767723,36.11899725849704,1.9594353575425556,0.0,0.0,410004.0,410004.0,0.0,0.0,0.0,0.0,False,0.9819151912937892,0.980942814433727,0.9814951988567407,0.5800733570549491,0.5799807335780217,0.5800853490521412,-7.943412416833162e-05
PokerHand,"repeat=1,fold=2",1,2,0,0,dKDB-generative-init,0.003,validation-selected,adagrad,1025010,10,10,410004,102501,512505,1.0,0,b0d72a05652bf9d9c096a097d2ee2813f41ebd80dc885a59321fbd2098498c68,1060,10,0.002585340630823114,20,,20,0.980942814433727,0.9814951988567407,0.9819151912937892,0.9818488314604797,0.9823863800605288,0.9829629270764102,0.9806574290355116,0.981392136466743,0.9819230304021369,0.9808572179094379,0.9815325496844823,0.9820678719024549,0.9806574290355116,0.981392136466743,0.9819230304021369,0.0,0.0,0.0,0.000734707431231385,0.000734707431231385,0.0,0.0009942435937858596,0.00014041321773938797,0.5794148102491974,0.5795053009893592,0.5795123718664652,0.5799381779412528,0.5800373646985513,0.5800332313720111,0.5799701182391933,0.5800721446270504,0.5800654016483315,0.5799701182391933,0.5800721446270504,0.5800654016483315,1104.7033270212603,34.044569212210696,1.4810224125956555,0.0,0.0,410004.0,410004.0,0.0,0.0,0.0,0.0,False,0.9819151912937892,0.980942814433727,0.9814951988567407,0.5800733570549491,0.5799807335780217,0.5800853490521412,-0.00010306238999779893
PokerHand,"repeat=1,fold=2",1,2,1,1,dKDB-current,0.01,fixed-0.01,adagrad,1025010,10,10,410004,102501,512505,1.0,0,3bb33d3915a30fce21d3f7e160fbc4070a953cd9625e4c4f450605b4ecb75a9a,9700,82,0.02365830577262661,20,,20,2.3025850929940472,2.302585092994046,2.3025850929940463,0.7668238266617489,0.7703593608492157,0.7717738109741005,0.7378248655300848,0.744292811196527,0.7466146866384206,0.7412284425263128,0.7469797391048942,0.7491037874937014,0.7378248655300848,0.744292811196527,0.7466146866384206,0.0,0.0,0.0,0.006467945666442265,0.006467945666442265,0.0,0.02606654965268873,0.0026869279083672204,0.5040670301455105,0.5051670002790983,0.5051097934729175,0.4952019064925504,0.4967986144021241,0.4968395204786077,0.49332929460365016,0.495009916261768,0.49506932980559065,0.49332929460365016,0.495009916261768,0.49506932980559065,1622.351259201711,32.602663701335246,3.1220778206353494,0.0,0.0,31580.0,50000.48780487805,0.0,0.0,0.0,0.0,False,0.811112168447009,0.8046507256759896,0.809833103275956,0.5001805450551994,0.49876454186319863,0.5000628975944148,-0.06554029207942902
PokerHand,"repeat=1,fold=2",1,2,1,1,dKDB-current,0.03,validation-selected,adagrad,1025010,10,10,410004,102501,512505,1.0,0,3bb33d3915a30fce21d3f7e160fbc4070a953cd9625e4c4f450605b4ecb75a9a,9700,82,0.02365830577262661,20,,20,2.3025850929940472,2.302585092994046,2.3025850929940463,0.7452242540774588,0.7511087660979808,0.753613248384316,0.7333774731717114,0.7418071283228906,0.7446640218665822,0.7344463170437892,0.7423954652193138,0.7451430264880476,0.7333774731717114,0.7418071283228906,0.7446640218665822,0.0,0.0,0.0,0.008429655151179216,0.008429655151179216,0.0,0.009301637775090188,0.000588336896423125,0.4961166831666142,0.4977931910803607,0.49790968316478124,0.4910869604019339,0.49293764756650993,0.49304706864359615,0.49048165769369223,0.49232475392515646,0.4924381866212767,0.49048165769369223,0.49232475392515646,0.4924381866212767,3197.9751253139284,56.33563528127068,4.553642070224343,0.0,0.0,31580.0,50000.48780487805,0.0,0.0,0.0,0.0,False,0.811112168447009,0.8046507256759896,0.809833103275956,0.5001805450551994,0.49876454186319863,0.5000628975944148,-0.0680259749530654
PokerHand,"repeat=1,fold=2",1,2,1,1,dKDB-generative-init,0.01,fixed-0.01,adagrad,1025010,10,10,410004,102501,512505,1.0,0,3bb33d3915a30fce21d3f7e160fbc4070a953cd9625e4c4f450605b4ecb75a9a,9700,82,0.02365830577262661,20,,20,0.8046507256759896,0.809833103275956,0.811112168447009,0.7904864403236792,0.7968432469475547,0.7985877180098001,0.7543499817303244,0.7622177668010801,0.7642938587523854,0.7636257932869266,0.7709789352419485,0.772922982377555,0.7543499817303244,0.7622177668010801,0.7642938587523854,0.0,0.0,0.0,0.007867785070755695,0.007867785070755695,0.0,0.034625480146474596,0.008761168440868383,0.49475907218622905,0.49634083247819316,0.49643327122820513,0.493078380465114,0.4947291093979248,0.4948473415201898,0.4923500224556651,0.49408686850886074,0.49421301351671365,0.4923500224556651,0.49408686850886074,0.49421301351671365,10978.129550915255,114.31425805928937,3.894506964872584,0.0,0.0,31580.0,50000.48780487805,0.0,0.0,0.0,0.0,False,0.811112168447009,0.8046507256759896,0.809833103275956,0.5001805450551994,0.49876454186319863,0.5000628975944148,-0.047615336474875924
PokerHand,"repeat=1,fold=2",1,2,1,1,dKDB-generative-init,0.1,validation-selected,adagrad,1025010,10,10,410004,102501,512505,1.0,0,3bb33d3915a30fce21d3f7e160fbc4070a953cd9625e4c4f450605b4ecb75a9a,9700,82,0.02365830577262661,20,,20,0.8046507256759896,0.809833103275956,0.811112168447009,0.7552646838337768,0.7663638248922106,0.7696522988157353,0.7329436614954074,0.7436303568944899,0.7466679112208402,0.7339646864975932,0.7443845944784965,0.7475880094585075,0.7329436614954074,0.7436303568944899,0.7466679112208402,0.0,0.0,0.0,0.010686695399082513,0.010686695399082513,0.0,0.02273346799772069,0.0007542375840066118,0.49316156199409505,0.49517836627126055,0.4955480238501105,0.4904731311561802,0.4924958301970223,0.49273029824868375,0.490131282202744,0.49208317975094945,0.49229176096702765,0.490131282202744,0.49208317975094945,0.49229176096702765,15281.673346057445,170.3269453150873,7.242839341871342,0.0,0.0,31580.0,50000.48780487805,0.0,0.0,0.0,0.0,False,0.811112168447009,0.8046507256759896,0.809833103275956,0.5001805450551994,0.49876454186319863,0.5000628975944148,-0.06620274638146617
PokerHand,"repeat=1,fold=2",1,2,2,2,dKDB-current,0.01,fixed-0.01,adagrad,1025010,10,10,410004,102501,512505,1.0,0,a27c213815d1df1e739f9acf4a052768fc759cddfc87ee89e0ca0c6294f4c117,94300,790,0.2299977561194525,20,,20,2.3025850929940472,2.302585092994046,2.3025850929940463,0.6064830150245926,0.6244655855362221,0.6260700005933215,0.43385928844818816,0.47706906997577897,0.4794918900550324,0.46197304401036177,0.4984279189808968,0.5007205473250775,0.43385928844818816,0.47706906997577897,0.4794918900550324,0.0,0.0,0.0,0.04320978152759081,0.04320978152759081,0.0,0.14739651556044314,0.021358849005117808,0.43261914928501466,0.4370202388082752,0.43741952003484386,0.3717408969734117,0.3808278603563606,0.381664476296806,0.3603834069421195,0.37124721185220527,0.3721842167830821,0.3603834069421195,0.37124721185220527,0.3721842167830821,16424.707298918525,80.57202897491828,2.746956524076741,0.0,0.0,2480.0,5189.9240506329115,0.0,0.0,0.0,0.0,False,0.6053269442041838,0.5588797958299789,0.6033526002685895,0.4034774551362359,0.3917834423900328,0.40286027722604134,-0.12628353029281053
PokerHand,"repeat=1,fold=2",1,2,2,2,dKDB-current,0.1,validation-selected,adagrad,1025010,10,10,410004,102501,512505,1.0,0,a27c213815d1df1e739f9acf4a052768fc759cddfc87ee89e0ca0c6294f4c117,94300,790,0.2299977561194525,20,,20,2.3025850929940472,2.302585092994046,2.3025850929940463,0.40242019659797457,0.45977879991583676,0.46312098872425933,0.33820088236265583,0.4204120214386673,0.4239250576414565,0.34668625019583327,0.42253819764851835,0.42586151784185505,0.33820088236265583,0.4204120214386673,0.4239250576414565,0.0,0.0,0.0,0.08221113907601146,0.08221113907601146,0.0,0.03936677847716946,0.0021261762098510606,0.3420487064821883,0.3571572160795043,0.35828812752800404,0.3183884098097252,0.3376821599745973,0.3390142437963815,0.31461623301821223,0.3349830651539829,0.3363741866832871,0.31461623301821223,0.3349830651539829,0.3363741866832871,65132.635071941266,286.6459946454528,8.09402340902882,0.0,0.0,2480.0,5189.9240506329115,0.0,0.0,0.0,0.0,False,0.6053269442041838,0.5588797958299789,0.6033526002685895,0.4034774551362359,0.3917834423900328,0.40286027722604134,-0.1829405788299222
PokerHand,"repeat=1,fold=2",1,2,2,2,dKDB-generative-init,0.01,fixed-0.01,adagrad,1025010,10,10,410004,102501,512505,1.0,0,a27c213815d1df1e739f9acf4a052768fc759cddfc87ee89e0ca0c6294f4c117,94300,790,0.2299977561194525,20,,20,0.5588797958299789,0.6033526002685895,0.6053269442041838,0.5069736501010541,0.5607923058089457,0.5631892027222879,0.4203487470536017,0.48991394771522584,0.49264169066247826,0.44340924956819955,0.5080225816088215,0.5106704769022676,0.4203487470536017,0.48991394771522584,0.49264169066247826,0.0,0.0,0.0,0.06956520066162414,0.06956520066162414,0.0,0.07087835809371984,0.018108633893595683,0.36900414294431466,0.3819015178075445,0.38269067219676345,0.3501588328813596,0.36452597847860874,0.3654614588991596,0.34449603881560587,0.3597933806548512,0.36072567550541124,0.34449603881560587,0.3597933806548512,0.36072567550541124,106139.63936936746,348.61295504532256,2.294762672156342,0.0,0.0,2480.0,5189.9240506329115,0.0,0.0,0.0,0.0,False,0.6053269442041838,0.5588797958299789,0.6033526002685895,0.4034774551362359,0.3917834423900328,0.40286027722604134,-0.11343865255336366
PokerHand,"repeat=1,fold=2",1,2,2,2,dKDB-generative-init,0.1,validation-selected,adagrad,1025010,10,10,410004,102501,512505,1.0,0,a27c213815d1df1e739f9acf4a052768fc759cddfc87ee89e0ca0c6294f4c117,94300,790,0.2299977561194525,20,,20,0.5588797958299789,0.6033526002685895,0.6053269442041838,0.40923574881756947,0.4973832504352524,0.5013299728271574,0.3392234461020528,0.4499008715284767,0.4541937880017076,0.3479165667068489,0.4523838095659866,0.4564268713352354,0.3392234461020528,0.4499008715284767,0.4541937880017076,0.0,0.0,0.0,0.11067742542642389,0.11067742542642389,0.0,0.0474823789067757,0.0024829380375099297,0.3345660227839667,0.3527788860430509,0.35392216415748046,0.3170727941144955,0.33761047379051173,0.3389691505096518,0.31422489575229134,0.3355760630574165,0.33699322444886715,0.31422489575229134,0.3355760630574165,0.33699322444886715,148647.77920607774,520.0466588135625,7.698998779344491,0.0,0.0,2480.0,5189.9240506329115,0.0,0.0,0.0,0.0,False,0.6053269442041838,0.5588797958299789,0.6033526002685895,0.4034774551362359,0.3917834423900328,0.40286027722604134,-0.1534517287401128
PokerHand,"repeat=1,fold=2",1,2,3,3,dKDB-current,0.01,fixed-0.01,adagrad,1025010,10,10,410004,102501,512505,1.0,0,5a8f816d5c26d6b5d02f3fcb726a270d102f8cafc3d3dcc461efc695a17632fd,879100,7786,2.1441254231666034,20,,20,2.3025850929940472,2.302585092994046,2.3025850929940463,0.6484111695027732,0.6907325685857084,0.6917130703813951,0.31865955316093897,0.4374160259314331,0.43971581964068013,0.38584801782307643,0.48475554244351143,0.48662249946364705,0.31865955316093897,0.4374160259314331,0.43971581964068013,0.0,0.0,0.0,0.11875647277049411,0.11875647277049411,0.0,0.25331654265427533,0.04733951651207835,0.45473115377446083,0.46766248693102785,0.467947084036786,0.33401314296535234,0.3718422687569333,0.3725061563734238,0.29703186969272916,0.3447559830605138,0.3456543081075264,0.29703186969272916,0.3447559830605138,0.3456543081075264,104194.92151998603,150.82472280063013,1.9427816322096574,0.0,0.0,197.0,526.5913177498073,0.0,0.0,0.0,0.0,False,0.4193234159327847,0.26714042988025327,0.4164245358679069,0.30928297732790133,0.250627608101162,0.30788843189782267,0.020991490063526186
PokerHand,"repeat=1,fold=2",1,2,3,3,dKDB-current,0.03,validation-selected,adagrad,1025010,10,10,410004,102501,512505,1.0,0,5a8f816d5c26d6b5d02f3fcb726a270d102f8cafc3d3dcc461efc695a17632fd,879100,7786,2.1441254231666034,20,,20,2.3025850929940472,2.302585092994046,2.3025850929940463,0.42666797275730617,0.5168901113820895,0.5186384059540611,0.18570325224042714,0.3770575177178068,0.38057153740833355,0.222657830252115,0.38488211223730207,0.38810139131222016,0.18570325224042714,0.3770575177178068,0.38057153740833355,0.0,0.0,0.0,0.1913542654773797,0.1913542654773797,0.0,0.1398325936642827,0.007824594519495243,0.3529449625976818,0.3863845074210573,0.3868951448598945,0.2426181175384934,0.308927262576413,0.31030854421423426,0.2214285442670255,0.29897818749817184,0.3005425685313263,0.2214285442670255,0.29897818749817184,0.3005425685313263,214752.25329239108,300.88493254542897,3.222714282917753,0.0,0.0,197.0,526.5913177498073,0.0,0.0,0.0,0.0,False,0.4193234159327847,0.26714042988025327,0.4164245358679069,0.30928297732790133,0.250627608101162,0.30788843189782267,-0.039367018150100075
PokerHand,"repeat=1,fold=2",1,2,3,3,dKDB-generative-init,0.01,fixed-0.01,adagrad,1025010,10,10,410004,102501,512505,1.0,0,5a8f816d5c26d6b5d02f3fcb726a270d102f8cafc3d3dcc461efc695a17632fd,879100,7786,2.1441254231666034,4,5.0,20,0.26714042988025327,0.4164245358679069,0.4193234159327847,0.23460909649387118,0.40054783655929166,0.4042673644823619,0.2151919808526401,0.39961970399442387,0.40337791241221377,0.19710388000254497,0.40056029475478244,0.40451498808801106,0.18017200038034537,0.4026520688107512,0.4068494912906587,-0.03501998047229474,0.0030323648163273487,0.0034715788784449586,0.18442772314178377,0.22248006843040585,0.038052345288622086,0.0009281325648677896,0.0009405907603585728,0.23318890896418384,0.29151483596204797,0.29331683169971773,0.21870098424615744,0.2891908240245267,0.29094098953726066,0.22552603650211003,0.2902455761627691,0.2919995435427346,0.2123329055761687,0.2881935262624681,0.2899790527167071,946273.7687942329,1012.6540266689888,2.322635301308729,0.0,0.0,197.0,526.5913177498073,-0.0020520499003010007,-0.00202049082602751,-0.013193130925941321,0.01114108102564032,True,0.4193234159327847,0.26714042988025327,0.4164245358679069,0.30928297732790133,0.250627608101162,0.30788843189782267,-0.01377246705715568
PokerHand,"repeat=1,fold=2",1,2,3,3,dKDB-generative-init,0.003,validation-selected,adagrad,1025010,10,10,410004,102501,512505,1.0,0,5a8f816d5c26d6b5d02f3fcb726a270d102f8cafc3d3dcc461efc695a17632fd,879100,7786,2.1441254231666034,20,,20,0.26714042988025327,0.4164245358679069,0.4193234159327847,0.2461549352382622,0.3987027369017305,0.4022739869662367,0.2213480710631224,0.39548808998774043,0.39906071141016214,0.2294559853641046,0.3957632608522756,0.39929565230393604,0.2213480710631224,0.39548808998774043,0.39906071141016214,0.0,0.0,0.0,0.17414001892461803,0.17414001892461803,0.0,0.0032146469139900935,0.00027517086453515693,0.23836591488550143,0.29289469674996954,0.29469114174234,0.2314746701350289,0.2908711841720041,0.29262713993203787,0.22823271483261548,0.29018166929369305,0.2919222731261333,0.22823271483261548,0.29018166929369305,0.2919222731261333,905020.0971048629,965.7463137765709,1.9132302459717,0.0,0.0,197.0,526.5913177498073,0.0,0.0,0.0,0.0,False,0.4193234159327847,0.26714042988025327,0.4164245358679069,0.30928297732790133,0.250627608101162,0.30788843189782267,-0.020936445880166465
PokerHand,"repeat=2,fold=1",2,1,0,0,dKDB-current,0.01,fixed-0.01,adagrad,1025010,10,10,410004,102501,512505,1.0,0,b0d72a05652bf9d9c096a097d2ee2813f41ebd80dc885a59321fbd2098498c68,1060,10,0.002585340630823114,20,,20,2.3025850929940472,2.302585092994046,2.3025850929940463,0.9812001053986152,0.9818427019643848,0.9818977612399384,0.9804559378027403,0.981377563439899,0.9814709081041275,0.980528861089208,0.9813980329013366,0.9814715824739247,0.9804559378027403,0.981377563439899,0.9814709081041275,0.0,0.0,0.0,0.0009216256371586962,0.0009216256371586962,0.0,0.0004651385244858197,2.0469461437633285e-05,0.5802198842732965,0.5802687037491744,0.5802962270909966,0.5800154999702709,0.5800770657697626,0.580093416322258,0.5799927727612371,0.5800569699575302,0.5800707633936938,0.5799927727612371,0.5800569699575302,0.5800707633936938,116.35922559499824,4.988072208341608,0.4436446395867746,0.0,0.0,410004.0,410004.0,0.0,0.0,0.0,0.0,False,1.0167133483971476,1.0160231648563451,1.0165166787661077,0.5869344927294168,0.5869765365316564,0.5869196633672449,-0.035139115326208725
PokerHand,"repeat=2,fold=1",2,1,0,0,dKDB-current,0.01,validation-selected,adagrad,1025010,10,10,410004,102501,512505,1.0,0,b0d72a05652bf9d9c096a097d2ee2813f41ebd80dc885a59321fbd2098498c68,1060,10,0.002585340630823114,20,,20,2.3025850929940472,2.302585092994046,2.3025850929940463,0.9812001053986152,0.9818427019643848,0.9818977612399384,0.9804559378027403,0.981377563439899,0.9814709081041275,0.980528861089208,0.9813980329013366,0.9814715824739247,0.9804559378027403,0.981377563439899,0.9814709081041275,0.0,0.0,0.0,0.0009216256371586962,0.0009216256371586962,0.0,0.0004651385244858197,2.0469461437633285e-05,0.5802198842732965,0.5802687037491744,0.5802962270909966,0.5800154999702709,0.5800770657697626,0.580093416322258,0.5799927727612371,0.5800569699575302,0.5800707633936938,0.5799927727612371,0.5800569699575302,0.5800707633936938,116.35922559499824,4.988072208341608,0.4436446395867746,0.0,0.0,410004.0,410004.0,0.0,0.0,0.0,0.0,False,1.0167133483971476,1.0160231648563451,1.0165166787661077,0.5869344927294168,0.5869765365316564,0.5869196633672449,-0.035139115326208725
PokerHand,"repeat=2,fold=1",2,1,0,0,dKDB-generative-init,0.01,fixed-0.01,adagrad,1025010,10,10,410004,102501,512505,1.0,0,b0d72a05652bf9d9c096a097d2ee2813f41ebd80dc885a59321fbd2098498c68,1060,10,0.002585340630823114,20,,20,1.0160231648563451,1.0165166787661077,1.0167133483971476,0.9821570649291081,0.9835743389128422,0.9835992390907548,0.9804308355639945,0.9819649479622987,0.9820723031371862,0.9805545447971115,0.9820816018303473,0.9821624152423929,0.9804308355639945,0.9819649479622987,0.9820723031371862,0.0,0.0,0.0,0.0015341123983042548,0.0015341123983042548,0.0,0.0016093909505434656,0.00011665386804859956,0.5800086687770919,0.5800623401811683,0.580091438199216,0.5799814271933976,0.5800469902366184,0.5800651938626669,0.5799748989112543,0.5800431441135868,0.5800583704842732,0.5799748989112543,0.5800431441135868,0.5800583704842732,1172.0987092803189,36.558328980715466,2.0804873354850835,0.0,0.0,410004.0,410004.0,0.0,0.0,0.0,0.0,False,1.0167133483971476,1.0160231648563451,1.0165166787661077,0.5869344927294168,0.5869765365316564,0.5869196633672449,-0.03455173080380902
PokerHand,"repeat=2,fold=1",2,1,0,0,dKDB-generative-init,0.001,validation-selected,adagrad,1025010,10,10,410004,102501,512505,1.0,0,b0d72a05652bf9d9c096a097d2ee2813f41ebd80dc885a59321fbd2098498c68,1060,10,0.002585340630823114,20,,20,1.0160231648563451,1.0165166787661077,1.0167133483971476,0.9814198169891616,0.9821465394519214,0.9823234459515601,0.9805218710652719,0.9815637917728536,0.9817095208824376,0.9806294353146753,0.9815964684818769,0.9817490860802471,0.9805218710652719,0.9815637917728536,0.9817095208824376,0.0,0.0,0.0,0.0010419207075816894,0.0010419207075816894,0.0,0.0005827476790678521,3.267670902329378e-05,0.5790101432632786,0.5790061076393146,0.5790197597994265,0.5798571746954898,0.5799081347593783,0.5799159794573315,0.5799360815055126,0.5799966266960629,0.5800036083576275,0.5799360815055126,0.5799966266960629,0.5800036083576275,1081.1598592081164,33.2313798498957,1.2186806919817574,0.0,0.0,410004.0,410004.0,0.0,0.0,0.0,0.0,False,1.0167133483971476,1.0160231648563451,1.0165166787661077,0.5869344927294168,0.5869765365316564,0.5869196633672449,-0.03495288699325416
PokerHand,"repeat=2,fold=1",2,1,1,1,dKDB-current,0.01,fixed-0.01,adagrad,1025010,10,10,410004,102501,512505,1.0,0,675aaa4268fcfabbf95bae9eea046fb0ea9e59f172c956282d8025ab7586d32e,9700,82,0.02365830577262661,20,,20,2.3025850929940472,2.302585092994046,2.3025850929940463,0.8106765244592079,0.8151994930449772,0.8159056571738721,0.7397145558040847,0.7483256909198391,0.7489578188343605,0.7471719068863201,0.754731808027738,0.7553917106618265,0.7397145558040847,0.7483256909198391,0.7489578188343605,0.0,0.0,0.0,0.008611135115754398,0.008611135115754398,0.0,0.06687380212513805,0.0064061171078988455,0.5194614426136127,0.5201731916445077,0.5204680283609785,0.4981611159141561,0.49928407459516133,0.4996253048718795,0.49441766820603866,0.49564213408208435,0.4959934569770167,0.49441766820603866,0.49564213408208435,0.4959934569770167,1530.8822917817135,28.047692421845305,2.043647925314419,0.0,0.0,31605.5,50000.48780487805,0.0,0.0,0.0,0.0,False,2.5507236295978766,2.548296149074379,2.5586755747028986,0.6973005242811554,0.6973989350616931,0.6977314260362831,-1.8103498837830596
PokerHand,"repeat=2,fold=1",2,1,1,1,dKDB-current,0.03,validation-selected,adagrad,1025010,10,10,410004,102501,512505,1.0,0,675aaa4268fcfabbf95bae9eea046fb0ea9e59f172c956282d8025ab7586d32e,9700,82,0.02365830577262661,20,,20,2.3025850929940472,2.302585092994046,2.3025850929940463,0.7517278321828563,0.7594020651299261,0.7604096124904224,0.7321200731988945,0.7436333164287782,0.7443297189315206,0.7333665063760295,0.7441746747312189,0.7449074696924255,0.7321200731988945,0.7436333164287782,0.7443297189315206,0.0,0.0,0.0,0.011513243229883674,0.011513243229883674,0.0,0.015768748701147972,0.0005413583024407309,0.4997954641958459,0.5009363579229855,0.5013263705082599,0.4909543551613211,0.4923762146342107,0.4927620999512698,0.49025866540453455,0.49174112751506954,0.49211600788094967,0.49025866540453455,0.49174112751506954,0.49211600788094967,3067.4387770932535,50.77180415299749,3.079031660396616,0.0,0.0,31605.5,50000.48780487805,0.0,0.0,0.0,0.0,False,2.5507236295978766,2.548296149074379,2.5586755747028986,0.6973005242811554,0.6973989350616931,0.6977314260362831,-1.8150422582741204
PokerHand,"repeat=2,fold=1",2,1,1,1,dKDB-generative-init,0.01,fixed-0.01,adagrad,1025010,10,10,410004,102501,512505,1.0,0,675aaa4268fcfabbf95bae9eea046fb0ea9e59f172c956282d8025ab7586d32e,9700,82,0.02365830577262661,20,,20,2.548296149074379,2.5586755747028986,2.5507236295978766,0.8885444039815632,0.8985840917779166,0.8986782433590944,0.7416070735421297,0.7530472781910569,0.7545053638514367,0.7481236979203504,0.7588222238597904,0.7603416017020469,0.7416070735421297,0.7530472781910569,0.7545053638514367,0.0,0.0,0.0,0.011440204648927144,0.011440204648927144,0.0,0.14553681358685977,0.005774945668733489,0.5553809325563436,0.5568599222673957,0.5566311178701194,0.4991461696165928,0.5004732772080033,0.5008233489534494,0.4960780980922206,0.4975008011720947,0.4978566384841271,0.4960780980922206,0.4975008011720947,0.4978566384841271,10920.380540356513,112.8947428986709,2.4645676540935746,0.0,0.0,31605.5,50000.48780487805,0.0,0.0,0.0,0.0,False,2.5507236295978766,2.548296149074379,2.5586755747028986,0.6973005242811554,0.6973989350616931,0.6977314260362831,-1.8056282965118418
PokerHand,"repeat=2,fold=1",2,1,1,1,dKDB-generative-init,0.03,validation-selected,adagrad,1025010,10,10,410004,102501,512505,1.0,0,675aaa4268fcfabbf95bae9eea046fb0ea9e59f172c956282d8025ab7586d32e,9700,82,0.02365830577262661,20,,20,2.548296149074379,2.5586755747028986,2.5507236295978766,0.7518632072951001,0.7629604543005649,0.7650356299903691,0.7323191649731231,0.7461714686275877,0.7478012242624936,0.7339965290981371,0.7473916464334514,0.7490979489603492,0.7323191649731231,0.7461714686275877,0.7478012242624936,0.0,0.0,0.0,0.013852303654464548,0.013852303654464548,0.0,0.016788985672977264,0.001220177805863698,0.4998121851450453,0.5010651727988179,0.5014631296707265,0.49165723694590924,0.4932348353755294,0.4936170445050864,0.49060669382139416,0.49221964703228543,0.4925912672868125,0.49060669382139416,0.49221964703228543,0.4925912672868125,12350.505129392532,130.73732458019666,3.323971602916444,0.0,0.0,31605.5,50000.48780487805,0.0,0.0,0.0,0.0,False,2.5507236295978766,2.548296149074379,2.5586755747028986,0.6973005242811554,0.6973989350616931,0.6977314260362831,-1.8125041060753109
PokerHand,"repeat=2,fold=1",2,1,2,2,dKDB-current,0.01,fixed-0.01,adagrad,1025010,10,10,410004,102501,512505,1.0,0,e6f7f57bf6ea2d17a645de1427f9ffc909ea1296b232fb63a768e671273f41c2,94300,790,0.2299977561194525,20,,20,2.3025850929940472,2.302585092994046,2.3025850929940463,0.7195805581720103,0.7383270573967955,0.7393987440391598,0.5593373175098368,0.6013227118457785,0.604271809582392,0.5923591068751847,0.6286879185715725,0.6311210006720692,0.5593373175098368,0.6013227118457785,0.604271809582392,0.0,0.0,0.0,0.04198539433594162,0.04198539433594162,0.0,0.13700434555101704,0.02736520672579401,0.47513251522702665,0.47916233478335285,0.47966623955316634,0.42738570648472396,0.43577440087807245,0.43646305976272703,0.41672510780236305,0.42642785110308595,0.42719094827680887,0.41672510780236305,0.42642785110308595,0.42719094827680887,17007.668924569232,83.8487213520927,1.464957609148741,0.0,0.0,2479.0,5189.9240506329115,0.0,0.0,0.0,0.0,False,3.2666324054467037,3.2803702990748835,3.2757420093534333,0.8030233118661844,0.8046713847673967,0.8036206347823087,-2.674419297507655
PokerHand,"repeat=2,fold=1",2,1,2,2,dKDB-current,0.1,validation-selected,adagrad,1025010,10,10,410004,102501,512505,1.0,0,e6f7f57bf6ea2d17a645de1427f9ffc909ea1296b232fb63a768e671273f41c2,94300,790,0.2299977561194525,11,12.0,20,2.3025850929940472,2.302585092994046,2.3025850929940463,0.5141425699145271,0.5680480059697297,0.5707170710236532,0.456065246603777,0.5297594067292639,0.533973670043813,0.45695908194635887,0.5297995070283369,0.5339603607338116,0.45183188490201126,0.5309476548605778,0.5354985220253394,-0.004233361701765748,0.001188248131313907,0.0015248519815264094,0.07369416012548691,0.07911576995856656,0.005421609833079655,0.03828859924046579,4.0100299072975965e-05,0.3973022203259906,0.4104794187234469,0.41122544149731044,0.3722495624032128,0.3896793805272741,0.3907221635518094,0.37178263797319033,0.3893327112446962,0.39038573792108494,0.369496852549444,0.38775355253231547,0.38885122952640816,66953.1873457184,298.2782744104201,3.97851177380071,0.0,0.0,2479.0,5189.9240506329115,-0.001579158712380735,-0.0015345083946767812,-0.002285785423746356,0.000706626711365621,True,3.2666324054467037,3.2803702990748835,3.2757420093534333,0.8030233118661844,0.8046713847673967,0.8036206347823087,-2.7447943544928552
PokerHand,"repeat=2,fold=1",2,1,2,2,dKDB-generative-init,0.01,fixed-0.01,adagrad,1025010,10,10,410004,102501,512505,1.0,0,e6f7f57bf6ea2d17a645de1427f9ffc909ea1296b232fb63a768e671273f41c2,94300,790,0.2299977561194525,20,,20,3.2803702990748835,3.2757420093534333,3.2666324054467037,1.957526341975043,1.9730494690875104,1.975303448773053,0.5839081447918754,0.6273014008723171,0.6317797216974744,0.7341285439567975,0.7725377047461587,0.7768793001575459,0.5839081447918754,0.6273014008723171,0.6317797216974744,0.0,0.0,0.0,0.043393256080441756,0.043393256080441756,0.0,1.3457480682151934,0.14523630387384157,0.7193057712041104,0.7203317003947644,0.7202741781764354,0.4927724058174013,0.5013718272682807,0.5021761446175189,0.42494556081210105,0.435113690544976,0.43614125269971965,0.42494556081210105,0.435113690544976,0.43614125269971965,105093.85296995663,346.88381676667404,2.185997292131996,0.0,0.0,2479.0,5189.9240506329115,0.0,0.0,0.0,0.0,False,3.2666324054467037,3.2803702990748835,3.2757420093534333,0.8030233118661844,0.8046713847673967,0.8036206347823087,-2.648440608481116
PokerHand,"repeat=2,fold=1",2,1,2,2,dKDB-generative-init,0.1,validation-selected,adagrad,1025010,10,10,410004,102501,512505,1.0,0,e6f7f57bf6ea2d17a645de1427f9ffc909ea1296b232fb63a768e671273f41c2,94300,790,0.2299977561194525,14,15.0,20,3.2803702990748835,3.2757420093534333,3.2666324054467037,0.5235092024684451,0.587674359648955,0.5933014592544353,0.455883038024324,0.5426266134026381,0.5487463709904684,0.4590770888223615,0.5430983901377358,0.5491593833958894,0.4532599983110695,0.5429435997581089,0.5491843440844989,-0.0026230397132545047,0.00031698635547083853,0.000437973094030486,0.08674357537831406,0.08968360144703941,0.0029400260687253432,0.04504774624631691,0.00047177673509768425,0.39424168431748824,0.4074049207320979,0.4084039958966724,0.3730884054746925,0.391457904863858,0.3925609363706637,0.37151724086769483,0.3903101843355074,0.39141610281180417,0.37016999343070955,0.3893665869085089,0.3904776336086699,144813.71587919604,509.73363561063525,4.404242592509931,0.0,0.0,2479.0,5189.9240506329115,-0.0009435974269985103,-0.0009384692031342845,-0.0013472474369852772,0.0004036500099867668,True,3.2666324054467037,3.2803702990748835,3.2757420093534333,0.8030233118661844,0.8046713847673967,0.8036206347823087,-2.7327984095953246
PokerHand,"repeat=2,fold=1",2,1,3,3,dKDB-current,0.01,fixed-0.01,adagrad,1025010,10,10,410004,102501,512505,1.0,0,68c5e2223bfc3bd6e6d6c0689bb46b704647c8328a9ec0cb18e44bb6516fb45d,879100,7786,2.1441254231666034,20,,20,2.3025850929940472,2.302585092994046,2.3025850929940463,0.7077824190051607,0.7492767041635402,0.7504092637208336,0.3931593223062323,0.5172636002933598,0.5201880874053139,0.46144322616188865,0.5639002416453036,0.5663460681820873,0.3931593223062323,0.5172636002933598,0.5201880874053139,0.0,0.0,0.0,0.12410427798712753,0.12410427798712753,0.0,0.23201310387018037,0.046636641351943786,0.4773686503819015,0.48999838118389893,0.4906125055642192,0.3701934718334274,0.40739604183158024,0.4083452879047367,0.3349139122107075,0.38140541156060903,0.3824811871261736,0.3349139122107075,0.38140541156060903,0.3824811871261736,108199.44367414639,159.45684641551145,1.4338218550191626,0.0,0.0,197.0,526.5913177498073,0.0,0.0,0.0,0.0,False,3.7884790151584844,4.058532390849184,3.7989362025966407,0.8924217874047945,0.9049736793495279,0.8922969699226325,-3.281672602303281
PokerHand,"repeat=2,fold=1",2,1,3,3,dKDB-current,0.1,validation-selected,adagrad,1025010,10,10,410004,102501,512505,1.0,0,68c5e2223bfc3bd6e6d6c0689bb46b704647c8328a9ec0cb18e44bb6516fb45d,879100,7786,2.1441254231666034,8,9.0,20,2.3025850929940472,2.302585092994046,2.3025850929940463,0.3239223267601324,0.47750056122320284,0.4797927032745397,0.17914061700332168,0.42011279731798756,0.4240318687609165,0.16849656163712895,0.42076155903431334,0.42477221004115895,0.14100394839918157,0.4321568139834915,0.4364290044639115,-0.03813666860414011,0.01204401666550392,0.012397135702994999,0.24097218031466588,0.2911528655843099,0.05018068526964403,0.05738776390521527,0.0006487617163257742,0.29298117600034795,0.346602591963584,0.3474090305565043,0.21015163240164958,0.3049051376120472,0.30613113439277956,0.21718800433189459,0.30753988615323946,0.3087555904040371,0.19160238344393787,0.2992166704241508,0.30047283379065215,450828.97318747774,641.588255904573,3.537467253368913,0.0,0.0,197.0,526.5913177498073,-0.008323215729088673,-0.008282756613384956,-0.02558562088795671,0.01726240515886804,True,3.7884790151584844,4.058532390849184,3.7989362025966407,0.8924217874047945,0.9049736793495279,0.8922969699226325,-3.366779388613149
PokerHand,"repeat=2,fold=1",2,1,3,3,dKDB-generative-init,0.01,fixed-0.01,adagrad,1025010,10,10,410004,102501,512505,1.0,0,68c5e2223bfc3bd6e6d6c0689bb46b704647c8328a9ec0cb18e44bb6516fb45d,879100,7786,2.1441254231666034,20,,20,4.058532390849184,3.7989362025966407,3.7884790151584844,2.910976841974677,2.734337070618093,2.7393124576130616,1.3518433452217775,1.3922820454349407,1.3999488149469097,1.7327913093932263,1.7118314067663103,1.721021663956713,1.3518433452217775,1.3922820454349407,1.3999488149469097,0.0,0.0,0.0,0.0404387002131632,0.0404387002131632,0.0,1.3420550251831525,0.3195493613313696,0.8338988092907441,0.8202026271062074,0.8208611045370978,0.7071317294871479,0.7035494530271741,0.7050492826834879,0.6506289773339226,0.6554799886824176,0.6570033959027689,0.6506289773339226,0.6554799886824176,0.6570033959027689,948548.799437837,1017.4566681446294,2.3177287388973067,0.0,0.0,197.0,526.5913177498073,0.0,0.0,0.0,0.0,False,3.7884790151584844,4.058532390849184,3.7989362025966407,0.8924217874047945,0.9049736793495279,0.8922969699226325,-2.4066541571617
PokerHand,"repeat=2,fold=1",2,1,3,3,dKDB-generative-init,0.1,validation-selected,adagrad,1025010,10,10,410004,102501,512505,1.0,0,68c5e2223bfc3bd6e6d6c0689bb46b704647c8328a9ec0cb18e44bb6516fb45d,879100,7786,2.1441254231666034,15,16.0,20,4.058532390849184,3.7989362025966407,3.7884790151584844,0.7524012622700782,0.890885963000428,0.8952467639864359,0.1669157056116619,0.4249501060916782,0.4281336762021651,0.19275441978331878,0.42915805067292867,0.43228754846729944,0.15246107388004576,0.4271814998159976,0.43041638586980135,-0.014454631731616152,0.002231393724319408,0.0022827096676362735,0.2580344004800163,0.27472042593595186,0.01668602545593556,0.4659358569087498,0.004207944581250456,0.47917222816683364,0.5152232976079807,0.5171924628665658,0.2233098457957306,0.30624032955540315,0.30734490458628344,0.20765950932430366,0.2994479184743587,0.3005777210995597,0.19850540804993438,0.2965713643578497,0.29770852763245814,1212442.0351384296,1382.3656053878456,4.714799933381819,0.0,0.0,197.0,526.5913177498073,-0.0028765541165090003,-0.0028691934671015717,-0.009154101274369275,0.006277547157860275,True,3.7884790151584844,4.058532390849184,3.7989362025966407,0.8924217874047945,0.9049736793495279,0.8922969699226325,-3.371754702780643
PokerHand,"repeat=2,fold=1",2,1,4,4,dKDB-current,0.01,fixed-0.01,adagrad,1025010,10,10,410004,102501,512505,1.0,0,f0cda0e72e952c0bcb20ad5ac84d078ab94411266c42fc77fd95365d8d7e8b9c,7108780,72074,17.338318650549752,20,,20,2.3025850929940472,2.302585092994046,2.3025850929940463,0.7058155237136633,0.772486372970927,0.7743215831116458,0.32522754783220387,0.5588052645929275,0.5631211516213895,0.4146479214650505,0.601905144913561,0.6056657737023613,0.32522754783220387,0.5588052645929275,0.5631211516213895,0.0,0.0,0.0,0.23357771676072359,0.23357771676072359,0.0,0.21368110837799958,0.0430998803206335,0.47702539083364315,0.499933673581785,0.5007370639868913,0.35208508282020584,0.4323110147008151,0.4339075476698302,0.3016588371696699,0.41195627246223543,0.4138613327143468,0.3016588371696699,0.41195627246223543,0.4138613327143468,355699.1020596283,213.3347613257291,1.3348312105989781,5.463361333060165e-06,0.0,16.0,56.88653328523462,0.0,0.0,0.0,0.0,False,4.064163544453849,5.749128463789909,4.076368155310835,0.8962710678965443,0.9790726236287768,0.8971696005801894,-3.5175628907179073
PokerHand,"repeat=2,fold=1",2,1,4,4,dKDB-current,0.1,validation-selected,adagrad,1025010,10,10,410004,102501,512505,1.0,0,f0cda0e72e952c0bcb20ad5ac84d078ab94411266c42fc77fd95365d8d7e8b9c,7108780,72074,17.338318650549752,11,12.0,20,2.3025850929940472,2.302585092994046,2.3025850929940463,0.24205990430263877,0.5450900694664557,0.5500388822788028,0.03876783507589603,0.4543983465662912,0.46083247535754573,0.042078421133623735,0.4545565866067903,0.4609110742750388,0.022889138045998153,0.4570903177627233,0.4640120411122196,-0.01587869702989788,0.002691971196432108,0.0031795657546738743,0.41563051149039515,0.4342011797167251,0.018570668226329967,0.09069172290016447,0.00015824004049913576,0.254199677917247,0.39921218593357083,0.4011116009757796,0.056591136146181574,0.34891509698576534,0.35143298146491053,0.0524187240021994,0.3479914813606879,0.3505220352626218,0.03179598639022226,0.3437851162070231,0.34637467405961087,1439644.6015839756,808.2921527779275,2.9923077289932154,5.463361333060165e-06,0.0,16.0,56.88653328523462,-0.004206365153664793,-0.0041473612030109575,-0.020622737611977138,0.016416372458312345,True,4.064163544453849,5.749128463789909,4.076368155310835,0.8962710678965443,0.9790726236287768,0.8971696005801894,-3.6192778375481116
PokerHand,"repeat=2,fold=1",2,1,4,4,dKDB-generative-init,0.01,fixed-0.01,adagrad,1025010,10,10,410004,102501,512505,1.0,0,f0cda0e72e952c0bcb20ad5ac84d078ab94411266c42fc77fd95365d8d7e8b9c,7108780,72074,17.338318650549752,20,,20,5.749128463789909,4.076368155310835,4.064163544453849,4.439778261569243,3.1614764146989702,3.163793626695115,2.4168348860998763,1.8019251256393474,1.8140054902677762,2.962511686800036,2.123469515619129,2.134635932407069,2.4168348860998763,1.8019251256393474,1.8140054902677762,0.0,0.0,0.0,-0.6149097604605289,-0.6149097604605289,0.0,1.3595512890596229,0.32154438997978185,0.9067706596883185,0.8142824832439861,0.8146665320022174,0.8171787192911053,0.7280281746239813,0.729380000865606,0.7496640211376614,0.6780633096223877,0.6797517098619591,0.7496640211376614,0.6780633096223877,0.6797517098619591,7340202.312567636,2757.916798328781,2.3666715758570094,5.463361333060165e-06,28.0,16.0,56.88653328523462,0.0,0.0,0.0,0.0,False,4.064163544453849,5.749128463789909,4.076368155310835,0.8962710678965443,0.9790726236287768,0.8971696005801894,-2.2744430296714873
PokerHand,"repeat=2,fold=1",2,1,4,4,dKDB-generative-init,0.1,validation-selected,adagrad,1025010,10,10,410004,102501,512505,1.0,0,f0cda0e72e952c0bcb20ad5ac84d078ab94411266c42fc77fd95365d8d7e8b9c,7108780,72074,17.338318650549752,20,,20,5.749128463789909,4.076368155310835,4.064163544453849,1.7078119664430382,1.4755502942666474,1.4895607728380018,0.10186937115357009,0.6603567515436093,0.6687375050825877,0.2605167189395281,0.7514685830058087,0.7601522962239147,0.10186937115357009,0.6603567515436093,0.6687375050825877,0.0,0.0,0.0,0.5584873803900392,0.5584873803900392,0.0,0.8151935427230381,0.09111183146219937,0.6180082311542693,0.5862244824377468,0.5880451452739237,0.2719047761306913,0.442137897233447,0.4439747522051757,0.13701909259368208,0.40015650062999936,0.4021807331278703,0.13701909259368208,0.40015650062999936,0.4021807331278703,8113179.681367529,3148.5687812124183,4.783870775506807,5.463361333060165e-06,28.0,16.0,56.88653328523462,0.0,0.0,0.0,0.0,False,4.064163544453849,5.749128463789909,4.076368155310835,0.8962710678965443,0.9790726236287768,0.8971696005801894,-3.4160114037672256
PokerHand,"repeat=2,fold=1",2,1,5,5,dKDB-current,0.01,fixed-0.01,adagrad,1025010,10,10,410004,102501,512505,1.0,0,f86d6deabaa8dcab8fb9e1fee8ea74dfddb1952946eaca24e825ae95ea05195e,28870000,434761,70.41394718100311,20,,20,2.3025850929940472,2.302585092994046,2.3025850929940463,0.6995591818292277,0.788003841634797,0.7895130169504857,0.2575231235936207,0.5699944054906846,0.5733614003305361,0.3607875113514152,0.6170064309174638,0.6199825614597259,0.2575231235936207,0.5699944054906846,0.5733614003305361,0.0,0.0,0.0,0.3124712818970639,0.3124712818970639,0.0,0.2180094361441124,0.04701202542677918,0.4716989711822399,0.5044732617260275,0.5051854565656129,0.31823035139001266,0.4391812384974509,0.440306505279381,0.2520510294931456,0.4183519621280124,0.4196298032302586,0.2520510294931456,0.4183519621280124,0.4196298032302586,740846.1257750968,267.0909123772181,1.3045579238386094,0.035269704685807944,0.0,2.0,9.430560698866733,0.0,0.0,0.0,0.0,False,3.9226584462106513,7.759764071179319,3.930188092996603,0.8768755426960254,0.9928956819659607,0.8770173905760663,-3.3601936875059186
PokerHand,"repeat=2,fold=1",2,1,5,5,dKDB-current,0.1,validation-selected,adagrad,1025010,10,10,410004,102501,512505,1.0,0,f86d6deabaa8dcab8fb9e1fee8ea74dfddb1952946eaca24e825ae95ea05195e,28870000,434761,70.41394718100311,11,12.0,20,2.3025850929940472,2.302585092994046,2.3025850929940463,0.1556839469524509,0.5398004431625104,0.5433736047915877,0.019509716667353075,0.4708164490381712,0.4753121864762912,0.021240930444685363,0.4708858306033849,0.4753295446187772,0.011327753477223493,0.47313469121602403,0.4779497139996153,-0.008181963190129583,0.002318242177852814,0.002637527523324079,0.45130673237081814,0.46180693773880055,0.010500205367982407,0.0689839941243392,6.938156521368866e-05,0.18830840231689694,0.39783954317291437,0.3992711845834761,0.028178594748780792,0.36358925497993266,0.3650508991947843,0.025942289370209766,0.36292656121707045,0.3643916632643119,0.015238391461678593,0.3598811873246955,0.3613614469481456,2903187.6737431884,994.9083345727216,3.708488774791196,0.035269704685807944,0.0,2.0,9.430560698866733,-0.0030453738923749696,-0.00303021631616629,-0.010703897908531173,0.007658524016156187,True,3.9226584462106513,7.759764071179319,3.930188092996603,0.8768755426960254,0.9928956819659607,0.8770173905760663,-3.457053401780579
PokerHand,"repeat=2,fold=1",2,1,5,5,dKDB-generative-init,0.01,fixed-0.01,adagrad,1025010,10,10,410004,102501,512505,1.0,0,f86d6deabaa8dcab8fb9e1fee8ea74dfddb1952946eaca24e825ae95ea05195e,28870000,434761,70.41394718100311,20,,20,7.759764071179319,3.930188092996603,3.9226584462106513,6.232845851258745,3.413044022830469,3.4168686351133455,3.694765878661625,2.1046163790365098,2.120572650594995,4.492805538856609,2.510237093635788,2.524415547945604,3.694765878661625,2.1046163790365098,2.120572650594995,0.0,0.0,0.0,-1.5901494996251153,-1.5901494996251153,0.0,1.308427643793959,0.4056207145992783,0.937920132621149,0.7760236337722083,0.7765729886672696,0.8473066440876826,0.692893811398584,0.6942519254042926,0.7938514196944085,0.646174620042716,0.6480475995187621,0.7938514196944085,0.646174620042716,0.6480475995187621,29356776.76973681,5468.447896329417,2.5641721088558596,0.035269704685807944,180759.0,2.0,9.430560698866733,0.0,0.0,0.0,0.0,False,3.9226584462106513,7.759764071179319,3.930188092996603,0.8768755426960254,0.9928956819659607,0.8770173905760663,-1.8255717139600933
PokerHand,"repeat=2,fold=1",2,1,5,5,dKDB-generative-init,0.1,validation-selected,adagrad,1025010,10,10,410004,102501,512505,1.0,0,f86d6deabaa8dcab8fb9e1fee8ea74dfddb1952946eaca24e825ae95ea05195e,28870000,434761,70.41394718100311,20,,20,7.759764071179319,3.930188092996603,3.9226584462106513,2.7943307615561626,1.8772804502629306,1.8945306770074584,0.06633886505419964,0.6877141971456449,0.6954180661856062,0.23359977289142633,0.7514656134785694,0.7600479427642268,0.06633886505419964,0.6877141971456449,0.6954180661856062,0.0,0.0,0.0,0.6213753320914452,0.6213753320914452,0.0,1.1895662531172857,0.06375141633292458,0.6527758298363705,0.5906960016156706,0.5924872487950148,0.25013982544883584,0.4293923016871346,0.4311845362776043,0.09283537844575536,0.4015486266632657,0.40277744139341654,0.09283537844575536,0.4015486266632657,0.40277744139341654,30891224.624799356,5856.307431648794,5.440926304825959,0.035269704685807944,180759.0,2.0,9.430560698866733,0.0,0.0,0.0,0.0,False,3.9226584462106513,7.759764071179319,3.930188092996603,0.8768755426960254,0.9928956819659607,0.8770173905760663,-3.2424738958509582
PokerHand,"repeat=2,fold=2",2,2,0,0,dKDB-current,0.01,fixed-0.01,adagrad,1025010,10,10,410004,102501,512505,1.0,0,b0d72a05652bf9d9c096a097d2ee2813f41ebd80dc885a59321fbd2098498c68,1060,10,0.002585340630823114,11,12.0,20,2.3025850929940472,2.302585092994046,2.3025850929940463,0.981070936335012,0.9818921831795251,0.9820345488599015,0.98026653242527,0.9814264940118063,0.9816946681511592,0.9802823579158906,0.9814272512980683,0.9816927306441423,0.9801891107688976,0.9814434734874362,0.9817251036154652,-7.742165637236731e-05,1.697947562995239e-05,3.0435464305922366e-05,0.0011599615865363067,0.0012543627185386264,9.44011320023197e-05,0.0004656891677188302,7.572862620319754e-07,0.580110658960392,0.5802020205904583,0.5801965742798342,0.5801466106873249,0.580232564657855,0.5802364271139829,0.5801430346224054,0.5802287945499848,0.5802328341387071,0.5801158376727972,0.5802005530316205,0.5802054926160661,115.00054308168652,4.9645950547238,0.5059421450580873,0.0,0.0,410004.0,410004.0,-2.8241518364224838e-05,-2.7341522640944582e-05,-2.719694960817698e-05,-1.044568756047859e-06,True,1.1282169488396723,1.1273058340981903,1.128843674944502,0.5827138650773297,0.5826477934610128,0.58271054039984,-0.1474002014570659
PokerHand,"repeat=2,fold=2",2,2,0,0,dKDB-current,0.01,validation-selected,adagrad,1025010,10,10,410004,102501,512505,1.0,0,b0d72a05652bf9d9c096a097d2ee2813f41ebd80dc885a59321fbd2098498c68,1060,10,0.002585340630823114,11,12.0,20,2.3025850929940472,2.302585092994046,2.3025850929940463,0.981070936335012,0.9818921831795251,0.9820345488599015,0.98026653242527,0.9814264940118063,0.9816946681511592,0.9802823579158906,0.9814272512980683,0.9816927306441423,0.9801891107688976,0.9814434734874362,0.9817251036154652,-7.742165637236731e-05,1.697947562995239e-05,3.0435464305922366e-05,0.0011599615865363067,0.0012543627185386264,9.44011320023197e-05,0.0004656891677188302,7.572862620319754e-07,0.580110658960392,0.5802020205904583,0.5801965742798342,0.5801466106873249,0.580232564657855,0.5802364271139829,0.5801430346224054,0.5802287945499848,0.5802328341387071,0.5801158376727972,0.5802005530316205,0.5802054926160661,115.00054308168652,4.9645950547238,0.5059421450580873,0.0,0.0,410004.0,410004.0,-2.8241518364224838e-05,-2.7341522640944582e-05,-2.719694960817698e-05,-1.044568756047859e-06,True,1.1282169488396723,1.1273058340981903,1.128843674944502,0.5827138650773297,0.5826477934610128,0.58271054039984,-0.1474002014570659
PokerHand,"repeat=2,fold=2",2,2,0,0,dKDB-generative-init,0.01,fixed-0.01,adagrad,1025010,10,10,410004,102501,512505,1.0,0,b0d72a05652bf9d9c096a097d2ee2813f41ebd80dc885a59321fbd2098498c68,1060,10,0.002585340630823114,20,,20,1.1273058340981903,1.128843674944502,1.1282169488396723,0.982675436101938,0.9843988636790173,0.9845502270521483,0.9802439966957838,0.982194766757406,0.9824410139120162,0.98049393054876,0.9824099773303611,0.9826475472900077,0.9802439966957838,0.982194766757406,0.9824410139120162,0.0,0.0,0.0,0.0019507700616222534,0.0019507700616222534,0.0,0.002204096921611276,0.00021521057295503798,0.5799509788759312,0.5800543255527761,0.5800413617898139,0.5801214236376759,0.5802138204794841,0.5802168946647382,0.5801024785803045,0.5801935411597283,0.5801979328767206,0.5801024785803045,0.5801935411597283,0.5801979328767206,1168.1893676649722,36.416338532571324,1.9988499106071473,0.0,0.0,410004.0,410004.0,0.0,0.0,0.0,0.0,False,1.1282169488396723,1.1273058340981903,1.128843674944502,0.5827138650773297,0.5826477934610128,0.58271054039984,-0.14664890818709608
PokerHand,"repeat=2,fold=2",2,2,0,0,dKDB-generative-init,0.01,validation-selected,adagrad,1025010,10,10,410004,102501,512505,1.0,0,b0d72a05652bf9d9c096a097d2ee2813f41ebd80dc885a59321fbd2098498c68,1060,10,0.002585340630823114,20,,20,1.1273058340981903,1.128843674944502,1.1282169488396723,0.982675436101938,0.9843988636790173,0.9845502270521483,0.9802439966957838,0.982194766757406,0.9824410139120162,0.98049393054876,0.9824099773303611,0.9826475472900077,0.9802439966957838,0.982194766757406,0.9824410139120162,0.0,0.0,0.0,0.0019507700616222534,0.0019507700616222534,0.0,0.002204096921611276,0.00021521057295503798,0.5799509788759312,0.5800543255527761,0.5800413617898139,0.5801214236376759,0.5802138204794841,0.5802168946647382,0.5801024785803045,0.5801935411597283,0.5801979328767206,0.5801024785803045,0.5801935411597283,0.5801979328767206,1168.1893676649722,36.416338532571324,1.9988499106071473,0.0,0.0,410004.0,410004.0,0.0,0.0,0.0,0.0,False,1.1282169488396723,1.1273058340981903,1.128843674944502,0.5827138650773297,0.5826477934610128,0.58271054039984,-0.14664890818709608
PokerHand,"repeat=2,fold=2",2,2,1,1,dKDB-current,0.01,fixed-0.01,adagrad,1025010,10,10,410004,102501,512505,1.0,0,a27a5097d66c2c456d77cce1c8055cffb6ecbdc4292bec5ee89386e98336269e,9700,82,0.02365830577262661,20,,20,2.3025850929940472,2.302585092994046,2.3025850929940463,0.763185648226327,0.7666163709550221,0.7693283893114606,0.7329910295371596,0.7397229993516649,0.7431695572501575,0.7364703231987174,0.7423699775338395,0.7456797875948157,0.7329910295371596,0.7397229993516649,0.7431695572501575,0.0,0.0,0.0,0.006731969814505301,0.006731969814505301,0.0,0.026893371603357252,0.0026469781821746308,0.502624702535203,0.5033519647484265,0.5042071547470389,0.49355153356487297,0.4945888729996956,0.4955648273681719,0.4917797609956623,0.4928888454420813,0.49389649090495874,0.4917797609956623,0.4928888454420813,0.49389649090495874,1639.4039922688075,33.12524989323917,2.36175074973477,0.0,0.0,31582.5,50000.48780487805,0.0,0.0,0.0,0.0,False,1.015292423916205,1.0100414043498533,1.0091673485464057,0.505852941355223,0.5042790490266279,0.505132475640365,-0.2694443491947408
PokerHand,"repeat=2,fold=2",2,2,1,1,dKDB-current,0.03,validation-selected,adagrad,1025010,10,10,410004,102501,512505,1.0,0,a27a5097d66c2c456d77cce1c8055cffb6ecbdc4292bec5ee89386e98336269e,9700,82,0.02365830577262661,19,,20,2.3025850929940472,2.302585092994046,2.3025850929940463,0.740596388859562,0.746535430275188,0.7500216225212725,0.7291062710835542,0.7383578488175697,0.7420491646817656,0.7299682249884307,0.7385480734866351,0.742239417930231,0.729054461838613,0.7383587984279858,0.7420504584763447,-5.180924494119221e-05,9.496104160788832e-07,1.2937945790270078e-06,0.009251577734015526,0.009304336589372797,5.2758855357271095e-05,0.008177581457618266,0.00019022466906537527,0.4941800570604219,0.4952762565983729,0.4962490870617102,0.48982817781931587,0.49114383994805727,0.49216648469793484,0.48937634970893285,0.49073736612425856,0.49176591861034846,0.48934826780208573,0.49071258159219006,0.4917415553809493,3166.5079493951703,59.8827353829396,4.167341235527268,0.0,0.0,31582.5,50000.48780487805,-2.4784532068500287e-05,-2.4363229399138042e-05,-2.8081906847110538e-05,3.2973747786102514e-06,True,1.015292423916205,1.0100414043498533,1.0091673485464057,0.505852941355223,0.5042790490266279,0.505132475640365,-0.27080855011841987
PokerHand,"repeat=2,fold=2",2,2,1,1,dKDB-generative-init,0.01,fixed-0.01,adagrad,1025010,10,10,410004,102501,512505,1.0,0,a27a5097d66c2c456d77cce1c8055cffb6ecbdc4292bec5ee89386e98336269e,9700,82,0.02365830577262661,20,,20,1.0100414043498533,1.0091673485464057,1.015292423916205,0.8057340922309302,0.8079426709219429,0.8127346039456316,0.7467237863772139,0.7549558196163775,0.7581426015770032,0.7552944256842187,0.7622663956487091,0.7656199506035295,0.7467237863772139,0.7549558196163775,0.7581426015770032,0.0,0.0,0.0,0.00823203323916355,0.00823203323916355,0.0,0.05298685130556546,0.00731057603233165,0.4945117615522057,0.49531284976758866,0.4962982395860392,0.4910063266076646,0.4920106604148111,0.4931062510607736,0.4904645883845681,0.491588930391654,0.49265230364840645,0.4904645883845681,0.491588930391654,0.49265230364840645,11184.00599328647,117.26406346319135,3.333058025711225,0.0,0.0,31582.5,50000.48780487805,0.0,0.0,0.0,0.0,False,1.015292423916205,1.0100414043498533,1.0091673485464057,0.505852941355223,0.5042790490266279,0.505132475640365,-0.2542115289300282
PokerHand,"repeat=2,fold=2",2,2,1,1,dKDB-generative-init,0.1,validation-selected,adagrad,1025010,10,10,410004,102501,512505,1.0,0,a27a5097d66c2c456d77cce1c8055cffb6ecbdc4292bec5ee89386e98336269e,9700,82,0.02365830577262661,20,,20,1.0100414043498533,1.0091673485464057,1.015292423916205,0.7547876871721062,0.7660233309620386,0.7690864597773022,0.7292416779104545,0.7431121176409,0.7470549918218646,0.7312900083215949,0.7448817144768197,0.7486328817002863,0.7292416779104545,0.7431121176409,0.7470549918218646,0.0,0.0,0.0,0.01387043973044555,0.01387043973044555,0.0,0.022911213321138546,0.0017695968359197067,0.49211782723106695,0.4935847171678873,0.4944501457019929,0.48941030691134424,0.4909728210783759,0.49194095123861814,0.4891256706252615,0.4906843919976753,0.4916872527327626,0.4891256706252615,0.4906843919976753,0.4916872527327626,15700.352742099096,181.91683522037775,7.207398330435485,0.0,0.0,31582.5,50000.48780487805,0.0,0.0,0.0,0.0,False,1.015292423916205,1.0100414043498533,1.0091673485464057,0.505852941355223,0.5042790490266279,0.505132475640365,-0.26605523090550565
PokerHand,"repeat=2,fold=2",2,2,2,2,dKDB-current,0.01,fixed-0.01,adagrad,1025010,10,10,410004,102501,512505,1.0,0,83b7751ef47a5664ee64cee86af7d552cff1c38a30471562bab12f6145524d04,94300,790,0.2299977561194525,20,,20,2.3025850929940472,2.302585092994046,2.3025850929940463,0.6308262512254043,0.6470897246724246,0.6476768955646939,0.4990992981031912,0.5409569000518195,0.5410987280368027,0.5186248502768707,0.5537900927096139,0.5540323643137752,0.4990992981031912,0.5409569000518195,0.5410987280368027,0.0,0.0,0.0,0.04185760194862831,0.04185760194862831,0.0,0.10613282462060514,0.012833192657794368,0.44225016547107515,0.44636565956567414,0.4465642916112946,0.40084711864921224,0.4101746764468129,0.41022826639187077,0.39397659022524295,0.40496297732537184,0.40500860118120036,0.39397659022524295,0.40496297732537184,0.40500860118120036,16318.283803515942,81.7012886379621,1.9159712447284933,0.0,0.0,2479.0,5189.9240506329115,0.0,0.0,0.0,0.0,False,0.9194507430520508,0.9093775567642478,0.9184587228127837,0.4289235704612718,0.42288241429794343,0.4286220991995954,-0.3775018227609642
PokerHand,"repeat=2,fold=2",2,2,2,2,dKDB-current,0.03,validation-selected,adagrad,1025010,10,10,410004,102501,512505,1.0,0,83b7751ef47a5664ee64cee86af7d552cff1c38a30471562bab12f6145524d04,94300,790,0.2299977561194525,20,,20,2.3025850929940472,2.302585092994046,2.3025850929940463,0.5292612616480866,0.5613229306555053,0.561987442706494,0.4607395693735794,0.5219758980468955,0.521962505097346,0.47057244419480154,0.5253530436156062,0.5254920787688192,0.4607395693735794,0.5219758980468955,0.521962505097346,0.0,0.0,0.0,0.061236328673316076,0.061236328673316076,0.0,0.03934703260860983,0.0033771455687107155,0.402260570694865,0.4112311116587619,0.41128381734698394,0.38134951092560354,0.3958024826098712,0.3957500172071061,0.3766632969253895,0.39248016610377834,0.3924099830860823,0.3766632969253895,0.39248016610377834,0.3924099830860823,34374.53631460338,163.99784886648814,3.3377815438397733,0.0,0.0,2479.0,5189.9240506329115,0.0,0.0,0.0,0.0,False,0.9194507430520508,0.9093775567642478,0.9184587228127837,0.4289235704612718,0.42288241429794343,0.4286220991995954,-0.39648282476588825
PokerHand,"repeat=2,fold=2",2,2,2,2,dKDB-generative-init,0.01,fixed-0.01,adagrad,1025010,10,10,410004,102501,512505,1.0,0,83b7751ef47a5664ee64cee86af7d552cff1c38a30471562bab12f6145524d04,94300,790,0.2299977561194525,20,,20,0.9093775567642478,0.9184587228127837,0.9194507430520508,0.6421340468722099,0.6627380841270563,0.66387962867314,0.5241860480280801,0.5672677046654282,0.5679056412769079,0.5554613367921873,0.5919478982191998,0.592726952020786,0.5241860480280801,0.5672677046654282,0.5679056412769079,0.0,0.0,0.0,0.04308165663734809,0.04308165663734809,0.0,0.09547037946162806,0.0246801935537716,0.4072103829085806,0.4141775656454312,0.4145482664559734,0.39584490804445077,0.40579144785161586,0.40593293169301675,0.38946310514300886,0.4009772859071346,0.4010525274482282,0.38946310514300886,0.4009772859071346,0.4010525274482282,106470.55039016916,350.1113959130767,2.1017797993317577,0.0,0.0,2479.0,5189.9240506329115,0.0,0.0,0.0,0.0,False,0.9194507430520508,0.9093775567642478,0.9184587228127837,0.4289235704612718,0.42288241429794343,0.4286220991995954,-0.35119101814735554
PokerHand,"repeat=2,fold=2",2,2,2,2,dKDB-generative-init,0.03,validation-selected,adagrad,1025010,10,10,410004,102501,512505,1.0,0,83b7751ef47a5664ee64cee86af7d552cff1c38a30471562bab12f6145524d04,94300,790,0.2299977561194525,20,,20,0.9093775567642478,0.9184587228127837,0.9194507430520508,0.5805307395634345,0.614343648397752,0.6156849465931754,0.4688919203272513,0.5351359006788886,0.5351955589470501,0.4834997862344196,0.5414267919202903,0.5418134216828816,0.4688919203272513,0.5351359006788886,0.5351955589470501,0.0,0.0,0.0,0.06624398035163731,0.06624398035163731,0.0,0.07920774771886341,0.006290891241401697,0.39866361761242214,0.4082245056443602,0.40835475273230387,0.3778997490820539,0.39195911051192944,0.39196217609668904,0.3748166245771689,0.3902712462848377,0.3902585618095882,0.3748166245771689,0.3902712462848377,0.3902585618095882,121347.71717017349,410.14599907455016,3.5007062363133175,0.0,0.0,2479.0,5189.9240506329115,0.0,0.0,0.0,0.0,False,0.9194507430520508,0.9093775567642478,0.9184587228127837,0.4289235704612718,0.42288241429794343,0.4286220991995954,-0.3833228221338951
PokerHand,"repeat=2,fold=2",2,2,3,3,dKDB-current,0.01,fixed-0.01,adagrad,1025010,10,10,410004,102501,512505,1.0,0,ce0ca44a7afe42c00e486ed5917bfa217b22fb6be648dce4c57dc796d9640d32,879100,7786,2.1441254231666034,20,,20,2.3025850929940472,2.302585092994046,2.3025850929940463,0.673916523936585,0.7125102661531569,0.7124731149969242,0.34662837409915775,0.45914594223453953,0.45885369043629665,0.41755481746654,0.5112501013382519,0.5109996420945991,0.34662837409915775,0.45914594223453953,0.45885369043629665,0.0,0.0,0.0,0.11251756813538177,0.11251756813538177,0.0,0.2533643239186174,0.052104159103712355,0.46358167471151696,0.47626949230239946,0.47631385930501646,0.34907135032818903,0.38545895993553947,0.385636034773439,0.31146677164204134,0.35728695079441103,0.357483694694666,0.31146677164204134,0.35728695079441103,0.357483694694666,105514.88488722092,155.26013636870954,1.8034567865842785,0.0,0.0,197.0,526.5913177498073,0.0,0.0,0.0,0.0,False,0.810654576868878,0.8267150990601682,0.8037174395012727,0.3628157509300536,0.34093216059893283,0.3621125971034732,-0.3445714972667332
PokerHand,"repeat=2,fold=2",2,2,3,3,dKDB-current,0.03,validation-selected,adagrad,1025010,10,10,410004,102501,512505,1.0,0,ce0ca44a7afe42c00e486ed5917bfa217b22fb6be648dce4c57dc796d9640d32,879100,7786,2.1441254231666034,20,,20,2.3025850929940472,2.302585092994046,2.3025850929940463,0.4679221840517164,0.5485810457943512,0.5489342822354244,0.20361514324487445,0.38270298642374256,0.38241897110329326,0.2446361399741816,0.39577097547773693,0.39566823029222226,0.20361514324487445,0.38270298642374256,0.38241897110329326,0.0,0.0,0.0,0.1790878431788681,0.1790878431788681,0.0,0.16587805937060862,0.013067989053994367,0.3698792115103896,0.4011375994706646,0.4013360618543656,0.2555757321694659,0.31782263720376674,0.3181221707351029,0.2330473296981732,0.306034475931665,0.3063568525088969,0.2330473296981732,0.306034475931665,0.3063568525088969,223329.65819639133,319.7725437968332,3.0116839662518617,0.0,0.0,197.0,526.5913177498073,0.0,0.0,0.0,0.0,False,0.810654576868878,0.8267150990601682,0.8037174395012727,0.3628157509300536,0.34093216059893283,0.3621125971034732,-0.42101445307753016
PokerHand,"repeat=2,fold=2",2,2,3,3,dKDB-generative-init,0.01,fixed-0.01,adagrad,1025010,10,10,410004,102501,512505,1.0,0,ce0ca44a7afe42c00e486ed5917bfa217b22fb6be648dce4c57dc796d9640d32,879100,7786,2.1441254231666034,20,,20,0.8267150990601682,0.8037174395012727,0.810654576868878,0.5046354477975998,0.5572671923634894,0.5634599649874025,0.3513394382310085,0.4860858202106415,0.4906261893713995,0.3964314851477357,0.5047113717195364,0.5096960863373965,0.3513394382310085,0.4860858202106415,0.4906261893713995,0.0,0.0,0.0,0.134746381979633,0.134746381979633,0.0,0.07118137215284792,0.01862555150889489,0.3222684235055384,0.34314083269916834,0.3442561323334659,0.3019437095006019,0.3333830030350823,0.3345634858052059,0.2906458179147054,0.32843601046721044,0.32973236666001216,0.2906458179147054,0.32843601046721044,0.32973236666001216,942813.12851813,1009.1270321792139,2.3188621428024607,0.0,0.0,197.0,526.5913177498073,0.0,0.0,0.0,0.0,False,0.810654576868878,0.8267150990601682,0.8037174395012727,0.3628157509300536,0.34093216059893283,0.3621125971034732,-0.3176316192906312
PokerHand,"repeat=2,fold=2",2,2,3,3,dKDB-generative-init,0.03,validation-selected,adagrad,1025010,10,10,410004,102501,512505,1.0,0,ce0ca44a7afe42c00e486ed5917bfa217b22fb6be648dce4c57dc796d9640d32,879100,7786,2.1441254231666034,20,,20,0.8267150990601682,0.8037174395012727,0.810654576868878,0.4413950172977281,0.5338804312028527,0.5392414588447405,0.2114557926186674,0.45466682267200786,0.45696165622945945,0.26403182195314384,0.4649315975585396,0.46820760576164805,0.2114557926186674,0.45466682267200786,0.45696165622945945,0.0,0.0,0.0,0.24321103005334047,0.24321103005334047,0.0,0.0792136085308448,0.010264774886531713,0.30990023973507486,0.33823900035373794,0.33927247355632506,0.2627152974531449,0.3200399799950628,0.321659584046846,0.24119203487767196,0.3138246869769017,0.3155307409625177,0.24119203487767196,0.3138246869769017,0.3155307409625177,1036964.6888655678,1126.3127063505322,3.4227697570716398,0.0,0.0,197.0,526.5913177498073,0.0,0.0,0.0,0.0,False,0.810654576868878,0.8267150990601682,0.8037174395012727,0.3628157509300536,0.34093216059893283,0.3621125971034732,-0.34905061682926486
PokerHand,"repeat=2,fold=2",2,2,4,4,dKDB-current,0.01,fixed-0.01,adagrad,1025010,10,10,410004,102501,512505,1.0,0,11fce003673b37b4c22e7ab64ffe8d83397fdb8e74f319b6de793e40968590e3,7108450,72070,17.337513780353362,20,,20,2.3025850929940472,2.302585092994046,2.3025850929940463,0.6728510931740274,0.7359362570842004,0.7361530786775664,0.2783119196533387,0.48366477228422433,0.4833791259892054,0.37139317443883535,0.5412107801839007,0.5410578401387016,0.2783119196533387,0.48366477228422433,0.4833791259892054,0.0,0.0,0.0,0.20535285263088565,0.20535285263088565,0.0,0.2522714847999761,0.057546007899676344,0.46471204871278265,0.4876618352371055,0.4877833520845718,0.32534301201791777,0.4041932417633446,0.404339858194216,0.26831358964394286,0.3752629542963013,0.37546524434345463,0.26831358964394286,0.3752629542963013,0.37546524434345463,355836.0450374907,212.70064416096778,1.8273620851177421,1.092672266612033e-05,0.0,16.0,56.88969057860413,0.0,0.0,0.0,0.0,False,0.7561561810088856,0.7801471111709061,0.7524239063117673,0.3882168018097249,0.2744353983358038,0.3881240993555804,-0.2687591340275429
PokerHand,"repeat=2,fold=2",2,2,4,4,dKDB-current,0.1,validation-selected,adagrad,1025010,10,10,410004,102501,512505,1.0,0,11fce003673b37b4c22e7ab64ffe8d83397fdb8e74f319b6de793e40968590e3,7108450,72070,17.337513780353362,20,,20,2.3025850929940472,2.302585092994046,2.3025850929940463,0.18764078305099857,0.43326194365002857,0.4333518788002751,0.014540711247681623,0.32503803147062943,0.3242202093288945,0.02733099097618274,0.32831979015206036,0.32753862702162745,0.014540711247681623,0.32503803147062943,0.3242202093288945,0.0,0.0,0.0,0.3104973202229478,0.3104973202229478,0.0,0.10822391217939914,0.003281758681430935,0.20893615721822684,0.34460065104833665,0.3445825317967406,0.03804545741364717,0.28279107291291566,0.2831122589993226,0.020784350959584197,0.2754154087765832,0.27578259802465394,0.020784350959584197,0.2754154087765832,0.27578259802465394,1507524.9287093158,846.3371078082528,4.989805791434581,1.092672266612033e-05,0.0,16.0,56.88969057860413,0.0,0.0,0.0,0.0,False,0.7561561810088856,0.7801471111709061,0.7524239063117673,0.3882168018097249,0.2744353983358038,0.3881240993555804,-0.4273858748411378
PokerHand,"repeat=2,fold=2",2,2,4,4,dKDB-generative-init,0.01,fixed-0.01,adagrad,1025010,10,10,410004,102501,512505,1.0,0,11fce003673b37b4c22e7ab64ffe8d83397fdb8e74f319b6de793e40968590e3,7108450,72070,17.337513780353362,20,,20,0.7801471111709061,0.7524239063117673,0.7561561810088856,0.3529167810424039,0.6315983965981297,0.6295894359284683,0.2124672579701326,0.5455602939248815,0.5434129482507585,0.256597769746166,0.5744206427198276,0.5723229884186636,0.2124672579701326,0.5455602939248815,0.5434129482507585,0.0,0.0,0.0,0.3330930359547489,0.3330930359547489,0.0,0.08603810267324818,0.028860348794946145,0.2320524572430211,0.3918263926901588,0.3912474520597716,0.20880687901921124,0.3787632595201891,0.3783582450889658,0.19687974095459154,0.3725295179812745,0.37220326953772603,0.19687974095459154,0.3725295179812745,0.37220326953772603,7289105.9677436305,2737.1142752973624,2.096732691316037,1.092672266612033e-05,56.0,16.0,56.88969057860413,0.0,0.0,0.0,0.0,False,0.7561561810088856,0.7801471111709061,0.7524239063117673,0.3882168018097249,0.2744353983358038,0.3881240993555804,-0.20686361238688578
PokerHand,"repeat=2,fold=2",2,2,4,4,dKDB-generative-init,0.1,validation-selected,adagrad,1025010,10,10,410004,102501,512505,1.0,0,11fce003673b37b4c22e7ab64ffe8d83397fdb8e74f319b6de793e40968590e3,7108450,72070,17.337513780353362,20,,20,0.7801471111709061,0.7524239063117673,0.7561561810088856,0.18485046704238067,0.5669459618727614,0.5655536834317503,0.005861611150893694,0.43462761054908866,0.43335088271653405,0.0186496338043777,0.45046543574796427,0.4489567371360828,0.005861611150893694,0.43462761054908866,0.43335088271653405,0.0,0.0,0.0,0.428765999398195,0.428765999398195,0.0,0.1323183513236727,0.01583782519887561,0.1765036281601109,0.3701740577331663,0.37005932884029136,0.04820538383541206,0.3335434759077154,0.3333879714855869,0.024255124778057947,0.3224856832088328,0.3224049895538886,0.024255124778057947,0.3224856832088328,0.3224049895538886,8073216.252142363,3115.411087866902,5.064592873272995,1.092672266612033e-05,56.0,16.0,56.88969057860413,0.0,0.0,0.0,0.0,False,0.7561561810088856,0.7801471111709061,0.7524239063117673,0.3882168018097249,0.2744353983358038,0.3881240993555804,-0.3177962957626786
PokerHand,"repeat=2,fold=2",2,2,5,5,dKDB-current,0.01,fixed-0.01,adagrad,1025010,10,10,410004,102501,512505,1.0,0,b93b517fe5537932517577e24cc099e86b82dd9c22a9d8b9b93807dc07353574,28876690,434874,70.43026409498444,20,,20,2.3025850929940472,2.302585092994046,2.3025850929940463,0.670702806873339,0.7554250488162876,0.7557632884283579,0.2429690781439693,0.5380825295260538,0.5374545262232405,0.34325576302333793,0.5865170367334737,0.5861570164363032,0.2429690781439693,0.5380825295260538,0.5374545262232405,0.0,0.0,0.0,0.29511345138208456,0.29511345138208456,0.0,0.21734251929023374,0.04843450720741982,0.4618027182924103,0.49408297428489845,0.49421011989172897,0.30821249621314667,0.4250314488267982,0.42502106568594067,0.2421812819151942,0.402638454501167,0.40260935908539414,0.2421812819151942,0.402638454501167,0.40260935908539414,735426.0444056231,264.3499498249739,1.8551174534253743,0.03510541360572092,0.0,2.0,9.428110211233598,0.0,0.0,0.0,0.0,False,0.874139536909427,0.8818496766058458,0.8699172621614808,0.44665361495707745,0.2722604061044244,0.4470430816627724,-0.33183473263542695
PokerHand,"repeat=2,fold=2",2,2,5,5,dKDB-current,0.1,validation-selected,adagrad,1025010,10,10,410004,102501,512505,1.0,0,b93b517fe5537932517577e24cc099e86b82dd9c22a9d8b9b93807dc07353574,28876690,434874,70.43026409498444,15,16.0,20,2.3025850929940472,2.302585092994046,2.3025850929940463,0.14419812793797654,0.5052670336534169,0.5052954239439514,0.013217401905554762,0.427341296378485,0.4261865648380047,0.01909643562803666,0.42841120278038486,0.42720418488166145,0.01013441481039001,0.4277318270269233,0.4266249455579106,-0.0030829870951647517,0.0003905306484383031,0.00043838071990587313,0.41412389447293024,0.4175974122165333,0.0034735177436030495,0.07792573727493185,0.001069906401899856,0.17560772403736166,0.3834452191336025,0.38358691313913285,0.025087540184426996,0.34047832187478644,0.34064039550063707,0.01749803749046302,0.33728571998330426,0.3375091302934598,0.013476931321188112,0.335491100076452,0.3357582983680123,2994025.7190923467,1030.4043731060053,5.63874013476581,0.03510541360572092,0.0,2.0,9.428110211233598,-0.0017946199068522573,-0.0017508319254475047,-0.004021106169274907,0.0022264862624226667,True,0.874139536909427,0.8818496766058458,0.8699172621614808,0.44665361495707745,0.2722604061044244,0.4470430816627724,-0.4421854351345575
PokerHand,"repeat=2,fold=2",2,2,5,5,dKDB-generative-init,0.01,fixed-0.01,adagrad,1025010,10,10,410004,102501,512505,1.0,0,b93b517fe5537932517577e24cc099e86b82dd9c22a9d8b9b93807dc07353574,28876690,434874,70.43026409498444,0,1.0,20,0.8818496766058458,0.8699172621614808,0.874139536909427,0.3648392938460247,1.1047939640492306,1.104291864552451,0.8818496766058458,0.8699172621614808,0.874139536909427,0.27794647741869605,1.0243790600667362,1.0228252371916038,0.2334046380694045,0.9892969632238828,0.9873413956897819,-0.6484450385364413,0.11937970106240203,0.11320185878035482,-0.011932414444364992,0.7558923251544784,0.7678247395988433,0.23487670188774978,0.15446179790525538,0.20802790092620518,0.5197705508122558,0.5196800761522018,0.19612370353272904,0.5033937379851827,0.5032667372442649,0.2722604061044244,0.4470430816627724,0.44665361495707745,0.1919528422078873,0.49745186080068243,0.49732944076732566,29240183.341818653,5444.426559178558,2.2642245908407777,0.03510541360572092,179917.0,2.0,9.428110211233598,0.05040877913791003,0.05067582581024821,-0.08030756389653712,0.13071634303444718,True,0.874139536909427,0.8818496766058458,0.8699172621614808,0.44665361495707745,0.2722604061044244,0.4470430816627724,0.11937970106240203
PokerHand,"repeat=2,fold=2",2,2,5,5,dKDB-generative-init,0.001,validation-selected,adagrad,1025010,10,10,410004,102501,512505,1.0,0,b93b517fe5537932517577e24cc099e86b82dd9c22a9d8b9b93807dc07353574,28876690,434874,70.43026409498444,4,5.0,20,0.8818496766058458,0.8699172621614808,0.874139536909427,0.7623599703776328,0.7453695771939184,0.7495913978393639,0.6394990737608148,0.6882136802135066,0.6921136724359217,0.50817983620616,0.7914242380519693,0.7935732324711335,0.41416972222530635,1.0290187957587487,1.028796219802805,-0.22532935153550848,0.34080511554524207,0.3366825473668832,0.04871460645269177,0.6148490735334423,0.5661344670807505,0.05715589698041179,0.10321055783846267,0.27214565668925356,0.4312168413027889,0.4310430008931026,0.2654422036951101,0.46239235647508414,0.4625686265719481,0.27151572083102415,0.42862602894822865,0.4288025610578424,0.24510192381582496,0.5193575943869743,0.5191246142208115,28938458.384270307,5385.276654841286,1.5919499126379817,0.03510541360572092,179917.0,2.0,9.428110211233598,0.09073156543874561,0.09032205316296904,-0.026413797015199192,0.1171453624539448,True,0.874139536909427,0.8818496766058458,0.8699172621614808,0.44665361495707745,0.2722604061044244,0.4470430816627724,0.15910153359726786
TwitterAbsoluteSigma,"repeat=1,fold=1",1,1,0,0,dKDB-current,0.01,fixed-0.01,adagrad,140707,77,2,56282,14071,70354,1.0,0,be8a706b49c775983c4e5c88fb0a2b44796e37947b3254f9790eacb3a7a34a90,2108,77,0.03745424824988451,1,2.0,20,0.6931471805599453,0.6931471805599454,0.6931471805599453,0.08152876771220156,0.09127607176415836,0.08874442732307379,0.08152876771220156,0.09127607176415836,0.08874442732307379,0.07720811977891477,0.09327476092861588,0.0899271262669664,0.07649261141031975,0.09448365380486472,0.09085720742003446,-0.005036156301881811,0.0032075820407063554,0.0021127800969606703,0.009747304051956798,0.017991042394544965,0.008243738342588167,0.0,0.001998689164457515,0.15313068170933772,0.16036248507500242,0.15906475643653853,0.14950707878133718,0.16138742983859578,0.1598888026543422,0.15313068170933772,0.16036248507500242,0.15906475643653853,0.14891369911117466,0.16212774190074788,0.1605073051889083,55.15233894941758,1.878447941627127,0.30353983757191244,0.0,0.0,56282.0,56282.0,0.0017652568257454648,0.0014425487523697655,-0.004216982598163055,0.00598223942390852,True,1.8686545287945453,1.8050173282663777,1.841132076780356,0.2570977825626365,0.25385850207554844,0.25687335993826504,-1.7466484229754913
TwitterAbsoluteSigma,"repeat=1,fold=1",1,1,0,0,dKDB-current,0.001,validation-selected,adagrad,140707,77,2,56282,14071,70354,1.0,0,be8a706b49c775983c4e5c88fb0a2b44796e37947b3254f9790eacb3a7a34a90,2108,77,0.03745424824988451,18,19.0,20,0.6931471805599453,0.6931471805599454,0.6931471805599453,0.08911480535536902,0.09177301854023888,0.09039609175070955,0.08229174523849558,0.08822307445658611,0.08656808412006607,0.08348405357372879,0.08838454271206798,0.08690021610443814,0.08208920251053162,0.08822723919529864,0.08653395640910892,-0.00020254272796396688,4.164738712522653e-06,-3.412771095714917e-05,0.005931329218090531,0.00613803668476702,0.00020670746667648954,0.0035499440836527646,0.00016146825548186972,0.16068020531621569,0.16215589558346044,0.16180122219364737,0.15528836105867458,0.15872023116407766,0.15824198411700743,0.1541567289432332,0.15849076567590017,0.15786741262173418,0.15396514768546332,0.15847739212917492,0.15782353765297244,21.215558023265046,0.6469391094061816,0.06649908276483452,0.0,0.0,56282.0,56282.0,-1.3373546725259366e-05,-4.38749687617368e-05,-0.000191581257769885,0.00017820771104462563,False,1.8686545287945453,1.8050173282663777,1.841132076780356,0.2570977825626365,0.25385850207554844,0.25687335993826504,-1.7529048375850573
TwitterAbsoluteSigma,"repeat=1,fold=1",1,1,0,0,dKDB-generative-init,0.01,fixed-0.01,adagrad,140707,77,2,56282,14071,70354,1.0,0,be8a706b49c775983c4e5c88fb0a2b44796e37947b3254f9790eacb3a7a34a90,2108,77,0.03745424824988451,20,,20,1.8050173282663777,1.841132076780356,1.8686545287945453,0.7634310350637119,0.8114134676224718,0.7823086216306294,0.15158686645483282,0.21827976928611284,0.20347990190248663,0.23862248382438353,0.31366355805053486,0.29697004938745486,0.15158686645483282,0.21827976928611284,0.20347990190248663,0.0,0.0,0.0,0.06669290283128002,0.06669290283128002,0.0,0.593133698336359,0.09538378876442202,0.1923819057332293,0.19446536895626565,0.1945901131547488,0.1776542480530598,0.19120475412316654,0.19147520076277108,0.16459624363038006,0.18359775588410582,0.18303617273026263,0.16459624363038006,0.18359775588410582,0.18303617273026263,2108.0708154892577,47.74676972583271,1.8420918482902588,0.0,0.0,56282.0,56282.0,0.0,0.0,0.0,0.0,False,1.8686545287945453,1.8050173282663777,1.841132076780356,0.2570977825626365,0.25385850207554844,0.25687335993826504,-1.6228523074942431
TwitterAbsoluteSigma,"repeat=1,fold=1",1,1,0,0,dKDB-generative-init,0.1,validation-selected,adagrad,140707,77,2,56282,14071,70354,1.0,0,be8a706b49c775983c4e5c88fb0a2b44796e37947b3254f9790eacb3a7a34a90,2108,77,0.03745424824988451,20,,20,1.8050173282663777,1.841132076780356,1.8686545287945453,0.12598633195694034,0.19495361522296006,0.1770757512053128,0.07708983197971246,0.11480714705807499,0.10769187455543797,0.07893718742407459,0.11830446733096617,0.10981477284497565,0.07708983197971246,0.11480714705807499,0.10769187455543797,0.0,0.0,0.0,0.037717315078362526,0.037717315078362526,0.0,0.08014646816488508,0.00349732027289118,0.1670835343762041,0.18532051679523104,0.18434889062351212,0.1507971536862143,0.16978078906176783,0.16677671306395778,0.1493661666527326,0.16828908019681893,0.1652228541056636,0.1493661666527326,0.16828908019681893,0.1652228541056636,2109.359517976133,48.98568025823015,1.9716019564216463,0.0,0.0,56282.0,56282.0,0.0,0.0,0.0,0.0,False,1.8686545287945453,1.8050173282663777,1.841132076780356,0.2570977825626365,0.25385850207554844,0.25687335993826504,-1.7263249297222811
TwitterAbsoluteSigma,"repeat=1,fold=1",1,1,1,1,dKDB-current,0.01,fixed-0.01,adagrad,140707,77,2,56282,14071,70354,1.0,0,bcbf7d9886a1a149c2ab8f2ec806d7ed1df187b090c9cf0fd72c33c9767a7f4f,32286,1165,0.5736469919334778,1,2.0,20,0.6931471805599453,0.6931471805599454,0.6931471805599453,0.07200281912233152,0.09051517661624042,0.08843920923151057,0.07200281912233152,0.09051517661624042,0.08843920923151057,0.055757616423199825,0.09827401106757294,0.09630963983520387,0.051080913473344605,0.10448705554634014,0.10247006201633735,-0.02092190564898691,0.013971878930099713,0.014030852784826783,0.018512357493908907,0.05340614207299553,0.03489378457908662,0.0,0.007758834451332519,0.1432012703471732,0.1597218508472022,0.15855595307362283,0.1250601057655847,0.1647724147268638,0.1636829420222791,0.1432012703471732,0.1597218508472022,0.15855595307362283,0.11934088660440306,0.1680351139028049,0.16694967575177633,866.498808035112,8.672161855864667,0.3806728111428108,0.0,0.0,1511.0,3719.9261802575106,0.008313263055602704,0.008393722678153498,-0.023860383742770136,0.03217364679837284,True,0.24871572526549496,0.16999022426947102,0.24304381835459968,0.21276092527101337,0.1903781239096457,0.2090313500995935,-0.13855676280825954
TwitterAbsoluteSigma,"repeat=1,fold=1",1,1,1,1,dKDB-current,0.003,validation-selected,adagrad,140707,77,2,56282,14071,70354,1.0,0,bcbf7d9886a1a149c2ab8f2ec806d7ed1df187b090c9cf0fd72c33c9767a7f4f,32286,1165,0.5736469919334778,5,6.0,20,0.6931471805599453,0.6931471805599454,0.6931471805599453,0.08158084908867827,0.08934565051372484,0.08721632659356501,0.07363182827066536,0.08798648229261549,0.08582145467086309,0.06969865003346348,0.08834639964998958,0.08625551586188072,0.06544709794972026,0.08951878472972458,0.08752802780956223,-0.008184730320945105,0.0015323024371090843,0.0017065731386991384,0.01435465402195013,0.02407168678000432,0.00971703275805419,0.001359168221109347,0.0003599173573740899,0.15260123189758196,0.15923616487111902,0.1579003209467711,0.14109427038908592,0.15866998683879066,0.15737954692315856,0.14523333074016762,0.15840590004578295,0.15706970315649127,0.13643677170975,0.1595384530724024,0.15830637656024618,393.1756022541226,4.275929306403194,0.2833676212647041,0.0,0.0,1511.0,3719.9261802575106,0.0011325530266194372,0.001236673403754912,-0.008796559030417622,0.00992911205703706,True,0.24871572526549496,0.16999022426947102,0.24304381835459968,0.21276092527101337,0.1903781239096457,0.2090313500995935,-0.1535250336248751
TwitterAbsoluteSigma,"repeat=1,fold=1",1,1,1,1,dKDB-generative-init,0.01,fixed-0.01,adagrad,140707,77,2,56282,14071,70354,1.0,0,bcbf7d9886a1a149c2ab8f2ec806d7ed1df187b090c9cf0fd72c33c9767a7f4f,32286,1165,0.5736469919334778,14,15.0,20,0.16999022426947102,0.24304381835459968,0.24871572526549496,0.10401954160271257,0.19720662187239665,0.19214217632322944,0.058260372283235884,0.17404228230480462,0.1722170671356929,0.06261874983876747,0.17453496241163285,0.17241274420772032,0.05413972676787465,0.17447319263750083,0.17286543724950423,-0.004120645515361232,0.0004309103326962105,0.0006483701138113307,0.11578191002156873,0.12033346586962618,0.0045515558480574425,0.023164339567592035,0.000492680106828236,0.15330844458089946,0.18575157301808884,0.18702761693338424,0.12922837845047677,0.1855132701011763,0.1879716013577237,0.12526005457697406,0.18574356753376148,0.18816013938390774,0.12111992100191817,0.18624023880104942,0.18842910925410494,32290.638160095223,180.01520214642449,1.3978759641030039,0.0,0.0,1511.0,3719.9261802575106,0.0004966712672879459,0.00026896987019719987,-0.004140133575055896,0.004636804842343842,True,0.24871572526549496,0.16999022426947102,0.24304381835459968,0.21276092527101337,0.1903781239096457,0.2090313500995935,-0.06857062571709885
TwitterAbsoluteSigma,"repeat=1,fold=1",1,1,1,1,dKDB-generative-init,0.01,validation-selected,adagrad,140707,77,2,56282,14071,70354,1.0,0,bcbf7d9886a1a149c2ab8f2ec806d7ed1df187b090c9cf0fd72c33c9767a7f4f,32286,1165,0.5736469919334778,14,15.0,20,0.16999022426947102,0.24304381835459968,0.24871572526549496,0.10401954160271257,0.19720662187239665,0.19214217632322944,0.058260372283235884,0.17404228230480462,0.1722170671356929,0.06261874983876747,0.17453496241163285,0.17241274420772032,0.05413972676787465,0.17447319263750083,0.17286543724950423,-0.004120645515361232,0.0004309103326962105,0.0006483701138113307,0.11578191002156873,0.12033346586962618,0.0045515558480574425,0.023164339567592035,0.000492680106828236,0.15330844458089946,0.18575157301808884,0.18702761693338424,0.12922837845047677,0.1855132701011763,0.1879716013577237,0.12526005457697406,0.18574356753376148,0.18816013938390774,0.12111992100191817,0.18624023880104942,0.18842910925410494,32290.638160095223,180.01520214642449,1.3978759641030039,0.0,0.0,1511.0,3719.9261802575106,0.0004966712672879459,0.00026896987019719987,-0.004140133575055896,0.004636804842343842,True,0.24871572526549496,0.16999022426947102,0.24304381835459968,0.21276092527101337,0.1903781239096457,0.2090313500995935,-0.06857062571709885
TwitterAbsoluteSigma,"repeat=1,fold=1",1,1,2,2,dKDB-current,0.01,fixed-0.01,adagrad,140707,77,2,56282,14071,70354,1.0,0,d8dbe3e3cd057758353baafc2e98acab80208cb9c25dd2a243b18195cba22087,270914,9432,4.813510536228279,1,2.0,20,0.6931471805599453,0.6931471805599454,0.6931471805599453,0.061699694023665805,0.09146616329524236,0.08928791643719826,0.061699694023665805,0.09146616329524236,0.08928791643719826,0.03465668480998445,0.1041287274470768,0.10243998585476127,0.02726271228387243,0.11308277936568033,0.11178914250496506,-0.03443698173979337,0.021616616070437966,0.022501226067766805,0.029766469271576557,0.0858200670818079,0.05605359781023134,0.0,0.012662564151834435,0.13187299428377128,0.1592638443450382,0.15915568320535878,0.09365387609530565,0.16461668634573584,0.16625086464894615,0.13187299428377128,0.1592638443450382,0.15915568320535878,0.08075696691491488,0.16766656540058789,0.17012440787809863,3699.2172538408972,16.71742520298808,0.5388727664877104,0.0002049007080703928,0.0,30.0,459.4692536047498,0.008402721055549678,0.010968724672739849,-0.0511160273688564,0.059518748424406076,True,0.2886074751839593,0.06547109228705629,0.28014847928691594,0.19944293976884167,0.12277686919857768,0.19528565513546328,-0.1670656999212356
TwitterAbsoluteSigma,"repeat=1,fold=1",1,1,2,2,dKDB-current,0.001,validation-selected,adagrad,140707,77,2,56282,14071,70354,1.0,0,d8dbe3e3cd057758353baafc2e98acab80208cb9c25dd2a243b18195cba22087,270914,9432,4.813510536228279,20,,20,0.6931471805599453,0.6931471805599454,0.6931471805599453,0.10432501426998449,0.10883620611076157,0.10849678820854812,0.07017472550236371,0.08737943056191942,0.08597961608287608,0.07542624825707366,0.0881985385045162,0.08689930423460367,0.07017472550236371,0.08737943056191942,0.08597961608287608,0.0,0.0,0.0,0.01720470505955571,0.01720470505955571,0.0,0.02145677554884215,0.0008191079425967779,0.16215078075219258,0.16687992543564018,0.1664985808620817,0.14571263295322895,0.15806630765065569,0.15769536863032085,0.14088644084134044,0.15771650477498655,0.15742551167673516,0.14088644084134044,0.15771650477498655,0.15742551167673516,697.0273343831533,4.18419816575807,0.2391058804187097,0.0002049007080703928,0.0,30.0,459.4692536047498,0.0,0.0,0.0,0.0,False,0.2886074751839593,0.06547109228705629,0.28014847928691594,0.19944293976884167,0.12277686919857768,0.19528565513546328,-0.1927690487249965
TwitterAbsoluteSigma,"repeat=1,fold=1",1,1,2,2,dKDB-generative-init,0.01,fixed-0.01,adagrad,140707,77,2,56282,14071,70354,1.0,0,d8dbe3e3cd057758353baafc2e98acab80208cb9c25dd2a243b18195cba22087,270914,9432,4.813510536228279,5,6.0,20,0.06547109228705629,0.28014847928691594,0.2886074751839593,0.05009238330135078,0.2814146485718774,0.2844961903115073,0.029320700534914413,0.2749209452034101,0.2782283092971954,0.02209982802115451,0.2774667473946111,0.2816044989028252,0.016357544483078783,0.28414829843933354,0.28904617198835236,-0.01296315605183563,0.009227353235923441,0.010817862691156976,0.24560024466849567,0.26779075395625473,0.022190509287759064,0.0064937033684673295,0.0025458021912009854,0.10691844633320392,0.19061864971450804,0.19346302059166523,0.07428249747759691,0.1928795095415511,0.1956667967187239,0.08597820816859177,0.19279294891480217,0.19498900414679554,0.06207454901355128,0.19282555586307157,0.19631604270978073,270961.3315668032,520.9166545521007,1.519002728269527,0.0002049007080703928,1110.0,30.0,459.4692536047498,3.260694826939803e-05,0.0013270385629851889,-0.023903659155040488,0.023936266103309886,True,0.2886074751839593,0.06547109228705629,0.28014847928691594,0.19944293976884167,0.12277686919857768,0.19528565513546328,0.003999819152417594
TwitterAbsoluteSigma,"repeat=1,fold=1",1,1,2,2,dKDB-generative-init,0.003,validation-selected,adagrad,140707,77,2,56282,14071,70354,1.0,0,d8dbe3e3cd057758353baafc2e98acab80208cb9c25dd2a243b18195cba22087,270914,9432,4.813510536228279,20,,20,0.06547109228705629,0.28014847928691594,0.2886074751839593,0.059601961296115454,0.27939744851671683,0.28544365264411886,0.034885075255485565,0.2690348918896877,0.2734533309049588,0.041921499787173286,0.27089902581049824,0.2755698618481954,0.034885075255485565,0.2690348918896877,0.2734533309049588,0.0,0.0,0.0,0.23414981663420215,0.23414981663420215,0.0,0.010362556627029118,0.001864133920810529,0.1164171917519621,0.1921871572967412,0.1959522890775527,0.10194509999762726,0.19275926206521646,0.19524826089948225,0.09434823323030016,0.1931769261779901,0.19532555634741328,0.09434823323030016,0.1931769261779901,0.19532555634741328,270928.3626228181,520.5640234108007,1.16123935547337,0.0002049007080703928,1110.0,30.0,459.4692536047498,0.0,0.0,0.0,0.0,False,0.2886074751839593,0.06547109228705629,0.28014847928691594,0.19944293976884167,0.12277686919857768,0.19528565513546328,-0.01111358739722823
TwitterAbsoluteSigma,"repeat=1,fold=1",1,1,3,3,dKDB-current,0.01,fixed-0.01,adagrad,140707,77,2,56282,14071,70354,1.0,0,89d2dee6800d5b6b4ded181211b3b5c9b15d5e14e3c660f55a5d701ab3178961,1224902,40905,21.763654454354857,1,2.0,20,0.6931471805599453,0.6931471805599454,0.6931471805599453,0.05390001456601237,0.09174636130449931,0.08821098343306165,0.05390001456601237,0.09174636130449931,0.08821098343306165,0.023129320476179178,0.10606919478949269,0.10164368105305668,0.016223448422420194,0.11533026362340162,0.11059644261331704,-0.037676566143592174,0.02358390231890231,0.02238545918025539,0.03784634673848694,0.09910681520098143,0.061260468462494486,0.0,0.014322833484993372,0.1225689068811332,0.15980970255285978,0.15834362486435274,0.07124780674577733,0.16605460222256957,0.1650243255376518,0.1225689068811332,0.15980970255285978,0.15834362486435274,0.05599842935165086,0.16878721246988138,0.1681918846417869,8439.040060076202,22.853437198627915,0.4721903741409649,0.0024898204959040164,0.0,4.0,105.94582569368048,0.008977509917021592,0.009848259777434143,-0.06657047752948234,0.07554798744650393,True,0.3698729050577767,0.02901562059313396,0.36360166708725244,0.19663890567868245,0.07943594887991756,0.19384864376962688,-0.24827140346385082
TwitterAbsoluteSigma,"repeat=1,fold=1",1,1,3,3,dKDB-current,0.001,validation-selected,adagrad,140707,77,2,56282,14071,70354,1.0,0,89d2dee6800d5b6b4ded181211b3b5c9b15d5e14e3c660f55a5d701ab3178961,1224902,40905,21.763654454354857,20,,20,0.6931471805599453,0.6931471805599454,0.6931471805599453,0.10880944834220395,0.11473762057606499,0.11467302630821914,0.06454844780235175,0.08726946191543859,0.08566224140605264,0.071459909341204,0.08841670752808642,0.0870532646838721,0.06454844780235175,0.08726946191543859,0.08566224140605264,0.0,0.0,0.0,0.022721014113086843,0.022721014113086843,0.0,0.027468158660626393,0.0011472456126478264,0.16403520636677343,0.17070659688218448,0.17039015275753214,0.14029471017317155,0.15816958667022166,0.15754211901433368,0.13362219266846567,0.15769054194827564,0.15706695735740883,0.13362219266846567,0.15769054194827564,0.15706695735740883,1486.1974978650899,5.068477731653713,0.23693621886051508,0.0024898204959040164,0.0,4.0,105.94582569368048,0.0,0.0,0.0,0.0,False,0.3698729050577767,0.02901562059313396,0.36360166708725244,0.19663890567868245,0.07943594887991756,0.19384864376962688,-0.27633220517181384
TwitterAbsoluteSigma,"repeat=1,fold=1",1,1,3,3,dKDB-generative-init,0.01,fixed-0.01,adagrad,140707,77,2,56282,14071,70354,1.0,0,89d2dee6800d5b6b4ded181211b3b5c9b15d5e14e3c660f55a5d701ab3178961,1224902,40905,21.763654454354857,0,1.0,20,0.02901562059313396,0.36360166708725244,0.3698729050577767,0.022617414197092768,0.36932721465714086,0.37321416824541204,0.02901562059313396,0.36360166708725244,0.3698729050577767,0.008140571590430428,0.3767972238238668,0.37966727270311584,0.0055139544040949,0.3856870353896031,0.3880224890313766,-0.02350166618903906,0.02208536830235064,0.018149583973599892,0.3345860464941185,0.38017308098550817,0.04558703449138968,0.005725547569888412,0.013195556736614378,0.06887177952566434,0.1921400755624921,0.19463152853621202,0.04058452817361237,0.19494617939767175,0.19672771653622084,0.07943594887991756,0.19384864376962688,0.19663890567868245,0.030986616099362017,0.19548721953881076,0.19690191661541434,1225047.1283778625,1107.0788292039508,1.4839069146451427,0.0024898204959040164,13488.0,4.0,105.94582569368048,0.0016385757691838865,0.00026301093673189446,-0.04844933278055555,0.050087908549739435,True,0.3698729050577767,0.02901562059313396,0.36360166708725244,0.19663890567868245,0.07943594887991756,0.19384864376962688,0.02208536830235064
TwitterAbsoluteSigma,"repeat=1,fold=1",1,1,3,3,dKDB-generative-init,0.001,validation-selected,adagrad,140707,77,2,56282,14071,70354,1.0,0,89d2dee6800d5b6b4ded181211b3b5c9b15d5e14e3c660f55a5d701ab3178961,1224902,40905,21.763654454354857,20,,20,0.02901562059313396,0.36360166708725244,0.3698729050577767,0.02823063091342494,0.36417518907036206,0.36993888954877435,0.022263020860823907,0.3619800657297253,0.36734037077717746,0.024343693567880083,0.36255322900338227,0.3680585471954767,0.022263020860823907,0.3619800657297253,0.36734037077717746,0.0,0.0,0.0,0.3397170448689014,0.3397170448689014,0.0,0.002195123340636762,0.0005731632736569736,0.07826748850463604,0.1934835099716116,0.19618253905119168,0.07354965265825987,0.1935380428392546,0.19622295889634822,0.07069600793971866,0.19361178837888998,0.1962777259642592,0.07069600793971866,0.19361178837888998,0.1962777259642592,1224916.5817806,1106.7689548236654,1.06363517767758,0.0024898204959040164,13488.0,4.0,105.94582569368048,0.0,0.0,0.0,0.0,False,0.3698729050577767,0.02901562059313396,0.36360166708725244,0.19663890567868245,0.07943594887991756,0.19384864376962688,-0.001621601357527147
TwitterAbsoluteSigma,"repeat=1,fold=1",1,1,4,4,dKDB-current,0.01,fixed-0.01,adagrad,140707,77,2,56282,14071,70354,1.0,0,1851f3fbcf233fad3b00602baf40835a8cfbe1c1a6b76433f8d1ea272116a1e9,3339760,112136,59.33975338474112,1,2.0,20,0.6931471805599453,0.6931471805599454,0.6931471805599453,0.045820041055645556,0.09153718330154448,0.08799995700567433,0.045820041055645556,0.09153718330154448,0.08799995700567433,0.015259693552989418,0.10663335500249761,0.10115228088498802,0.00980880634297314,0.11565882719869312,0.1094580499074309,-0.03601123471267242,0.024121643897148645,0.02145809290175657,0.04571714224589892,0.10585002085571998,0.06013287860982106,0.0,0.015096171700953134,0.11190157624217634,0.1596377496954281,0.15821616429899285,0.053009771889120295,0.16614642573245594,0.16436211464117156,0.11190157624217634,0.1596377496954281,0.15821616429899285,0.038782295777414634,0.16852452564086562,0.16698847318222168,14559.862736006198,27.474385329865335,0.4406982549039965,0.010946866477468859,0.0,2.0,38.646946564885496,0.00888677594543752,0.00877230888322883,-0.07311928046476171,0.08200605641019923,True,0.4761057464362824,0.016727435448264046,0.49320730396310786,0.1922216189569391,0.05379485371137311,0.192090853242779,-0.3775484767644147
TwitterAbsoluteSigma,"repeat=1,fold=1",1,1,4,4,dKDB-current,0.003,validation-selected,adagrad,140707,77,2,56282,14071,70354,1.0,0,1851f3fbcf233fad3b00602baf40835a8cfbe1c1a6b76433f8d1ea272116a1e9,3339760,112136,59.33975338474112,4,5.0,20,0.6931471805599453,0.6931471805599454,0.6931471805599453,0.0719455994397355,0.0900378301720713,0.08861523174142968,0.05433209392311671,0.08776496054017643,0.08566206172741136,0.04164846992898375,0.08899103438048638,0.08642259662564161,0.03201909632381424,0.09136946443979993,0.08839180768349393,-0.02231299759930247,0.0036045038996234957,0.002729745956082566,0.03343286661705972,0.05935036811598569,0.025917501498925966,0.0022728696318948666,0.0012260738403099408,0.1400055389041716,0.15930912818485837,0.1585176186908372,0.10304531400718338,0.15886256874435584,0.15777268908730924,0.12078986072711619,0.15813000729080307,0.1572468958695411,0.08723120643962555,0.16020235977466915,0.15892814803079974,6102.973522470457,11.46740371997509,0.2733045755532058,0.010946866477468859,0.0,2.0,38.646946564885496,0.0020723524838660856,0.0016812521612586395,-0.033558654287490636,0.03563100677135672,True,0.4761057464362824,0.016727435448264046,0.49320730396310786,0.1922216189569391,0.05379485371137311,0.192090853242779,-0.4018378395233079
TwitterAbsoluteSigma,"repeat=1,fold=1",1,1,4,4,dKDB-generative-init,0.01,fixed-0.01,adagrad,140707,77,2,56282,14071,70354,1.0,0,1851f3fbcf233fad3b00602baf40835a8cfbe1c1a6b76433f8d1ea272116a1e9,3339760,112136,59.33975338474112,0,1.0,20,0.016727435448264046,0.49320730396310786,0.4761057464362824,0.014004750771891346,0.495873890651457,0.477907383422706,0.016727435448264046,0.49320730396310786,0.4761057464362824,0.0055863911737839235,0.49909462593094056,0.48151793724521097,0.003638493884798153,0.5049130839497564,0.48727416920927336,-0.013088941563465894,0.011705779986648568,0.01116842277299096,0.4764798685148438,0.5012745900649582,0.024794721550114418,0.0026665866883491263,0.005887321967832704,0.04793336598610697,0.19213134588898617,0.19217572692650772,0.030206221956695433,0.19321682777369292,0.19369821230363915,0.05379485371137311,0.192090853242779,0.1922216189569391,0.02295332987032105,0.1933380300804262,0.19399521944902892,3339943.5327132344,1827.6929598892905,1.6366446873963023,0.010946866477468859,59302.0,2.0,38.646946564885496,0.0012471768376471903,0.0017736004920898274,-0.03084152384105206,0.032088700678699233,True,0.4761057464362824,0.016727435448264046,0.49320730396310786,0.1922216189569391,0.05379485371137311,0.192090853242779,0.011705779986648568
TwitterAbsoluteSigma,"repeat=1,fold=1",1,1,4,4,dKDB-generative-init,0.001,validation-selected,adagrad,140707,77,2,56282,14071,70354,1.0,0,1851f3fbcf233fad3b00602baf40835a8cfbe1c1a6b76433f8d1ea272116a1e9,3339760,112136,59.33975338474112,20,,20,0.016727435448264046,0.49320730396310786,0.4761057464362824,0.01645082879008102,0.4935367919822622,0.4762943293892284,0.01362028675621868,0.4922113191854121,0.4749764288991362,0.014627642299524395,0.49258351303324055,0.47533289508075105,0.01362028675621868,0.4922113191854121,0.4749764288991362,0.0,0.0,0.0,0.47859103242919343,0.47859103242919343,0.0,0.0013254727968500801,0.00037219384782843923,0.053197649108255786,0.19206838885789584,0.1921695031842178,0.05040119880001433,0.19233087395171852,0.1924627323693503,0.048733214392258584,0.1924701153639525,0.1926224166476145,0.048733214392258584,0.1924701153639525,0.1926224166476145,3339777.2437174935,1827.511839684315,1.0507903111519412,0.010946866477468859,59302.0,2.0,38.646946564885496,0.0,0.0,0.0,0.0,False,0.4761057464362824,0.016727435448264046,0.49320730396310786,0.1922216189569391,0.05379485371137311,0.192090853242779,-0.0009959847776957464
TwitterAbsoluteSigma,"repeat=1,fold=1",1,1,5,5,dKDB-current,0.01,fixed-0.01,adagrad,140707,77,2,56282,14071,70354,1.0,0,49114de0b3686e31594fdc9e083e20154c8a26f1aad9a0ae6e9c819faf6528f9,6535618,226558,116.12270352865926,1,2.0,20,0.6931471805599453,0.6931471805599454,0.6931471805599453,0.03735823810370056,0.08988651061892862,0.08761759672762016,0.03735823810370056,0.08988651061892862,0.08761759672762016,0.009335348500246176,0.10223896231679373,0.09840426555174676,0.005543427948477504,0.10963023066541487,0.10511111009290028,-0.031814810155223056,0.01974372004648625,0.017493513365280114,0.05252827251522806,0.10408680271693736,0.0515585302017093,0.0,0.012352451697865113,0.09925009257957794,0.1584522664158018,0.15824314978989584,0.03645962352375393,0.1644063626631432,0.16314787530656194,0.09925009257957794,0.1584522664158018,0.15824314978989584,0.025073692001995676,0.16657650794836712,0.1651231421674739,21760.75813884008,30.350915764124334,0.3884380500683281,0.02828423530871153,0.0,1.0,19.128496897041817,0.00812424153256533,0.006879992377578054,-0.07417640057758226,0.08230064211014758,True,0.607890467467663,0.008151823083992475,0.6204974472716269,0.19143535092949815,0.034186335501975654,0.18874672855366756,-0.510867216606212
TwitterAbsoluteSigma,"repeat=1,fold=1",1,1,5,5,dKDB-current,0.003,validation-selected,adagrad,140707,77,2,56282,14071,70354,1.0,0,49114de0b3686e31594fdc9e083e20154c8a26f1aad9a0ae6e9c819faf6528f9,6535618,226558,116.12270352865926,6,7.0,20,0.6931471805599453,0.6931471805599454,0.6931471805599453,0.07003794610413075,0.09244908671898346,0.09188882590759609,0.041167807220022494,0.08760991536821343,0.08629913447701479,0.03328395231565899,0.08804338354323012,0.0865026391005421,0.0235490195619205,0.0897682673243615,0.08786742861999758,-0.017618787658101993,0.0021583519561480663,0.0015682941429827901,0.046442108148190935,0.066219247762441,0.01977713961425006,0.004839171350770027,0.000433468175016688,0.135764993202053,0.16101732032500995,0.16090015437389837,0.08766735474218464,0.15816972084137523,0.15813590505631692,0.10038467810470292,0.15800217874689432,0.15801436749097605,0.06965886708444782,0.15906036748432956,0.15888304599173436,9615.641640759432,13.531516737399448,0.2933952239182591,0.02828423530871153,0.0,1.0,19.128496897041817,0.0010581887374352394,0.0008686785007583075,-0.030725811020255095,0.031783999757690334,True,0.607890467467663,0.008151823083992475,0.6204974472716269,0.19143535092949815,0.034186335501975654,0.18874672855366756,-0.5307291799472654
TwitterAbsoluteSigma,"repeat=1,fold=1",1,1,5,5,dKDB-generative-init,0.01,fixed-0.01,adagrad,140707,77,2,56282,14071,70354,1.0,0,49114de0b3686e31594fdc9e083e20154c8a26f1aad9a0ae6e9c819faf6528f9,6535618,226558,116.12270352865926,6,7.0,20,0.008151823083992475,0.6204974472716269,0.607890467467663,0.007270298207835155,0.6187908650518856,0.6058508740290275,0.004503657773334767,0.6174707970508633,0.6047353930381122,0.003609512714566236,0.6178144153918432,0.605084177715161,0.0025263522476015187,0.619262330919555,0.6063856223556837,-0.0019773055257332486,0.001791533868691686,0.0016502293175715277,0.6129671392775285,0.6167359786719534,0.00376883939442485,0.0013200680010223564,0.00034361834097995647,0.031627619767100594,0.18947578321395153,0.19186754932725905,0.022329376556772,0.19080133649967734,0.1925360014209269,0.025366151134206878,0.19048901634548973,0.19236697706305037,0.018565945865644747,0.19117550609858855,0.19276394083833004,6535745.6553247,2556.5684150476313,1.7751100053850268,0.02828423530871153,153223.0,1.0,19.128496897041817,0.0006864897530988179,0.00039696377527967397,-0.006800205268562131,0.0074866950216609385,True,0.607890467467663,0.008151823083992475,0.6204974472716269,0.19143535092949815,0.034186335501975654,0.18874672855366756,-0.0012351163520719632
TwitterAbsoluteSigma,"repeat=1,fold=1",1,1,5,5,dKDB-generative-init,0.03,validation-selected,adagrad,140707,77,2,56282,14071,70354,1.0,0,49114de0b3686e31594fdc9e083e20154c8a26f1aad9a0ae6e9c819faf6528f9,6535618,226558,116.12270352865926,1,2.0,20,0.008151823083992475,0.6204974472716269,0.607890467467663,0.005650794881377431,0.6168514343938636,0.603165350726632,0.005650794881377431,0.6168514343938636,0.603165350726632,0.0013800276018609634,0.6230027332620467,0.6093326020734544,0.0009283295596433672,0.626849474912217,0.6124221948326122,-0.004722465321734063,0.009998040518353402,0.009256844105980155,0.6112006395124862,0.6259211453525736,0.014720505840087439,0.0,0.006151298868183108,0.027565570137192828,0.19103771994830562,0.19269196725226356,0.011871200754211017,0.1919951516427188,0.19344251661945197,0.027565570137192828,0.19103771994830562,0.19269196725226356,0.009933545105680324,0.19212308398932898,0.19353318667370806,6535947.693909191,2556.75244277693,2.9218941091140267,0.02828423530871153,153223.0,1.0,19.128496897041817,0.0010853640410233567,0.0008412194214444946,-0.017632025031512503,0.018717389072535867,True,0.607890467467663,0.008151823083992475,0.6204974472716269,0.19143535092949815,0.034186335501975654,0.18874672855366756,0.006352027640590063
TwitterAbsoluteSigma,"repeat=1,fold=2",1,2,0,0,dKDB-current,0.01,fixed-0.01,adagrad,140707,77,2,56283,14071,70353,1.0,0,be8a706b49c775983c4e5c88fb0a2b44796e37947b3254f9790eacb3a7a34a90,2138,77,0.03798660341488549,4,5.0,20,0.6931471805599453,0.6931471805599454,0.6931471805599453,0.08034310160948595,0.08719274788995406,0.09096495536941875,0.0772197827877585,0.08625563237585869,0.09076948123753159,0.07582792474140582,0.08672083494702996,0.09158288977177938,0.07500872882178936,0.08748245130638586,0.09249615682719318,-0.0022110539659691425,0.0012268189305271737,0.0017266755896615943,0.009035849588100192,0.012473722484596508,0.0034378728964963162,0.0009371155140953658,0.00046520257117127484,0.15219153186876377,0.15845168966126189,0.16077450953981354,0.14800821121823554,0.15838585094972515,0.1609494086833615,0.14929100100155215,0.15786138701367539,0.1604947466086219,0.14727220689999135,0.15906853818821318,0.1614660240385249,57.098251147036,1.884883106073968,0.2473350728132032,0.0,0.0,56283.0,56283.0,0.0012071511745377905,0.0009712774299029947,-0.0020187941015608057,0.0032259452760985963,True,1.8182581056490124,1.8336764145930093,1.8855819278730206,0.2551563920324552,0.2555304401139356,0.25787623011865424,-1.7980994765666347
TwitterAbsoluteSigma,"repeat=1,fold=2",1,2,0,0,dKDB-current,0.003,validation-selected,adagrad,140707,77,2,56283,14071,70353,1.0,0,be8a706b49c775983c4e5c88fb0a2b44796e37947b3254f9790eacb3a7a34a90,2138,77,0.03798660341488549,10,11.0,20,0.6931471805599453,0.6931471805599454,0.6931471805599453,0.08310253433117475,0.08632154978390147,0.08934371801945461,0.07859243354998179,0.08472762423982708,0.08861986418485504,0.07859243354998179,0.08472762423982708,0.08861986418485504,0.07755066029135675,0.08486578580094369,0.0890938480907205,-0.001041773258625034,0.00013816156111660927,0.00047398390586546324,0.006135190689845291,0.007315125509586934,0.0011799348197416432,0.0015939255440743927,0.0,0.15491169517692333,0.15803003596593088,0.16028606684157015,0.15071297055495617,0.15662515970598956,0.1593752559829124,0.15071297055495617,0.15662515970598956,0.1593752559829124,0.1497206858717194,0.1568075662054907,0.1596081338808787,34.25904991787919,1.0384625794827416,0.11008530221904,0.0,0.0,56283.0,56283.0,0.00018240649950113097,0.00023287789796627711,-0.000992284683236755,0.0011746911827378859,True,1.8182581056490124,1.8336764145930093,1.8855819278730206,0.2551563920324552,0.2555304401139356,0.25787623011865424,-1.800716142072077
TwitterAbsoluteSigma,"repeat=1,fold=2",1,2,0,0,dKDB-generative-init,0.01,fixed-0.01,adagrad,140707,77,2,56283,14071,70353,1.0,0,be8a706b49c775983c4e5c88fb0a2b44796e37947b3254f9790eacb3a7a34a90,2138,77,0.03798660341488549,20,,20,1.8336764145930093,1.8855819278730206,1.8182581056490124,0.764785031375796,0.7553757199877392,0.8074565097519452,0.15411623918509676,0.1823150780912503,0.19623430219781418,0.24575003499165685,0.27296259791920435,0.29144967803343436,0.15411623918509676,0.1823150780912503,0.19623430219781418,0.0,0.0,0.0,0.028198838906153545,0.028198838906153545,0.0,0.573060641896489,0.09064751982795405,0.19066889084979155,0.1915795948296763,0.19409493081065846,0.1774033062352948,0.18741673407516424,0.19032479034884645,0.1652241967068889,0.18062915842267407,0.1815528922120097,0.1652241967068889,0.18062915842267407,0.1815528922120097,2138.0890022268018,48.082698323274286,1.8517654787199818,0.0,0.0,56283.0,56283.0,0.0,0.0,0.0,0.0,False,1.8182581056490124,1.8336764145930093,1.8855819278730206,0.2551563920324552,0.2555304401139356,0.25787623011865424,-1.7032668497817702
TwitterAbsoluteSigma,"repeat=1,fold=2",1,2,0,0,dKDB-generative-init,0.03,validation-selected,adagrad,140707,77,2,56283,14071,70353,1.0,0,be8a706b49c775983c4e5c88fb0a2b44796e37947b3254f9790eacb3a7a34a90,2138,77,0.03798660341488549,20,,20,1.8336764145930093,1.8855819278730206,1.8182581056490124,0.2935769821759138,0.32205241409089747,0.3416914620223643,0.07590412550543758,0.10254902436315178,0.10972107833576773,0.08237688559204469,0.10886358558263444,0.11926018137174003,0.07590412550543758,0.10254902436315178,0.10972107833576773,0.0,0.0,0.0,0.02664489885771419,0.02664489885771419,0.0,0.2195033897277457,0.0063145612194826645,0.18170459422991128,0.18937235644344458,0.1925679249066128,0.14857566244117332,0.16626552575739292,0.16763679042923207,0.14651695795742514,0.16348574757589174,0.16535479538932707,0.14651695795742514,0.16348574757589174,0.16535479538932707,2138.1951263385936,48.96095523531172,1.9568431655508514,0.0,0.0,56283.0,56283.0,0.0,0.0,0.0,0.0,False,1.8182581056490124,1.8336764145930093,1.8855819278730206,0.2551563920324552,0.2555304401139356,0.25787623011865424,-1.7830329035098689
TwitterAbsoluteSigma,"repeat=1,fold=2",1,2,1,1,dKDB-current,0.01,fixed-0.01,adagrad,140707,77,2,56283,14071,70353,1.0,0,74cdc109cfadb11f3c821dda96c206e98700d102bd43915cc2fc2d63c14507ba,32372,1158,0.5751647922107919,1,2.0,20,0.6931471805599453,0.6931471805599454,0.6931471805599453,0.0702404726054558,0.08543311012878779,0.09082441876817832,0.0702404726054558,0.08543311012878779,0.09082441876817832,0.054094749106882306,0.09278502475908691,0.09867911788228105,0.04938622797307358,0.09833831700509678,0.10463462941543637,-0.020854244632382217,0.012905206876308986,0.013810210647258056,0.015192637523331998,0.0489520890320232,0.0337594515086912,0.0,0.0073519146302991195,0.14168814945014216,0.15771611763387233,0.1604844004329239,0.12373382902020368,0.16305672840093585,0.16507142582694403,0.14168814945014216,0.15771611763387233,0.1604844004329239,0.1179570560321937,0.1660668982868305,0.1680433152358461,888.6753513867679,8.621375797450277,0.30850188988099486,0.0,0.0,1537.0,3742.479274611399,0.008350780652958162,0.007558914802922201,-0.023731093417948462,0.032081874070906624,True,0.2372589753328925,0.15453088191731515,0.23737834654997314,0.20873010906939524,0.18632119342194434,0.20917456911895815,-0.13904002954487638
TwitterAbsoluteSigma,"repeat=1,fold=2",1,2,1,1,dKDB-current,0.003,validation-selected,adagrad,140707,77,2,56283,14071,70353,1.0,0,74cdc109cfadb11f3c821dda96c206e98700d102bd43915cc2fc2d63c14507ba,32372,1158,0.5751647922107919,5,6.0,20,0.6931471805599453,0.6931471805599454,0.6931471805599453,0.07994419406622731,0.08498242097504238,0.08891515258019173,0.07201094715696191,0.08327864970707378,0.08796633368461873,0.06806321967173444,0.08358760584585187,0.08848068781423184,0.06380146417634663,0.08472066885875239,0.08979780943466285,-0.008209482980615274,0.001442019151678603,0.001831475750044123,0.011267702550111877,0.020919204682405754,0.009651502132293877,0.0017037712679685985,0.00030895613877808537,0.15130954817998968,0.15688404958368335,0.15958238219160367,0.13966012665451769,0.15630611715297765,0.1592450511304428,0.1438377584896717,0.15593453591434114,0.15893067190817411,0.13499328564673216,0.15735271180946012,0.16009234332512706,399.43502343385444,4.152705615940844,0.22941658724341144,0.0,0.0,1537.0,3742.479274611399,0.0014181758951189727,0.0011616714169529474,-0.008844472842939544,0.010262648738058516,True,0.2372589753328925,0.15453088191731515,0.23737834654997314,0.20873010906939524,0.18632119342194434,0.20917456911895815,-0.15265767769122074
TwitterAbsoluteSigma,"repeat=1,fold=2",1,2,1,1,dKDB-generative-init,0.01,fixed-0.01,adagrad,140707,77,2,56283,14071,70353,1.0,0,74cdc109cfadb11f3c821dda96c206e98700d102bd43915cc2fc2d63c14507ba,32372,1158,0.5751647922107919,17,18.0,20,0.15453088191731515,0.23737834654997314,0.2372589753328925,0.10123062184339496,0.19433436711035665,0.196284524530167,0.05539921821555883,0.17652482965894184,0.1767778075374752,0.062408779110514644,0.177332886075619,0.17730239258891287,0.053446528706493704,0.17659135623871017,0.17698136449612858,-0.001952689509065124,6.652657976832788e-05,0.00020355695865337253,0.12112561144338302,0.12314482753221646,0.002019216088833445,0.01780953745141481,0.0008080564166771664,0.15173982172766237,0.18849975899095112,0.18893988356149682,0.12903682253236987,0.18836329922730313,0.18865031521826012,0.12275184298881014,0.18830065720275313,0.18871479985856132,0.12086216261268758,0.1883334943458227,0.18877931536069234,32376.250808767516,180.24215051420845,1.3313489358507156,0.0,0.0,1537.0,3742.479274611399,3.283714306956398e-05,6.451550213101842e-05,-0.0018896803761225683,0.0019225175191921323,True,0.2372589753328925,0.15453088191731515,0.23737834654997314,0.20873010906939524,0.18632119342194434,0.20917456911895815,-0.06078699031126297
TwitterAbsoluteSigma,"repeat=1,fold=2",1,2,1,1,dKDB-generative-init,0.01,validation-selected,adagrad,140707,77,2,56283,14071,70353,1.0,0,74cdc109cfadb11f3c821dda96c206e98700d102bd43915cc2fc2d63c14507ba,32372,1158,0.5751647922107919,17,18.0,20,0.15453088191731515,0.23737834654997314,0.2372589753328925,0.10123062184339496,0.19433436711035665,0.196284524530167,0.05539921821555883,0.17652482965894184,0.1767778075374752,0.062408779110514644,0.177332886075619,0.17730239258891287,0.053446528706493704,0.17659135623871017,0.17698136449612858,-0.001952689509065124,6.652657976832788e-05,0.00020355695865337253,0.12112561144338302,0.12314482753221646,0.002019216088833445,0.01780953745141481,0.0008080564166771664,0.15173982172766237,0.18849975899095112,0.18893988356149682,0.12903682253236987,0.18836329922730313,0.18865031521826012,0.12275184298881014,0.18830065720275313,0.18871479985856132,0.12086216261268758,0.1883334943458227,0.18877931536069234,32376.250808767516,180.24215051420845,1.3313489358507156,0.0,0.0,1537.0,3742.479274611399,3.283714306956398e-05,6.451550213101842e-05,-0.0018896803761225683,0.0019225175191921323,True,0.2372589753328925,0.15453088191731515,0.23737834654997314,0.20873010906939524,0.18632119342194434,0.20917456911895815,-0.06078699031126297
TwitterAbsoluteSigma,"repeat=1,fold=2",1,2,2,2,dKDB-current,0.01,fixed-0.01,adagrad,140707,77,2,56283,14071,70353,1.0,0,d290d25d3a7b2f34792344fa10e6005a04e2f97c322027b3632193d76f3ea8ff,298872,9886,5.310164703374021,1,2.0,20,0.6931471805599453,0.6931471805599454,0.6931471805599453,0.0601188543538563,0.08533746400414838,0.09144009633165953,0.0601188543538563,0.08533746400414838,0.09144009633165953,0.0336020617432845,0.09631452292518845,0.1040666349389562,0.026426921907132674,0.10435956294660205,0.11301791968472027,-0.033691932446723624,0.019022098942453672,0.021577823353060743,0.02521860965029208,0.07793264103946937,0.05271403138917729,0.0,0.010977058921040075,0.13020518722424393,0.15777238913878583,0.16060225860912206,0.09250021529028116,0.16436350041366585,0.1666094372105737,0.13020518722424393,0.15777238913878583,0.16060225860912206,0.07994599536033097,0.16806156113989348,0.16989328740195353,3805.3455294167866,16.633290733296203,0.4632207942373258,0.0002514222803336274,0.0,28.0,438.37659316204736,0.010289172001107655,0.009291028792831474,-0.050259191863912964,0.06054836386502062,True,0.27495037936022715,0.06791019724367531,0.2602193301960119,0.19227852854673752,0.12238773397914587,0.19238774487761046,-0.15585976724940986
TwitterAbsoluteSigma,"repeat=1,fold=2",1,2,2,2,dKDB-current,0.003,validation-selected,adagrad,140707,77,2,56283,14071,70353,1.0,0,d290d25d3a7b2f34792344fa10e6005a04e2f97c322027b3632193d76f3ea8ff,298872,9886,5.310164703374021,4,5.0,20,0.6931471805599453,0.6931471805599454,0.6931471805599453,0.07607380656344513,0.08516932068147796,0.08859766886853176,0.06552065380862927,0.0835698265775446,0.08786818130320288,0.05692634785901602,0.08411482316500467,0.08890885877562461,0.049648217132228924,0.0856759057629703,0.09088353538095478,-0.01587243667640035,0.0021060791854256994,0.0030153540777519,0.018049172768915323,0.03602768863074137,0.01797851586182605,0.0015994941039333688,0.0005449965874600726,0.1467606611392879,0.15708222255356932,0.15938243128308213,0.12605983125654524,0.1568986266600667,0.15957923725914241,0.136241276441106,0.1563873263257553,0.1589933532017333,0.11655148974530061,0.15809563971998328,0.16072540909041722,1535.2249216449177,6.811191527692257,0.23078223072519885,0.0002514222803336274,0.0,28.0,438.37659316204736,0.0017083133942279727,0.0017320558886839144,-0.0196897866958054,0.021398100090033373,True,0.27495037936022715,0.06791019724367531,0.2602193301960119,0.19227852854673752,0.12238773397914587,0.19238774487761046,-0.1745434244330416
TwitterAbsoluteSigma,"repeat=1,fold=2",1,2,2,2,dKDB-generative-init,0.01,fixed-0.01,adagrad,140707,77,2,56283,14071,70353,1.0,0,d290d25d3a7b2f34792344fa10e6005a04e2f97c322027b3632193d76f3ea8ff,298872,9886,5.310164703374021,5,6.0,20,0.06791019724367531,0.2602193301960119,0.27495037936022715,0.050580848278038715,0.25451667133523775,0.27243461516540257,0.030182795355539783,0.24770148469394435,0.26547153540011814,0.02292346006827341,0.24921699394488178,0.2675385598708992,0.01696972253129817,0.253372096347565,0.2733257629129837,-0.013213072824241612,0.005670611653620677,0.007854227512865575,0.21751868933840457,0.23640237381626686,0.01888368447786229,0.006815186641293408,0.0015155092509374357,0.107405954728603,0.19088986451934054,0.19098628832761264,0.0758773904098872,0.19424115482869156,0.19397005951937274,0.08679767080134429,0.1935719632995596,0.1932204204897334,0.06448875375890065,0.19418988265718476,0.19446744065275567,298923.1508467625,547.0812176592548,1.411716694029085,0.0002514222803336274,1362.0,28.0,438.37659316204736,0.0006179193576251463,0.0012470201630222777,-0.022308917042443643,0.02292683640006879,True,0.27495037936022715,0.06791019724367531,0.2602193301960119,0.19227852854673752,0.12238773397914587,0.19238774487761046,-0.0068472338484468764
TwitterAbsoluteSigma,"repeat=1,fold=2",1,2,2,2,dKDB-generative-init,0.003,validation-selected,adagrad,140707,77,2,56283,14071,70353,1.0,0,d290d25d3a7b2f34792344fa10e6005a04e2f97c322027b3632193d76f3ea8ff,298872,9886,5.310164703374021,20,,20,0.06791019724367531,0.2602193301960119,0.27495037936022715,0.061157749285748374,0.25719949527168046,0.27304571160952196,0.03594066395156289,0.2454973292617051,0.2614269182993485,0.0430521253214785,0.24791707057784543,0.2636202344027067,0.03594066395156289,0.2454973292617051,0.2614269182993485,0.0,0.0,0.0,0.2095566653101422,0.2095566653101422,0.0,0.011702166009975368,0.002419741316140339,0.11689205904792986,0.19094870813196402,0.19114220064482546,0.10327839877325061,0.1925888349961324,0.19250918253862792,0.09560923416770521,0.19329598754734395,0.19304730629780603,0.09560923416770521,0.19329598754734395,0.19304730629780603,298888.02895242145,546.7598991077059,1.1471561266104877,0.0002514222803336274,1362.0,28.0,438.37659316204736,0.0,0.0,0.0,0.0,False,0.27495037936022715,0.06791019724367531,0.2602193301960119,0.19227852854673752,0.12238773397914587,0.19238774487761046,-0.014722000934306811
TwitterAbsoluteSigma,"repeat=1,fold=2",1,2,3,3,dKDB-current,0.01,fixed-0.01,adagrad,140707,77,2,56283,14071,70353,1.0,0,f3e48a4715eed0a79bd716f15488535e2211935eb296af79cdbaf0f9271a1a24,1440360,45389,25.591386386653163,1,2.0,20,0.6931471805599453,0.6931471805599454,0.6931471805599453,0.0518287270526909,0.08611512642299587,0.09172120020763794,0.0518287270526909,0.08611512642299587,0.09172120020763794,0.021210039743595033,0.09770093425856584,0.10597919544836756,0.014554687201068402,0.10574523005589861,0.11539593989580119,-0.0372740398516225,0.01963010363290274,0.02367473968816325,0.034286399370304976,0.09119054285483022,0.056904143484525244,0.0,0.011585807835569964,0.12037600784180257,0.1586831186659326,0.1606179867149979,0.06798010327018883,0.16526285898515825,0.1670639769442982,0.12037600784180257,0.1586831186659326,0.1606179867149979,0.052685539829851274,0.16825532489058792,0.16997319284722415,8971.597329390699,23.251373961656693,0.5042263530428026,0.002830254333388528,0.0,4.0,95.48108572561634,0.009572206224655322,0.009355206132226235,-0.06769046801195129,0.07726267423660661,True,0.3786575289760124,0.024594671321219563,0.34964464876107243,0.19183141796431202,0.07338927268615986,0.1921344249143687,-0.24389941870517381
TwitterAbsoluteSigma,"repeat=1,fold=2",1,2,3,3,dKDB-current,0.003,validation-selected,adagrad,140707,77,2,56283,14071,70353,1.0,0,f3e48a4715eed0a79bd716f15488535e2211935eb296af79cdbaf0f9271a1a24,1440360,45389,25.591386386653163,4,5.0,20,0.6931471805599453,0.6931471805599454,0.6931471805599453,0.07284747942119629,0.08550277164172064,0.08865027629385012,0.05890970025779718,0.08370820941607418,0.08779786359137348,0.04794260386950353,0.08448650873021303,0.08917678485080516,0.038971479994260455,0.08625760714936179,0.09148899460697305,-0.019938220263536727,0.002549397733287606,0.0036911310155995636,0.024798509158277,0.04728612715510133,0.022487617996824333,0.0017945622256464594,0.00077829931413885,0.14243587681470393,0.15703543855636415,0.1591726573295257,0.11368208458287125,0.15756023331168925,0.15977062404308992,0.12791011348769926,0.15668108303766276,0.15893593599888925,0.10027464890332113,0.15899152032075062,0.16109196316832014,3635.866779311472,9.37844066704654,0.23917854434159502,0.002830254333388528,0.0,4.0,95.48108572561634,0.0023104372830878572,0.002156027169430891,-0.027635464584378128,0.029945901867465985,True,0.3786575289760124,0.024594671321219563,0.34964464876107243,0.19183141796431202,0.07338927268615986,0.1921344249143687,-0.26338704161171067
TwitterAbsoluteSigma,"repeat=1,fold=2",1,2,3,3,dKDB-generative-init,0.01,fixed-0.01,adagrad,140707,77,2,56283,14071,70353,1.0,0,f3e48a4715eed0a79bd716f15488535e2211935eb296af79cdbaf0f9271a1a24,1440360,45389,25.591386386653163,0,1.0,20,0.024594671321219563,0.34964464876107243,0.3786575289760124,0.019299465961824563,0.35503987922890623,0.38495229407375464,0.024594671321219563,0.34964464876107243,0.3786575289760124,0.006819121397576129,0.3589127933034121,0.39137659856276813,0.004491533530169202,0.3654413789493031,0.399775750918633,-0.02010313779105036,0.01579673018823069,0.021118221942620585,0.32504997743985287,0.36094984541913394,0.035899867979281075,0.0053952304678338,0.009268144542339651,0.0650298851286859,0.19316455833875795,0.19269494758393343,0.037878651304945624,0.19586197114509474,0.1958364839903129,0.07338927268615986,0.1921344249143687,0.19183141796431202,0.028943845860994997,0.1957075945682808,0.19601289100792962,1440498.161579216,1200.4317526741756,1.4285329738054091,0.002830254333388528,15332.0,4.0,95.48108572561634,0.003573169653912106,0.004181473043617601,-0.04444542682516486,0.04801859647907697,True,0.3786575289760124,0.024594671321219563,0.34964464876107243,0.19183141796431202,0.07338927268615986,0.1921344249143687,0.01579673018823069
TwitterAbsoluteSigma,"repeat=1,fold=2",1,2,3,3,dKDB-generative-init,0.001,validation-selected,adagrad,140707,77,2,56283,14071,70353,1.0,0,f3e48a4715eed0a79bd716f15488535e2211935eb296af79cdbaf0f9271a1a24,1440360,45389,25.591386386653163,20,,20,0.024594671321219563,0.34964464876107243,0.3786575289760124,0.024001325256088734,0.35026184324682674,0.37939982556845264,0.018785203195831154,0.34822807255913574,0.37709927095138557,0.020584976947983336,0.3488047010943837,0.37769136067680137,0.018785203195831154,0.34822807255913574,0.37709927095138557,0.0,0.0,0.0,0.3294428693633046,0.3294428693633046,0.0,0.0020337706876910056,0.0005766285352479805,0.0725323229777314,0.19218218119155253,0.1918419795193879,0.0684131596448006,0.1933478297495459,0.192650936743831,0.06589464816316977,0.1939233660085961,0.19310017808140323,0.06589464816316977,0.1939233660085961,0.19310017808140323,1440373.9595467614,1200.1641110442408,1.0541634352271505,0.002830254333388528,15332.0,4.0,95.48108572561634,0.0,0.0,0.0,0.0,False,0.3786575289760124,0.024594671321219563,0.34964464876107243,0.19183141796431202,0.07338927268615986,0.1921344249143687,-0.0014165762019366923
TwitterAbsoluteSigma,"repeat=1,fold=2",1,2,4,4,dKDB-current,0.01,fixed-0.01,adagrad,140707,77,2,56283,14071,70353,1.0,0,30c87aa7599602a2af156a8be468bc5e918f699056dead2e91b9df4c97bf5a68,3800048,122835,67.51679903345592,1,2.0,20,0.6931471805599453,0.6931471805599454,0.6931471805599453,0.04404565466296751,0.08619140513071864,0.09134703434816406,0.04404565466296751,0.08619140513071864,0.09134703434816406,0.013701125244039642,0.09799835077046387,0.1041302842461527,0.008522106245815158,0.10573730036257159,0.11254105546818229,-0.035523548417152356,0.019545895231852947,0.021194021120018225,0.04214575046775113,0.09721519411675643,0.0550694436490053,0.0,0.011806945639745228,0.11012896005179316,0.1585281483842359,0.160234069278542,0.04987413883843847,0.16493316227786153,0.1658833079617618,0.11012896005179316,0.1585281483842359,0.160234069278542,0.035558708980139034,0.16769313598080798,0.16835997505240222,15506.19307867255,27.919664410536946,0.5045174680946046,0.012012705501256096,0.0,2.0,35.2814018805715,0.009164987596572083,0.008125905773860215,-0.07457025107165413,0.08373523866822623,True,0.5018455977666114,0.012719540496849209,0.4824488715042741,0.19191458793758434,0.04738219908458901,0.19295330019667867,-0.3767115711417025
TwitterAbsoluteSigma,"repeat=1,fold=2",1,2,4,4,dKDB-current,0.003,validation-selected,adagrad,140707,77,2,56283,14071,70353,1.0,0,30c87aa7599602a2af156a8be468bc5e918f699056dead2e91b9df4c97bf5a68,3800048,122835,67.51679903345592,4,5.0,20,0.6931471805599453,0.6931471805599454,0.6931471805599453,0.07007552642383799,0.08648987587336278,0.0895023329410152,0.05253324002013955,0.08388179865222231,0.08764245199643464,0.03987389682136928,0.08466733363508838,0.0887462851745788,0.03026288799256627,0.08653002884198717,0.09083461734223718,-0.02227035202757328,0.002648230189764858,0.003192165345802536,0.03134855863208276,0.0562671408494209,0.024918582217338142,0.0026080772211404674,0.0007855349828660707,0.138077345470272,0.15743195530518242,0.15974681110749955,0.10096850124771599,0.15756755926220103,0.15952445523293562,0.11871015312447311,0.15666433892719972,0.15889741669359264,0.08497177147800274,0.15900187341760427,0.16065993384786187,6516.490106683832,11.591753910383865,0.2414338395491517,0.012012705501256096,0.0,2.0,35.2814018805715,0.0023375344904045525,0.0017625171542692275,-0.033738381646470375,0.03607591613687493,True,0.5018455977666114,0.012719540496849209,0.4824488715042741,0.19191458793758434,0.04738219908458901,0.19295330019667867,-0.39591884266228694
TwitterAbsoluteSigma,"repeat=1,fold=2",1,2,4,4,dKDB-generative-init,0.01,fixed-0.01,adagrad,140707,77,2,56283,14071,70353,1.0,0,30c87aa7599602a2af156a8be468bc5e918f699056dead2e91b9df4c97bf5a68,3800048,122835,67.51679903345592,0,1.0,20,0.012719540496849209,0.4824488715042741,0.5018455977666114,0.010184614573823051,0.4840915020498829,0.5027256033416899,0.012719540496849209,0.4824488715042741,0.5018455977666114,0.003663842572834533,0.4855754060456997,0.506081448756649,0.0022078254853248416,0.4897261065047124,0.5115601677476628,-0.010511715011524368,0.0072772350004382536,0.009714569981051357,0.4697293310074249,0.48751828101938754,0.017788950011962623,0.0016426305456087587,0.003126534541425585,0.04186722872193184,0.19322233811057726,0.19246601660788693,0.02538287891913574,0.19441602240874206,0.19423932119279813,0.04738219908458901,0.19295330019667867,0.19191458793758434,0.018361951661906767,0.19471142706066066,0.19467856712053114,3800214.1231590537,1949.5322548010422,1.407373191550505,0.012012705501256096,65075.0,2.0,35.2814018805715,0.0017581268639819958,0.0027639791829467963,-0.029020247422682242,0.030778374286664245,True,0.5018455977666114,0.012719540496849209,0.4824488715042741,0.19191458793758434,0.04738219908458901,0.19295330019667867,0.0072772350004382536
TwitterAbsoluteSigma,"repeat=1,fold=2",1,2,4,4,dKDB-generative-init,0.003,validation-selected,adagrad,140707,77,2,56283,14071,70353,1.0,0,30c87aa7599602a2af156a8be468bc5e918f699056dead2e91b9df4c97bf5a68,3800048,122835,67.51679903345592,15,16.0,20,0.012719540496849209,0.4824488715042741,0.5018455977666114,0.011893797656380834,0.4829804634375358,0.5021427708575125,0.00748629398701704,0.48107252517120536,0.5003517124180344,0.008380293082435564,0.48116977742905637,0.5002975048008541,0.006812820131873017,0.4811317180718498,0.5005660936718327,-0.0006734738551440233,5.919290064443361e-05,0.0002143812537982459,0.4735862311841883,0.4743188979399768,0.0007326667557884803,0.0019079382663304556,9.725225785101044e-05,0.04565111608788978,0.19300094318405947,0.1920512762249588,0.03889598447096282,0.19370542522291842,0.1929258591711112,0.037001411992373195,0.19385400385186446,0.19316586636768443,0.035470010905981,0.193961704201436,0.19335226952579024,3800097.51228279,1949.4061304584143,1.1269860746783158,0.012012705501256096,65075.0,2.0,35.2814018805715,0.00010770034957152674,0.00018640315810580788,-0.0015314010863921937,0.0016391014359637135,True,0.5018455977666114,0.012719540496849209,0.4824488715042741,0.19191458793758434,0.04738219908458901,0.19295330019667867,-0.001317153432424334
TwitterAbsoluteSigma,"repeat=1,fold=2",1,2,5,5,dKDB-current,0.01,fixed-0.01,adagrad,140707,77,2,56283,14071,70353,1.0,0,7cdad0e2976ad5c3230d09dd66c241b47147eeb2b45c11562668636dbdac430c,7248294,233913,128.7830073023826,1,2.0,20,0.6931471805599453,0.6931471805599454,0.6931471805599453,0.03603254656168784,0.08462535046399763,0.09084190300134043,0.03603254656168784,0.08462535046399763,0.09084190300134043,0.008480738708663364,0.0939043880813205,0.1022247052598716,0.004817810352893121,0.10004766807709042,0.10949088037899764,-0.03121473620879472,0.01542231761309279,0.018648977377657208,0.04859280390230979,0.0952298577241973,0.04663705382188751,0.0,0.009279037617322863,0.09791502961384518,0.15696193065495576,0.15992437667931544,0.034829743276215505,0.1621054126757513,0.16459257300363103,0.09791502961384518,0.15696193065495576,0.15992437667931544,0.022864231124577167,0.1643210630890819,0.16658445929912977,22052.209121747383,30.232236421688285,0.38582635643217733,0.02860768359041354,0.0,1.0,18.527362737428017,0.007359132434126142,0.006660082619814323,-0.07505079848926802,0.08240993092339416,True,0.629348236592351,0.0064210058790215045,0.5947132608332523,0.19136880762022188,0.0323896603483058,0.19041079965151814,-0.49466559275616184
TwitterAbsoluteSigma,"repeat=1,fold=2",1,2,5,5,dKDB-current,0.003,validation-selected,adagrad,140707,77,2,56283,14071,70353,1.0,0,7cdad0e2976ad5c3230d09dd66c241b47147eeb2b45c11562668636dbdac430c,7248294,233913,128.7830073023826,7,8.0,20,0.6931471805599453,0.6931471805599454,0.6931471805599453,0.06822629660616737,0.089001101922278,0.0917165031037233,0.037436781797461294,0.08364639006082747,0.08800760776676436,0.032080622509785474,0.08385277230854449,0.0885025625716516,0.022517849838212717,0.08514183609887697,0.09038044094863547,-0.014918931959248576,0.0014954460380495055,0.0023728331818711063,0.046209608263366175,0.06262398626066426,0.016414377997298085,0.005354711861450534,0.00020638224771701852,0.13356355073419318,0.15870495179272295,0.16111400459565509,0.08631788363139817,0.15647582393422202,0.1593749618317695,0.09505876376894982,0.15625806051582197,0.15913945108676472,0.06856335212714502,0.1573949335784341,0.16027493647408952,9741.99868860211,13.42592955640982,0.26720067531566033,0.02860768359041354,0.0,1.0,18.527362737428017,0.0011368730626121204,0.0011354853873248028,-0.0264954116418048,0.02763228470441692,True,0.629348236592351,0.0064210058790215045,0.5947132608332523,0.19136880762022188,0.0323896603483058,0.19041079965151814,-0.5095714247343753
TwitterAbsoluteSigma,"repeat=1,fold=2",1,2,5,5,dKDB-generative-init,0.01,fixed-0.01,adagrad,140707,77,2,56283,14071,70353,1.0,0,7cdad0e2976ad5c3230d09dd66c241b47147eeb2b45c11562668636dbdac430c,7248294,233913,128.7830073023826,4,5.0,20,0.0064210058790215045,0.5947132608332523,0.629348236592351,0.005454798855129901,0.5931980368903822,0.6277973752263395,0.003731629225342181,0.5925021444346946,0.6263259505752069,0.0023633035152902967,0.5931928553242014,0.6265641760547332,0.001420612478555139,0.5947630754368181,0.6279192656589994,-0.002311016746787042,0.002260931002123434,0.001593315083792457,0.5887705152093524,0.5933424629582629,0.004571947748910454,0.0006958924556875745,0.0006907108895067848,0.029642735718158113,0.19075565714003587,0.1915874514536779,0.020675252778441545,0.19161075126189303,0.192261200409954,0.025192392861117692,0.19125554670053377,0.19194008260179246,0.01650544479185253,0.19183454091001848,0.19253598338883327,7248404.161217299,2692.3335033332137,1.4870642659262598,0.02860768359041354,154973.0,1.0,18.527362737428017,0.0005789942094847067,0.000595900787040804,-0.008686948069265163,0.009265942278749856,True,0.629348236592351,0.0064210058790215045,0.5947132608332523,0.19136880762022188,0.0323896603483058,0.19041079965151814,4.981460356578982e-05
TwitterAbsoluteSigma,"repeat=1,fold=2",1,2,5,5,dKDB-generative-init,0.03,validation-selected,adagrad,140707,77,2,56283,14071,70353,1.0,0,7cdad0e2976ad5c3230d09dd66c241b47147eeb2b45c11562668636dbdac430c,7248294,233913,128.7830073023826,1,2.0,20,0.0064210058790215045,0.5947132608332523,0.629348236592351,0.003925802097934915,0.5910465377280189,0.6251836945027417,0.003925802097934915,0.5910465377280189,0.6251836945027417,0.00043583495614171004,0.5980608006972605,0.631132208217749,0.0001266126943075509,0.6014544387195917,0.6344675058369413,-0.0037991894036273643,0.01040790099157285,0.009283811334199643,0.5871207356300839,0.6013278260252841,0.014207090395200184,0.0,0.00701426296924168,0.025063221297263114,0.19152397246074593,0.19209494791767368,0.009200249404737883,0.19220486117119642,0.19305404561293094,0.025063221297263114,0.19152397246074593,0.19209494791767368,0.005809590310761064,0.19226024874367365,0.19323478508508246,7248566.479693783,2692.4778201145077,2.2124123176742336,0.02860768359041354,154973.0,1.0,18.527362737428017,0.000736276282927717,0.001139837167408786,-0.019253630986502047,0.019989907269429785,True,0.629348236592351,0.0064210058790215045,0.5947132608332523,0.19136880762022188,0.0323896603483058,0.19041079965151814,0.006741177886339433
TwitterAbsoluteSigma,"repeat=2,fold=1",2,1,0,0,dKDB-current,0.01,fixed-0.01,adagrad,140707,77,2,56282,14071,70354,1.0,0,be8a706b49c775983c4e5c88fb0a2b44796e37947b3254f9790eacb3a7a34a90,2088,77,0.03709889485092925,2,3.0,20,0.6931471805599453,0.6931471805599454,0.6931471805599453,0.0815101929559988,0.09459602914824879,0.08855455231083545,0.079811212666732,0.09414408120439623,0.08818083327612503,0.0773660092895001,0.0950106408950092,0.08924801279637908,0.07672463225276523,0.09580490728711447,0.09018067384138029,-0.003086580413966769,0.0016608260827182392,0.001999840565255262,0.014332868537664231,0.01908027503434924,0.004747406496685008,0.00045194794385255976,0.0008665596906129724,0.15249940135761722,0.16385165467312413,0.15873172012519762,0.14891916755123755,0.16398883608947223,0.15931407871081843,0.15103414277359342,0.16354907289299642,0.1584736778618761,0.148389680422311,0.16431504169883954,0.15991658482872856,55.75066217052471,1.8982671042124089,0.23085189458630037,0.0,0.0,56282.0,56282.0,0.0007659688058431202,0.001442906966852453,-0.002644462351282434,0.003410431157125554,True,1.8741335668877328,1.8365995617053756,1.9557224098305517,0.2588600629571491,0.25666247537207526,0.2617921593700873,-1.8599175025434371
TwitterAbsoluteSigma,"repeat=2,fold=1",2,1,0,0,dKDB-current,0.003,validation-selected,adagrad,140707,77,2,56282,14071,70354,1.0,0,be8a706b49c775983c4e5c88fb0a2b44796e37947b3254f9790eacb3a7a34a90,2088,77,0.03709889485092925,7,8.0,20,0.6931471805599453,0.6931471805599454,0.6931471805599453,0.0838555183962211,0.09313098473105279,0.08699425217740493,0.08035474348890234,0.09213819949248714,0.086379930988536,0.07982506997769272,0.09218206689416804,0.08648283494757004,0.07888644638727367,0.09244989807590255,0.08686506545482794,-0.0014682971016286711,0.00031169858341541234,0.0004851344662919477,0.011783456003584797,0.01356345168862888,0.0017799956850440835,0.0009927852385656494,4.3867401680899865e-05,0.15504887953107793,0.1638180110968769,0.15837464828395478,0.1512361955958292,0.16263171582516636,0.1576738358902149,0.15173291696681213,0.1626598731074228,0.15761082740349275,0.15036335158284175,0.16272321883188967,0.157949147100911,33.112793307731515,1.0173583549250906,0.0952254355598655,0.0,0.0,56282.0,56282.0,6.334572446686781e-05,0.0003383196974182656,-0.0013695653839703725,0.0014329111084372403,True,1.8741335668877328,1.8365995617053756,1.9557224098305517,0.2588600629571491,0.25666247537207526,0.2617921593700873,-1.8632725117546491
TwitterAbsoluteSigma,"repeat=2,fold=1",2,1,0,0,dKDB-generative-init,0.01,fixed-0.01,adagrad,140707,77,2,56282,14071,70354,1.0,0,be8a706b49c775983c4e5c88fb0a2b44796e37947b3254f9790eacb3a7a34a90,2088,77,0.03709889485092925,20,,20,1.8365995617053756,1.9557224098305517,1.8741335668877328,0.7523509954856186,0.8557541294423371,0.7866413955794371,0.1534898459714828,0.21983754551142853,0.19890597947732208,0.2395737997442091,0.3212784020610596,0.2912411433392979,0.1534898459714828,0.21983754551142853,0.19890597947732208,0.0,0.0,0.0,0.06634769953994574,0.06634769953994574,0.0,0.6359165839309086,0.10144085654963109,0.19050144958366863,0.20076673968735523,0.1941553337067575,0.1760703931987241,0.19514183255978462,0.19074797272354102,0.16455655364721525,0.18642401008122317,0.18199729403179618,0.16455655364721525,0.18642401008122317,0.18199729403179618,2088.0922790408076,47.499697198561925,1.7744699950201592,0.0,0.0,56282.0,56282.0,0.0,0.0,0.0,0.0,False,1.8741335668877328,1.8365995617053756,1.9557224098305517,0.2588600629571491,0.25666247537207526,0.2617921593700873,-1.7358848643191231
TwitterAbsoluteSigma,"repeat=2,fold=1",2,1,0,0,dKDB-generative-init,0.03,validation-selected,adagrad,140707,77,2,56282,14071,70354,1.0,0,be8a706b49c775983c4e5c88fb0a2b44796e37947b3254f9790eacb3a7a34a90,2088,77,0.03709889485092925,20,,20,1.8365995617053756,1.9557224098305517,1.8741335668877328,0.28203476850910586,0.37174552829104635,0.3351677684921902,0.07729854804331705,0.11755334757482584,0.11013780408690234,0.08534088584538897,0.1291641112706086,0.11984777399871878,0.07729854804331705,0.11755334757482584,0.11013780408690234,0.0,0.0,0.0,0.04025479953150879,0.04025479953150879,0.0,0.2541921807162205,0.011610763695782747,0.17810859105607338,0.1967654162450995,0.19153633684549892,0.15003112665720794,0.1698501431655585,0.16580303042087485,0.1481305327693929,0.16709953237340489,0.16313412210907882,0.1481305327693929,0.16709953237340489,0.16313412210907882,2088.335636012047,48.410338533225584,1.9718870484245385,0.0,0.0,56282.0,56282.0,0.0,0.0,0.0,0.0,False,1.8741335668877328,1.8365995617053756,1.9557224098305517,0.2588600629571491,0.25666247537207526,0.2617921593700873,-1.8381690622557258
TwitterAbsoluteSigma,"repeat=2,fold=1",2,1,1,1,dKDB-current,0.01,fixed-0.01,adagrad,140707,77,2,56282,14071,70354,1.0,0,7cd4c5569aa1f9eadfb3ea5a6511be219359c646e80d13f4bb1e8393f4cabb3e,30464,1126,0.5412742972886536,1,2.0,20,0.6931471805599453,0.6931471805599454,0.6931471805599453,0.07236639164530707,0.09299508137152558,0.0881215582871742,0.07236639164530707,0.09299508137152558,0.0881215582871742,0.056545423858785776,0.09925532002791397,0.09667368361022631,0.051921289544714734,0.1049293468932336,0.1030531473243748,-0.02044510210059234,0.011934265521708023,0.014931589037200599,0.020628689726218508,0.05300805734851887,0.03237936762230036,0.0,0.006260238656388389,0.1433596007992632,0.16302854267920647,0.15828210151851066,0.1261640510562371,0.16685781495584195,0.16402539376722536,0.1433596007992632,0.16302854267920647,0.15828210151851066,0.12057554453310647,0.16982816793211733,0.1674718737331362,837.5241438560994,8.564340964208153,0.3733636476083605,0.0,0.0,1557.5,3848.7690941385436,0.0067996252529108625,0.009189772214625552,-0.02278405626615672,0.02958368151906758,True,0.23812290148853382,0.16678319995350188,0.25218937839782274,0.21079139839714592,0.19224235965480949,0.2167204948294247,-0.14726003150458913
TwitterAbsoluteSigma,"repeat=2,fold=1",2,1,1,1,dKDB-current,0.003,validation-selected,adagrad,140707,77,2,56282,14071,70354,1.0,0,7cd4c5569aa1f9eadfb3ea5a6511be219359c646e80d13f4bb1e8393f4cabb3e,30464,1126,0.5412742972886536,6,7.0,20,0.6931471805599453,0.6931471805599454,0.6931471805599453,0.08115492421273766,0.09168094862515642,0.08634156262488123,0.07277223888559187,0.09024631690876851,0.085571672499105,0.07000190073836383,0.09042968757586338,0.08607783243655726,0.06594165764305546,0.09133515489780278,0.08746020764938128,-0.00683058124253641,0.0010888379890342664,0.0018885351502762882,0.017474078023176645,0.02539349725474732,0.007919419231570676,0.001434631716387913,0.0001833706670948676,0.1517583487845505,0.16268489743845516,0.15731439817393048,0.14123855469586308,0.16167232246877386,0.1574059511381975,0.14407301320839985,0.16160738071779512,0.15701507088676797,0.13692755396710687,0.16224248333673355,0.15845074408574905,380.3916859148706,4.201083275362273,0.23499441316298478,0.0,0.0,1557.5,3848.7690941385436,0.0006351026189384268,0.00143567319898108,-0.0071454592412929785,0.007780561860231405,True,0.23812290148853382,0.16678319995350188,0.25218937839782274,0.21079139839714592,0.19224235965480949,0.2167204948294247,-0.16085422350001996
TwitterAbsoluteSigma,"repeat=2,fold=1",2,1,1,1,dKDB-generative-init,0.01,fixed-0.01,adagrad,140707,77,2,56282,14071,70354,1.0,0,7cd4c5569aa1f9eadfb3ea5a6511be219359c646e80d13f4bb1e8393f4cabb3e,30464,1126,0.5412742972886536,15,16.0,20,0.16678319995350188,0.25218937839782274,0.23812290148853382,0.11006901026020252,0.2018622719065878,0.19009298591828588,0.06012070782467194,0.17600243102660493,0.16862387225753678,0.06577990509708342,0.1766640569507719,0.1689663669583425,0.05651738189740858,0.17627104432709315,0.1691262165571933,-0.003603325927263354,0.0002686133004882185,0.0005023442996565097,0.11588172320193299,0.11975366242968456,0.0038719392277515724,0.02585984087998286,0.0006616259241669642,0.15652671694971954,0.1920355705118769,0.18670221130167608,0.1321322920112226,0.18807561016746568,0.18618353700345325,0.12740958139785885,0.18780867498998927,0.18621013273432221,0.12408335810487198,0.18772503456959064,0.18636663059159614,30468.501440563752,174.87688130856492,1.410422766641326,0.0,0.0,1557.5,3848.7690941385436,-8.364042039862851e-05,0.00015649785727392396,-0.003326223292986874,0.0032425828725882455,True,0.23812290148853382,0.16678319995350188,0.25218937839782274,0.21079139839714592,0.19224235965480949,0.2167204948294247,-0.07591833407072959
TwitterAbsoluteSigma,"repeat=2,fold=1",2,1,1,1,dKDB-generative-init,0.01,validation-selected,adagrad,140707,77,2,56282,14071,70354,1.0,0,7cd4c5569aa1f9eadfb3ea5a6511be219359c646e80d13f4bb1e8393f4cabb3e,30464,1126,0.5412742972886536,15,16.0,20,0.16678319995350188,0.25218937839782274,0.23812290148853382,0.11006901026020252,0.2018622719065878,0.19009298591828588,0.06012070782467194,0.17600243102660493,0.16862387225753678,0.06577990509708342,0.1766640569507719,0.1689663669583425,0.05651738189740858,0.17627104432709315,0.1691262165571933,-0.003603325927263354,0.0002686133004882185,0.0005023442996565097,0.11588172320193299,0.11975366242968456,0.0038719392277515724,0.02585984087998286,0.0006616259241669642,0.15652671694971954,0.1920355705118769,0.18670221130167608,0.1321322920112226,0.18807561016746568,0.18618353700345325,0.12740958139785885,0.18780867498998927,0.18621013273432221,0.12408335810487198,0.18772503456959064,0.18636663059159614,30468.501440563752,174.87688130856492,1.410422766641326,0.0,0.0,1557.5,3848.7690941385436,-8.364042039862851e-05,0.00015649785727392396,-0.003326223292986874,0.0032425828725882455,True,0.23812290148853382,0.16678319995350188,0.25218937839782274,0.21079139839714592,0.19224235965480949,0.2167204948294247,-0.07591833407072959
TwitterAbsoluteSigma,"repeat=2,fold=1",2,1,2,2,dKDB-current,0.01,fixed-0.01,adagrad,140707,77,2,56282,14071,70354,1.0,0,7bfd0b07790e8a5e81783de200e5551196db633d7704da127f03b8c7d7de80f3,253562,8783,4.5052059272946945,1,2.0,20,0.6931471805599453,0.6931471805599454,0.6931471805599453,0.06245404967063878,0.09330115657411579,0.08854917501657592,0.06245404967063878,0.09330115657411579,0.08854917501657592,0.035491506242899186,0.10386113306295468,0.1010704211264948,0.02800191229273949,0.11253727725368277,0.10995198459771327,-0.03445213737789929,0.01923612067956698,0.021402809581137355,0.030847106903477015,0.08453536496094329,0.05368825805746627,0.0,0.010559976488838885,0.13269730637429947,0.16318962858412098,0.15875440912115332,0.09544391878243129,0.16870164637425714,0.16583037178220666,0.13269730637429947,0.16318962858412098,0.15875440912115332,0.08246165364844556,0.1723248556006898,0.16946664606980208,3499.572376857225,16.288858202373635,0.3792533563914443,0.00018717956575079126,0.0,32.0,493.42069907776386,0.009135227016568825,0.010712236948648757,-0.05023565272585391,0.059370879742422736,True,0.26384506219499937,0.07218684298255143,0.28095740712138745,0.19515963962633517,0.12846437828506588,0.20040482562604559,-0.16842012986770466
TwitterAbsoluteSigma,"repeat=2,fold=1",2,1,2,2,dKDB-current,0.001,validation-selected,adagrad,140707,77,2,56282,14071,70354,1.0,0,7bfd0b07790e8a5e81783de200e5551196db633d7704da127f03b8c7d7de80f3,253562,8783,4.5052059272946945,20,,20,0.6931471805599453,0.6931471805599454,0.6931471805599453,0.1032478435391051,0.10987579131259738,0.10656963732392079,0.07020197059984108,0.08984287864454614,0.0850649045431248,0.07520145321106643,0.09063518552467564,0.08584964873353024,0.07020197059984108,0.08984287864454614,0.0850649045431248,0.0,0.0,0.0,0.019640908044705058,0.019640908044705058,0.0,0.02003291266805124,0.0007923068801295036,0.16148775759726824,0.16918174108768422,0.16525399470989138,0.1451508536004482,0.16181158767824355,0.1569172757445321,0.14060850182731663,0.16156399531713808,0.1567878156168697,0.14060850182731663,0.16156399531713808,0.1567878156168697,659.1494987285663,4.027729769674337,0.2174812958613334,0.00018717956575079126,0.0,32.0,493.42069907776386,0.0,0.0,0.0,0.0,False,0.26384506219499937,0.07218684298255143,0.28095740712138745,0.19515963962633517,0.12846437828506588,0.20040482562604559,-0.1911145284768413
TwitterAbsoluteSigma,"repeat=2,fold=1",2,1,2,2,dKDB-generative-init,0.01,fixed-0.01,adagrad,140707,77,2,56282,14071,70354,1.0,0,7bfd0b07790e8a5e81783de200e5551196db633d7704da127f03b8c7d7de80f3,253562,8783,4.5052059272946945,5,6.0,20,0.07218684298255143,0.28095740712138745,0.26384506219499937,0.054300638981883365,0.276707560041346,0.2584555469593208,0.0321472009153546,0.26981065483233274,0.25255210812295936,0.024163682226531723,0.2716935489851668,0.2551736155325608,0.01764388549011135,0.27759755493850913,0.2616293098027745,-0.01450331542524325,0.0077869001061763865,0.009077201679815128,0.23766345391697813,0.25995366944839776,0.022290215531419633,0.00689690520901326,0.001882894152834047,0.11158073306504612,0.19594721198574117,0.19018303903465827,0.07778467355995769,0.19795832885621908,0.1936860197247308,0.08987330921161375,0.19781278788310147,0.19289365151601237,0.06492094240719229,0.19808568859035314,0.19418620552639876,253605.96602531013,503.9577611267802,1.5047362276298126,0.00018717956575079126,1014.0,32.0,493.42069907776386,0.0002729007072516665,0.0012925540103863875,-0.024952366804421464,0.02522526751167313,True,0.26384506219499937,0.07218684298255143,0.28095740712138745,0.19515963962633517,0.12846437828506588,0.20040482562604559,-0.00335985218287832
TwitterAbsoluteSigma,"repeat=2,fold=1",2,1,2,2,dKDB-generative-init,0.003,validation-selected,adagrad,140707,77,2,56282,14071,70354,1.0,0,7bfd0b07790e8a5e81783de200e5551196db633d7704da127f03b8c7d7de80f3,253562,8783,4.5052059272946945,20,,20,0.07218684298255143,0.28095740712138745,0.26384506219499937,0.06544580882877081,0.27809427010879534,0.26022636877136446,0.038226696825861974,0.2651561549982966,0.248415257333979,0.045824272257005146,0.2675214668556419,0.2504259841371039,0.038226696825861974,0.2651561549982966,0.248415257333979,0.0,0.0,0.0,0.22692945817243462,0.22692945817243462,0.0,0.012938115110498749,0.002365311857345287,0.12179215669922962,0.19766232496930355,0.1918783019148298,0.10645980192783985,0.1974361418095834,0.19226971226139286,0.09862796919730384,0.19769638432512623,0.19282533548400863,0.09862796919730384,0.19769638432512623,0.19282533548400863,253575.65368783413,503.61830606462183,1.1447678836964292,0.00018717956575079126,1014.0,32.0,493.42069907776386,0.0,0.0,0.0,0.0,False,0.26384506219499937,0.07218684298255143,0.28095740712138745,0.19515963962633517,0.12846437828506588,0.20040482562604559,-0.01580125212309086
TwitterAbsoluteSigma,"repeat=2,fold=1",2,1,3,3,dKDB-current,0.01,fixed-0.01,adagrad,140707,77,2,56282,14071,70354,1.0,0,51abbbab990528b629ade8d4075844c60ce7ea1912b47ed073beb82183c12216,1221540,40463,21.703919547990477,1,2.0,20,0.6931471805599453,0.6931471805599454,0.6931471805599453,0.054164725368671916,0.0932333093310718,0.08843042201245194,0.054164725368671916,0.0932333093310718,0.08843042201245194,0.022750554608370173,0.10517858912597765,0.10161552780276797,0.01570714739044285,0.11409138818765485,0.11041340660979349,-0.03845757797822907,0.020858078856583057,0.02198298459734155,0.03906858396239988,0.098384240797212,0.059315656834812124,0.0,0.011945279794905853,0.12333360123403544,0.16325385311060994,0.1588771282482778,0.07106506318170158,0.16892412308317753,0.16603914976100478,0.12333360123403544,0.16325385311060994,0.1588771282482778,0.055157776754078444,0.17210822490027636,0.16926213224446737,8654.955294903632,23.540312849954194,0.48896629924006746,0.002438872211735162,0.0,5.0,107.1031312557151,0.008854371789666415,0.010385003996189579,-0.068175824479957,0.07703019626962342,True,0.35817693863326616,0.028749989361081994,0.37275914252437403,0.19216146916223503,0.07607021559140736,0.19536668006962032,-0.2586677543367192
TwitterAbsoluteSigma,"repeat=2,fold=1",2,1,3,3,dKDB-current,0.001,validation-selected,adagrad,140707,77,2,56282,14071,70354,1.0,0,51abbbab990528b629ade8d4075844c60ce7ea1912b47ed073beb82183c12216,1221540,40463,21.703919547990477,20,,20,0.6931471805599453,0.6931471805599454,0.6931471805599453,0.10635280637657366,0.11411287270037575,0.11144575306153402,0.06446135651227755,0.08960935100159104,0.08513570060233996,0.07109471934343817,0.0905590825557385,0.08620097576431306,0.06446135651227755,0.08960935100159104,0.08513570060233996,0.0,0.0,0.0,0.025147994489313485,0.025147994489313485,0.0,0.02450352169878471,0.0009497315541474594,0.16276962515894317,0.17176191328813,0.16851146495386993,0.13992680586493164,0.16155749570741834,0.15714455402552024,0.1335591606350277,0.16128324836429966,0.15694444863005427,0.1335591606350277,0.16128324836429966,0.15694444863005427,1455.4626708202145,4.862374827703029,0.21668881096565362,0.002438872211735162,0.0,5.0,107.1031312557151,0.0,0.0,0.0,0.0,False,0.35817693863326616,0.028749989361081994,0.37275914252437403,0.19216146916223503,0.07607021559140736,0.19536668006962032,-0.28314979152278297
TwitterAbsoluteSigma,"repeat=2,fold=1",2,1,3,3,dKDB-generative-init,0.01,fixed-0.01,adagrad,140707,77,2,56282,14071,70354,1.0,0,51abbbab990528b629ade8d4075844c60ce7ea1912b47ed073beb82183c12216,1221540,40463,21.703919547990477,0,1.0,20,0.028749989361081994,0.37275914252437403,0.35817693863326616,0.022185454593380026,0.3761461885456325,0.3613496567925191,0.028749989361081994,0.37275914252437403,0.35817693863326616,0.008084246607661423,0.38134635213549295,0.364524715256224,0.005249886996468197,0.3905027584277777,0.3719749789145526,-0.0235001023646138,0.017743615903403676,0.01379804028128645,0.34400915316329206,0.3852528714313095,0.041243718268017426,0.003387046021258444,0.008587209611118918,0.0675562924773289,0.1956103494265477,0.19227167767723802,0.039678617278230736,0.19909742517580936,0.19498683873875786,0.07607021559140736,0.19536668006962032,0.19216146916223503,0.030174917640488342,0.19989241769818966,0.1952358971633206,1221681.583472464,1105.5591686498242,1.5814569350280863,0.002438872211735162,13212.0,5.0,107.1031312557151,0.004525737628569337,0.0030744280010855662,-0.045895297950919026,0.05042103557948835,True,0.35817693863326616,0.028749989361081994,0.37275914252437403,0.19216146916223503,0.07607021559140736,0.19536668006962032,0.017743615903403676
TwitterAbsoluteSigma,"repeat=2,fold=1",2,1,3,3,dKDB-generative-init,0.001,validation-selected,adagrad,140707,77,2,56282,14071,70354,1.0,0,51abbbab990528b629ade8d4075844c60ce7ea1912b47ed073beb82183c12216,1221540,40463,21.703919547990477,20,,20,0.028749989361081994,0.37275914252437403,0.35817693863326616,0.02805918790655043,0.37310970340530697,0.3584674610774322,0.022230184801199423,0.3697515877859937,0.3553662606739017,0.024254005368343518,0.3707240150505045,0.3562865540024052,0.022230184801199423,0.3697515877859937,0.3553662606739017,0.0,0.0,0.0,0.3475214029847943,0.3475214029847943,0.0,0.003358115619313262,0.0009724272645108001,0.07518006762886895,0.1952925831068788,0.192065028634236,0.0710567268192358,0.19593684947795625,0.19275128261406224,0.06862018783677742,0.19631094786369982,0.19310764580803588,0.06862018783677742,0.19631094786369982,0.19310764580803588,1221554.3639810814,1105.2488922441,1.0517535381473828,0.002438872211735162,13212.0,5.0,107.1031312557151,0.0,0.0,0.0,0.0,False,0.35817693863326616,0.028749989361081994,0.37275914252437403,0.19216146916223503,0.07607021559140736,0.19536668006962032,-0.0030075547383803247
TwitterAbsoluteSigma,"repeat=2,fold=1",2,1,4,4,dKDB-current,0.01,fixed-0.01,adagrad,140707,77,2,56282,14071,70354,1.0,0,9449a680fa3040d745b79efda0c4894fd73b1916bfb052fbb6238888f0b55658,3257088,109066,57.870864574819656,1,2.0,20,0.6931471805599453,0.6931471805599454,0.6931471805599453,0.04610465300593224,0.09275694102207745,0.08820978891234298,0.04610465300593224,0.09275694102207745,0.08820978891234298,0.014489576951131232,0.1046488500148985,0.10052859159868897,0.008949023741129901,0.11324739373567451,0.10848458418667685,-0.03715562926480234,0.020490452713597063,0.020274795274333873,0.0466522880161452,0.10429836999454462,0.05764608197839941,0.0,0.011891908992821054,0.1126926663281069,0.16308905877210014,0.15890910750037476,0.05105629616867119,0.16897988714949846,0.16517980286576495,0.1126926663281069,0.16308905877210014,0.15890910750037476,0.03565822317599343,0.17184408938894777,0.16778272701978827,14919.594382550758,28.237676655666604,0.4429217055939393,0.010312781853845618,0.0,2.0,39.73478444244769,0.008755030616847626,0.008873619519413511,-0.07703444315211347,0.0857894737689611,True,0.481281557372582,0.015089256256478712,0.49006411789872073,0.19189409460002718,0.04910973723750355,0.19420014180612455,-0.37681672416304623
TwitterAbsoluteSigma,"repeat=2,fold=1",2,1,4,4,dKDB-current,0.003,validation-selected,adagrad,140707,77,2,56282,14071,70354,1.0,0,9449a680fa3040d745b79efda0c4894fd73b1916bfb052fbb6238888f0b55658,3257088,109066,57.870864574819656,4,5.0,20,0.6931471805599453,0.6931471805599454,0.6931471805599453,0.07168066315525626,0.0920593936935343,0.08785936385356659,0.054428703687745626,0.08983630624488236,0.08539103145801581,0.041769690693502094,0.09051222744087427,0.08630803552374838,0.03195712860459606,0.09224282996599209,0.08826773574647324,-0.022471575083149564,0.002406523721109735,0.0028767042884574323,0.03540760255713673,0.06028570136139603,0.0248780988042593,0.0022230874486519475,0.0006759211959919131,0.13954919997325174,0.16253861065266997,0.1582058456571257,0.10356304906887422,0.16213240289468558,0.15829346714269169,0.1209525814911096,0.16166432505092557,0.15745875196466239,0.08759918335327552,0.16322776802908256,0.1596404379463643,6162.197980518172,11.518737816643602,0.24313013103234357,0.010312781853845618,0.0,2.0,39.73478444244769,0.001563442978156998,0.002181685981701903,-0.033353398137834084,0.03491684111599108,True,0.481281557372582,0.015089256256478712,0.49006411789872073,0.19189409460002718,0.04910973723750355,0.19420014180612455,-0.39782128793272864
TwitterAbsoluteSigma,"repeat=2,fold=1",2,1,4,4,dKDB-generative-init,0.01,fixed-0.01,adagrad,140707,77,2,56282,14071,70354,1.0,0,9449a680fa3040d745b79efda0c4894fd73b1916bfb052fbb6238888f0b55658,3257088,109066,57.870864574819656,3,4.0,20,0.015089256256478712,0.49006411789872073,0.481281557372582,0.011888161816673445,0.48950786483239384,0.48159224125179234,0.008264666332285387,0.4878780189549294,0.48052955888940674,0.004488327007873741,0.4919470096963103,0.48425160187732086,0.0029367822746356295,0.49837351345076963,0.4897498051246961,-0.005327884057649758,0.010495494495840252,0.009220246235289387,0.479613352622644,0.495436731176134,0.01582337855349003,0.001629845877464453,0.004068990741380896,0.04428558257744499,0.19470654812624621,0.1924917251320788,0.026078503423332556,0.1968632550002954,0.1939488743324342,0.037427372129747734,0.19569808202914493,0.193254691284204,0.019628826168334827,0.19732180621173773,0.19414512580581178,3257282.557458356,1804.9411531069356,1.5338719937753793,0.010312781853845618,55867.0,2.0,39.73478444244769,0.001623724182592795,0.0008904345216077802,-0.017798545961412907,0.019422270144005688,True,0.481281557372582,0.015089256256478712,0.49006411789872073,0.19189409460002718,0.04910973723750355,0.19420014180612455,0.008309395552048904
TwitterAbsoluteSigma,"repeat=2,fold=1",2,1,4,4,dKDB-generative-init,0.003,validation-selected,adagrad,140707,77,2,56282,14071,70354,1.0,0,9449a680fa3040d745b79efda0c4894fd73b1916bfb052fbb6238888f0b55658,3257088,109066,57.870864574819656,16,17.0,20,0.015089256256478712,0.49006411789872073,0.481281557372582,0.014071628678852026,0.4898496930707252,0.4813155471771213,0.008636211181490074,0.48636682291521993,0.4788591874003441,0.009880979858097678,0.4865789842041386,0.4789319609366739,0.008019097145819252,0.4864303603366966,0.4789660590288502,-0.0006171140356708224,6.353742147668928e-05,0.00010687162850608889,0.4777306117337299,0.47841126319087734,0.0006806514571474631,0.0034828701555052466,0.00021216128891865527,0.047653181112787886,0.19432807649488784,0.1920559814461739,0.0411801145699348,0.19545527444531371,0.1929586483978635,0.03867001438815886,0.19581282460159619,0.1932143213016447,0.03727245568856407,0.19599461205421792,0.193338599427612,3257147.039055977,1804.7849103090725,1.1585922364911796,0.010312781853845618,55867.0,2.0,39.73478444244769,0.00018178745262173446,0.0001242781259672976,-0.001397558699594792,0.0015793461522165264,True,0.481281557372582,0.015089256256478712,0.49006411789872073,0.19189409460002718,0.04910973723750355,0.19420014180612455,-0.003633757562024109
TwitterAbsoluteSigma,"repeat=2,fold=1",2,1,5,5,dKDB-current,0.01,fixed-0.01,adagrad,140707,77,2,56282,14071,70354,1.0,0,c184bfc5cbfd036a0698a122d0902e403a3b6162b5f152f270dfe7bc6f504392,6956984,238692,123.60939554386837,1,2.0,20,0.6931471805599453,0.6931471805599454,0.6931471805599453,0.03681454148991319,0.09268952590809038,0.0874268594797842,0.03681454148991319,0.09268952590809038,0.0874268594797842,0.008411530052828069,0.10365045049376893,0.09800069931014468,0.004745887847499985,0.11103020527746114,0.10466406317099523,-0.03206865364241321,0.01834067936937077,0.01723720369121104,0.05587498441817718,0.10628431742996115,0.05040933301178397,0.0,0.010960924585678558,0.09891125491394331,0.1626525227315419,0.1585392601470882,0.03361340080526116,0.16718891843743183,0.16396484826758528,0.09891125491394331,0.1626525227315419,0.1585392601470882,0.021677162463135946,0.16931288749411014,0.16613882275005593,23051.820213039464,31.293966163123258,0.3952669100697701,0.02959043117385216,0.0,1.0,18.156092370083623,0.006660364762568233,0.0075995626029677354,-0.07723409245080737,0.0838944572133756,True,0.6216135176142538,0.006652008552395862,0.6560710186189276,0.19194180254125223,0.03018520199518473,0.19656395223679696,-0.5450408133414665
TwitterAbsoluteSigma,"repeat=2,fold=1",2,1,5,5,dKDB-current,0.003,validation-selected,adagrad,140707,77,2,56282,14071,70354,1.0,0,c184bfc5cbfd036a0698a122d0902e403a3b6162b5f152f270dfe7bc6f504392,6956984,238692,123.60939554386837,5,6.0,20,0.6931471805599453,0.6931471805599454,0.6931471805599453,0.06936816836468376,0.09464803197422815,0.09080174262233941,0.0434412037772641,0.09034330278527004,0.0857883321724665,0.0326502506134964,0.09078532040281123,0.0861341804012679,0.02281798232759445,0.09242306695170077,0.08769096825515499,-0.02062322144966965,0.002079764166430728,0.0019026360826884942,0.046902099008005946,0.06960508462410632,0.022702985616100374,0.004304729188958106,0.00044201761754118774,0.134631354761356,0.1641198711100478,0.16016597791734533,0.0870259751318098,0.1619702941038995,0.15829020036102365,0.1038933518022672,0.1618651099614662,0.15792400344625135,0.06878182187342885,0.1627128799327121,0.1593177089952658,10042.446978086316,13.704876554421004,0.26335515629910333,0.02959043117385216,0.0,1.0,18.156092370083623,0.0008477699712459152,0.00139370554901444,-0.035111529928838356,0.03595929990008427,True,0.6216135176142538,0.006652008552395862,0.6560710186189276,0.19194180254125223,0.03018520199518473,0.19656395223679696,-0.5636479516672268
TwitterAbsoluteSigma,"repeat=2,fold=1",2,1,5,5,dKDB-generative-init,0.01,fixed-0.01,adagrad,140707,77,2,56282,14071,70354,1.0,0,c184bfc5cbfd036a0698a122d0902e403a3b6162b5f152f270dfe7bc6f504392,6956984,238692,123.60939554386837,5,6.0,20,0.006652008552395862,0.6560710186189276,0.6216135176142538,0.0056288371477675545,0.6535183217468539,0.6189545627934333,0.003935799955946221,0.652059458550602,0.6174316415551072,0.003090038278189326,0.6523682249971333,0.6175037365773135,0.0022811675634488633,0.653600347535779,0.6183043420261327,-0.0016546323924973576,0.0015408889851770136,0.0008727004710255004,0.6481236585946558,0.6513191799723301,0.003195521377674315,0.0014588631962518805,0.0003087664465313278,0.026852861976679937,0.19669251910354696,0.1923185847782946,0.019156161449778056,0.19720641306383604,0.1929924858149749,0.022013020640001137,0.19701473772824343,0.1927652837596245,0.015839262284721156,0.19739131509583002,0.19320931699374055,6957092.516763173,2637.6739082138592,1.4787796675933793,0.02959043117385216,160299.0,1.0,18.156092370083623,0.0003765773675865891,0.00044403323411604245,-0.0061737583552799805,0.006550335722866563,True,0.6216135176142538,0.006652008552395862,0.6560710186189276,0.19194180254125223,0.03018520199518473,0.19656395223679696,-0.002470671083148579
TwitterAbsoluteSigma,"repeat=2,fold=1",2,1,5,5,dKDB-generative-init,0.03,validation-selected,adagrad,140707,77,2,56282,14071,70354,1.0,0,c184bfc5cbfd036a0698a122d0902e403a3b6162b5f152f270dfe7bc6f504392,6956984,238692,123.60939554386837,1,2.0,20,0.006652008552395862,0.6560710186189276,0.6216135176142538,0.004199462389865652,0.6500039645557633,0.6154372345172541,0.004199462389865652,0.6500039645557633,0.6154372345172541,0.0012801505827971264,0.6566296633699268,0.6200034321650421,0.0007097019146174112,0.6606261829507549,0.6223302424065821,-0.0034897604752482407,0.010622218394991667,0.006893007889328007,0.6458045021658976,0.6599164810361375,0.01411197887023996,0.0,0.006625698814163528,0.02200601935120438,0.1969694114839769,0.19306404434730617,0.010842784443447218,0.1976122229082544,0.1937047008224005,0.02200601935120438,0.1969694114839769,0.19306404434730617,0.009538054170157946,0.19783702033250913,0.19387304214930987,6957251.781179749,2637.8126373379705,2.6066525230069595,0.02959043117385216,160299.0,1.0,18.156092370083623,0.0008676088485322364,0.0008089978020036914,-0.012467965181046434,0.01333557402957869,True,0.6216135176142538,0.006652008552395862,0.6560710186189276,0.19194180254125223,0.03018520199518473,0.19656395223679696,0.004555164331827344
TwitterAbsoluteSigma,"repeat=2,fold=2",2,2,0,0,dKDB-current,0.01,fixed-0.01,adagrad,140707,77,2,56283,14071,70353,1.0,0,be8a706b49c775983c4e5c88fb0a2b44796e37947b3254f9790eacb3a7a34a90,2130,77,0.03784446458077927,2,3.0,20,0.6931471805599453,0.6931471805599454,0.6931471805599453,0.07889715967169662,0.09491856022509043,0.09122614243065703,0.07705698305648784,0.0945152180338387,0.09071425472484833,0.07432264705231348,0.09553134176579724,0.09138084720881885,0.07360275289130201,0.09644500664053161,0.09208836673381673,-0.003454230165185826,0.0019297886066929199,0.0013741120089684061,0.017458234977350856,0.022842253749229602,0.005384018771878746,0.00040334219125173765,0.001016123731958543,0.15089980783543588,0.1641280200890776,0.16100793087453447,0.14690790583424365,0.16430398456684314,0.16115993520559163,0.14928553917102963,0.16379441456694957,0.16066130649791716,0.14629298192824683,0.16479830295851813,0.16163258675568157,54.65461831906478,1.7950304096698517,0.2132191942832285,0.0,0.0,56283.0,56283.0,0.0010038883915685637,0.000971280257764412,-0.0029925572427828007,0.003996445634351364,True,1.813361716078904,1.7871645967759855,1.8489795351814706,0.25367648917107233,0.25293701267863705,0.2534756499481862,-1.752534528540939
TwitterAbsoluteSigma,"repeat=2,fold=2",2,2,0,0,dKDB-current,0.001,validation-selected,adagrad,140707,77,2,56283,14071,70353,1.0,0,be8a706b49c775983c4e5c88fb0a2b44796e37947b3254f9790eacb3a7a34a90,2130,77,0.03784446458077927,20,,20,0.6931471805599453,0.6931471805599454,0.6931471805599453,0.08584525875341495,0.09493081553885856,0.09230410671393827,0.07910590649141837,0.09233427008541463,0.08829641835237645,0.08043565400842077,0.09257306913127447,0.08872623689326269,0.07910590649141837,0.09233427008541463,0.08829641835237645,0.0,0.0,0.0,0.013228363593996262,0.013228363593996262,0.0,0.002596545453443927,0.00023879904585984157,0.1580778996325663,0.16568689689360463,0.16315565406288504,0.15286428400786314,0.16325872139916878,0.15966326744944725,0.15161281253231232,0.16290742426092739,0.15922020798816172,0.15161281253231232,0.16290742426092739,0.15922020798816172,21.064471560564144,0.633248651109859,0.07411619853126823,0.0,0.0,56283.0,56283.0,0.0,0.0,0.0,0.0,False,1.813361716078904,1.7871645967759855,1.8489795351814706,0.25367648917107233,0.25293701267863705,0.2534756499481862,-1.756645265096056
TwitterAbsoluteSigma,"repeat=2,fold=2",2,2,0,0,dKDB-generative-init,0.01,fixed-0.01,adagrad,140707,77,2,56283,14071,70353,1.0,0,be8a706b49c775983c4e5c88fb0a2b44796e37947b3254f9790eacb3a7a34a90,2130,77,0.03784446458077927,20,,20,1.7871645967759855,1.8489795351814706,1.813361716078904,0.7570218443987023,0.8485871595541868,0.8128756174514665,0.15752917246575368,0.23011512463006972,0.2161245639440785,0.24590311164475814,0.3356337275635138,0.3146158651793566,0.15752917246575368,0.23011512463006972,0.2161245639440785,0.0,0.0,0.0,0.07258595216431604,0.07258595216431604,0.0,0.6184720349241171,0.10551860293344406,0.1903423482392919,0.1957590092992989,0.19360849390104082,0.17704327748930349,0.19390494265866906,0.18971874027826902,0.16516971391208737,0.1861822315336802,0.18274672485991067,0.16516971391208737,0.1861822315336802,0.18274672485991067,2130.0409617477467,47.935634790222416,1.7171754131704553,0.0,0.0,56283.0,56283.0,0.0,0.0,0.0,0.0,False,1.813361716078904,1.7871645967759855,1.8489795351814706,0.25367648917107233,0.25293701267863705,0.2534756499481862,-1.618864410551401
TwitterAbsoluteSigma,"repeat=2,fold=2",2,2,0,0,dKDB-generative-init,0.03,validation-selected,adagrad,140707,77,2,56283,14071,70353,1.0,0,be8a706b49c775983c4e5c88fb0a2b44796e37947b3254f9790eacb3a7a34a90,2130,77,0.03784446458077927,20,,20,1.7871645967759855,1.8489795351814706,1.813361716078904,0.3087863833562652,0.4035303756323968,0.3824992979206183,0.0751802193437617,0.11498210016019374,0.10566383063993247,0.08511008071230432,0.1280717328460705,0.12115635408990302,0.0751802193437617,0.11498210016019374,0.10566383063993247,0.0,0.0,0.0,0.03980188081643203,0.03980188081643203,0.0,0.2885482754722031,0.013089632685876776,0.18274260116773952,0.19704276529314696,0.19292346828200568,0.14892352468900527,0.17175306839577126,0.1688237330330211,0.14633762114563179,0.16908545476841091,0.16567435112560894,0.14633762114563179,0.16908545476841091,0.16567435112560894,2130.4978736696626,48.95577663080055,1.9179648768593751,0.0,0.0,56283.0,56283.0,0.0,0.0,0.0,0.0,False,1.813361716078904,1.7871645967759855,1.8489795351814706,0.25367648917107233,0.25293701267863705,0.2534756499481862,-1.7339974350212768
TwitterAbsoluteSigma,"repeat=2,fold=2",2,2,1,1,dKDB-current,0.01,fixed-0.01,adagrad,140707,77,2,56283,14071,70353,1.0,0,63653534513220eb162aa1769ced50b45b4da6f3382a4428c0397f77484bda5c,31212,1119,0.554554661265391,1,2.0,20,0.6931471805599453,0.6931471805599454,0.6931471805599453,0.06944859296026287,0.09307838062749857,0.0908561804623603,0.06944859296026287,0.09307838062749857,0.0908561804623603,0.053936194250404405,0.10023025371492002,0.09894184786078161,0.04939158234343444,0.10596238753114665,0.10513753006060537,-0.020057010616828436,0.012884006903648076,0.014281349598245077,0.023629787667235697,0.05657080518771221,0.03294101752047651,0.0,0.007151873087421448,0.1412417445520005,0.16171663230907216,0.16013852154095248,0.1239052424384078,0.16477968791341488,0.16507140242466076,0.1412417445520005,0.16171663230907216,0.16013852154095248,0.11835948938629443,0.16736065708742454,0.16825311032474577,837.3190368499572,8.583876410427088,0.35895941440700707,0.0,0.0,1638.0,3872.9142091152817,0.00564402477835238,0.008114588783793286,-0.022882255165706078,0.028526279944058458,True,0.24953867934216686,0.16113716341657963,0.2496036253455872,0.21213968363117305,0.1872839405251954,0.21231971133605945,-0.14364123781444055
TwitterAbsoluteSigma,"repeat=2,fold=2",2,2,1,1,dKDB-current,0.001,validation-selected,adagrad,140707,77,2,56283,14071,70353,1.0,0,63653534513220eb162aa1769ced50b45b4da6f3382a4428c0397f77484bda5c,31212,1119,0.554554661265391,20,,20,0.6931471805599453,0.6931471805599454,0.6931471805599453,0.09586988498172339,0.10329110476274593,0.101618080826051,0.07415932095593909,0.09046482715116673,0.08771056374088744,0.07728413866515461,0.09091274836425102,0.08834483720599028,0.07415932095593909,0.09046482715116673,0.08771056374088744,0.0,0.0,0.0,0.016305506195227637,0.016305506195227637,0.0,0.012826277611579201,0.0004479212130842902,0.15822181550739453,0.16558057122852005,0.16407147390712878,0.14906759760847707,0.1612953512731166,0.15915188761787338,0.146331000661381,0.16091857972367987,0.15872764791759264,0.146331000661381,0.16091857972367987,0.15872764791759264,222.50509324446304,3.149926334499475,0.22379909300342946,0.0,0.0,1638.0,3872.9142091152817,0.0,0.0,0.0,0.0,False,0.24953867934216686,0.16113716341657963,0.2496036253455872,0.21213968363117305,0.1872839405251954,0.21231971133605945,-0.15913879819442045
TwitterAbsoluteSigma,"repeat=2,fold=2",2,2,1,1,dKDB-generative-init,0.01,fixed-0.01,adagrad,140707,77,2,56283,14071,70353,1.0,0,63653534513220eb162aa1769ced50b45b4da6f3382a4428c0397f77484bda5c,31212,1119,0.554554661265391,19,,20,0.16113716341657963,0.2496036253455872,0.24953867934216686,0.10685215086626625,0.20091244960392693,0.20556857410455392,0.05462618041989195,0.1681602143124958,0.17901315720157238,0.06330767126317395,0.1699301436173016,0.18020722645706605,0.05401872246650347,0.16817317279357497,0.1790590505634294,-0.000607457953388478,1.2958481079156092e-05,4.589336185703563e-05,0.11353403389260386,0.1141544503270715,0.000620416434467641,0.03275223529143112,0.0017699293048057951,0.15307191477338736,0.1862931474639436,0.18880624136180008,0.1294395800742554,0.1835777407821059,0.18811160082640227,0.12175864647286624,0.18371859458078338,0.18826754501609785,0.12116823030881291,0.1837479135793735,0.1883002822979747,31216.24266812804,176.99562219571825,1.3910893875245804,0.0,0.0,1638.0,3872.9142091152817,2.9318998590127654e-05,3.273728187686009e-05,-0.0005904161640533367,0.0006197351626434644,True,0.24953867934216686,0.16113716341657963,0.2496036253455872,0.21213968363117305,0.1872839405251954,0.21231971133605945,-0.08143045255201223
TwitterAbsoluteSigma,"repeat=2,fold=2",2,2,1,1,dKDB-generative-init,0.01,validation-selected,adagrad,140707,77,2,56283,14071,70353,1.0,0,63653534513220eb162aa1769ced50b45b4da6f3382a4428c0397f77484bda5c,31212,1119,0.554554661265391,19,,20,0.16113716341657963,0.2496036253455872,0.24953867934216686,0.10685215086626625,0.20091244960392693,0.20556857410455392,0.05462618041989195,0.1681602143124958,0.17901315720157238,0.06330767126317395,0.1699301436173016,0.18020722645706605,0.05401872246650347,0.16817317279357497,0.1790590505634294,-0.000607457953388478,1.2958481079156092e-05,4.589336185703563e-05,0.11353403389260386,0.1141544503270715,0.000620416434467641,0.03275223529143112,0.0017699293048057951,0.15307191477338736,0.1862931474639436,0.18880624136180008,0.1294395800742554,0.1835777407821059,0.18811160082640227,0.12175864647286624,0.18371859458078338,0.18826754501609785,0.12116823030881291,0.1837479135793735,0.1883002822979747,31216.24266812804,176.99562219571825,1.3910893875245804,0.0,0.0,1638.0,3872.9142091152817,2.9318998590127654e-05,3.273728187686009e-05,-0.0005904161640533367,0.0006197351626434644,True,0.24953867934216686,0.16113716341657963,0.2496036253455872,0.21213968363117305,0.1872839405251954,0.21231971133605945,-0.08143045255201223
TwitterAbsoluteSigma,"repeat=2,fold=2",2,2,2,2,dKDB-current,0.01,fixed-0.01,adagrad,140707,77,2,56283,14071,70353,1.0,0,27a4728a648a2c81465a72a717aea6ac20655b458590d5f4f4e788c3481e4a8c,279006,9568,4.957198443579767,1,2.0,20,0.6931471805599453,0.6931471805599454,0.6931471805599453,0.059401387076643,0.09394208651361656,0.09147583544687062,0.059401387076643,0.09394208651361656,0.09147583544687062,0.033374024220430606,0.10736832258030575,0.10395352937565681,0.026220895033517776,0.11701324059437554,0.11298278486542974,-0.03318049204312522,0.02307115408075898,0.02150694941855913,0.03454069943697356,0.09079234556085776,0.0562516461238842,0.0,0.01342623606668919,0.1300484236898352,0.1616774027147495,0.1604722988329218,0.0925840882054059,0.16642629189179897,0.16647919603469677,0.1300484236898352,0.1616774027147495,0.1604722988329218,0.07971958503921557,0.16966058823208202,0.1698360826250439,3742.088275505583,16.56403388241077,0.5725150717847673,0.00020638040338692763,0.0,30.0,452.94638377926424,0.007983185517332514,0.009363783792122105,-0.05032883865061964,0.058312024167952156,True,0.28131916398687007,0.06378931555827505,0.28558484730541084,0.19738340998016726,0.12182025196093288,0.19358076238448063,-0.1685716067110353
TwitterAbsoluteSigma,"repeat=2,fold=2",2,2,2,2,dKDB-current,0.001,validation-selected,adagrad,140707,77,2,56283,14071,70353,1.0,0,27a4728a648a2c81465a72a717aea6ac20655b458590d5f4f4e788c3481e4a8c,279006,9568,4.957198443579767,19,,20,0.6931471805599453,0.6931471805599454,0.6931471805599453,0.09980041040152643,0.1082037684299197,0.10672118830229393,0.06776522055269289,0.09023082029884698,0.0875820757642424,0.07237406497354731,0.09058666778191772,0.08820494505706573,0.06738853864579739,0.09023258950842887,0.08756378953390498,-0.00037668190689550685,1.769209581892195e-06,-1.828623033742205e-05,0.022465599746154086,0.022844050862631485,0.00037845111647739904,0.017972948131072725,0.00035584748307074254,0.1589881932963345,0.16774072425821268,0.16651617336346178,0.14329119331273119,0.16089547149644756,0.1590481070779262,0.13897334374013517,0.16068523365339907,0.15873653567638019,0.1385877965170352,0.16067690979818788,0.15872352052140573,678.6883654475523,4.053189226430412,0.23789088231815567,0.00020638040338692763,0.0,30.0,452.94638377926424,-8.323855211184172e-06,-1.3015154974455045e-05,-0.00038554722309996903,0.00037722336788878486,False,0.28131916398687007,0.06378931555827505,0.28558484730541084,0.19738340998016726,0.12182025196093288,0.19358076238448063,-0.19535225779698195
TwitterAbsoluteSigma,"repeat=2,fold=2",2,2,2,2,dKDB-generative-init,0.01,fixed-0.01,adagrad,140707,77,2,56283,14071,70353,1.0,0,27a4728a648a2c81465a72a717aea6ac20655b458590d5f4f4e788c3481e4a8c,279006,9568,4.957198443579767,4,5.0,20,0.06378931555827505,0.28558484730541084,0.28131916398687007,0.04801773604942111,0.28408623124691196,0.2788673667581206,0.03100602960578611,0.2795732150121582,0.27328545280025784,0.021503969983348265,0.2841113362933812,0.27644807022676116,0.015952306506230217,0.2923337770068947,0.2831765865783311,-0.015053723099555893,0.012760561994736519,0.009891133778073269,0.2485671854063721,0.27638147050066453,0.02781428509429243,0.004513016234753753,0.004538121281222995,0.10527211226531685,0.188252910435197,0.1929466889327074,0.07467092171397584,0.1927351660480624,0.19651095751849249,0.0891206664692668,0.19125324401355684,0.19536246100503124,0.06303829142402632,0.19363450205977728,0.19698951764187603,279059.12941639236,528.631746659949,1.525076899627436,0.00020638040338692763,1118.0,30.0,452.94638377926424,0.0023812580462204413,0.001627056636844787,-0.02608237504524047,0.028463633091460896,True,0.28131916398687007,0.06378931555827505,0.28558484730541084,0.19738340998016726,0.12182025196093288,0.19358076238448063,0.006748929701483886
TwitterAbsoluteSigma,"repeat=2,fold=2",2,2,2,2,dKDB-generative-init,0.003,validation-selected,adagrad,140707,77,2,56283,14071,70353,1.0,0,27a4728a648a2c81465a72a717aea6ac20655b458590d5f4f4e788c3481e4a8c,279006,9568,4.957198443579767,20,,20,0.06378931555827505,0.28558484730541084,0.28131916398687007,0.05773178690312943,0.2835799335611241,0.27938105901121235,0.0340476059464254,0.273529025534782,0.2689860076726975,0.040814237622925895,0.27502607917182714,0.2707557885941451,0.0340476059464254,0.273529025534782,0.2689860076726975,0.0,0.0,0.0,0.2394814195883566,0.2394814195883566,0.0,0.01005090802634212,0.0014970536370451648,0.11498568353352709,0.19009249966308317,0.1943970438451116,0.10104380733458743,0.19088075008085686,0.19518833581845008,0.09383793891216767,0.1916759936126774,0.19579509146019397,0.09383793891216767,0.1916759936126774,0.19579509146019397,279022.14594964957,528.2811740585176,1.1406830888783024,0.00020638040338692763,1118.0,30.0,452.94638377926424,0.0,0.0,0.0,0.0,False,0.28131916398687007,0.06378931555827505,0.28558484730541084,0.19738340998016726,0.12182025196093288,0.19358076238448063,-0.01205582177062886
TwitterAbsoluteSigma,"repeat=2,fold=2",2,2,3,3,dKDB-current,0.01,fixed-0.01,adagrad,140707,77,2,56283,14071,70353,1.0,0,1c1c9e0d4fa223a512b81f9a78c536998637ce27b1da887d0e60d85b4d82c260,1482112,46658,26.33320896185349,1,2.0,20,0.6931471805599453,0.6931471805599454,0.6931471805599453,0.051859457117998976,0.09450076787298746,0.09170877729344906,0.051859457117998976,0.09450076787298746,0.09170877729344906,0.022021840274367172,0.10894686378702073,0.10518261277103985,0.015330048989811015,0.11882600795223838,0.11428965209702893,-0.03652940812818796,0.024325240079250923,0.02258087480357987,0.04264131075498848,0.10349595896242737,0.06085464820743889,0.0,0.014446095914033272,0.12071309744414722,0.16224747387332725,0.16047551925315828,0.06996317524103708,0.16734628142579305,0.16661577218544887,0.12071309744414722,0.16224747387332725,0.16047551925315828,0.05469969183943828,0.17031375247232453,0.1696023593762089,9238.50209866562,23.402588075729835,0.46709668730851317,0.0028933868002564435,0.0,4.0,92.88419992284281,0.008066278598997279,0.009126840123050622,-0.06601340560470895,0.07407968420370623,True,0.37518496162590576,0.026089250079440723,0.38338674651974125,0.1955369430284332,0.07583252808366683,0.19341545186667375,-0.26456073856750284
TwitterAbsoluteSigma,"repeat=2,fold=2",2,2,3,3,dKDB-current,0.001,validation-selected,adagrad,140707,77,2,56283,14071,70353,1.0,0,1c1c9e0d4fa223a512b81f9a78c536998637ce27b1da887d0e60d85b4d82c260,1482112,46658,26.33320896185349,20,,20,0.6931471805599453,0.6931471805599454,0.6931471805599453,0.1038493109892323,0.11356199329735935,0.11193857403704251,0.06198438768500304,0.09035394964138684,0.08762809472231188,0.0686073134725248,0.09098209761201932,0.08852744075415142,0.06198438768500304,0.09035394964138684,0.08762809472231188,0.0,0.0,0.0,0.028369561956383793,0.028369561956383793,0.0,0.02320804365597251,0.0006281479706324866,0.16110879729082622,0.17167114508474465,0.17023613023506232,0.1378931699625747,0.16122270186726154,0.15920126551675398,0.13130531603656823,0.16091736057955752,0.15877779786013058,0.13130531603656823,0.16091736057955752,0.15877779786013058,1536.343722902009,4.882639895352984,0.24105925938601014,0.0028933868002564435,0.0,4.0,92.88419992284281,0.0,0.0,0.0,0.0,False,0.37518496162590576,0.026089250079440723,0.38338674651974125,0.1955369430284332,0.07583252808366683,0.19341545186667375,-0.29303279687835443
TwitterAbsoluteSigma,"repeat=2,fold=2",2,2,3,3,dKDB-generative-init,0.01,fixed-0.01,adagrad,140707,77,2,56283,14071,70353,1.0,0,1c1c9e0d4fa223a512b81f9a78c536998637ce27b1da887d0e60d85b4d82c260,1482112,46658,26.33320896185349,0,1.0,20,0.026089250079440723,0.38338674651974125,0.37518496162590576,0.020180879425877724,0.39041138811921555,0.38115435183894225,0.026089250079440723,0.38338674651974125,0.37518496162590576,0.00690112100178301,0.3983411391020989,0.3867664044281393,0.004392900055033951,0.4078182848897875,0.39551621420768973,-0.02169635002440677,0.024431538370046246,0.020331252581783976,0.3572974964403005,0.40342538483475354,0.04612788839445303,0.007024641599474302,0.014954392582357645,0.06664301905607779,0.19289693287297158,0.19485866189449633,0.03924900585609047,0.19606285219511366,0.1976644443563058,0.07583252808366683,0.19341545186667375,0.1955369430284332,0.029829347963333773,0.19647590991314132,0.19803928506362645,1482248.527593026,1217.6885504894542,1.558273126731053,0.0028933868002564435,15674.0,4.0,92.88419992284281,0.003060458046467568,0.0025023420351932557,-0.04600318012033306,0.04906363816680062,True,0.37518496162590576,0.026089250079440723,0.38338674651974125,0.1955369430284332,0.07583252808366683,0.19341545186667375,0.024431538370046246
TwitterAbsoluteSigma,"repeat=2,fold=2",2,2,3,3,dKDB-generative-init,0.001,validation-selected,adagrad,140707,77,2,56283,14071,70353,1.0,0,1c1c9e0d4fa223a512b81f9a78c536998637ce27b1da887d0e60d85b4d82c260,1482112,46658,26.33320896185349,20,,20,0.026089250079440723,0.38338674651974125,0.37518496162590576,0.025378674862090684,0.3841499603052228,0.37580637792499516,0.020299843455563606,0.382762319471716,0.37377347203710176,0.02209132709326405,0.38308032663646885,0.3743312550088629,0.020299843455563606,0.382762319471716,0.37377347203710176,0.0,0.0,0.0,0.3624624760161524,0.3624624760161524,0.0,0.001387640833506787,0.00031800716475283153,0.07461911712675555,0.19318225728249241,0.19526074582012465,0.07074563170865465,0.19376687686867355,0.19568934902709917,0.0684176545466898,0.19411956518447038,0.19593906538850017,0.0684176545466898,0.19411956518447038,0.19593906538850017,1482125.0573212511,1217.4332201566292,1.0495546404507994,0.0028933868002564435,15674.0,4.0,92.88419992284281,0.0,0.0,0.0,0.0,False,0.37518496162590576,0.026089250079440723,0.38338674651974125,0.1955369430284332,0.07583252808366683,0.19341545186667375,-0.0006244270480252334
TwitterAbsoluteSigma,"repeat=2,fold=2",2,2,4,4,dKDB-current,0.01,fixed-0.01,adagrad,140707,77,2,56283,14071,70353,1.0,0,f04ce99a8d0585c5a6bf4d8a74f8e66cc79e88b3d92ded7622840236f60cf26e,3747238,118740,66.57850505481228,1,2.0,20,0.6931471805599453,0.6931471805599454,0.6931471805599453,0.04486643083861405,0.09475193584119043,0.091812856118732,0.04486643083861405,0.09475193584119043,0.091812856118732,0.015053560748562109,0.10825671274678926,0.10533144201884195,0.009648896726742712,0.11739908894118184,0.1140890351357861,-0.03521753411187134,0.022647153099991407,0.0222761790170541,0.04988550500257638,0.10775019221443913,0.05786468721186275,0.0,0.013504776905598828,0.11130474518920792,0.16284955832401707,0.16051834180402708,0.053257548100998864,0.16784883581701193,0.16655184062881917,0.11130474518920792,0.16284955832401707,0.16051834180402708,0.03869853584864874,0.17036788507382847,0.16921606755047353,14994.507956457963,27.321183002805,0.391681684911753,0.011810017054995948,0.0,2.0,36.498155634158664,0.007518326749811399,0.00869772574644645,-0.07260620934055918,0.08012453609037058,True,0.48244764436719134,0.013578592663162276,0.48128628012422126,0.19549255097129867,0.05224330288109575,0.18793166656607913,-0.3638871911830394
TwitterAbsoluteSigma,"repeat=2,fold=2",2,2,4,4,dKDB-current,0.003,validation-selected,adagrad,140707,77,2,56283,14071,70353,1.0,0,f04ce99a8d0585c5a6bf4d8a74f8e66cc79e88b3d92ded7622840236f60cf26e,3747238,118740,66.57850505481228,3,4.0,20,0.6931471805599453,0.6931471805599454,0.6931471805599453,0.06939411332380749,0.09242614394213879,0.08984912177560185,0.05633811587980287,0.09100755723838355,0.08805975381007973,0.040686370841443005,0.09243473765085766,0.08926678314009426,0.03142601417182073,0.0946493565362204,0.09143508424854599,-0.024912101707982137,0.0036417992978368535,0.003375330438466259,0.03466944135858068,0.06322334236439967,0.028553901005818984,0.001418586703755234,0.0014271804124741105,0.13798151961551347,0.16231902746243498,0.16006038428673863,0.10256414344798231,0.16207405750260812,0.15970735006545617,0.12401721771376359,0.1615737394335162,0.1591179586635016,0.08727787219385193,0.16305149624801277,0.1608838547122363,6151.534407209163,11.278890951287787,0.2726505078170202,0.011810017054995948,0.0,2.0,36.498155634158664,0.001477756814496578,0.0017658960487346997,-0.03673934551991166,0.03821710233440824,True,0.48244764436719134,0.013578592663162276,0.48128628012422126,0.19549255097129867,0.05224330288109575,0.18793166656607913,-0.38663692358800084
TwitterAbsoluteSigma,"repeat=2,fold=2",2,2,4,4,dKDB-generative-init,0.01,fixed-0.01,adagrad,140707,77,2,56283,14071,70353,1.0,0,f04ce99a8d0585c5a6bf4d8a74f8e66cc79e88b3d92ded7622840236f60cf26e,3747238,118740,66.57850505481228,0,1.0,20,0.013578592663162276,0.48128628012422126,0.48244764436719134,0.010605953923153827,0.4853744972900757,0.4854771499718725,0.013578592663162276,0.48128628012422126,0.48244764436719134,0.0035321162353171404,0.48829219144490577,0.489551280113941,0.002181117517262233,0.4939457544158522,0.4957362124517032,-0.011397475145900043,0.012659474291630946,0.013288568084511843,0.46770768746105895,0.49176463689858996,0.024056949437531006,0.004088217165854446,0.00700591132068451,0.045614384978985116,0.1879168991647054,0.19523086744815218,0.025595496159244235,0.18922699870463747,0.1965564124022662,0.05224330288109575,0.18793166656607913,0.19549255097129867,0.018099961930993766,0.18966560764406382,0.1968037271405722,3747378.854319158,1935.9280314138105,1.445974520386025,0.011810017054995948,63977.0,2.0,36.498155634158664,0.0017339410779846909,0.0013111761692735369,-0.034143340950101984,0.035877282028086654,True,0.48244764436719134,0.013578592663162276,0.48128628012422126,0.19549255097129867,0.05224330288109575,0.18793166656607913,0.012659474291630946
TwitterAbsoluteSigma,"repeat=2,fold=2",2,2,4,4,dKDB-generative-init,0.001,validation-selected,adagrad,140707,77,2,56283,14071,70353,1.0,0,f04ce99a8d0585c5a6bf4d8a74f8e66cc79e88b3d92ded7622840236f60cf26e,3747238,118740,66.57850505481228,20,,20,0.013578592663162276,0.48128628012422126,0.48244764436719134,0.013239631253121898,0.48179053387895976,0.4828064719371908,0.010640264832499878,0.4807974953439968,0.481659184821168,0.011564810636605043,0.48105798669045446,0.48195722622088366,0.010640264832499878,0.4807974953439968,0.481659184821168,0.0,0.0,0.0,0.47015723051149694,0.47015723051149694,0.0,0.0009930385349629645,0.0002604913464576697,0.05147449137836789,0.1879024020190278,0.19541884341989074,0.048533401598322014,0.18809384186739345,0.19563917341911188,0.04672486516988443,0.18820802827321753,0.19576206946351535,0.04672486516988443,0.18820802827321753,0.19576206946351535,3747251.634113581,1935.7866744457103,1.0489235743047989,0.011810017054995948,63977.0,2.0,36.498155634158664,0.0,0.0,0.0,0.0,False,0.48244764436719134,0.013578592663162276,0.48128628012422126,0.19549255097129867,0.05224330288109575,0.18793166656607913,-0.0004887847802244605
TwitterAbsoluteSigma,"repeat=2,fold=2",2,2,5,5,dKDB-current,0.01,fixed-0.01,adagrad,140707,77,2,56283,14071,70353,1.0,0,c4c63268d2cc28aaa1bf83ea00562ce3d94e7980837dcd9c91cfa69a5689ecfd,7173986,229190,127.46275074178705,1,2.0,20,0.6931471805599453,0.6931471805599454,0.6931471805599453,0.03652611946415568,0.0945954710594815,0.090889643845443,0.03652611946415568,0.0945954710594815,0.090889643845443,0.008952068150074143,0.10498957540499432,0.10247058467145931,0.005214577393136303,0.1122495402578753,0.1098335142352605,-0.03131154207101938,0.017654069198393796,0.0189438703898175,0.05806935159532582,0.107034962864739,0.04896561126941318,0.0,0.010394104345512814,0.09875363347236728,0.16258339105963085,0.1598327760936495,0.03534059658722242,0.16586714461454596,0.16476517036070268,0.09875363347236728,0.16258339105963085,0.1598327760936495,0.02359192608099346,0.16782062702900027,0.16686465586488622,21737.93692523914,30.034298643126565,0.38910966336624875,0.02883049320301463,0.0,1.0,18.909162703433832,0.005237235969369425,0.007031879771236732,-0.07516170739137382,0.08039894336074326,True,0.611232794344428,0.005171951147584349,0.6061721168228448,0.19303024057197765,0.02922200510743115,0.19450992559277616,-0.49392257656496946
TwitterAbsoluteSigma,"repeat=2,fold=2",2,2,5,5,dKDB-current,0.003,validation-selected,adagrad,140707,77,2,56283,14071,70353,1.0,0,c4c63268d2cc28aaa1bf83ea00562ce3d94e7980837dcd9c91cfa69a5689ecfd,7173986,229190,127.46275074178705,5,6.0,20,0.6931471805599453,0.6931471805599454,0.6931471805599453,0.06734931595145435,0.09491105110394692,0.09183130771602482,0.042779472568330805,0.09155556635206288,0.08809180768865649,0.032496217674777284,0.09219665767808069,0.08873144474921442,0.023052713412807353,0.09387962739405004,0.09051584004451799,-0.01972675915552345,0.002324061041987152,0.0024240323558614996,0.04877609378373208,0.07082691398124269,0.02205082019751061,0.003355484751884033,0.0006410913260178064,0.1334459474731813,0.1639910344179701,0.16130944034939257,0.08749987421495344,0.16186512239474696,0.15935867899177977,0.10377825598500025,0.16182157624525284,0.15913202417143807,0.06982648294226025,0.16241046754333033,0.16018625817265134,9377.787664118972,13.229888549439659,0.2981868953292663,0.02883049320301463,0.0,1.0,18.909162703433832,0.0005888912980774874,0.0010542340012132667,-0.03395177304274,0.034540664340817484,True,0.611232794344428,0.005171951147584349,0.6061721168228448,0.19303024057197765,0.02922200510743115,0.19450992559277616,-0.5122924894287948
TwitterAbsoluteSigma,"repeat=2,fold=2",2,2,5,5,dKDB-generative-init,0.01,fixed-0.01,adagrad,140707,77,2,56283,14071,70353,1.0,0,c4c63268d2cc28aaa1bf83ea00562ce3d94e7980837dcd9c91cfa69a5689ecfd,7173986,229190,127.46275074178705,5,6.0,20,0.005171951147584349,0.6061721168228448,0.611232794344428,0.0044218989922115886,0.6050733839395551,0.6099298686566283,0.002828555278660046,0.6040247223920546,0.6087890432070563,0.002152936663720325,0.6045323161855631,0.6094952855785049,0.0015924188615562428,0.6059180849082958,0.6112900426939444,-0.0012361364171038032,0.0018933625162411705,0.002500999486888089,0.6011961671133946,0.6043256660467395,0.0031294989333449097,0.0010486615475004957,0.0005075937935085095,0.026564677901647855,0.19480529164978014,0.19314543685006816,0.01625743104060274,0.1952836782628968,0.19359005339436358,0.020287236486522614,0.19513333415188827,0.19344430858516268,0.01374149031036321,0.1954105511114571,0.19372982824300305,7174096.185236933,2678.4983078215846,1.580820414662821,0.02883049320301463,156180.0,1.0,18.909162703433832,0.00027721695956883785,0.00028551965784037736,-0.006545746176159405,0.006822963135728249,True,0.611232794344428,0.005171951147584349,0.6061721168228448,0.19303024057197765,0.02922200510743115,0.19450992559277616,-0.00025403191454898
TwitterAbsoluteSigma,"repeat=2,fold=2",2,2,5,5,dKDB-generative-init,0.03,validation-selected,adagrad,140707,77,2,56283,14071,70353,1.0,0,c4c63268d2cc28aaa1bf83ea00562ce3d94e7980837dcd9c91cfa69a5689ecfd,7173986,229190,127.46275074178705,1,2.0,20,0.005171951147584349,0.6061721168228448,0.611232794344428,0.0032042965709409617,0.60366008222697,0.6080311068848337,0.0032042965709409617,0.60366008222697,0.6080311068848337,0.0009244198550836081,0.6091512456454455,0.6153798187476109,0.0005597814056667804,0.612919799358866,0.619869853981215,-0.0026445151652741816,0.009259717131895995,0.01183874709638122,0.600455785656029,0.6123600179531992,0.011904232297170192,0.0,0.005491163418475553,0.021225558284250035,0.19541341910855256,0.19356313808151046,0.01015432759275479,0.1957340282825548,0.1940828608858229,0.021225558284250035,0.19541341910855256,0.19356313808151046,0.007326270153886914,0.19591733485415583,0.194220381464922,7174264.095596992,2678.6463871379483,2.5488620802593527,0.02883049320301463,156180.0,1.0,18.909162703433832,0.0005039157456032672,0.0006572433834115265,-0.013899288130363122,0.014403203875966386,True,0.611232794344428,0.005171951147584349,0.6061721168228448,0.19303024057197765,0.02922200510743115,0.19450992559277616,0.0067476825360212045
MiniBooNE,"repeat=1,fold=1",1,1,0,0,dKDB-current,0.01,fixed-0.01,adagrad,130064,50,2,52025,13007,65032,1.0,0,d0ae1d8b362399b0328a5a115b700c5fb30303828798919826dda462f03413fc,996,50,0.019144641999038925,20,,20,0.6931471805599452,0.6931471805599453,0.6931471805599453,1.8432131186895917,1.848614702029427,1.8425865343434866,0.5892650400302443,0.6079417787446804,0.5980615250127103,0.8027609746310379,0.821574713157732,0.810929269699421,0.5892650400302443,0.6079417787446804,0.5980615250127103,0.0,0.0,0.0,0.018676738714436092,0.018676738714436092,0.0,1.2406729232847467,0.21363293441305164,0.5284717837224496,0.5285301503544516,0.5284913545447417,0.46284821184685254,0.46486782586045405,0.46491001956716493,0.41505224739942936,0.41824731971766105,0.41759594030406105,0.41505224739942936,0.41824731971766105,0.41759594030406105,46.67479881133502,2.11209813208495,0.4314186015244051,0.0,0.0,52025.0,52025.0,0.0,0.0,0.0,0.0,False,1.3793699086406093,1.3708950771610524,1.4338283358279884,0.35600376280100315,0.3551326023026083,0.3613030841546461,-0.825886557083308
MiniBooNE,"repeat=1,fold=1",1,1,0,0,dKDB-current,0.001,validation-selected,adagrad,130064,50,2,52025,13007,65032,1.0,0,d0ae1d8b362399b0328a5a115b700c5fb30303828798919826dda462f03413fc,996,50,0.019144641999038925,20,,20,0.6931471805599452,0.6931471805599453,0.6931471805599453,0.7503959472972848,0.7578655364287245,0.7522938408763465,0.22124707007517133,0.2305371669544537,0.2253051762322684,0.24548026966793307,0.2552313104456496,0.2487945119283344,0.22124707007517133,0.2305371669544537,0.2253051762322684,0.0,0.0,0.0,0.009290096879282367,0.009290096879282367,0.0,0.5273283694742708,0.02469414349119592,0.4813700161223784,0.48235783006069116,0.481788326809763,0.2765647796491372,0.28326798249024115,0.27889787279054373,0.2599061735939948,0.2670981318566732,0.2627184514376679,0.2599061735939948,0.2670981318566732,0.2627184514376679,24.443234567488055,1.0948862342639432,0.19172085540128572,0.0,0.0,52025.0,52025.0,0.0,0.0,0.0,0.0,False,1.3793699086406093,1.3708950771610524,1.4338283358279884,0.35600376280100315,0.3551326023026083,0.3613030841546461,-1.2032911688735348
MiniBooNE,"repeat=1,fold=1",1,1,0,0,dKDB-generative-init,0.01,fixed-0.01,adagrad,130064,50,2,52025,13007,65032,1.0,0,d0ae1d8b362399b0328a5a115b700c5fb30303828798919826dda462f03413fc,996,50,0.019144641999038925,20,,20,1.3708950771610524,1.4338283358279884,1.3793699086406093,1.9281661639973755,1.992066772065843,1.9510004464245676,0.46039705326368635,0.4816967583138924,0.4721749604142196,0.5531476070932831,0.5753276229569485,0.5656300369638446,0.46039705326368635,0.4816967583138924,0.4721749604142196,0.0,0.0,0.0,0.021299705050206064,0.021299705050206064,0.0,1.5103700137519505,0.09363086464305609,0.4191858629142769,0.42091415525014636,0.4212262548903931,0.3891280914667624,0.39317432673007546,0.39201070761625456,0.3699228678014013,0.37408239254674824,0.3727565197619497,0.3699228678014013,0.37408239254674824,0.3727565197619497,996.0449718850056,32.10360400793474,1.7109904744058304,0.0,0.0,52025.0,52025.0,0.0,0.0,0.0,0.0,False,1.3793699086406093,1.3708950771610524,1.4338283358279884,0.35600376280100315,0.3551326023026083,0.3613030841546461,-0.9521315775140959
MiniBooNE,"repeat=1,fold=1",1,1,0,0,dKDB-generative-init,0.003,validation-selected,adagrad,130064,50,2,52025,13007,65032,1.0,0,d0ae1d8b362399b0328a5a115b700c5fb30303828798919826dda462f03413fc,996,50,0.019144641999038925,20,,20,1.3708950771610524,1.4338283358279884,1.3793699086406093,0.9931737041445104,1.0583878911041993,1.0010080136958106,0.2734948047365937,0.29202558650345045,0.28780462411636026,0.3944760019852257,0.42281444104416266,0.40888578099120143,0.2734948047365937,0.29202558650345045,0.28780462411636026,0.0,0.0,0.0,0.01853078176685674,0.01853078176685674,0.0,0.7663623046007488,0.1307888545407122,0.3268498050581564,0.3339776996875551,0.3287642597626071,0.27764792580964626,0.2879540903552058,0.28174278748457776,0.2614982663224081,0.27122396296757584,0.266800046202772,0.2614982663224081,0.27122396296757584,0.266800046202772,996.019981881906,31.91430766336085,1.6652630832905624,0.0,0.0,52025.0,52025.0,0.0,0.0,0.0,0.0,False,1.3793699086406093,1.3708950771610524,1.4338283358279884,0.35600376280100315,0.3551326023026083,0.3613030841546461,-1.141802749324538
MiniBooNE,"repeat=1,fold=1",1,1,1,1,dKDB-current,0.01,fixed-0.01,adagrad,130064,50,2,52025,13007,65032,1.0,0,04e81ee8d24a35649a04d06838ed4cb894ad7ee57d9a66479a2eb3d9a468fedb,11878,585,0.22831331090821722,20,,20,0.6931471805599452,0.6931471805599453,0.6931471805599453,1.2237738978050354,1.2339527517700315,1.2302213068404804,0.20037476100275117,0.26087153136567875,0.25912009857680396,0.28979621137111206,0.3386629325679486,0.33406830494709955,0.20037476100275117,0.26087153136567875,0.25912009857680396,0.0,0.0,0.0,0.06049677036292758,0.06049677036292758,0.0,0.9730812204043527,0.07779140120226985,0.51573579906326,0.5162671851916693,0.5161041534343519,0.3071518755235728,0.32410259944064157,0.32298635409186255,0.2524803385750601,0.2802369128610156,0.2801482971578268,0.2524803385750601,0.2802369128610156,0.2801482971578268,572.486949057188,7.300162062582928,0.38736082662758675,0.0,0.0,3251.0,4446.581196581196,0.0,0.0,0.0,0.0,False,0.5587351747384975,0.5027242219366008,0.5669155310371006,0.30871515473294325,0.2992266484531141,0.3129955912040877,-0.3060439996714218
MiniBooNE,"repeat=1,fold=1",1,1,1,1,dKDB-current,0.003,validation-selected,adagrad,130064,50,2,52025,13007,65032,1.0,0,04e81ee8d24a35649a04d06838ed4cb894ad7ee57d9a66479a2eb3d9a468fedb,11878,585,0.22831331090821722,20,,20,0.6931471805599452,0.6931471805599453,0.6931471805599453,0.6527667774512466,0.6630050681991866,0.6582267090777651,0.17380850555209587,0.20401069030142935,0.2022269058564258,0.19732603548507283,0.22234004171849348,0.21874806790858323,0.17380850555209587,0.20401069030142935,0.2022269058564258,0.0,0.0,0.0,0.030202184749333477,0.030202184749333477,0.0,0.4589943778977572,0.018329351417064127,0.4550593411666272,0.4567388085795155,0.4562680791449055,0.24617574698222205,0.26250410053463674,0.2601380946804105,0.22854758869879946,0.24929005015764163,0.24814012903300062,0.22854758869879946,0.24929005015764163,0.24814012903300062,296.4769952951537,3.896459171406585,0.25396873535939685,0.0,0.0,3251.0,4446.581196581196,0.0,0.0,0.0,0.0,False,0.5587351747384975,0.5027242219366008,0.5669155310371006,0.30871515473294325,0.2992266484531141,0.3129955912040877,-0.3629048407356712
MiniBooNE,"repeat=1,fold=1",1,1,1,1,dKDB-generative-init,0.01,fixed-0.01,adagrad,130064,50,2,52025,13007,65032,1.0,0,04e81ee8d24a35649a04d06838ed4cb894ad7ee57d9a66479a2eb3d9a468fedb,11878,585,0.22831331090821722,20,,20,0.5027242219366008,0.5669155310371006,0.5587351747384975,0.6503317939512482,0.7618746077024011,0.7354632122678222,0.17768460923912227,0.2836471143647968,0.28590483443312276,0.22074325799080727,0.32271335059373785,0.3212942137588998,0.17768460923912227,0.2836471143647968,0.28590483443312276,0.0,0.0,0.0,0.10596250512567451,0.10596250512567451,0.0,0.47822749333760434,0.039066236228941065,0.3561672231165293,0.36932352120304374,0.3669960524595374,0.25640687836431686,0.28931846366687547,0.28917103191468135,0.2327007522726949,0.2733964684754175,0.2748730897324662,0.2327007522726949,0.2733964684754175,0.2748730897324662,11878.355438321305,109.37407875972772,1.6019391348885295,0.0,0.0,3251.0,4446.581196581196,0.0,0.0,0.0,0.0,False,0.5587351747384975,0.5027242219366008,0.5669155310371006,0.30871515473294325,0.2992266484531141,0.3129955912040877,-0.2832684166723038
MiniBooNE,"repeat=1,fold=1",1,1,1,1,dKDB-generative-init,0.01,validation-selected,adagrad,130064,50,2,52025,13007,65032,1.0,0,04e81ee8d24a35649a04d06838ed4cb894ad7ee57d9a66479a2eb3d9a468fedb,11878,585,0.22831331090821722,20,,20,0.5027242219366008,0.5669155310371006,0.5587351747384975,0.6503317939512482,0.7618746077024011,0.7354632122678222,0.17768460923912227,0.2836471143647968,0.28590483443312276,0.22074325799080727,0.32271335059373785,0.3212942137588998,0.17768460923912227,0.2836471143647968,0.28590483443312276,0.0,0.0,0.0,0.10596250512567451,0.10596250512567451,0.0,0.47822749333760434,0.039066236228941065,0.3561672231165293,0.36932352120304374,0.3669960524595374,0.25640687836431686,0.28931846366687547,0.28917103191468135,0.2327007522726949,0.2733964684754175,0.2748730897324662,0.2327007522726949,0.2733964684754175,0.2748730897324662,11878.355438321305,109.37407875972772,1.6019391348885295,0.0,0.0,3251.0,4446.581196581196,0.0,0.0,0.0,0.0,False,0.5587351747384975,0.5027242219366008,0.5669155310371006,0.30871515473294325,0.2992266484531141,0.3129955912040877,-0.2832684166723038
MiniBooNE,"repeat=1,fold=1",1,1,2,2,dKDB-current,0.01,fixed-0.01,adagrad,130064,50,2,52025,13007,65032,1.0,0,8198077717d64c0338d7eaf4624a0b827f9b007c1b5e4e176bba48cb9c60c94c,129394,6324,2.4871504084574725,16,17.0,20,0.6931471805599452,0.6931471805599453,0.6931471805599453,0.7643431709585604,0.7984460725203516,0.7972975427093917,0.0745355301181869,0.23444893129767974,0.23286831607355826,0.10124432675192527,0.2403749653230303,0.23758503585620835,0.06499528474503843,0.23525149718142238,0.23421891038555953,-0.00954024537314846,0.0008025658837426397,0.0013505943120012687,0.15991340117949285,0.17025621243638395,0.010342811256891099,0.5639971412226719,0.005926034025350552,0.4661311503718938,0.47059764042883373,0.4703272073182697,0.16818717732327454,0.268559579255895,0.26772120075702976,0.1362972392433656,0.26202699287779707,0.2617982926787201,0.12373272617991872,0.26091507282568355,0.26091917257634667,4755.0461344751975,19.82616785916745,0.6514356778700584,7.196457128798131e-05,0.0,176.0,411.3298545224541,-0.0011119200521135242,-0.0008791201023734541,-0.012564513063446872,0.011452593011333362,True,0.492453725748168,0.1621855098165504,0.4975515001923205,0.2881638033493928,0.19487524177710638,0.2908882463513792,-0.26230000301089806
MiniBooNE,"repeat=1,fold=1",1,1,2,2,dKDB-current,0.003,validation-selected,adagrad,130064,50,2,52025,13007,65032,1.0,0,8198077717d64c0338d7eaf4624a0b827f9b007c1b5e4e176bba48cb9c60c94c,129394,6324,2.4871504084574725,20,,20,0.6931471805599452,0.6931471805599453,0.6931471805599453,0.3714865509971847,0.39095429064801984,0.38832176077817726,0.12945065115905555,0.2099595891956089,0.2079752006620408,0.1575633178271966,0.22071546721451296,0.21766225416423565,0.12945065115905555,0.2099595891956089,0.2079752006620408,0.0,0.0,0.0,0.08050893803655335,0.08050893803655335,0.0,0.18099470145241095,0.01075587801890407,0.35638331931176415,0.36421643379403346,0.36368013889033446,0.2119071996793634,0.25988077058575665,0.2575747578539779,0.1876885096643315,0.25255164055983026,0.25107590178616296,0.1876885096643315,0.25255164055983026,0.25107590178616296,1937.1269532315682,8.36723856269152,0.39604430066087537,7.196457128798131e-05,0.0,176.0,411.3298545224541,0.0,0.0,0.0,0.0,False,0.492453725748168,0.1621855098165504,0.4975515001923205,0.2881638033493928,0.19487524177710638,0.2908882463513792,-0.28759191099671155
MiniBooNE,"repeat=1,fold=1",1,1,2,2,dKDB-generative-init,0.01,fixed-0.01,adagrad,130064,50,2,52025,13007,65032,1.0,0,8198077717d64c0338d7eaf4624a0b827f9b007c1b5e4e176bba48cb9c60c94c,129394,6324,2.4871504084574725,8,9.0,20,0.1621855098165504,0.4975515001923205,0.492453725748168,0.1270744773005679,0.5258909718334054,0.5152992093781146,0.04906436713837245,0.4670198256008557,0.4666217820033894,0.04340805279013204,0.46733010935814645,0.46739867554122083,0.02902580147894924,0.4755818648952971,0.4766949692495008,-0.02003856565942321,0.008562039294441381,0.010073187246111392,0.4179554584624833,0.44655606341634785,0.028600604953864572,0.05887114623254969,0.0003102837572907524,0.1837782128990485,0.29519910074223876,0.2937642711398445,0.10951116555235017,0.2882308017675153,0.28887330188300026,0.11770739019940064,0.2883154161240935,0.2889634406244749,0.08388055030461106,0.2887722292787704,0.28928927594898224,129408.11235213853,360.25945255178726,1.430060167871119,7.196457128798131e-05,234.0,176.0,411.3298545224541,0.00045681315467688277,0.00032583532450736197,-0.03382683989478959,0.034283653049466456,True,0.492453725748168,0.1621855098165504,0.4975515001923205,0.2881638033493928,0.19487524177710638,0.2908882463513792,-0.021969635297023393
MiniBooNE,"repeat=1,fold=1",1,1,2,2,dKDB-generative-init,0.003,validation-selected,adagrad,130064,50,2,52025,13007,65032,1.0,0,8198077717d64c0338d7eaf4624a0b827f9b007c1b5e4e176bba48cb9c60c94c,129394,6324,2.4871504084574725,20,,20,0.1621855098165504,0.4975515001923205,0.492453725748168,0.14354539386435078,0.48511520476596764,0.48121535056417697,0.07175196471149743,0.4505795147327034,0.44863898296460036,0.08769964741122799,0.45786718836831175,0.45438233424172575,0.07175196471149743,0.4505795147327034,0.44863898296460036,0.0,0.0,0.0,0.378827550021206,0.378827550021206,0.0,0.03453569003326423,0.007287673635608338,0.18649915404972395,0.28798162644406083,0.2860723159116115,0.15530250347451166,0.2853630875746195,0.284912860864842,0.1415599407291058,0.2850443916311552,0.28517832296030393,0.1415599407291058,0.2850443916311552,0.28517832296030393,129398.46684387655,359.79718621945324,1.2483981863569018,7.196457128798131e-05,234.0,176.0,411.3298545224541,0.0,0.0,0.0,0.0,False,0.492453725748168,0.1621855098165504,0.4975515001923205,0.2881638033493928,0.19487524177710638,0.2908882463513792,-0.04697198545961706
MiniBooNE,"repeat=1,fold=1",1,1,3,3,dKDB-current,0.01,fixed-0.01,adagrad,130064,50,2,52025,13007,65032,1.0,0,a2848ac9a0ffe95c70a282cf7c77e61d9a6b708c8f1a8a224edbf89b6afd2980,980654,48455,18.849668428640076,8,9.0,20,0.6931471805599452,0.6931471805599453,0.6931471805599453,0.46091550625890376,0.5607528953249933,0.5572213116910668,0.04150382195329983,0.24481267397768833,0.23989918692241693,0.03423796591189783,0.24530355373188314,0.24052120645801037,0.01899016980272548,0.25393455126184417,0.24945295496882325,-0.02251365215057435,0.009121877284155838,0.009553768046406313,0.2033088520243885,0.2349443814591187,0.03163552943473019,0.31594022134730493,0.0004908797541948173,0.39629401208349346,0.4199201051216492,0.4195015258330524,0.06863306346238796,0.2708821112698095,0.26778258965274426,0.08072149327759406,0.2718688400113351,0.26870351289047123,0.04160066353919955,0.2709179775798094,0.2680310266003653,18628.517231284783,33.44014779340623,0.39036913707131804,0.002253352195842047,0.0,14.0,53.683830358064185,-0.0009508624315257008,-0.0006724862901059114,-0.039120829738394515,0.03816996730686881,True,0.76516175927637,0.018608277148027253,0.7783551888715804,0.31181549695233507,0.06791538974417874,0.31525175059279553,-0.5244206376097362
MiniBooNE,"repeat=1,fold=1",1,1,3,3,dKDB-current,0.003,validation-selected,adagrad,130064,50,2,52025,13007,65032,1.0,0,a2848ac9a0ffe95c70a282cf7c77e61d9a6b708c8f1a8a224edbf89b6afd2980,980654,48455,18.849668428640076,20,,20,0.6931471805599452,0.6931471805599453,0.6931471805599453,0.27671463383869416,0.31660050282217006,0.3144849380324474,0.08444594542514679,0.224376049825578,0.22109056257570275,0.1173619625195554,0.23207874833764303,0.22848524511082588,0.08444594542514679,0.224376049825578,0.22109056257570275,0.0,0.0,0.0,0.1399301044004312,0.1399301044004312,0.0,0.09222445299659207,0.007702698512065037,0.2948613282156033,0.3193099021861672,0.31819382011997466,0.1693604984849734,0.2674618394113873,0.2646834374915393,0.13445511241431798,0.2627457222337026,0.2601974368215036,0.13445511241431798,0.2627457222337026,0.2601974368215036,7554.000407525949,13.8788106860247,0.25761715315164235,0.002253352195842047,0.0,14.0,53.683830358064185,0.0,0.0,0.0,0.0,False,0.76516175927637,0.018608277148027253,0.7783551888715804,0.31181549695233507,0.06791538974417874,0.31525175059279553,-0.5539791390460024
MiniBooNE,"repeat=1,fold=1",1,1,3,3,dKDB-generative-init,0.01,fixed-0.01,adagrad,130064,50,2,52025,13007,65032,1.0,0,a2848ac9a0ffe95c70a282cf7c77e61d9a6b708c8f1a8a224edbf89b6afd2980,980654,48455,18.849668428640076,0,1.0,20,0.018608277148027253,0.7783551888715804,0.76516175927637,0.01572221521600498,0.8022408132296587,0.7876925646345603,0.018608277148027253,0.7783551888715804,0.76516175927637,0.0026449426758986213,0.8320064533464598,0.8176419601601839,0.0015057965756673194,0.8458474891587205,0.8313217792832542,-0.017102480572359934,0.06749230028714015,0.06616002000688426,0.7597469117235531,0.8443416925830532,0.08459478085950012,0.023885624358078283,0.053651264474879445,0.06267869241690438,0.314754460407239,0.3115616809720804,0.022174485087430813,0.3165262616375328,0.3148918328667943,0.06791538974417874,0.31525175059279553,0.31181549695233507,0.014594396131345248,0.3165830360178308,0.3150962952402705,980863.8966507565,990.8202664376646,1.5171334534811431,0.002253352195842047,7327.0,14.0,53.683830358064185,0.0013312854250352446,0.003280798287935427,-0.05332099361283349,0.05465227903786876,True,0.76516175927637,0.018608277148027253,0.7783551888715804,0.31181549695233507,0.06791538974417874,0.31525175059279553,0.06749230028714015
MiniBooNE,"repeat=1,fold=1",1,1,3,3,dKDB-generative-init,0.001,validation-selected,adagrad,130064,50,2,52025,13007,65032,1.0,0,a2848ac9a0ffe95c70a282cf7c77e61d9a6b708c8f1a8a224edbf89b6afd2980,980654,48455,18.849668428640076,0,1.0,20,0.018608277148027253,0.7783551888715804,0.76516175927637,0.019138188905500723,0.7785109034034463,0.7653686624649532,0.018608277148027253,0.7783551888715804,0.76516175927637,0.01476937626937784,0.7869699790619601,0.7733643587728563,0.012726902346524996,0.7919389110652314,0.778141580790821,-0.005881374801502257,0.013583722193651004,0.012979821514450984,0.7597469117235531,0.7792120087187064,0.019465096995153308,0.00015571453186591366,0.008614790190379695,0.06859053468279669,0.31487663801392224,0.31133730702305357,0.061127205270285534,0.31560741281203913,0.31246054615738067,0.06791538974417874,0.31525175059279553,0.31181549695233507,0.057082356852098684,0.31602500816118784,0.3130826355034136,980681.2505292334,990.3141514960729,1.0944247733466634,0.002253352195842047,7327.0,14.0,53.683830358064185,0.0007732575683923049,0.0012671385510785171,-0.010833032892080055,0.011606290460472374,True,0.76516175927637,0.018608277148027253,0.7783551888715804,0.31181549695233507,0.06791538974417874,0.31525175059279553,0.013583722193651004
MiniBooNE,"repeat=1,fold=1",1,1,4,4,dKDB-current,0.01,fixed-0.01,adagrad,130064,50,2,52025,13007,65032,1.0,0,c20cf91aa470d9f26671980975e2039cb14ece3eb2be292a7d5b39c6021716b8,4749006,235495,91.28315233061028,7,8.0,20,0.6931471805599452,0.6931471805599453,0.6931471805599453,0.30794616444694045,0.4703877383273164,0.46620983882448086,0.02335256749821695,0.2574806009222506,0.24959392659374538,0.016954783976299553,0.25888482221726133,0.2505950661352612,0.009193134608444347,0.26616988887258375,0.2570476727334067,-0.014159432889772604,0.008689287950333136,0.007453746139661294,0.23412803342403365,0.2569767542641394,0.022848720840105752,0.21290713740506578,0.0014042212950107213,0.33243519979355396,0.3912481799049905,0.39094133425668687,0.03353679253239367,0.2813249537174349,0.2765269823541198,0.04478754814752172,0.28178985868567413,0.2772294746148199,0.02018223809252988,0.2821015084347989,0.2769918136433812,45111.731126685,45.34230957524369,0.28292213659395377,0.027813691720998894,0.0,3.0,11.045882078175758,0.00031164974912478716,-0.00023766097143868015,-0.02460531005499184,0.024916959804116623,True,1.005021489143872,0.0014318289018287662,1.0635679549501682,0.3343666779230358,0.014366643822942105,0.34227157395338986,-0.7973980660775845
MiniBooNE,"repeat=1,fold=1",1,1,4,4,dKDB-current,0.003,validation-selected,adagrad,130064,50,2,52025,13007,65032,1.0,0,c20cf91aa470d9f26671980975e2039cb14ece3eb2be292a7d5b39c6021716b8,4749006,235495,91.28315233061028,20,,20,0.6931471805599452,0.6931471805599453,0.6931471805599453,0.2613068207675449,0.3223972924813688,0.3210155173221959,0.06181208422064947,0.2462235379260262,0.24087153290307323,0.09563472015306257,0.25454296935660037,0.24994826327400488,0.06181208422064947,0.2462235379260262,0.24087153290307323,0.0,0.0,0.0,0.18441145370537673,0.18441145370537673,0.0,0.07617375455534259,0.008319431430574176,0.27545931172960897,0.31700859633544587,0.3162051953998368,0.1385415640872261,0.28075896418959195,0.27749220585646167,0.09853989522263087,0.2764023697576383,0.2726333517576177,0.09853989522263087,0.2764023697576383,0.2726333517576177,19007.81594609339,19.497101087674938,0.24523690023901257,0.027813691720998894,0.0,3.0,11.045882078175758,0.0,0.0,0.0,0.0,False,1.005021489143872,0.0014318289018287662,1.0635679549501682,0.3343666779230358,0.014366643822942105,0.34227157395338986,-0.817344417024142
MiniBooNE,"repeat=1,fold=1",1,1,4,4,dKDB-generative-init,0.01,fixed-0.01,adagrad,130064,50,2,52025,13007,65032,1.0,0,c20cf91aa470d9f26671980975e2039cb14ece3eb2be292a7d5b39c6021716b8,4749006,235495,91.28315233061028,1,2.0,20,0.0014318289018287662,1.0635679549501682,1.005021489143872,0.0012786794475823004,1.0611949542367949,1.0019280819995053,0.0012786794475823004,1.0611949542367949,1.0019280819995053,0.0007995421813513993,1.0647903011376536,1.004868996485726,0.0006368385486678806,1.0670086856789178,1.006894465572594,-0.0006418408989144199,0.005813731442122938,0.004966383573088651,1.0599162747892126,1.06637184713025,0.00645557234103733,0.0,0.0035953469008587202,0.013905455871990312,0.3418979071189304,0.33389001089515774,0.010971945333033526,0.34183868642214077,0.33382085630356745,0.013905455871990312,0.3418979071189304,0.33389001089515774,0.010744223172885013,0.3418139869830557,0.3337894319544675,4749236.90858648,2179.3548086496967,1.196165472559745,0.027813691720998894,90439.0,3.0,11.045882078175758,-8.392013587471547e-05,-0.00010057894069026574,-0.0031612326991052996,0.003077312563230572,True,1.005021489143872,0.0014318289018287662,1.0635679549501682,0.3343666779230358,0.014366643822942105,0.34227157395338986,0.003440730728749619
MiniBooNE,"repeat=1,fold=1",1,1,4,4,dKDB-generative-init,0.01,validation-selected,adagrad,130064,50,2,52025,13007,65032,1.0,0,c20cf91aa470d9f26671980975e2039cb14ece3eb2be292a7d5b39c6021716b8,4749006,235495,91.28315233061028,1,2.0,20,0.0014318289018287662,1.0635679549501682,1.005021489143872,0.0012786794475823004,1.0611949542367949,1.0019280819995053,0.0012786794475823004,1.0611949542367949,1.0019280819995053,0.0007995421813513993,1.0647903011376536,1.004868996485726,0.0006368385486678806,1.0670086856789178,1.006894465572594,-0.0006418408989144199,0.005813731442122938,0.004966383573088651,1.0599162747892126,1.06637184713025,0.00645557234103733,0.0,0.0035953469008587202,0.013905455871990312,0.3418979071189304,0.33389001089515774,0.010971945333033526,0.34183868642214077,0.33382085630356745,0.013905455871990312,0.3418979071189304,0.33389001089515774,0.010744223172885013,0.3418139869830557,0.3337894319544675,4749236.90858648,2179.3548086496967,1.196165472559745,0.027813691720998894,90439.0,3.0,11.045882078175758,-8.392013587471547e-05,-0.00010057894069026574,-0.0031612326991052996,0.003077312563230572,True,1.005021489143872,0.0014318289018287662,1.0635679549501682,0.3343666779230358,0.014366643822942105,0.34227157395338986,0.003440730728749619
MiniBooNE,"repeat=1,fold=1",1,1,5,5,dKDB-current,0.01,fixed-0.01,adagrad,130064,50,2,52025,13007,65032,1.0,0,1b36dd8d47a449b6437979e5a16f181f47dbd8b8b073262ef00bb73ba8e8a893,13092352,656642,251.65501201345506,12,13.0,20,0.6931471805599452,0.6931471805599453,0.6931471805599453,0.25498848123829976,0.44745871549053556,0.44670522964630704,0.01150618269147121,0.25863947731024484,0.2559293507937615,0.013485994011716407,0.25872380321667054,0.25608888368477767,0.007395492597812097,0.25989102316642043,0.25696037703702196,-0.004110690093659114,0.0012515458561755954,0.0010310262432604578,0.24713329461877362,0.25249553056860835,0.005362235949834732,0.18881923818029073,8.432590642570847e-05,0.3005128198338988,0.3848331974871036,0.38546943344595247,0.02565074009055859,0.2844073273317907,0.2826587353920655,0.02248436157860905,0.28411051003684284,0.2822968996508677,0.01635101212717582,0.2838949785881344,0.2819293445509044,75157.56528026903,53.903940365769564,0.4025268932969724,0.13439721983023742,0.0,1.0,3.96144322172508,-0.0002155314487084503,-0.0003675550999632793,-0.006133349451433231,0.005917818002724784,True,1.086780255771342,0.0011380413524286878,1.1381119448152515,0.3524887963959553,0.010746282183706803,0.35812894852638605,-0.878220921648831
MiniBooNE,"repeat=1,fold=1",1,1,5,5,dKDB-current,0.01,validation-selected,adagrad,130064,50,2,52025,13007,65032,1.0,0,1b36dd8d47a449b6437979e5a16f181f47dbd8b8b073262ef00bb73ba8e8a893,13092352,656642,251.65501201345506,12,13.0,20,0.6931471805599452,0.6931471805599453,0.6931471805599453,0.25498848123829976,0.44745871549053556,0.44670522964630704,0.01150618269147121,0.25863947731024484,0.2559293507937615,0.013485994011716407,0.25872380321667054,0.25608888368477767,0.007395492597812097,0.25989102316642043,0.25696037703702196,-0.004110690093659114,0.0012515458561755954,0.0010310262432604578,0.24713329461877362,0.25249553056860835,0.005362235949834732,0.18881923818029073,8.432590642570847e-05,0.3005128198338988,0.3848331974871036,0.38546943344595247,0.02565074009055859,0.2844073273317907,0.2826587353920655,0.02248436157860905,0.28411051003684284,0.2822968996508677,0.01635101212717582,0.2838949785881344,0.2819293445509044,75157.56528026903,53.903940365769564,0.4025268932969724,0.13439721983023742,0.0,1.0,3.96144322172508,-0.0002155314487084503,-0.0003675550999632793,-0.006133349451433231,0.005917818002724784,True,1.086780255771342,0.0011380413524286878,1.1381119448152515,0.3524887963959553,0.010746282183706803,0.35812894852638605,-0.878220921648831
MiniBooNE,"repeat=1,fold=1",1,1,5,5,dKDB-generative-init,0.01,fixed-0.01,adagrad,130064,50,2,52025,13007,65032,1.0,0,1b36dd8d47a449b6437979e5a16f181f47dbd8b8b073262ef00bb73ba8e8a893,13092352,656642,251.65501201345506,0,1.0,20,0.0011380413524286878,1.1381119448152515,1.086780255771342,0.0010409242476155842,1.1382977448082894,1.0870116429103724,0.0011380413524286878,1.1381119448152515,1.086780255771342,0.0007890168294915682,1.1387431969116115,1.0872452452139494,0.0006535103279105267,1.1391927442947725,1.0876301061868574,-0.0004845310245181611,0.0010807994795209996,0.0008498504155154407,1.1369739034628228,1.1385392339668619,0.0015653305040390642,0.00018579999303791617,0.0006312520963600576,0.010738866525530352,0.35856587064667844,0.3529560476841224,0.010727508312502748,0.35911351009620235,0.3535211155569885,0.010746282183706803,0.35812894852638605,0.3524887963959553,0.010699622711775266,0.35940211616827533,0.35380826088211953,13092363.092959674,3618.339653930121,1.2255084520007877,0.13439721983023742,437006.0,1.0,3.96144322172508,0.0012731676418892834,0.0013194644861642124,-4.6659471931536495e-05,0.0013198271138208373,True,1.086780255771342,0.0011380413524286878,1.1381119448152515,0.3524887963959553,0.010746282183706803,0.35812894852638605,0.0010807994795209996
MiniBooNE,"repeat=1,fold=1",1,1,5,5,dKDB-generative-init,0.001,validation-selected,adagrad,130064,50,2,52025,13007,65032,1.0,0,1b36dd8d47a449b6437979e5a16f181f47dbd8b8b073262ef00bb73ba8e8a893,13092352,656642,251.65501201345506,20,,20,0.0011380413524286878,1.1381119448152515,1.086780255771342,0.0011282307493101047,1.1381232987730132,1.0867959330402686,0.0010858481905068977,1.1380108011966013,1.0865781389216596,0.0011018724062613083,1.138049848524937,1.0866558211640116,0.0010858481905068977,1.1380108011966013,1.0865781389216596,0.0,0.0,0.0,1.1369249530060943,1.1369249530060943,0.0,0.0001124975764119629,3.9047328335817255e-05,0.010744865018662501,0.35817200302084934,0.35253470922011193,0.010741765104424816,0.3582384052362736,0.3526155988667574,0.010740610596264896,0.35827733968636327,0.3526618625453471,0.010740610596264896,0.35827733968636327,0.3526618625453471,13092353.55009372,3618.335985705592,1.0230363962495856,0.13439721983023742,437006.0,1.0,3.96144322172508,0.0,0.0,0.0,0.0,False,1.086780255771342,0.0011380413524286878,1.1381119448152515,0.3524887963959553,0.010746282183706803,0.35812894852638605,-0.00010114361865021237
MiniBooNE,"repeat=1,fold=2",1,2,0,0,dKDB-current,0.01,fixed-0.01,adagrad,130064,50,2,52025,13007,65032,1.0,0,d0ae1d8b362399b0328a5a115b700c5fb30303828798919826dda462f03413fc,990,50,0.019029312830370015,20,,20,0.6931471805599452,0.6931471805599453,0.6931471805599453,1.8758149156887316,1.8747342781271548,1.8770221389997974,0.6035858180046834,0.613793147291278,0.6229866789757929,0.8171667581664287,0.8268874388524549,0.8348703153563155,0.6035858180046834,0.613793147291278,0.6229866789757929,0.0,0.0,0.0,0.010207329286594624,0.010207329286594624,0.0,1.2609411308358767,0.21309429156117687,0.5286801868164818,0.5286696300509981,0.528650472848425,0.46569867115807717,0.46871405177561887,0.46722899707746596,0.4189176452591353,0.421798143683643,0.4219275849818067,0.4189176452591353,0.421798143683643,0.4219275849818067,47.141746397063045,2.1373924915682156,0.46683323912589736,0.0,0.0,52025.0,52025.0,0.0,0.0,0.0,0.0,False,1.3996931817398282,1.3660617886739235,1.2962843211434074,0.3585602536791616,0.3545212521451424,0.3507277917755695,-0.6824911738521294
MiniBooNE,"repeat=1,fold=2",1,2,0,0,dKDB-current,0.001,validation-selected,adagrad,130064,50,2,52025,13007,65032,1.0,0,d0ae1d8b362399b0328a5a115b700c5fb30303828798919826dda462f03413fc,990,50,0.019029312830370015,20,,20,0.6931471805599452,0.6931471805599453,0.6931471805599453,0.7588179757685468,0.7563900659596223,0.7627832310560247,0.22139883644162023,0.22102068079412515,0.22893824396654686,0.24581042628767208,0.243817800976878,0.25293661065959094,0.22139883644162023,0.22102068079412515,0.22893824396654686,0.0,0.0,0.0,-0.00037815564749507646,-0.00037815564749507646,0.0,0.5353693851654971,0.022797120182752845,0.4830797409866644,0.4832968682625775,0.48358211638982307,0.27725343764117655,0.2766228368752392,0.28125855851117815,0.2604524314418711,0.2603706377147784,0.2651611086427278,0.2604524314418711,0.2603706377147784,0.2651611086427278,24.372599110169084,1.0925272119097864,0.19460402140004496,0.0,0.0,52025.0,52025.0,0.0,0.0,0.0,0.0,False,1.3996931817398282,1.3660617886739235,1.2962843211434074,0.3585602536791616,0.3545212521451424,0.3507277917755695,-1.0752636403492823
MiniBooNE,"repeat=1,fold=2",1,2,0,0,dKDB-generative-init,0.01,fixed-0.01,adagrad,130064,50,2,52025,13007,65032,1.0,0,d0ae1d8b362399b0328a5a115b700c5fb30303828798919826dda462f03413fc,990,50,0.019029312830370015,20,,20,1.3660617886739235,1.2962843211434074,1.3996931817398282,1.9848197451954053,1.9557409617793229,2.0271556831224498,0.4775405985780154,0.49171012681666315,0.5016388652253776,0.5714085930105012,0.5890308650946117,0.6001227746084923,0.4775405985780154,0.49171012681666315,0.5016388652253776,0.0,0.0,0.0,0.014169528238647755,0.014169528238647755,0.0,1.4640308349626596,0.09732073827794852,0.42408271902415234,0.42430361370431857,0.4249873575943664,0.3957068314052305,0.399459604253063,0.40011990515227874,0.37596896376861894,0.37921227287523557,0.3808886277422224,0.37596896376861894,0.37921227287523557,0.3808886277422224,990.0527665230851,31.9897074689984,1.7582152658258892,0.0,0.0,52025.0,52025.0,0.0,0.0,0.0,0.0,False,1.3996931817398282,1.3660617886739235,1.2962843211434074,0.3585602536791616,0.3545212521451424,0.3507277917755695,-0.8045741943267443
MiniBooNE,"repeat=1,fold=2",1,2,0,0,dKDB-generative-init,0.003,validation-selected,adagrad,130064,50,2,52025,13007,65032,1.0,0,d0ae1d8b362399b0328a5a115b700c5fb30303828798919826dda462f03413fc,990,50,0.019029312830370015,20,,20,1.3660617886739235,1.2962843211434074,1.3996931817398282,0.9924079435501584,0.9240102285150577,1.031069009977686,0.27414768291812314,0.27894954848659365,0.2973456080670768,0.3932601604815376,0.3819931020248952,0.419114999436548,0.27414768291812314,0.27894954848659365,0.2973456080670768,0.0,0.0,0.0,0.004801865568470509,0.004801865568470509,0.0,0.645060680028464,0.10304355353830158,0.3281522319460007,0.3259875236580437,0.3325540773794188,0.2794136103129294,0.27898913185069196,0.2854540819225452,0.2626642735592032,0.2665282784626113,0.2711722324520035,0.2626642735592032,0.2665282784626113,0.2711722324520035,990.0111416024798,31.81285104397137,1.6335684327386102,0.0,0.0,52025.0,52025.0,0.0,0.0,0.0,0.0,False,1.3996931817398282,1.3660617886739235,1.2962843211434074,0.3585602536791616,0.3545212521451424,0.3507277917755695,-1.0173347726568138
MiniBooNE,"repeat=1,fold=2",1,2,1,1,dKDB-current,0.01,fixed-0.01,adagrad,130064,50,2,52025,13007,65032,1.0,0,a0385097901327d55b0cfbe63a04af2741aa25fbc8d26e2534fee88320c90c35,11540,570,0.2218164344065353,20,,20,0.6931471805599452,0.6931471805599453,0.6931471805599453,1.230974601939727,1.2382982266288813,1.2408194696504942,0.2091657768541649,0.2580184394447788,0.26881398187053457,0.30336163585793835,0.3407385698090724,0.3517433047761885,0.2091657768541649,0.2580184394447788,0.26881398187053457,0.0,0.0,0.0,0.04885266259061391,0.04885266259061391,0.0,0.9802797871841025,0.0827201303642936,0.5173439349145511,0.5175780302478444,0.5176156779409755,0.31469739405211217,0.32674461672520466,0.33098791753382467,0.25807949119001794,0.2800569712771111,0.28562910544186565,0.25807949119001794,0.2800569712771111,0.28562910544186565,546.380346366438,7.158297692109185,0.36882298875414743,0.0,0.0,3452.0,4563.596491228071,0.0,0.0,0.0,0.0,False,0.546175557684585,0.484228217762973,0.5110421559381758,0.3112741729694909,0.30066313352580604,0.3057508393271092,-0.253023716493397
MiniBooNE,"repeat=1,fold=2",1,2,1,1,dKDB-current,0.003,validation-selected,adagrad,130064,50,2,52025,13007,65032,1.0,0,a0385097901327d55b0cfbe63a04af2741aa25fbc8d26e2534fee88320c90c35,11540,570,0.2218164344065353,20,,20,0.6931471805599452,0.6931471805599453,0.6931471805599453,0.6633720440332147,0.6660135504707551,0.6707465924292272,0.1774221778119243,0.19890221826086926,0.20592337451070433,0.2012700500507668,0.2162140897893951,0.22408108541979624,0.1774221778119243,0.19890221826086926,0.20592337451070433,0.0,0.0,0.0,0.02148004044894497,0.02148004044894497,0.0,0.46711133220988577,0.01731187152852584,0.45865514904111504,0.4596584534646372,0.4599619160266264,0.2488184558456985,0.25846723550910766,0.262981555127327,0.2307805397287938,0.24553799519564792,0.2499698495558545,0.2307805397287938,0.24553799519564792,0.2499698495558545,288.260156538267,3.89738050414214,0.24992592297523022,0.0,0.0,3452.0,4563.596491228071,0.0,0.0,0.0,0.0,False,0.546175557684585,0.484228217762973,0.5110421559381758,0.3112741729694909,0.30066313352580604,0.3057508393271092,-0.3121399376773065
MiniBooNE,"repeat=1,fold=2",1,2,1,1,dKDB-generative-init,0.01,fixed-0.01,adagrad,130064,50,2,52025,13007,65032,1.0,0,a0385097901327d55b0cfbe63a04af2741aa25fbc8d26e2534fee88320c90c35,11540,570,0.2218164344065353,20,,20,0.484228217762973,0.5110421559381758,0.546175557684585,0.6875258644825973,0.7500797379186732,0.7825603718322321,0.18660464225330267,0.27443914037085204,0.29226817715383724,0.23359260476462065,0.3150586639423099,0.3351522056058283,0.18660464225330267,0.27443914037085204,0.29226817715383724,0.0,0.0,0.0,0.08783449811754937,0.08783449811754937,0.0,0.4756405975478212,0.04061952357145787,0.3688837508370839,0.3791627559539125,0.38019437239483794,0.26362800400702296,0.2903105976037591,0.29510953705470655,0.23791113988055934,0.2722510988486292,0.27798955828878297,0.23791113988055934,0.2722510988486292,0.27798955828878297,11540.313200547902,107.77633610645876,1.684240413917381,0.0,0.0,3452.0,4563.596491228071,0.0,0.0,0.0,0.0,False,0.546175557684585,0.484228217762973,0.5110421559381758,0.3112741729694909,0.30066313352580604,0.3057508393271092,-0.23660301556732377
MiniBooNE,"repeat=1,fold=2",1,2,1,1,dKDB-generative-init,0.003,validation-selected,adagrad,130064,50,2,52025,13007,65032,1.0,0,a0385097901327d55b0cfbe63a04af2741aa25fbc8d26e2534fee88320c90c35,11540,570,0.2218164344065353,20,,20,0.484228217762973,0.5110421559381758,0.546175557684585,0.36244071487923124,0.3930618766136843,0.4303826002667122,0.21425222703879437,0.27179177342362204,0.2946985390752259,0.24313030612899192,0.29383945270386574,0.31935545939616955,0.21425222703879437,0.27179177342362204,0.2946985390752259,0.0,0.0,0.0,0.05753954638482767,0.05753954638482767,0.0,0.12127010319006226,0.022047679280243704,0.2779687931533174,0.28353972386850673,0.29134735008036183,0.2534916601743245,0.26944625099030745,0.27649774741030314,0.24350156084211153,0.2646854473559781,0.2714512666410307,0.24350156084211153,0.2646854473559781,0.2714512666410307,11540.09276338387,107.5227985867302,1.3104307695999373,0.0,0.0,3452.0,4563.596491228071,0.0,0.0,0.0,0.0,False,0.546175557684585,0.484228217762973,0.5110421559381758,0.3112741729694909,0.30066313352580604,0.3057508393271092,-0.23925038251455377
MiniBooNE,"repeat=1,fold=2",1,2,2,2,dKDB-current,0.01,fixed-0.01,adagrad,130064,50,2,52025,13007,65032,1.0,0,6a450f4f632eb8885059d1ffb718baaa8e08b943a3941a8443fa2d5ad6bb435e,122960,6067,2.3634790965881787,17,18.0,20,0.6931471805599452,0.6931471805599453,0.6931471805599453,0.7867790784907744,0.8190586847733144,0.8226481434509626,0.07646341288264061,0.22747247086293512,0.23818095032943556,0.1076545356287421,0.2350140477124298,0.24585868756532708,0.06931495960022045,0.22796070078624842,0.23866222453418415,-0.007148453282420156,0.0004882299233132936,0.00048127420474858296,0.15100905798029451,0.15864574118602798,0.007636683205733463,0.5915862139103794,0.007541576849494691,0.47281112882166915,0.47681376160158917,0.47657643160879265,0.17491016030368298,0.2682609269593553,0.2719679841522611,0.13847733559217848,0.26077452649782074,0.2638936108781625,0.12927029493633332,0.2600937867841543,0.2629660614196942,4506.992732270873,19.28700429930956,0.7099482626354016,6.85816213556403e-05,0.0,195.0,428.7539146200758,-0.000680739713666445,-0.0009275494584682908,-0.009207040655845156,0.00852630094217871,True,0.4841822184781901,0.18161501318558168,0.4534040629407346,0.2892203556353676,0.20212428472872918,0.28394565065740984,-0.22544336215448618
MiniBooNE,"repeat=1,fold=2",1,2,2,2,dKDB-current,0.003,validation-selected,adagrad,130064,50,2,52025,13007,65032,1.0,0,6a450f4f632eb8885059d1ffb718baaa8e08b943a3941a8443fa2d5ad6bb435e,122960,6067,2.3634790965881787,20,,20,0.6931471805599452,0.6931471805599453,0.6931471805599453,0.37867719656198473,0.3910786107362004,0.39630027745564006,0.13289524702075614,0.20405298471657107,0.21114902731041973,0.16101077042094458,0.21414899585653918,0.22156267887653816,0.13289524702075614,0.20405298471657107,0.21114902731041973,0.0,0.0,0.0,0.07115773769581493,0.07115773769581493,0.0,0.18702562601962935,0.010096011139968109,0.36080584136280586,0.36664687397111373,0.3675311036509456,0.21473103628379397,0.2560109235081555,0.25969397360125707,0.19060871485240422,0.24919208598407905,0.25271459256964945,0.19060871485240422,0.24919208598407905,0.25271459256964945,1846.2071335752619,8.151005391086207,0.40831435883040845,6.85816213556403e-05,0.0,195.0,428.7539146200758,0.0,0.0,0.0,0.0,False,0.4841822184781901,0.18161501318558168,0.4534040629407346,0.2892203556353676,0.20212428472872918,0.28394565065740984,-0.24935107822416352
MiniBooNE,"repeat=1,fold=2",1,2,2,2,dKDB-generative-init,0.01,fixed-0.01,adagrad,130064,50,2,52025,13007,65032,1.0,0,6a450f4f632eb8885059d1ffb718baaa8e08b943a3941a8443fa2d5ad6bb435e,122960,6067,2.3634790965881787,9,10.0,20,0.18161501318558168,0.4534040629407346,0.4841822184781901,0.14531239011185887,0.4753835135159513,0.5208724767317827,0.053598106916803334,0.4218246719385464,0.4572208036829812,0.050625885070630976,0.4219362884476113,0.45714492107899013,0.03417329802834778,0.42876033921384604,0.46337920935877963,-0.019424808888455554,0.006935667275299651,0.006158405675798451,0.36822656502174306,0.39458704118549826,0.026360476163755198,0.053558841577404925,0.00011161650906488241,0.19445697051490565,0.29192945474867443,0.29854993830327736,0.11738883013919807,0.28649142267284083,0.2905288728293978,0.1214205611996258,0.28644575870696726,0.29064483910449646,0.09139593665313402,0.2876822477109806,0.29057440940795365,122972.81213766235,351.2008759178633,1.3772500693214753,6.85816213556403e-05,223.0,195.0,428.7539146200758,0.0012364890040133525,-7.04296965428064e-05,-0.030024624546491782,0.03126111355050515,True,0.4841822184781901,0.18161501318558168,0.4534040629407346,0.2892203556353676,0.20212428472872918,0.28394565065740984,-0.024643723726888556
MiniBooNE,"repeat=1,fold=2",1,2,2,2,dKDB-generative-init,0.003,validation-selected,adagrad,130064,50,2,52025,13007,65032,1.0,0,6a450f4f632eb8885059d1ffb718baaa8e08b943a3941a8443fa2d5ad6bb435e,122960,6067,2.3634790965881787,20,,20,0.18161501318558168,0.4534040629407346,0.4841822184781901,0.15914782700971872,0.4389956973685959,0.4702764224226387,0.08142613049581332,0.40523880055912137,0.43836303315597713,0.09891049684742709,0.41109763378690856,0.44518457821758883,0.08142613049581332,0.40523880055912137,0.43836303315597713,0.0,0.0,0.0,0.32381267006330805,0.32381267006330805,0.0,0.033756896809474524,0.005858833227787186,0.19290425399341837,0.2812325893016105,0.286524850557839,0.16281135812227293,0.2802806742072411,0.2857294674838257,0.14931259162176325,0.28092361186242293,0.28573266867996666,0.14931259162176325,0.28092361186242293,0.28573266867996666,122964.03725451461,350.73819347700277,1.2192770027619282,6.85816213556403e-05,223.0,195.0,428.7539146200758,0.0,0.0,0.0,0.0,False,0.4841822184781901,0.18161501318558168,0.4534040629407346,0.2892203556353676,0.20212428472872918,0.28394565065740984,-0.04816526238161323
MiniBooNE,"repeat=1,fold=2",1,2,3,3,dKDB-current,0.01,fixed-0.01,adagrad,130064,50,2,52025,13007,65032,1.0,0,f4692b3393a1ef922442a9ab76ff88b7a826a11d1596aea3475e9419d95d127c,945750,46887,18.17876021143681,8,9.0,20,0.6931471805599452,0.6931471805599453,0.6931471805599453,0.4753306515267851,0.5698465835771999,0.5745540705138932,0.04128915412519392,0.2362502228703849,0.2433084111409074,0.033947220559955756,0.23679660773532002,0.2437405538148325,0.01865977480983774,0.24572513082954353,0.25239626103301116,-0.02262937931535618,0.009474907959158618,0.009087849892103761,0.19496106874519098,0.2270653560197058,0.03210428727451481,0.333596360706815,0.0005463848649351066,0.4025893836011055,0.42539693833090764,0.42484858089187566,0.06798888502836362,0.26678579284752496,0.2688312570176376,0.0803048625138577,0.26768876841897243,0.2698750282701222,0.04049033672697402,0.2672340473453056,0.2688266458580047,18540.92917386166,33.34831366140425,0.35868321511298684,0.002057448640669209,0.0,15.0,55.479130675880306,-0.00045472107366684167,-0.0010483824121175211,-0.03981452578688368,0.039359804713216845,True,0.7709856615161308,0.01910589552684148,0.7440366996364198,0.31180539539792074,0.0682583788425259,0.3128299080138527,-0.4983115688068763
MiniBooNE,"repeat=1,fold=2",1,2,3,3,dKDB-current,0.003,validation-selected,adagrad,130064,50,2,52025,13007,65032,1.0,0,f4692b3393a1ef922442a9ab76ff88b7a826a11d1596aea3475e9419d95d127c,945750,46887,18.17876021143681,20,,20,0.6931471805599452,0.6931471805599453,0.6931471805599453,0.2797715257395093,0.3128817787239593,0.3178572999453205,0.08430276536558935,0.21678206743755685,0.22251078564299184,0.1173540458672756,0.22385526598950448,0.22999168998214717,0.08430276536558935,0.21678206743755685,0.22251078564299184,0.0,0.0,0.0,0.1324793020719675,0.1324793020719675,0.0,0.09609971128640243,0.007073198551947629,0.29732395048629007,0.31785662500891854,0.3196457189267569,0.16925018934156705,0.26211339674844436,0.26498767923967054,0.13413258804575387,0.2579004151632023,0.26040628254614123,0.13413258804575387,0.2579004151632023,0.26040628254614123,7533.622520515651,13.83889484034331,0.2431928742137956,0.002057448640669209,0.0,15.0,55.479130675880306,0.0,0.0,0.0,0.0,False,0.7709856615161308,0.01910589552684148,0.7440366996364198,0.31180539539792074,0.0682583788425259,0.3128299080138527,-0.5272546321988629
MiniBooNE,"repeat=1,fold=2",1,2,3,3,dKDB-generative-init,0.01,fixed-0.01,adagrad,130064,50,2,52025,13007,65032,1.0,0,f4692b3393a1ef922442a9ab76ff88b7a826a11d1596aea3475e9419d95d127c,945750,46887,18.17876021143681,0,1.0,20,0.01910589552684148,0.7440366996364198,0.7709856615161308,0.016450814515135092,0.7653216520187784,0.7941006909269924,0.01910589552684148,0.7440366996364198,0.7709856615161308,0.002828318325320897,0.7981476552057067,0.8265897823141775,0.0016275927664302487,0.8121634765668617,0.840360556022046,-0.01747830276041123,0.06812677693044189,0.06937489450591516,0.7249308041095783,0.8105358838004315,0.08560507969085318,0.021284952382358613,0.05411095556928691,0.06286516100069926,0.3120901052775338,0.31136227396993266,0.022109780580782716,0.3155953054858901,0.3148097593694218,0.0682583788425259,0.3128299080138527,0.31180539539792074,0.01377781202064117,0.31592766263303274,0.31503051669521803,945955.8487515864,973.0383856347033,1.5693028891486336,0.002057448640669209,6690.0,15.0,55.479130675880306,0.0030977546191800487,0.0032251212972972954,-0.054480566821884735,0.057578321441064784,True,0.7709856615161308,0.01910589552684148,0.7440366996364198,0.31180539539792074,0.0682583788425259,0.3128299080138527,0.06812677693044189
MiniBooNE,"repeat=1,fold=2",1,2,3,3,dKDB-generative-init,0.001,validation-selected,adagrad,130064,50,2,52025,13007,65032,1.0,0,f4692b3393a1ef922442a9ab76ff88b7a826a11d1596aea3475e9419d95d127c,945750,46887,18.17876021143681,0,1.0,20,0.01910589552684148,0.7440366996364198,0.7709856615161308,0.019806270561038838,0.7440696391698749,0.7709738437365665,0.01910589552684148,0.7440366996364198,0.7709856615161308,0.015030841856705715,0.7525193034215227,0.7797260219307508,0.01285544156949814,0.7576875652536756,0.7849154458028145,-0.006250453957343341,0.013650865617255814,0.013929784286683677,0.7249308041095783,0.7448321236841775,0.019901319574599174,3.2939533455067505e-05,0.008482603785102905,0.06923272029413144,0.31243692591805644,0.31135721004846706,0.06095830489479422,0.313448611510776,0.31240297550481444,0.0682583788425259,0.3128299080138527,0.31180539539792074,0.05656535528030988,0.31407445574848813,0.313007295389251,945776.911688842,972.5314866940201,1.1009892879861904,0.002057448640669209,6690.0,15.0,55.479130675880306,0.0012445477346354483,0.0012018999913302464,-0.011693023562216028,0.012937571296851469,True,0.7709856615161308,0.01910589552684148,0.7440366996364198,0.31180539539792074,0.0682583788425259,0.3128299080138527,0.013650865617255814
MiniBooNE,"repeat=1,fold=2",1,2,4,4,dKDB-current,0.01,fixed-0.01,adagrad,130064,50,2,52025,13007,65032,1.0,0,217ac50ec7a26b9e9b0081332b2e729f2ea6f286785e78817d5a68f65ebff302,4468082,223322,85.88336376741951,7,8.0,20,0.6931471805599452,0.6931471805599453,0.6931471805599453,0.3219475852265702,0.4727381449561892,0.4783599359422724,0.023617775705560798,0.23991592889396696,0.2464748068218685,0.017086523774080375,0.2406060991366517,0.24710549764664305,0.009188904067764068,0.24643058703718335,0.25294882703965743,-0.01442887163779673,0.00651465814321639,0.006474020217788923,0.21629815318840617,0.23724168296941928,0.020943529781013104,0.23282221606222225,0.0006901702426847511,0.3410286135966931,0.3958386788838019,0.3959550954414211,0.0337153293352399,0.27091453740936117,0.2738420940739315,0.04541431092968307,0.2717187502119945,0.27468607689917407,0.019605323584242794,0.2712737108863435,0.27410355562286254,43972.86186870591,44.861555216249585,0.25566857480019983,0.02520420715955222,0.0,3.0,11.647979151180806,-0.0004450393256509866,-0.0005825212763115317,-0.02580898734544028,0.025363948019789306,True,0.9674829098189205,0.0016673400716056825,0.9484024232173212,0.3331602303147389,0.014820238125245612,0.33260487328141597,-0.7019718361801378
MiniBooNE,"repeat=1,fold=2",1,2,4,4,dKDB-current,0.003,validation-selected,adagrad,130064,50,2,52025,13007,65032,1.0,0,217ac50ec7a26b9e9b0081332b2e729f2ea6f286785e78817d5a68f65ebff302,4468082,223322,85.88336376741951,20,,20,0.6931471805599452,0.6931471805599453,0.6931471805599453,0.2611622172968562,0.3146233778801875,0.31859343890046293,0.061920102894316056,0.2318315590368776,0.23708967853351204,0.0953368093642271,0.24051054518413317,0.2459034936913963,0.061920102894316056,0.2318315590368776,0.23708967853351204,0.0,0.0,0.0,0.16991145614256153,0.16991145614256153,0.0,0.08279181884330991,0.008678986147255568,0.2761105182146378,0.31271684467375044,0.3144430823096382,0.1387889696816151,0.2717118399519605,0.27432686685267216,0.09931794920668935,0.2670261539421518,0.2696068530619687,0.09931794920668935,0.2670261539421518,0.2696068530619687,18426.755530084687,19.202449170369295,0.20142339038553775,0.02520420715955222,0.0,3.0,11.647979151180806,0.0,0.0,0.0,0.0,False,0.9674829098189205,0.0016673400716056825,0.9484024232173212,0.3331602303147389,0.014820238125245612,0.33260487328141597,-0.7165708641804436
MiniBooNE,"repeat=1,fold=2",1,2,4,4,dKDB-generative-init,0.01,fixed-0.01,adagrad,130064,50,2,52025,13007,65032,1.0,0,217ac50ec7a26b9e9b0081332b2e729f2ea6f286785e78817d5a68f65ebff302,4468082,223322,85.88336376741951,1,2.0,20,0.0016673400716056825,0.9484024232173212,0.9674829098189205,0.0016654414759678074,0.9477605489826451,0.9646045008873603,0.0016654414759678074,0.9477605489826451,0.9646045008873603,0.0009592750288884234,0.9522319268869378,0.9701270951735372,0.0007525466700104506,0.9551612756771737,0.9731205968929774,-0.0009128948059573568,0.007400726694528625,0.008516096005617091,0.9460951075066772,0.9544087290071632,0.00831362150048598,0.0,0.00447137790429275,0.015439304992592991,0.3325210987134096,0.3323370268155775,0.01098964374571781,0.33214321311423495,0.3323368323308731,0.015439304992592991,0.3325210987134096,0.3323370268155775,0.009398209265835447,0.3320301055700702,0.3322863365235816,4468344.716207794,2113.9427552140837,1.1646571244021886,0.02520420715955222,81954.0,3.0,11.647979151180806,-0.0004909931433394465,-5.069029199589181e-05,-0.006041095726757545,0.005550102583418093,True,0.9674829098189205,0.0016673400716056825,0.9484024232173212,0.3331602303147389,0.014820238125245612,0.33260487328141597,0.006758852459852527
MiniBooNE,"repeat=1,fold=2",1,2,4,4,dKDB-generative-init,0.003,validation-selected,adagrad,130064,50,2,52025,13007,65032,1.0,0,217ac50ec7a26b9e9b0081332b2e729f2ea6f286785e78817d5a68f65ebff302,4468082,223322,85.88336376741951,1,2.0,20,0.0016673400716056825,0.9484024232173212,0.9674829098189205,0.0016842044750392787,0.9474290508518218,0.9656435205373668,0.0016842044750392787,0.9474290508518218,0.9656435205373668,0.0013786652931327519,0.9496185529341333,0.9681703016633468,0.0012463497005488946,0.951051207581872,0.9696823327798412,-0.00043785477449038404,0.0036221567300501745,0.004038812242474377,0.9457448463767826,0.9498048578813231,0.004060011504540495,0.0,0.002189502082311501,0.015179310514179738,0.3325561546424443,0.3327898445121364,0.013103339498574455,0.33233963021745305,0.3327898176315413,0.015179310514179738,0.3325561546424443,0.3327898445121364,0.012333409660441412,0.3322285473402704,0.33275412017943046,4468178.005721856,2113.8368548243716,1.0572828916208374,0.02520420715955222,81954.0,3.0,11.647979151180806,-0.00032760730217390455,-3.5724332705933115e-05,-0.0028459008537383267,0.0025182935515644655,True,0.9674829098189205,0.0016673400716056825,0.9484024232173212,0.3331602303147389,0.014820238125245612,0.33260487328141597,0.002648784364550849
MiniBooNE,"repeat=1,fold=2",1,2,5,5,dKDB-current,0.01,fixed-0.01,adagrad,130064,50,2,52025,13007,65032,1.0,0,6aa81c57d3fac6b5eacd81d7ffa9d071ae5459474d728e916c1cd207ade97dc7,12361040,626340,237.59807784718885,12,13.0,20,0.6931471805599452,0.6931471805599453,0.6931471805599453,0.26176849945062486,0.4476878189553616,0.4510342166140607,0.01135405924504112,0.24819110068539896,0.2528047562633459,0.0133339537237393,0.24836336640641024,0.2529507804129021,0.007244938097534725,0.24913285873839514,0.25386206894046537,-0.004109121147506395,0.0009417580529961778,0.0010573126771194485,0.23683704144035783,0.2418879206408604,0.005050879200502567,0.19949671826996263,0.00017226572101128323,0.3060725364690278,0.38784656980978094,0.3877421589476509,0.024901629320643357,0.2787210606573752,0.2799057438353588,0.02162293284202181,0.27838998347769506,0.2795343936705807,0.015176420793465307,0.2780975722268078,0.27912675485722677,73153.35754380691,53.27257563557258,0.29246937662033384,0.12565014146881534,0.0,1.0,4.153095762684804,-0.00029241125088724784,-0.0004076388133539277,-0.006446512048556504,0.00615410079766926,True,1.0509977803294048,0.0010159852538826164,1.0349557156008535,0.35423436514565154,0.009022141799601955,0.35525555839348516,-0.7858228568624583
MiniBooNE,"repeat=1,fold=2",1,2,5,5,dKDB-current,0.01,validation-selected,adagrad,130064,50,2,52025,13007,65032,1.0,0,6aa81c57d3fac6b5eacd81d7ffa9d071ae5459474d728e916c1cd207ade97dc7,12361040,626340,237.59807784718885,12,13.0,20,0.6931471805599452,0.6931471805599453,0.6931471805599453,0.26176849945062486,0.4476878189553616,0.4510342166140607,0.01135405924504112,0.24819110068539896,0.2528047562633459,0.0133339537237393,0.24836336640641024,0.2529507804129021,0.007244938097534725,0.24913285873839514,0.25386206894046537,-0.004109121147506395,0.0009417580529961778,0.0010573126771194485,0.23683704144035783,0.2418879206408604,0.005050879200502567,0.19949671826996263,0.00017226572101128323,0.3060725364690278,0.38784656980978094,0.3877421589476509,0.024901629320643357,0.2787210606573752,0.2799057438353588,0.02162293284202181,0.27838998347769506,0.2795343936705807,0.015176420793465307,0.2780975722268078,0.27912675485722677,73153.35754380691,53.27257563557258,0.29246937662033384,0.12565014146881534,0.0,1.0,4.153095762684804,-0.00029241125088724784,-0.0004076388133539277,-0.006446512048556504,0.00615410079766926,True,1.0509977803294048,0.0010159852538826164,1.0349557156008535,0.35423436514565154,0.009022141799601955,0.35525555839348516,-0.7858228568624583
MiniBooNE,"repeat=1,fold=2",1,2,5,5,dKDB-generative-init,0.01,fixed-0.01,adagrad,130064,50,2,52025,13007,65032,1.0,0,6aa81c57d3fac6b5eacd81d7ffa9d071ae5459474d728e916c1cd207ade97dc7,12361040,626340,237.59807784718885,0,1.0,20,0.0010159852538826164,1.0349557156008535,1.0509977803294048,0.0009527905218351421,1.0358787265788814,1.051131790525202,0.0010159852538826164,1.0349557156008535,1.0509977803294048,0.0007856986747010861,1.0365587577511195,1.0512695717970053,0.0006858202040020888,1.0371787876908396,1.0515587601571803,-0.00033016504988052755,0.0022230720899860668,0.0005609798277754763,1.0339397303469708,1.0364929674868375,0.00255323713986666,0.0009230109780278273,0.0016030421502659653,0.008854400981731065,0.35562131547725734,0.3546163873004155,0.008773032752957197,0.35604369058917285,0.3550534243106514,0.009022141799601955,0.35525555839348516,0.35423436514565154,0.008768841140760496,0.3562776429925024,0.35531269149707645,12361053.667426364,3515.832146711013,1.1814314879488796,0.12565014146881534,408564.0,1.0,4.153095762684804,0.001022084599017259,0.0010783263514249075,-0.0002533006588414585,0.0012753852578587521,True,1.0509977803294048,0.0010159852538826164,1.0349557156008535,0.35423436514565154,0.009022141799601955,0.35525555839348516,0.0022230720899860668
MiniBooNE,"repeat=1,fold=2",1,2,5,5,dKDB-generative-init,0.001,validation-selected,adagrad,130064,50,2,52025,13007,65032,1.0,0,6aa81c57d3fac6b5eacd81d7ffa9d071ae5459474d728e916c1cd207ade97dc7,12361040,626340,237.59807784718885,0,1.0,20,0.0010159852538826164,1.0349557156008535,1.0509977803294048,0.0010094961432410504,1.0350539675746442,1.0510041219619857,0.0010159852538826164,1.0349557156008535,1.0509977803294048,0.0009905672004732655,1.0350366243350972,1.0509036126020623,0.0009792251785440754,1.0350337707392248,1.0508475230332277,-3.676007533854101e-05,7.805513837122469e-05,-0.00015025729617712535,1.0339397303469708,1.0340545455606807,0.00011481521370981795,9.825197379065287e-05,8.090873424371203e-05,0.009000030939970587,0.35529305066149447,0.3542728569700784,0.00892614428560056,0.35534408389086153,0.35432121030365077,0.009022141799601955,0.35525555839348516,0.35423436514565154,0.008890596422009692,0.3553739364462738,0.35434922033576854,12361041.830894453,3515.8276327661583,1.0170943708724858,0.12565014146881534,408564.0,1.0,4.153095762684804,0.00011837805278863689,0.00011485519011700251,-0.00013154537759226329,0.00024992343038093834,False,1.0509977803294048,0.0010159852538826164,1.0349557156008535,0.35423436514565154,0.009022141799601955,0.35525555839348516,7.805513837122469e-05
MiniBooNE,"repeat=2,fold=1",2,1,0,0,dKDB-current,0.01,fixed-0.01,adagrad,130064,50,2,52025,13007,65032,1.0,0,d0ae1d8b362399b0328a5a115b700c5fb30303828798919826dda462f03413fc,1010,50,0.01941374339259971,20,,20,0.6931471805599452,0.6931471805599453,0.6931471805599453,1.8543613451681293,1.8584126973459687,1.8553290431115488,0.601326766132206,0.6120629476302298,0.6096120320746301,0.81562141745648,0.8278653632644516,0.8231596983536065,0.601326766132206,0.6120629476302298,0.6096120320746301,0.0,0.0,0.0,0.0107361814980238,0.0107361814980238,0.0,1.2463497497157388,0.21580241563422176,0.5285094891334684,0.528542596716304,0.5285332134289464,0.4639380006428998,0.4659335637279559,0.4647875217118023,0.41737820302976675,0.41994149174189704,0.4184210331388085,0.41737820302976675,0.41994149174189704,0.4184210331388085,47.6294269876538,2.1451699718872184,0.42030323734635533,0.0,0.0,52025.0,52025.0,0.0,0.0,0.0,0.0,False,1.387834173403469,1.3555433363741014,1.3972872845899171,0.35688370983185325,0.3540755020363024,0.3564349223988795,-0.7852243369596873
MiniBooNE,"repeat=2,fold=1",2,1,0,0,dKDB-current,0.001,validation-selected,adagrad,130064,50,2,52025,13007,65032,1.0,0,d0ae1d8b362399b0328a5a115b700c5fb30303828798919826dda462f03413fc,1010,50,0.01941374339259971,20,,20,0.6931471805599452,0.6931471805599453,0.6931471805599453,0.7541751174972927,0.7603823281092461,0.7566412814584256,0.2214243822036428,0.22739948465679308,0.22688415029287035,0.24535028872777692,0.25154355625681385,0.2501732017128464,0.2214243822036428,0.22739948465679308,0.22688415029287035,0.0,0.0,0.0,0.005975102453150277,0.005975102453150277,0.0,0.5329828434524531,0.024144071600020772,0.4821853936533945,0.48311165955783225,0.48258826222058937,0.2770291397749722,0.2808900330904938,0.2792878330671411,0.26059066342134557,0.26469497380439266,0.26348470837740173,0.26059066342134557,0.26469497380439266,0.26348470837740173,24.58613319126583,1.0905717062938505,0.22209480440399557,0.0,0.0,52025.0,52025.0,0.0,0.0,0.0,0.0,False,1.387834173403469,1.3555433363741014,1.3972872845899171,0.35688370983185325,0.3540755020363024,0.3564349223988795,-1.169887799933124
MiniBooNE,"repeat=2,fold=1",2,1,0,0,dKDB-generative-init,0.01,fixed-0.01,adagrad,130064,50,2,52025,13007,65032,1.0,0,d0ae1d8b362399b0328a5a115b700c5fb30303828798919826dda462f03413fc,1010,50,0.01941374339259971,20,,20,1.3555433363741014,1.3972872845899171,1.387834173403469,1.954962347179614,2.0083788743939763,1.982642446337582,0.47452616376906476,0.486525737871104,0.4888543642259739,0.5674567322193323,0.5826946004301367,0.5840713339024229,0.47452616376906476,0.486525737871104,0.4888543642259739,0.0,0.0,0.0,0.011999574102039223,0.011999574102039223,0.0,1.5218531365228722,0.09616886255903268,0.42054071501301776,0.4236658325051829,0.4206455385745637,0.39202417202601963,0.39655718847682564,0.39432449734251773,0.3735711512782147,0.377498100069662,0.37558548814862636,0.3735711512782147,0.377498100069662,0.37558548814862636,1010.0481644485094,32.29402514959591,1.725588205546404,0.0,0.0,52025.0,52025.0,0.0,0.0,0.0,0.0,False,1.387834173403469,1.3555433363741014,1.3972872845899171,0.35688370983185325,0.3540755020363024,0.3564349223988795,-0.9107615467188132
MiniBooNE,"repeat=2,fold=1",2,1,0,0,dKDB-generative-init,0.003,validation-selected,adagrad,130064,50,2,52025,13007,65032,1.0,0,d0ae1d8b362399b0328a5a115b700c5fb30303828798919826dda462f03413fc,1010,50,0.01941374339259971,20,,20,1.3555433363741014,1.3972872845899171,1.387834173403469,0.9898883043560032,1.0443461352762442,1.0244482341121415,0.27458936114510796,0.2899129044598588,0.2961627160544754,0.3957226233685588,0.41848931967429065,0.42111574237685206,0.27458936114510796,0.2899129044598588,0.2961627160544754,0.0,0.0,0.0,0.015323543314750832,0.015323543314750832,0.0,0.7544332308163855,0.12857641521443186,0.3294707813164125,0.33404504219170117,0.33015373134078874,0.2798485764552189,0.28416363621865953,0.2842587993228422,0.2631793656556947,0.2688896354623828,0.26854365536850994,0.2631793656556947,0.2688896354623828,0.26854365536850994,1010.0161122059809,32.12413073671111,1.602830837843894,0.0,0.0,52025.0,52025.0,0.0,0.0,0.0,0.0,False,1.387834173403469,1.3555433363741014,1.3972872845899171,0.35688370983185325,0.3540755020363024,0.3564349223988795,-1.1073743801300584
MiniBooNE,"repeat=2,fold=1",2,1,1,1,dKDB-current,0.01,fixed-0.01,adagrad,130064,50,2,52025,13007,65032,1.0,0,d8081c86823386fcb425d23728a9ce4a80a9ce36f46a74a260fa9ee2e3dc62bf,12422,601,0.23876982220086496,20,,20,0.6931471805599452,0.6931471805599453,0.6931471805599453,1.188722991319543,1.2013687316077668,1.193827143433557,0.1967354979409291,0.2571157937517785,0.25429145624486027,0.282712436679815,0.33029410270017057,0.3259284319817932,0.1967354979409291,0.2571157937517785,0.25429145624486027,0.0,0.0,0.0,0.060380295810849416,0.060380295810849416,0.0,0.9442529378559883,0.07317830894839206,0.5149735170828668,0.5155491116602475,0.5150910602725419,0.30324232448338057,0.31984719368497566,0.31778855906558434,0.24947471778350302,0.27852948396401017,0.2760952709135046,0.24947471778350302,0.27852948396401017,0.2760952709135046,583.7290382563484,7.292431205216389,0.3586250028542761,0.0,0.0,3565.0,4328.20299500832,0.0,0.0,0.0,0.0,False,0.5383212618262131,0.4736489509052892,0.5359375368758947,0.3068391896284338,0.2962139288597023,0.3099756673911643,-0.27882174312411623
MiniBooNE,"repeat=2,fold=1",2,1,1,1,dKDB-current,0.003,validation-selected,adagrad,130064,50,2,52025,13007,65032,1.0,0,d8081c86823386fcb425d23728a9ce4a80a9ce36f46a74a260fa9ee2e3dc62bf,12422,601,0.23876982220086496,20,,20,0.6931471805599452,0.6931471805599453,0.6931471805599453,0.6307839701640764,0.6415749396372126,0.6358249615321715,0.172561092238225,0.20165440830536324,0.20123942567689831,0.1949633242876535,0.21773654529613842,0.21701037688889482,0.172561092238225,0.20165440830536324,0.20123942567689831,0.0,0.0,0.0,0.029093316067138247,0.029093316067138247,0.0,0.43992053133184933,0.01608213699077518,0.4512247187719468,0.4532404017912102,0.4520156055414759,0.24457907432899106,0.25930575017028423,0.2581149867662305,0.22750050548638862,0.24789166644522523,0.2467287808196085,0.22750050548638862,0.24789166644522523,0.2467287808196085,301.0660141314539,3.8997299674980606,0.23086533558595118,0.0,0.0,3565.0,4328.20299500832,0.0,0.0,0.0,0.0,False,0.5383212618262131,0.4736489509052892,0.5359375368758947,0.3068391896284338,0.2962139288597023,0.3099756673911643,-0.3342831285705315
MiniBooNE,"repeat=2,fold=1",2,1,1,1,dKDB-generative-init,0.01,fixed-0.01,adagrad,130064,50,2,52025,13007,65032,1.0,0,d8081c86823386fcb425d23728a9ce4a80a9ce36f46a74a260fa9ee2e3dc62bf,12422,601,0.23876982220086496,20,,20,0.4736489509052892,0.5359375368758947,0.5383212618262131,0.6397797143376391,0.7312046015866224,0.7205898065993956,0.1773552297296656,0.2827404232539972,0.283321378764037,0.2210489430530181,0.319103808758325,0.3198553525322192,0.1773552297296656,0.2827404232539972,0.283321378764037,0.0,0.0,0.0,0.10538519352433157,0.10538519352433157,0.0,0.4484641783326252,0.03636338550432783,0.35893301501965547,0.3711687550976794,0.36871618119951444,0.2563956724081331,0.28829490515156764,0.2872349087331286,0.23164252922405962,0.2734375759747565,0.2719182751992272,0.23164252922405962,0.2734375759747565,0.2719182751992272,12422.331478192278,111.8237795414326,1.5420317176237535,0.0,0.0,3565.0,4328.20299500832,0.0,0.0,0.0,0.0,False,0.5383212618262131,0.4736489509052892,0.5359375368758947,0.3068391896284338,0.2962139288597023,0.3099756673911643,-0.25319711362189756
MiniBooNE,"repeat=2,fold=1",2,1,1,1,dKDB-generative-init,0.01,validation-selected,adagrad,130064,50,2,52025,13007,65032,1.0,0,d8081c86823386fcb425d23728a9ce4a80a9ce36f46a74a260fa9ee2e3dc62bf,12422,601,0.23876982220086496,20,,20,0.4736489509052892,0.5359375368758947,0.5383212618262131,0.6397797143376391,0.7312046015866224,0.7205898065993956,0.1773552297296656,0.2827404232539972,0.283321378764037,0.2210489430530181,0.319103808758325,0.3198553525322192,0.1773552297296656,0.2827404232539972,0.283321378764037,0.0,0.0,0.0,0.10538519352433157,0.10538519352433157,0.0,0.4484641783326252,0.03636338550432783,0.35893301501965547,0.3711687550976794,0.36871618119951444,0.2563956724081331,0.28829490515156764,0.2872349087331286,0.23164252922405962,0.2734375759747565,0.2719182751992272,0.23164252922405962,0.2734375759747565,0.2719182751992272,12422.331478192278,111.8237795414326,1.5420317176237535,0.0,0.0,3565.0,4328.20299500832,0.0,0.0,0.0,0.0,False,0.5383212618262131,0.4736489509052892,0.5359375368758947,0.3068391896284338,0.2962139288597023,0.3099756673911643,-0.25319711362189756
MiniBooNE,"repeat=2,fold=1",2,1,2,2,dKDB-current,0.01,fixed-0.01,adagrad,130064,50,2,52025,13007,65032,1.0,0,ac0373b69590ff9aa0e23613e775e0bb4ee8c1530184fd8b0f06a224c568b7f8,134384,6469,2.583065833733782,15,16.0,20,0.6931471805599452,0.6931471805599453,0.6931471805599453,0.753410859786019,0.7923890851609838,0.7881258531431102,0.07541350634382588,0.23713642306828894,0.23388743906076803,0.09851885558327661,0.2409814371681515,0.23795935580243743,0.06297506694592345,0.23907554090844796,0.23564236552795345,-0.012438439397902429,0.001939117840159016,0.0017549264671854192,0.16172291672446307,0.1761004739625245,0.014377557238061445,0.5552526620926949,0.0038450140998625704,0.46906982706541567,0.4739254814222644,0.4728088395728617,0.16466125389778427,0.26871657184057557,0.26702967737190747,0.13684313344758386,0.26378706188665135,0.26202576924620224,0.12033344139207969,0.2627433170699834,0.26097669098129045,4693.57141030215,19.43065396352743,0.5887996044631854,7.257965309386149e-05,0.0,179.0,402.1100633791931,-0.0010437448166679686,-0.0010490782649117958,-0.016509692055504177,0.015465947238836208,True,0.4851907123915932,0.16722586607021256,0.4964932787873173,0.287545910876842,0.19601251600307476,0.28741460181470774,-0.25741773787886935
MiniBooNE,"repeat=2,fold=1",2,1,2,2,dKDB-current,0.003,validation-selected,adagrad,130064,50,2,52025,13007,65032,1.0,0,ac0373b69590ff9aa0e23613e775e0bb4ee8c1530184fd8b0f06a224c568b7f8,134384,6469,2.583065833733782,20,,20,0.6931471805599452,0.6931471805599453,0.6931471805599453,0.36441857200811545,0.38464362373481986,0.3823203245724538,0.12763562217629212,0.2084189705802047,0.2087411714727307,0.15533786085185808,0.21748583556737136,0.21799090149707626,0.12763562217629212,0.2084189705802047,0.2087411714727307,0.0,0.0,0.0,0.08078334840391257,0.08078334840391257,0.0,0.17622465315461516,0.009066864987166662,0.3540273278297476,0.3622349440624443,0.3610956653151565,0.20990125724235267,0.25737011457088643,0.2573859542019031,0.1857021263926177,0.2512160924098634,0.2510719048351962,0.1857021263926177,0.2512160924098634,0.2510719048351962,1917.839377671773,8.226527935371575,0.3498759358868531,7.257965309386149e-05,0.0,179.0,402.1100633791931,0.0,0.0,0.0,0.0,False,0.4851907123915932,0.16722586607021256,0.4964932787873173,0.287545910876842,0.19601251600307476,0.28741460181470774,-0.2880743082071126
MiniBooNE,"repeat=2,fold=1",2,1,2,2,dKDB-generative-init,0.01,fixed-0.01,adagrad,130064,50,2,52025,13007,65032,1.0,0,ac0373b69590ff9aa0e23613e775e0bb4ee8c1530184fd8b0f06a224c568b7f8,134384,6469,2.583065833733782,7,8.0,20,0.16722586607021256,0.4964932787873173,0.4851907123915932,0.12553187106431896,0.5128459569196093,0.5010762998677409,0.05272690940818844,0.47368698635256334,0.45918961403535336,0.04298984393828344,0.4752116339541989,0.45974563523229717,0.027922281825716048,0.48649147501651874,0.46895631368223334,-0.02480462758247239,0.012804488663955393,0.009766699646879984,0.42096007694437493,0.4585691931908027,0.037609116246427765,0.03915897056704598,0.0015246476016355648,0.18135085027550593,0.293618200580038,0.291772520725266,0.10684008371661416,0.28896453671287686,0.28791639862492385,0.12041357832037378,0.2891321559753719,0.2880482291028028,0.08045325190191403,0.28984023810464965,0.2886343448929993,134400.00438169006,367.11702200802625,1.3707727530009015,7.257965309386149e-05,236.0,179.0,402.1100633791931,0.0007080821292777539,0.000586115790196462,-0.03996032641845974,0.040668408547737483,True,0.4851907123915932,0.16722586607021256,0.4964932787873173,0.287545910876842,0.19601251600307476,0.28741460181470774,-0.010001803770798567
MiniBooNE,"repeat=2,fold=1",2,1,2,2,dKDB-generative-init,0.003,validation-selected,adagrad,130064,50,2,52025,13007,65032,1.0,0,ac0373b69590ff9aa0e23613e775e0bb4ee8c1530184fd8b0f06a224c568b7f8,134384,6469,2.583065833733782,20,,20,0.16722586607021256,0.4964932787873173,0.4851907123915932,0.14665530548781325,0.4837587099354618,0.4729616545530079,0.0729299172144146,0.4542879698636443,0.44189927722310607,0.08935378865311656,0.45855306451829736,0.4470390575152783,0.0729299172144146,0.4542879698636443,0.44189927722310607,0.0,0.0,0.0,0.3813580526492297,0.3813580526492297,0.0,0.02947074007181749,0.004265094654653079,0.186535718712789,0.2847011853035777,0.2850503664582803,0.15436606196121994,0.2845172564491212,0.28376669106456076,0.14051400738159037,0.28460378073979486,0.2840491946023317,0.14051400738159037,0.28460378073979486,0.2840491946023317,134389.07298950205,366.66594573527345,1.2154216640103424,7.257965309386149e-05,236.0,179.0,402.1100633791931,0.0,0.0,0.0,0.0,False,0.4851907123915932,0.16722586607021256,0.4964932787873173,0.287545910876842,0.19601251600307476,0.28741460181470774,-0.042205308923673024
MiniBooNE,"repeat=2,fold=1",2,1,3,3,dKDB-current,0.01,fixed-0.01,adagrad,130064,50,2,52025,13007,65032,1.0,0,810b4bf87fbec06de2bbd8e6234d00338b8f2dfce48ca26cd28e410938092f15,1087798,52365,20.909139836617012,8,9.0,20,0.6931471805599452,0.6931471805599453,0.6931471805599453,0.42741695285742687,0.5355516454700299,0.5341580065296716,0.03544885511617945,0.2400475238847336,0.24214822054742763,0.02905776070435384,0.2411548306967042,0.24342177975615936,0.01576029623209135,0.25079695780965294,0.2535705177815656,-0.0196885588840881,0.010749433924919338,0.011422297234137957,0.20459866876855415,0.2350366615775616,0.03043799280900744,0.29550412158529626,0.0011073068119706042,0.3863180442351879,0.4139917111285604,0.41329875082641027,0.05895104245034542,0.26755493896603905,0.2681910043639425,0.07007831356261965,0.2681423730798967,0.2687402287613043,0.034227248783671,0.2682508983518396,0.2689694346493749,19811.230270484033,33.94262959302738,0.3118096440732814,0.002480009841308894,0.0,14.0,49.67535567650148,0.00010852527194288308,0.00022920588807057163,-0.03585106477894865,0.03595959005089153,True,0.8175156199064753,0.01421340895408403,0.8196355097649778,0.31573613091750113,0.058643482265774996,0.3162769174822304,-0.5688385519553248
MiniBooNE,"repeat=2,fold=1",2,1,3,3,dKDB-current,0.003,validation-selected,adagrad,130064,50,2,52025,13007,65032,1.0,0,810b4bf87fbec06de2bbd8e6234d00338b8f2dfce48ca26cd28e410938092f15,1087798,52365,20.909139836617012,20,,20,0.6931471805599452,0.6931471805599453,0.6931471805599453,0.2678113356777933,0.30954330319739076,0.3087502491548538,0.07817885623654373,0.2212459027119924,0.2228177280665624,0.11083322802851153,0.228423086493697,0.22961798867697147,0.07817885623654373,0.2212459027119924,0.2228177280665624,0.0,0.0,0.0,0.14306704647544866,0.14306704647544866,0.0,0.08829740048539836,0.007177183781704594,0.2880764748399623,0.3143160807372602,0.31368465417599123,0.161856449141108,0.2643098396228675,0.26499291663148716,0.12619715648445234,0.2599375729700804,0.2608260767884667,0.12619715648445234,0.2599375729700804,0.2608260767884667,8132.862092710146,14.236581182070138,0.2219474600235817,0.002480009841308894,0.0,14.0,49.67535567650148,0.0,0.0,0.0,0.0,False,0.8175156199064753,0.01421340895408403,0.8196355097649778,0.31573613091750113,0.058643482265774996,0.3162769174822304,-0.5983896070529854
MiniBooNE,"repeat=2,fold=1",2,1,3,3,dKDB-generative-init,0.01,fixed-0.01,adagrad,130064,50,2,52025,13007,65032,1.0,0,810b4bf87fbec06de2bbd8e6234d00338b8f2dfce48ca26cd28e410938092f15,1087798,52365,20.909139836617012,0,1.0,20,0.01421340895408403,0.8196355097649778,0.8175156199064753,0.012977513091173074,0.8375470313136998,0.8366020709777928,0.01421340895408403,0.8196355097649778,0.8175156199064753,0.0020474747220540447,0.865997907785647,0.8648127789070061,0.0011887357685172273,0.8799905594177637,0.8792435311761516,-0.013024673185566804,0.06035504965278593,0.06172791126967636,0.8054221008108937,0.8788018236492465,0.07337972283835281,0.017911521548721998,0.046362398020669215,0.055757434167694166,0.31492753195806905,0.3145096253489898,0.018684104287907004,0.31733842848875415,0.3166082425637092,0.058643482265774996,0.3162769174822304,0.31573613091750113,0.010784719302429167,0.3171761183716263,0.3169097203589837,1088046.880216722,1043.5133144274523,1.5765304010361147,0.002480009841308894,8064.0,14.0,49.67535567650148,0.0008992008893958792,0.0011735894414825476,-0.04785876296334583,0.04875796385274167,True,0.8175156199064753,0.01421340895408403,0.8196355097649778,0.31573613091750113,0.058643482265774996,0.3162769174822304,0.06035504965278593
MiniBooNE,"repeat=2,fold=1",2,1,3,3,dKDB-generative-init,0.001,validation-selected,adagrad,130064,50,2,52025,13007,65032,1.0,0,810b4bf87fbec06de2bbd8e6234d00338b8f2dfce48ca26cd28e410938092f15,1087798,52365,20.909139836617012,0,1.0,20,0.01421340895408403,0.8196355097649778,0.8175156199064753,0.014604139635249702,0.8200050807343047,0.8182252449315225,0.01421340895408403,0.8196355097649778,0.8175156199064753,0.011325209442474463,0.8271334580907492,0.8248962091532273,0.009743494783905151,0.8314048112558969,0.8289785265918195,-0.00446991417017888,0.011769301490919148,0.01146290668534422,0.8054221008108937,0.8216613164719918,0.016239215661098094,0.00036957096932688227,0.007497948325771442,0.05928775977110219,0.31570471938593686,0.3154024248045602,0.052758017117391184,0.3168257931401602,0.31593970598932286,0.058643482265774996,0.3162769174822304,0.31573613091750113,0.04914994848547931,0.31736899979952,0.3162663431725111,1087829.9951422217,1043.0127818863627,1.0955073338862982,0.002480009841308894,8064.0,14.0,49.67535567650148,0.0010920823172895777,0.0005302122550099875,-0.009493533780295688,0.010585616097585238,True,0.8175156199064753,0.01421340895408403,0.8196355097649778,0.31573613091750113,0.058643482265774996,0.3162769174822304,0.011769301490919148
MiniBooNE,"repeat=2,fold=1",2,1,4,4,dKDB-current,0.01,fixed-0.01,adagrad,130064,50,2,52025,13007,65032,1.0,0,5e0f87fa5f4f8c9ec8b68fcfd33a55684d7f50bcbbe83d4e0065d409dc01575a,5161320,253067,99.20845747236905,7,8.0,20,0.6931471805599452,0.6931471805599453,0.6931471805599453,0.2872517295260449,0.4576456921498688,0.45478001617882036,0.02108725017546683,0.24890943547379904,0.24950684686730826,0.015259135641378265,0.24976716714260708,0.25040423220009594,0.0081830425875288,0.2556745118604538,0.25633747428366965,-0.01290420758793803,0.0067650763866547725,0.006830627416361396,0.2278221852983322,0.247491469272925,0.019669283974592805,0.20873625667606974,0.0008577316688080372,0.32144149548298073,0.3881560975696555,0.3868019314804046,0.029945994507554755,0.2754967945112909,0.2759947553837736,0.04052451050451147,0.2761733710689129,0.27668910948895803,0.017211959686167698,0.2758443474099313,0.27631463682144486,46953.33932536067,45.67277318250806,0.2460897745728911,0.030660290318612376,0.0,3.0,10.278898473526773,-0.0003290236589815754,-0.00037447266751317043,-0.02331255081834377,0.02298352715936222,True,1.02111953715675,0.0011922268940875492,1.041439999759619,0.33679078267358487,0.010802907588506095,0.3404550076011871,-0.7857654878991653
MiniBooNE,"repeat=2,fold=1",2,1,4,4,dKDB-current,0.003,validation-selected,adagrad,130064,50,2,52025,13007,65032,1.0,0,5e0f87fa5f4f8c9ec8b68fcfd33a55684d7f50bcbbe83d4e0065d409dc01575a,5161320,253067,99.20845747236905,20,,20,0.6931471805599452,0.6931471805599453,0.6931471805599453,0.25621686581687453,0.3181684948289038,0.3176430020974754,0.05828078785240145,0.24020652790509628,0.24082419214896764,0.09126014038218905,0.24906703655308293,0.24952790888013046,0.05828078785240145,0.24020652790509628,0.24082419214896764,0.0,0.0,0.0,0.18192574005269482,0.18192574005269482,0.0,0.07796196692380752,0.008860508647986653,0.2714564829724791,0.3143988820302823,0.3138612135376846,0.13300835544587855,0.2766587670038026,0.27702076316872004,0.09339002763349764,0.2718804362172291,0.27231592919576897,0.09339002763349764,0.2718804362172291,0.27231592919576897,19948.4187638859,19.790515136261245,0.2286328370447565,0.030660290318612376,0.0,3.0,10.278898473526773,0.0,0.0,0.0,0.0,False,1.02111953715675,0.0011922268940875492,1.041439999759619,0.33679078267358487,0.010802907588506095,0.3404550076011871,-0.8012334718545229
MiniBooNE,"repeat=2,fold=1",2,1,4,4,dKDB-generative-init,0.01,fixed-0.01,adagrad,130064,50,2,52025,13007,65032,1.0,0,5e0f87fa5f4f8c9ec8b68fcfd33a55684d7f50bcbbe83d4e0065d409dc01575a,5161320,253067,99.20845747236905,1,2.0,20,0.0011922268940875492,1.041439999759619,1.02111953715675,0.0011459163900018937,1.0390121227596203,1.0186996901035332,0.0011459163900018937,1.0390121227596203,1.0186996901035332,0.0008379247799237187,1.0410719202801708,1.0200178483555868,0.0007212004704711031,1.0424804773560423,1.0210403363358518,-0.0004247159195307906,0.0034683545964220297,0.002340646232318555,1.0378662063696185,1.0417592768855712,0.003893070515952779,0.0,0.0020597975205505215,0.010765095860485284,0.34013708953061794,0.33673983378941197,0.009122991758124224,0.34005373956345075,0.3364599176187059,0.010765095860485284,0.34013708953061794,0.33673983378941197,0.008034695412704265,0.3400092984892778,0.33635460136292067,5161492.958488164,2271.9463959774357,1.1696857682142972,0.030660290318612376,99695.0,3.0,10.278898473526773,-0.00012779104134014174,-0.00038523242649129985,-0.0027304004477810197,0.0026026094064409144,True,1.02111953715675,0.0011922268940875492,1.041439999759619,0.33679078267358487,0.010802907588506095,0.3404550076011871,0.0010404775964232282
MiniBooNE,"repeat=2,fold=1",2,1,4,4,dKDB-generative-init,0.01,validation-selected,adagrad,130064,50,2,52025,13007,65032,1.0,0,5e0f87fa5f4f8c9ec8b68fcfd33a55684d7f50bcbbe83d4e0065d409dc01575a,5161320,253067,99.20845747236905,1,2.0,20,0.0011922268940875492,1.041439999759619,1.02111953715675,0.0011459163900018937,1.0390121227596203,1.0186996901035332,0.0011459163900018937,1.0390121227596203,1.0186996901035332,0.0008379247799237187,1.0410719202801708,1.0200178483555868,0.0007212004704711031,1.0424804773560423,1.0210403363358518,-0.0004247159195307906,0.0034683545964220297,0.002340646232318555,1.0378662063696185,1.0417592768855712,0.003893070515952779,0.0,0.0020597975205505215,0.010765095860485284,0.34013708953061794,0.33673983378941197,0.009122991758124224,0.34005373956345075,0.3364599176187059,0.010765095860485284,0.34013708953061794,0.33673983378941197,0.008034695412704265,0.3400092984892778,0.33635460136292067,5161492.958488164,2271.9463959774357,1.1696857682142972,0.030660290318612376,99695.0,3.0,10.278898473526773,-0.00012779104134014174,-0.00038523242649129985,-0.0027304004477810197,0.0026026094064409144,True,1.02111953715675,0.0011922268940875492,1.041439999759619,0.33679078267358487,0.010802907588506095,0.3404550076011871,0.0010404775964232282
MiniBooNE,"repeat=2,fold=1",2,1,5,5,dKDB-current,0.01,fixed-0.01,adagrad,130064,50,2,52025,13007,65032,1.0,0,c5c75bec0731a255e61dc63c98f4356bbbf5e7a439de624c716360ffa8be8088,14162770,707155,272.2300816914945,13,14.0,20,0.6931471805599452,0.6931471805599453,0.6931471805599453,0.244757884812212,0.4471802064333276,0.4436964303312735,0.010017983258487056,0.2577385629509695,0.25744887291668017,0.012628643270905293,0.25796643834930166,0.25766427956375004,0.0068470596345434455,0.25855774828160005,0.25826844816802663,-0.0031709236239436103,0.0008191853306305785,0.0008195752513464605,0.24772057969248243,0.2517106886470566,0.003990108954574162,0.18944164348235815,0.00022787539833218906,0.2942387657824076,0.38644872026969634,0.38485956176664526,0.02327348938834246,0.28285915839841236,0.28359995856557846,0.018931855247023118,0.2823136080467553,0.28311041991040153,0.013935654451869287,0.2819373714429168,0.28281660163297184,77659.59616319147,54.22326929001777,0.2806814587674525,0.15004274818550867,0.0,1.0,3.6784721878513196,-0.000376236603838509,-0.0002938182774296916,-0.004996200795153831,0.004619964191315329,True,1.0989106365243362,0.0009263105870282363,1.1342824261018611,0.35832624040296457,0.007593729254698674,0.3571979454893568,-0.8757246778202611
MiniBooNE,"repeat=2,fold=1",2,1,5,5,dKDB-current,0.01,validation-selected,adagrad,130064,50,2,52025,13007,65032,1.0,0,c5c75bec0731a255e61dc63c98f4356bbbf5e7a439de624c716360ffa8be8088,14162770,707155,272.2300816914945,13,14.0,20,0.6931471805599452,0.6931471805599453,0.6931471805599453,0.244757884812212,0.4471802064333276,0.4436964303312735,0.010017983258487056,0.2577385629509695,0.25744887291668017,0.012628643270905293,0.25796643834930166,0.25766427956375004,0.0068470596345434455,0.25855774828160005,0.25826844816802663,-0.0031709236239436103,0.0008191853306305785,0.0008195752513464605,0.24772057969248243,0.2517106886470566,0.003990108954574162,0.18944164348235815,0.00022787539833218906,0.2942387657824076,0.38644872026969634,0.38485956176664526,0.02327348938834246,0.28285915839841236,0.28359995856557846,0.018931855247023118,0.2823136080467553,0.28311041991040153,0.013935654451869287,0.2819373714429168,0.28281660163297184,77659.59616319147,54.22326929001777,0.2806814587674525,0.15004274818550867,0.0,1.0,3.6784721878513196,-0.000376236603838509,-0.0002938182774296916,-0.004996200795153831,0.004619964191315329,True,1.0989106365243362,0.0009263105870282363,1.1342824261018611,0.35832624040296457,0.007593729254698674,0.3571979454893568,-0.8757246778202611
MiniBooNE,"repeat=2,fold=1",2,1,5,5,dKDB-generative-init,0.01,fixed-0.01,adagrad,130064,50,2,52025,13007,65032,1.0,0,c5c75bec0731a255e61dc63c98f4356bbbf5e7a439de624c716360ffa8be8088,14162770,707155,272.2300816914945,0,1.0,20,0.0009263105870282363,1.1342824261018611,1.0989106365243362,0.0008887097283555632,1.1343845785982063,1.098929373637423,0.0009263105870282363,1.1342824261018611,1.0989106365243362,0.0007709941715795125,1.1351812723994215,1.099422500469328,0.0006982896770524309,1.1358024903288881,1.0998721703922831,-0.00022802090997580543,0.001520064227026996,0.000961533867946951,1.1333561155148328,1.1351042006518357,0.0017480851370028638,0.00010215249634515366,0.0008988462975603184,0.007593720376083532,0.3574578969843715,0.35858658181371905,0.007593708333880958,0.35797181642613346,0.35914966575138313,0.007593729254698674,0.3571979454893568,0.35832624040296457,0.007593678276134476,0.3582623049605915,0.3594765322177998,14162775.714329667,3763.347636822629,1.144544530085357,0.15004274818550867,487879.0,1.0,3.6784721878513196,0.0010643594712347326,0.0011502918148352248,-5.097856419812585e-08,0.001064410449798936,True,1.0989106365243362,0.0009263105870282363,1.1342824261018611,0.35832624040296457,0.007593729254698674,0.3571979454893568,0.001520064227026996
MiniBooNE,"repeat=2,fold=1",2,1,5,5,dKDB-generative-init,0.001,validation-selected,adagrad,130064,50,2,52025,13007,65032,1.0,0,c5c75bec0731a255e61dc63c98f4356bbbf5e7a439de624c716360ffa8be8088,14162770,707155,272.2300816914945,0,1.0,20,0.0009263105870282363,1.1342824261018611,1.0989106365243362,0.0009225488322313545,1.134288401853334,1.0989085023839507,0.0009263105870282363,1.1342824261018611,1.0989106365243362,0.0009107654549076479,1.1342974388568374,1.0988926941822048,0.0009034868889225871,1.1343124341929551,1.0988931026039874,-2.2823698105649184e-05,3.0008091093991496e-05,-1.753392034875567e-05,1.1333561155148328,1.1334089473040325,5.283178919968101e-05,5.975751472764301e-06,1.5012754976284626e-05,0.007593727657334221,0.35722357628077656,0.35835200851433835,0.007593723614251528,0.35729483660943007,0.3584252299936389,0.007593729254698674,0.3571979454893568,0.35832624040296457,0.007593722105127106,0.35733964220507825,0.3584724110391406,14162770.785392761,3763.3458094545936,1.0144526731750019,0.15004274818550867,487879.0,1.0,3.6784721878513196,0.00014169671572145104,0.0001461706361760573,-7.1495715684571914e-09,0.00014170386529305246,False,1.0989106365243362,0.0009263105870282363,1.1342824261018611,0.35832624040296457,0.007593729254698674,0.3571979454893568,3.0008091093991496e-05
MiniBooNE,"repeat=2,fold=2",2,2,0,0,dKDB-current,0.01,fixed-0.01,adagrad,130064,50,2,52025,13007,65032,1.0,0,d0ae1d8b362399b0328a5a115b700c5fb30303828798919826dda462f03413fc,998,50,0.019183085055261895,20,,20,0.6931471805599452,0.6931471805599453,0.6931471805599453,1.8533167311002088,1.8526739941207415,1.8586581110464089,0.579679827865948,0.6014499645760173,0.5997564898189834,0.7928905252730193,0.8124853194324708,0.8124303484111155,0.579679827865948,0.6014499645760173,0.5997564898189834,0.0,0.0,0.0,0.021770136710069332,0.021770136710069332,0.0,1.2512240295447241,0.21103535485645353,0.5285295790693337,0.5285013287620799,0.5285338094192815,0.46157039171334524,0.46351437069896995,0.4640993960587211,0.412272390643409,0.4165585648525547,0.41663440390562856,0.412272390643409,0.4165585648525547,0.41663440390562856,48.618633782815124,2.22043491885337,0.4492197648505805,0.0,0.0,52025.0,52025.0,0.0,0.0,0.0,0.0,False,1.3985504043960593,1.3532737614724188,1.4671559218073271,0.35753892040002555,0.3529255743779254,0.3643407801537458,-0.8657059572313098
MiniBooNE,"repeat=2,fold=2",2,2,0,0,dKDB-current,0.001,validation-selected,adagrad,130064,50,2,52025,13007,65032,1.0,0,d0ae1d8b362399b0328a5a115b700c5fb30303828798919826dda462f03413fc,998,50,0.019183085055261895,20,,20,0.6931471805599452,0.6931471805599453,0.6931471805599453,0.7461536989964307,0.7524103489590852,0.7510716411282196,0.21774069473720636,0.2322741759417394,0.22645081586395996,0.24186776404788346,0.2550334017440713,0.24997680644776776,0.21774069473720636,0.2322741759417394,0.22645081586395996,0.0,0.0,0.0,0.014533481204533044,0.014533481204533044,0.0,0.5201361730173458,0.02275922580233189,0.48060282225027123,0.4814439777764127,0.48126524014531213,0.27419385986827194,0.28301998163446396,0.27982301595866405,0.2574676070911909,0.2677507622597856,0.26372967355368293,0.2574676070911909,0.2677507622597856,0.26372967355368293,24.476664512936452,1.096698923106111,0.19953282585327942,0.0,0.0,52025.0,52025.0,0.0,0.0,0.0,0.0,False,1.3985504043960593,1.3532737614724188,1.4671559218073271,0.35753892040002555,0.3529255743779254,0.3643407801537458,-1.2348817458655876
MiniBooNE,"repeat=2,fold=2",2,2,0,0,dKDB-generative-init,0.01,fixed-0.01,adagrad,130064,50,2,52025,13007,65032,1.0,0,d0ae1d8b362399b0328a5a115b700c5fb30303828798919826dda462f03413fc,998,50,0.019183085055261895,20,,20,1.3532737614724188,1.4671559218073271,1.3985504043960593,1.8906250443177903,1.9711065306072597,1.9559446906896263,0.4557049673868739,0.4825695553018042,0.479689086216955,0.5462133264520916,0.5782969405910973,0.5743835249194915,0.4557049673868739,0.4825695553018042,0.479689086216955,0.0,0.0,0.0,0.026864587914930294,0.026864587914930294,0.0,1.4885369753054556,0.09572738528929309,0.41669266996171483,0.42146237296989686,0.4215587088155211,0.3887681305936963,0.3953471154559515,0.3947147300600828,0.368408883962705,0.3754772701938221,0.37481110174341203,0.368408883962705,0.3754772701938221,0.37481110174341203,998.0433727581991,32.123801117998894,1.72488120585399,0.0,0.0,52025.0,52025.0,0.0,0.0,0.0,0.0,False,1.3985504043960593,1.3532737614724188,1.4671559218073271,0.35753892040002555,0.3529255743779254,0.3643407801537458,-0.984586366505523
MiniBooNE,"repeat=2,fold=2",2,2,0,0,dKDB-generative-init,0.003,validation-selected,adagrad,130064,50,2,52025,13007,65032,1.0,0,d0ae1d8b362399b0328a5a115b700c5fb30303828798919826dda462f03413fc,998,50,0.019183085055261895,20,,20,1.3532737614724188,1.4671559218073271,1.3985504043960593,0.980930290973181,1.0674676745295386,1.0243453458455578,0.26984772971519944,0.30594205788576556,0.2933211178286677,0.39079091751494055,0.4344880506732974,0.4183580184925561,0.26984772971519944,0.30594205788576556,0.2933211178286677,0.0,0.0,0.0,0.036094328170566126,0.036094328170566126,0.0,0.761525616643773,0.12854599278753182,0.32564775121543243,0.33513865644628166,0.33237956061412693,0.27625045109423946,0.29074865947598577,0.2841675643591825,0.2588746958569136,0.27583358153214615,0.2691075210871614,0.2588746958569136,0.27583358153214615,0.2691075210871614,998.0118202939989,31.942162153515095,1.669417842624512,0.0,0.0,52025.0,52025.0,0.0,0.0,0.0,0.0,False,1.3985504043960593,1.3532737614724188,1.4671559218073271,0.35753892040002555,0.3529255743779254,0.3643407801537458,-1.1612138639215615
MiniBooNE,"repeat=2,fold=2",2,2,1,1,dKDB-current,0.01,fixed-0.01,adagrad,130064,50,2,52025,13007,65032,1.0,0,65c1403df2b427f8795b0af86677907180c2520588a78d85d379da5173fbf946,11970,588,0.2300816914944738,20,,20,0.6931471805599452,0.6931471805599453,0.6931471805599453,1.201313138981598,1.213316022997291,1.2140324383995487,0.1891554412517359,0.2589198451461765,0.25506866308014764,0.27368292998020904,0.32870291358509074,0.32725462313205617,0.1891554412517359,0.2589198451461765,0.25506866308014764,0.0,0.0,0.0,0.06976440389444061,0.06976440389444061,0.0,0.9543961778511145,0.06978306843891424,0.5146346908163517,0.5152204020719071,0.5152705699469025,0.2985753224425847,0.3188195693402173,0.31920050121654503,0.244696539436432,0.2794819642523561,0.27795691270157724,0.244696539436432,0.2794819642523561,0.27795691270157724,572.8774916280854,7.360433235882063,0.58035174653297,0.0,0.0,3423.0,4423.89455782313,0.0,0.0,0.0,0.0,False,0.5214030378249626,0.4564558982552337,0.5522242601206645,0.30593251080133166,0.2927763100727179,0.31324925171475515,-0.293304414974488
MiniBooNE,"repeat=2,fold=2",2,2,1,1,dKDB-current,0.003,validation-selected,adagrad,130064,50,2,52025,13007,65032,1.0,0,65c1403df2b427f8795b0af86677907180c2520588a78d85d379da5173fbf946,11970,588,0.2300816914944738,20,,20,0.6931471805599452,0.6931471805599453,0.6931471805599453,0.6326940170713209,0.6426782991307852,0.6428276735343784,0.16744970277172838,0.20538011647951018,0.1994988061806262,0.18999309291440017,0.22059950989312607,0.21561072433963815,0.16744970277172838,0.20538011647951018,0.1994988061806262,0.0,0.0,0.0,0.0379304137077818,0.0379304137077818,0.0,0.43729818265127507,0.01521939341361589,0.45004945130995816,0.45207489357294034,0.45222087176079534,0.2407544468913978,0.2611486636243093,0.25816874310329296,0.22344003338041526,0.25018365442777885,0.24640097572303366,0.22344003338041526,0.25018365442777885,0.24640097572303366,296.9850666928033,3.9744158632859787,0.40229276184884577,0.0,0.0,3423.0,4423.89455782313,0.0,0.0,0.0,0.0,False,0.5214030378249626,0.4564558982552337,0.5522242601206645,0.30593251080133166,0.2927763100727179,0.31324925171475515,-0.34684414364115435
MiniBooNE,"repeat=2,fold=2",2,2,1,1,dKDB-generative-init,0.01,fixed-0.01,adagrad,130064,50,2,52025,13007,65032,1.0,0,65c1403df2b427f8795b0af86677907180c2520588a78d85d379da5173fbf946,11970,588,0.2300816914944738,20,,20,0.4564558982552337,0.5522242601206645,0.5214030378249626,0.6090535178606515,0.6967962169393208,0.7077457116387569,0.1670342358332783,0.28073658133545687,0.27769272154571367,0.20772414093824512,0.31318084316278577,0.3120350029726497,0.1670342358332783,0.28073658133545687,0.27769272154571367,0.0,0.0,0.0,0.11370234550217856,0.11370234550217856,0.0,0.41605963560386394,0.0324442618273289,0.3544992610439494,0.3684497147434525,0.3697932672375948,0.24914358715860657,0.2881189836856985,0.2867140814908662,0.22510835617214447,0.27480172534590763,0.27193138753371277,0.22510835617214447,0.27480172534590763,0.27193138753371277,11970.262699485866,109.73059973883765,1.3700315778342007,0.0,0.0,3423.0,4423.89455782313,0.0,0.0,0.0,0.0,False,0.5214030378249626,0.4564558982552337,0.5522242601206645,0.30593251080133166,0.2927763100727179,0.31324925171475515,-0.27148767878520763
MiniBooNE,"repeat=2,fold=2",2,2,1,1,dKDB-generative-init,0.01,validation-selected,adagrad,130064,50,2,52025,13007,65032,1.0,0,65c1403df2b427f8795b0af86677907180c2520588a78d85d379da5173fbf946,11970,588,0.2300816914944738,20,,20,0.4564558982552337,0.5522242601206645,0.5214030378249626,0.6090535178606515,0.6967962169393208,0.7077457116387569,0.1670342358332783,0.28073658133545687,0.27769272154571367,0.20772414093824512,0.31318084316278577,0.3120350029726497,0.1670342358332783,0.28073658133545687,0.27769272154571367,0.0,0.0,0.0,0.11370234550217856,0.11370234550217856,0.0,0.41605963560386394,0.0324442618273289,0.3544992610439494,0.3684497147434525,0.3697932672375948,0.24914358715860657,0.2881189836856985,0.2867140814908662,0.22510835617214447,0.27480172534590763,0.27193138753371277,0.22510835617214447,0.27480172534590763,0.27193138753371277,11970.262699485866,109.73059973883765,1.3700315778342007,0.0,0.0,3423.0,4423.89455782313,0.0,0.0,0.0,0.0,False,0.5214030378249626,0.4564558982552337,0.5522242601206645,0.30593251080133166,0.2927763100727179,0.31324925171475515,-0.27148767878520763
MiniBooNE,"repeat=2,fold=2",2,2,2,2,dKDB-current,0.01,fixed-0.01,adagrad,130064,50,2,52025,13007,65032,1.0,0,b1619127f3ddffac5bb67f9ba7991abbc26a679727f41eeaa926fc717a65ae0e,124622,6069,2.3954252763094668,15,16.0,20,0.6931471805599452,0.6931471805599453,0.6931471805599453,0.7638468751860206,0.8048387764380055,0.8023968213476286,0.07560554868111344,0.24157359212481802,0.23469869981615732,0.09905058695756346,0.2459579057243445,0.23986980485171588,0.06308093887817379,0.2432293665061725,0.2357180301672021,-0.012524609802939651,0.0016557743813544745,0.0010193303510447893,0.16596804344370458,0.1801484276279987,0.014180384184294126,0.5632651843131875,0.004384313599526485,0.4658876167156287,0.471073943506313,0.4709149524335847,0.16574971621025655,0.27343132506974216,0.269237471880526,0.13757347174072998,0.26834687585638606,0.2635765398205523,0.12092117048331216,0.26719986596704415,0.2620970963743322,4680.1554856794555,19.626956609163447,0.5554208140419765,5.9970476073317755e-05,0.0,194.0,428.6126215191959,-0.00114700988934191,-0.0014794434462200856,-0.016652301257417818,0.015505291368075907,True,0.48938841291943963,0.16216497166159638,0.5105382547899953,0.28871727598014973,0.19318940959536568,0.2932736855773113,-0.26730888828382277
MiniBooNE,"repeat=2,fold=2",2,2,2,2,dKDB-current,0.003,validation-selected,adagrad,130064,50,2,52025,13007,65032,1.0,0,b1619127f3ddffac5bb67f9ba7991abbc26a679727f41eeaa926fc717a65ae0e,124622,6069,2.3954252763094668,20,,20,0.6931471805599452,0.6931471805599453,0.6931471805599453,0.36875032691251575,0.3903867472180523,0.38868803180204936,0.12762126140456556,0.21478156595206913,0.20844095240604857,0.15555197036862775,0.22385940353249628,0.21823322363285516,0.12762126140456556,0.21478156595206913,0.20844095240604857,0.0,0.0,0.0,0.08716030454750356,0.08716030454750356,0.0,0.17560518126598315,0.009077837580427156,0.35459604853146454,0.36344890603666324,0.3632270063135746,0.21000089453840115,0.26214127529981857,0.2578472524565449,0.18579680523307246,0.25628313043121925,0.25130933637718966,0.18579680523307246,0.25628313043121925,0.25130933637718966,1903.0834532990962,8.240820214600618,0.3545676958536229,5.9970476073317755e-05,0.0,194.0,428.6126215191959,0.0,0.0,0.0,0.0,False,0.48938841291943963,0.16216497166159638,0.5105382547899953,0.28871727598014973,0.19318940959536568,0.2932736855773113,-0.29575668883792616
MiniBooNE,"repeat=2,fold=2",2,2,2,2,dKDB-generative-init,0.01,fixed-0.01,adagrad,130064,50,2,52025,13007,65032,1.0,0,b1619127f3ddffac5bb67f9ba7991abbc26a679727f41eeaa926fc717a65ae0e,124622,6069,2.3954252763094668,8,9.0,20,0.16216497166159638,0.5105382547899953,0.48938841291943963,0.12980349905322702,0.5387863472540341,0.5232544892248248,0.0482650207121589,0.4843253250148228,0.46663633794494386,0.04235347531296317,0.48480070336551084,0.466597411664952,0.027669341063419693,0.4941041943201663,0.47392514134025715,-0.020595679648739207,0.009778869305343496,0.0072888033953132925,0.4360603043026639,0.4664348532567466,0.030374548954082703,0.05446102223921129,0.00047537835068806045,0.18470979848863645,0.30290672665256824,0.2981459817486948,0.10764547041291668,0.29752042137681334,0.2922905398150159,0.11628377616819255,0.29751766665312046,0.2924700872372824,0.08087772028974684,0.29826941987062006,0.2923736308909053,124634.98850205823,353.5907181141067,1.469751311920799,5.9970476073317755e-05,195.0,194.0,428.6126215191959,0.0007517532174995956,-9.64563463771162e-05,-0.03540605587844571,0.03615780909594532,True,0.48938841291943963,0.16216497166159638,0.5105382547899953,0.28871727598014973,0.19318940959536568,0.2932736855773113,-0.01643406046982898
MiniBooNE,"repeat=2,fold=2",2,2,2,2,dKDB-generative-init,0.003,validation-selected,adagrad,130064,50,2,52025,13007,65032,1.0,0,b1619127f3ddffac5bb67f9ba7991abbc26a679727f41eeaa926fc717a65ae0e,124622,6069,2.3954252763094668,20,,20,0.16216497166159638,0.5105382547899953,0.48938841291943963,0.1441479515037285,0.4992352937864659,0.4778804639474895,0.07184901400568885,0.4638622084787164,0.4470954734236153,0.08837124589543076,0.4699338163120635,0.45306486308734945,0.07184901400568885,0.4638622084787164,0.4470954734236153,0.0,0.0,0.0,0.3920131944730275,0.3920131944730275,0.0,0.03537308530774952,0.006071607833347092,0.18496625277444684,0.2915147568733393,0.2868406308485596,0.15464785686697421,0.2911472174168736,0.2871296446465023,0.1411665516502794,0.2917364173010791,0.28768088175466255,0.1411665516502794,0.2917364173010791,0.28768088175466255,124626.2028300793,353.10457573853176,1.2513407205488627,5.9970476073317755e-05,195.0,194.0,428.6126215191959,0.0,0.0,0.0,0.0,False,0.48938841291943963,0.16216497166159638,0.5105382547899953,0.28871727598014973,0.19318940959536568,0.2932736855773113,-0.04667604631127886
MiniBooNE,"repeat=2,fold=2",2,2,3,3,dKDB-current,0.01,fixed-0.01,adagrad,130064,50,2,52025,13007,65032,1.0,0,8b60e43aa6fd6f9c36fce54afd45e15316627ca5c039e8017f94c287d68dc3e5,1021740,50080,19.639404132628545,7,8.0,20,0.6931471805599452,0.6931471805599453,0.6931471805599453,0.4372489154323206,0.5466700993374053,0.5443146109558176,0.04072038178293516,0.24857979099868768,0.23883018610157652,0.02970650387187743,0.2503004462349583,0.23944824792698466,0.016316832520482126,0.26140321692771074,0.24840062635150345,-0.024403549262453035,0.012823425929023052,0.009570440249926926,0.20785940921575252,0.2450863844072286,0.03722697519147608,0.29809030833871764,0.0017206552362706018,0.38667841666336,0.4142625029632483,0.4147193020423835,0.06072913948983524,0.27248947782991295,0.2672570637673309,0.07942770811339145,0.2737654048222538,0.2688059897064115,0.03651355254971596,0.2731620072906521,0.26769787018776703,19718.317633383973,33.96715266857919,0.31668441803065434,0.002135256489113052,0.0,14.0,51.941892971246006,-0.0006033975316017126,-0.0011081195186444792,-0.04291415556367549,0.04231075803207379,True,0.7858702120384943,0.015640195661541026,0.8415854333381316,0.31073258772154844,0.061117374036926644,0.3182899536986199,-0.5801822164104209
MiniBooNE,"repeat=2,fold=2",2,2,3,3,dKDB-current,0.003,validation-selected,adagrad,130064,50,2,52025,13007,65032,1.0,0,8b60e43aa6fd6f9c36fce54afd45e15316627ca5c039e8017f94c287d68dc3e5,1021740,50080,19.639404132628545,20,,20,0.6931471805599452,0.6931471805599453,0.6931471805599453,0.27030609143868894,0.3143288792814707,0.312188719420581,0.07857017586727115,0.227599720997991,0.22004959256517598,0.11114703921508656,0.23387976736572133,0.2276605986515188,0.07857017586727115,0.227599720997991,0.22004959256517598,0.0,0.0,0.0,0.14902954513071986,0.14902954513071986,0.0,0.08672915828347968,0.00628004636773033,0.29028165291015245,0.31736775015352064,0.31633572173127406,0.16236350475662045,0.26776721991940183,0.2638111570299825,0.126905581377122,0.263874490497343,0.2592993436093686,0.126905581377122,0.263874490497343,0.2592993436093686,8051.061975858729,14.168125999874283,0.2458458914770132,0.002135256489113052,0.0,14.0,51.941892971246006,0.0,0.0,0.0,0.0,False,0.7858702120384943,0.015640195661541026,0.8415854333381316,0.31073258772154844,0.061117374036926644,0.3182899536986199,-0.6139857123401407
MiniBooNE,"repeat=2,fold=2",2,2,3,3,dKDB-generative-init,0.01,fixed-0.01,adagrad,130064,50,2,52025,13007,65032,1.0,0,8b60e43aa6fd6f9c36fce54afd45e15316627ca5c039e8017f94c287d68dc3e5,1021740,50080,19.639404132628545,0,1.0,20,0.015640195661541026,0.8415854333381316,0.7858702120384943,0.013587329514806179,0.8661130476144493,0.8074156901907505,0.015640195661541026,0.8415854333381316,0.7858702120384943,0.0024051116842751462,0.901685633485035,0.8394595421362925,0.0012781005662058967,0.916386922665187,0.8532420905644174,-0.014362095095335129,0.07480148932705533,0.06737187852592308,0.8259452376765906,0.915108822098981,0.08916358442239047,0.024527614276317666,0.060100200146903426,0.056613706554856875,0.31766080577408623,0.3103144275075213,0.022063343406763074,0.3214834174056737,0.3131891354859193,0.061117374036926644,0.3182899536986199,0.31073258772154844,0.015277742947788267,0.3217135429662009,0.31339630862009715,1021986.3921396245,1011.3619664512988,1.4777967914350405,0.002135256489113052,6943.0,14.0,51.941892971246006,0.0034235892675810176,0.002663720898548716,-0.045839631089138376,0.04926322035671937,True,0.7858702120384943,0.015640195661541026,0.8415854333381316,0.31073258772154844,0.061117374036926644,0.3182899536986199,0.07480148932705533
MiniBooNE,"repeat=2,fold=2",2,2,3,3,dKDB-generative-init,0.001,validation-selected,adagrad,130064,50,2,52025,13007,65032,1.0,0,8b60e43aa6fd6f9c36fce54afd45e15316627ca5c039e8017f94c287d68dc3e5,1021740,50080,19.639404132628545,0,1.0,20,0.015640195661541026,0.8415854333381316,0.7858702120384943,0.01604908773302482,0.8427874073591533,0.7867380044012383,0.015640195661541026,0.8415854333381316,0.7858702120384943,0.012296463885053621,0.8513114331738061,0.794572767215792,0.01057177003311856,0.8566017180385571,0.7994092043090606,-0.0050684256284224665,0.015016284700425486,0.013538992270566319,0.8259452376765906,0.8460299480054385,0.020084710328847954,0.0012019740210216234,0.00972599983567446,0.06183671225163931,0.31791201807274355,0.31042349717549134,0.054304674997269375,0.3190108584683446,0.31123707870692713,0.061117374036926644,0.3182899536986199,0.31073258772154844,0.0502726880798029,0.3196481593874113,0.3117207841063906,1021771.988731589,1010.8499623348453,1.0933828264901755,0.002135256489113052,6943.0,14.0,51.941892971246006,0.001358205688791414,0.0009881963848421549,-0.010844685957123741,0.012202891645915148,True,0.7858702120384943,0.015640195661541026,0.8415854333381316,0.31073258772154844,0.061117374036926644,0.3182899536986199,0.015016284700425486
MiniBooNE,"repeat=2,fold=2",2,2,4,4,dKDB-current,0.01,fixed-0.01,adagrad,130064,50,2,52025,13007,65032,1.0,0,0d223e3c1f0b4732782ba7a82337e163d5a942b51c7c7b0f311ea91f40db50c3,5071938,249546,97.49039884670832,7,8.0,20,0.6931471805599452,0.6931471805599453,0.6931471805599453,0.2976555899273967,0.46286467942295373,0.4622441668829475,0.02166212000201055,0.2530419498198351,0.24800074038650202,0.01574565930237989,0.2541956963430692,0.24863957542942028,0.00856758444100522,0.26062346581818346,0.2541339818346082,-0.013094535561005332,0.007581515998348387,0.0061332414481062025,0.2313798298178245,0.25205588137717827,0.02067605155935376,0.20982272960311865,0.0011537465232341337,0.3262358233659824,0.38842755626219944,0.3890747967019776,0.03166837010080216,0.27866922432107527,0.2758032369234546,0.04199654725911502,0.27920081043486167,0.2765776065039976,0.01957741580266955,0.27927729094993586,0.2760493689081539,47368.986578075266,46.044647384413594,0.3079072266229423,0.029359699840078732,0.0,3.0,10.42392985661962,7.64805150741954e-05,-0.0005282375958436947,-0.022419131456445474,0.022495611971519697,True,1.0073509279744732,0.0013496410052287278,1.0525054454933545,0.3395208791497534,0.014041309062858809,0.3461493804069062,-0.791881979675171
MiniBooNE,"repeat=2,fold=2",2,2,4,4,dKDB-current,0.003,validation-selected,adagrad,130064,50,2,52025,13007,65032,1.0,0,0d223e3c1f0b4732782ba7a82337e163d5a942b51c7c7b0f311ea91f40db50c3,5071938,249546,97.49039884670832,20,,20,0.6931471805599452,0.6931471805599453,0.6931471805599453,0.25861866582794474,0.3222829685331267,0.32151016737521904,0.05918198652021483,0.24498444796157703,0.24069514749635607,0.09246813309357976,0.25356071257052604,0.2501955845208207,0.05918198652021483,0.24498444796157703,0.24069514749635607,0.0,0.0,0.0,0.1858024614413622,0.1858024614413622,0.0,0.07729852057154968,0.008576264608949002,0.2737539875454387,0.31692457900573723,0.31644818358797744,0.1344747435504515,0.2794545201589044,0.2772920146919129,0.09463888594861398,0.2749310060363495,0.2722040028463921,0.09463888594861398,0.2749310060363495,0.2722040028463921,19971.22624196935,19.81230031888158,0.2748526797506827,0.029359699840078732,0.0,3.0,10.42392985661962,0.0,0.0,0.0,0.0,False,1.0073509279744732,0.0013496410052287278,1.0525054454933545,0.3395208791497534,0.014041309062858809,0.3461493804069062,-0.8075209975317774
MiniBooNE,"repeat=2,fold=2",2,2,4,4,dKDB-generative-init,0.01,fixed-0.01,adagrad,130064,50,2,52025,13007,65032,1.0,0,0d223e3c1f0b4732782ba7a82337e163d5a942b51c7c7b0f311ea91f40db50c3,5071938,249546,97.49039884670832,0,1.0,20,0.0013496410052287278,1.0525054454933545,1.0073509279744732,0.0012417102688689907,1.0538260878246632,1.0075278730172077,0.0013496410052287278,1.0525054454933545,1.0073509279744732,0.0007559461855881819,1.0550562474555945,1.0093953378033516,0.0006272089179218907,1.0564187321043088,1.010961354049034,-0.0007224320873068371,0.0039132866109543585,0.0036104260745608574,1.0511558044881257,1.055791523186387,0.004635718698261293,0.0013206423313087967,0.0025508019622400013,0.014289651069578404,0.3457177681245638,0.3390612453543129,0.011989221768208104,0.34526024210934353,0.3388316127853927,0.014041309062858809,0.3461493804069062,0.3395208791497534,0.011544222237671691,0.3450827745989403,0.33874972728615155,5072114.823131123,2252.1949264130585,1.1946110886726924,0.029359699840078732,95466.0,3.0,10.42392985661962,-0.0010666058079658591,-0.0007711518636018266,-0.0024970868251871173,0.0014304810172212634,True,1.0073509279744732,0.0013496410052287278,1.0525054454933545,0.3395208791497534,0.014041309062858809,0.3461493804069062,0.0039132866109543585
MiniBooNE,"repeat=2,fold=2",2,2,4,4,dKDB-generative-init,0.001,validation-selected,adagrad,130064,50,2,52025,13007,65032,1.0,0,0d223e3c1f0b4732782ba7a82337e163d5a942b51c7c7b0f311ea91f40db50c3,5071938,249546,97.49039884670832,0,1.0,20,0.0013496410052287278,1.0525054454933545,1.0073509279744732,0.001339972372877589,1.0525178464449825,1.0072011950835373,0.0013496410052287278,1.0525054454933545,1.0073509279744732,0.0012638005862171927,1.0527651238601567,1.0076093179554946,0.0012215123689461609,1.052959835094416,1.007894887968985,-0.00012812863628256692,0.0004543896010615889,0.0005439599945118445,1.0511558044881257,1.05173832272547,0.0005825182373442317,1.2400951628022128e-05,0.00025967836680229617,0.014074080956778433,0.3460823712153225,0.3394500145975748,0.013662475506441646,0.34595021063313774,0.33938235650683585,0.014041309062858809,0.3461493804069062,0.3395208791497534,0.013458672631179822,0.345866303169561,0.33933862666067455,5071962.527880733,2252.1080317899387,1.0220804065698519,0.029359699840078732,95466.0,3.0,10.42392985661962,-0.000283077237345164,-0.00018225248907882685,-0.0005826364316789869,0.0002995591943338316,True,1.0073509279744732,0.0013496410052287278,1.0525054454933545,0.3395208791497534,0.014041309062858809,0.3461493804069062,0.0004543896010615889
MiniBooNE,"repeat=2,fold=2",2,2,5,5,dKDB-current,0.01,fixed-0.01,adagrad,130064,50,2,52025,13007,65032,1.0,0,12783f50809154908a953ff11b68dd16fd0b2131ec45690105b8109c88f133ee,13544020,682248,260.3367611725132,13,14.0,20,0.6931471805599452,0.6931471805599453,0.6931471805599453,0.25249054799104986,0.4480051957485836,0.4469816701704118,0.010435567461722011,0.25722894619199393,0.2532905930433344,0.01309356155414635,0.25747537805214304,0.25369850239843134,0.00721152829788472,0.25799439107368094,0.25380172795573974,-0.0032240391638372907,0.0007654448816870052,0.0005111349124053421,0.24679337873027193,0.2507828627757962,0.003989484045524266,0.19077624955658967,0.00024643186014911,0.29889835753045785,0.38535273923730146,0.385661975204061,0.025489173092926132,0.2836115283633366,0.28128572644745803,0.021342062875716477,0.2831583656005387,0.2807322026075592,0.016680941936839968,0.28291754584373235,0.2803563555209656,76754.86385219742,54.33112818940001,0.29164722427412754,0.14318028047730347,0.0,1.0,3.8127631008079175,-0.00024081975680634304,-0.0003758470865936059,-0.004661120938876509,0.004420301182070208,True,1.0808534771028013,0.0011723425001829754,1.1539209029743442,0.35855611133753973,0.011597690609341935,0.36647144930400866,-0.8959265119006633
MiniBooNE,"repeat=2,fold=2",2,2,5,5,dKDB-current,0.01,validation-selected,adagrad,130064,50,2,52025,13007,65032,1.0,0,12783f50809154908a953ff11b68dd16fd0b2131ec45690105b8109c88f133ee,13544020,682248,260.3367611725132,13,14.0,20,0.6931471805599452,0.6931471805599453,0.6931471805599453,0.25249054799104986,0.4480051957485836,0.4469816701704118,0.010435567461722011,0.25722894619199393,0.2532905930433344,0.01309356155414635,0.25747537805214304,0.25369850239843134,0.00721152829788472,0.25799439107368094,0.25380172795573974,-0.0032240391638372907,0.0007654448816870052,0.0005111349124053421,0.24679337873027193,0.2507828627757962,0.003989484045524266,0.19077624955658967,0.00024643186014911,0.29889835753045785,0.38535273923730146,0.385661975204061,0.025489173092926132,0.2836115283633366,0.28128572644745803,0.021342062875716477,0.2831583656005387,0.2807322026075592,0.016680941936839968,0.28291754584373235,0.2803563555209656,76754.86385219742,54.33112818940001,0.29164722427412754,0.14318028047730347,0.0,1.0,3.8127631008079175,-0.00024081975680634304,-0.0003758470865936059,-0.004661120938876509,0.004420301182070208,True,1.0808534771028013,0.0011723425001829754,1.1539209029743442,0.35855611133753973,0.011597690609341935,0.36647144930400866,-0.8959265119006633
MiniBooNE,"repeat=2,fold=2",2,2,5,5,dKDB-generative-init,0.01,fixed-0.01,adagrad,130064,50,2,52025,13007,65032,1.0,0,12783f50809154908a953ff11b68dd16fd0b2131ec45690105b8109c88f133ee,13544020,682248,260.3367611725132,0,1.0,20,0.0011723425001829754,1.1539209029743442,1.0808534771028013,0.001058595565917253,1.1552712248946444,1.0821848215447007,0.0011723425001829754,1.1539209029743442,1.0808534771028013,0.0007696072102795428,1.157548574531084,1.0839035155080217,0.0006419076856655665,1.1589983970855327,1.0849820004651283,-0.0005304348145174089,0.0050774941111884075,0.004128523362326941,1.1527485604741612,1.158356489399867,0.00560792892570583,0.001350321920300157,0.00362767155673982,0.01159513526974705,0.3668228659391762,0.35890260993140705,0.011559821975012565,0.36747192644923954,0.35950500312669237,0.011597690609341935,0.36647144930400866,0.35855611133753973,0.011487502872584909,0.367822565566881,0.35982594500239545,13544027.703295687,3680.2230812321154,1.2180416955699658,0.14318028047730347,465565.0,1.0,3.8127631008079175,0.0013511162628723206,0.001269833664855724,-0.00011018773675702635,0.0014613039996293486,True,1.0808534771028013,0.0011723425001829754,1.1539209029743442,0.35855611133753973,0.011597690609341935,0.36647144930400866,0.0050774941111884075
MiniBooNE,"repeat=2,fold=2",2,2,5,5,dKDB-generative-init,0.001,validation-selected,adagrad,130064,50,2,52025,13007,65032,1.0,0,12783f50809154908a953ff11b68dd16fd0b2131ec45690105b8109c88f133ee,13544020,682248,260.3367611725132,0,1.0,20,0.0011723425001829754,1.1539209029743442,1.0808534771028013,0.0011608989826102814,1.1540552323852906,1.080986502029086,0.0011723425001829754,1.1539209029743442,1.0808534771028013,0.0011299037679964716,1.1540794556489662,1.081018756613978,0.0011110109774898121,1.1541050217645537,1.0810419756787932,-6.133152269316325e-05,0.0001841187902094088,0.00018849857599190223,1.1527485604741612,1.1529940107870638,0.00024545031290257313,0.00013432941094637663,0.0001585526746219479,0.011597519958045642,0.366506168775044,0.358590750105248,0.011596977777271944,0.3665666262381982,0.35865796656377985,0.011597690609341935,0.36647144930400866,0.35855611133753973,0.011596580721191336,0.3666029116678779,0.35869777456106755,13544021.024525078,3680.2204010225614,1.0234864672250823,0.14318028047730347,465565.0,1.0,3.8127631008079175,0.00013146236386923915,0.00014166322352782146,-1.1098881505990782e-06,0.0001325722520198469,True,1.0808534771028013,0.0011723425001829754,1.1539209029743442,0.35855611133753973,0.011597690609341935,0.36647144930400866,0.0001841187902094088
Covertype,"repeat=1,fold=1",1,1,0,0,dKDB-current,0.01,fixed-0.01,adagrad,581012,54,7,232404,58102,290506,1.0,0,e52557c8b0082e0c757b8a17c0d589976b28fd8cb7d088edc485e9532e850f6f,1953,54,0.00840346981979656,20,,20,1.945910149055315,1.9459101490553148,1.9459101490553148,0.7014134629640768,0.7077630115651748,0.7060962888098669,0.5886831304415117,0.596374225333886,0.5946119155089064,0.5970391401794538,0.6044932198868467,0.6027987451527308,0.5886831304415117,0.596374225333886,0.5946119155089064,0.0,0.0,0.0,0.007691094892374295,0.007691094892374295,0.0,0.1113887862312889,0.008118994552960723,0.4828247266106601,0.4850223624891217,0.4840598073963237,0.4425071296963935,0.4450896294699594,0.44418991231413935,0.43887722737971985,0.44144557295397896,0.44056768685023334,0.43887722737971985,0.44144557295397896,0.44056768685023334,305.33338464314664,10.520013974083694,1.559956959284908,0.0,0.0,232404.0,232404.0,0.0,0.0,0.0,0.0,False,6.1233350508156805,6.1137784015217,6.120706823708413,0.7637889141744242,0.7638397737469014,0.7644525458400281,-5.524332598374527
Covertype,"repeat=1,fold=1",1,1,0,0,dKDB-current,0.01,validation-selected,adagrad,581012,54,7,232404,58102,290506,1.0,0,e52557c8b0082e0c757b8a17c0d589976b28fd8cb7d088edc485e9532e850f6f,1953,54,0.00840346981979656,20,,20,1.945910149055315,1.9459101490553148,1.9459101490553148,0.7014134629640768,0.7077630115651748,0.7060962888098669,0.5886831304415117,0.596374225333886,0.5946119155089064,0.5970391401794538,0.6044932198868467,0.6027987451527308,0.5886831304415117,0.596374225333886,0.5946119155089064,0.0,0.0,0.0,0.007691094892374295,0.007691094892374295,0.0,0.1113887862312889,0.008118994552960723,0.4828247266106601,0.4850223624891217,0.4840598073963237,0.4425071296963935,0.4450896294699594,0.44418991231413935,0.43887722737971985,0.44144557295397896,0.44056768685023334,0.43887722737971985,0.44144557295397896,0.44056768685023334,305.33338464314664,10.520013974083694,1.559956959284908,0.0,0.0,232404.0,232404.0,0.0,0.0,0.0,0.0,False,6.1233350508156805,6.1137784015217,6.120706823708413,0.7637889141744242,0.7638397737469014,0.7644525458400281,-5.524332598374527
Covertype,"repeat=1,fold=1",1,1,0,0,dKDB-generative-init,0.01,fixed-0.01,adagrad,581012,54,7,232404,58102,290506,1.0,0,e52557c8b0082e0c757b8a17c0d589976b28fd8cb7d088edc485e9532e850f6f,1953,54,0.00840346981979656,20,,20,6.1137784015217,6.120706823708413,6.1233350508156805,0.7881030643410769,0.8008664464578927,0.7935859903898269,0.5917363362639477,0.6005597688069855,0.5988042339838564,0.6029560917170564,0.6119065036793135,0.6099594590586496,0.5917363362639477,0.6005597688069855,0.5988042339838564,0.0,0.0,0.0,0.008823432543037746,0.008823432543037746,0.0,0.20030667765090726,0.011346734872328068,0.47288843711691136,0.4749128914186986,0.47348321559601214,0.4419307475687079,0.4447250687243573,0.4436972546528523,0.43883062476022555,0.44155575423755966,0.44059179467521303,0.43883062476022555,0.44155575423755966,0.44059179467521303,2089.3280082964866,48.6675441170643,2.455899976206716,0.0,0.0,232404.0,232404.0,0.0,0.0,0.0,0.0,False,6.1233350508156805,6.1137784015217,6.120706823708413,0.7637889141744242,0.7638397737469014,0.7644525458400281,-5.520147054901427
Covertype,"repeat=1,fold=1",1,1,0,0,dKDB-generative-init,0.01,validation-selected,adagrad,581012,54,7,232404,58102,290506,1.0,0,e52557c8b0082e0c757b8a17c0d589976b28fd8cb7d088edc485e9532e850f6f,1953,54,0.00840346981979656,20,,20,6.1137784015217,6.120706823708413,6.1233350508156805,0.7881030643410769,0.8008664464578927,0.7935859903898269,0.5917363362639477,0.6005597688069855,0.5988042339838564,0.6029560917170564,0.6119065036793135,0.6099594590586496,0.5917363362639477,0.6005597688069855,0.5988042339838564,0.0,0.0,0.0,0.008823432543037746,0.008823432543037746,0.0,0.20030667765090726,0.011346734872328068,0.47288843711691136,0.4749128914186986,0.47348321559601214,0.4419307475687079,0.4447250687243573,0.4436972546528523,0.43883062476022555,0.44155575423755966,0.44059179467521303,0.43883062476022555,0.44155575423755966,0.44059179467521303,2089.3280082964866,48.6675441170643,2.455899976206716,0.0,0.0,232404.0,232404.0,0.0,0.0,0.0,0.0,False,6.1233350508156805,6.1137784015217,6.120706823708413,0.7637889141744242,0.7638397737469014,0.7644525458400281,-5.520147054901427
Covertype,"repeat=1,fold=1",1,1,1,1,dKDB-current,0.01,fixed-0.01,adagrad,581012,54,7,232404,58102,290506,1.0,0,683029145f1cf9c66fb8ae0db97f18d015c23127c732db2737e430e390427b5e,39459,1235,0.1697862343161047,20,,20,1.945910149055315,1.9459101490553148,1.9459101490553148,0.5951161843872967,0.6081569746424106,0.6062296436556371,0.4671519249268741,0.48965564954388446,0.4875007892159759,0.4807344810254693,0.5010880701902131,0.49894884205692386,0.4671519249268741,0.48965564954388446,0.4875007892159759,0.0,0.0,0.0,0.02250372461701039,0.02250372461701039,0.0,0.11850132509852612,0.0114324206463286,0.4446582146176055,0.4495433897597408,0.4484898952498181,0.3951880626017748,0.4037508212883233,0.4025225631971933,0.38886584060369533,0.39814643967396385,0.3970242451233924,0.38886584060369533,0.39814643967396385,0.3970242451233924,4199.0207992142,34.34664025145674,1.5741615589028182,0.0,0.0,5302.0,10161.794331983805,0.0,0.0,0.0,0.0,False,8.355944562829158,8.330309287104683,8.344456604597209,0.7572394476869785,0.7557604833946808,0.7577424750437739,-7.854800955053324
Covertype,"repeat=1,fold=1",1,1,1,1,dKDB-current,0.01,validation-selected,adagrad,581012,54,7,232404,58102,290506,1.0,0,683029145f1cf9c66fb8ae0db97f18d015c23127c732db2737e430e390427b5e,39459,1235,0.1697862343161047,20,,20,1.945910149055315,1.9459101490553148,1.9459101490553148,0.5951161843872967,0.6081569746424106,0.6062296436556371,0.4671519249268741,0.48965564954388446,0.4875007892159759,0.4807344810254693,0.5010880701902131,0.49894884205692386,0.4671519249268741,0.48965564954388446,0.4875007892159759,0.0,0.0,0.0,0.02250372461701039,0.02250372461701039,0.0,0.11850132509852612,0.0114324206463286,0.4446582146176055,0.4495433897597408,0.4484898952498181,0.3951880626017748,0.4037508212883233,0.4025225631971933,0.38886584060369533,0.39814643967396385,0.3970242451233924,0.38886584060369533,0.39814643967396385,0.3970242451233924,4199.0207992142,34.34664025145674,1.5741615589028182,0.0,0.0,5302.0,10161.794331983805,0.0,0.0,0.0,0.0,False,8.355944562829158,8.330309287104683,8.344456604597209,0.7572394476869785,0.7557604833946808,0.7577424750437739,-7.854800955053324
Covertype,"repeat=1,fold=1",1,1,1,1,dKDB-generative-init,0.01,fixed-0.01,adagrad,581012,54,7,232404,58102,290506,1.0,0,683029145f1cf9c66fb8ae0db97f18d015c23127c732db2737e430e390427b5e,39459,1235,0.1697862343161047,20,,20,8.330309287104683,8.344456604597209,8.355944562829158,1.013966356473567,1.037440636145299,1.0346788528453974,0.4913757573421461,0.522865029037973,0.5201529377548774,0.5292051990370048,0.5596609410086674,0.5568116020531317,0.4913757573421461,0.522865029037973,0.5201529377548774,0.0,0.0,0.0,0.03148927169582694,0.03148927169582694,0.0,0.514575607107326,0.03679591197069432,0.48923280269864494,0.4932223315437219,0.4929380654658421,0.40471065122622535,0.4143061446091044,0.41303238085239097,0.39359400272755,0.4038831454495123,0.40258701348504583,0.39359400272755,0.4038831454495123,0.40258701348504583,41102.24245496628,209.98854341610183,2.57704830676802,0.0,0.0,5302.0,10161.794331983805,0.0,0.0,0.0,0.0,False,8.355944562829158,8.330309287104683,8.344456604597209,0.7572394476869785,0.7557604833946808,0.7577424750437739,-7.821591575559236
Covertype,"repeat=1,fold=1",1,1,1,1,dKDB-generative-init,0.03,validation-selected,adagrad,581012,54,7,232404,58102,290506,1.0,0,683029145f1cf9c66fb8ae0db97f18d015c23127c732db2737e430e390427b5e,39459,1235,0.1697862343161047,20,,20,8.330309287104683,8.344456604597209,8.355944562829158,0.6819486620299527,0.714072788040721,0.7114805349895433,0.4611060306453794,0.4989408660340445,0.49590965398972836,0.4795316021138377,0.5158279021620813,0.513195455328072,0.4611060306453794,0.4989408660340445,0.49590965398972836,0.0,0.0,0.0,0.037834835388665056,0.037834835388665056,0.0,0.21513192200667658,0.016887036128036825,0.4547617111777086,0.4623746268995032,0.46137744797284597,0.3929720645031361,0.4044766429394323,0.4033311921304186,0.3851469959407808,0.39723877930296364,0.3961431047636361,0.3851469959407808,0.39723877930296364,0.3961431047636361,42467.741534080495,220.10185426778688,3.7079779903204857,0.0,0.0,5302.0,10161.794331983805,0.0,0.0,0.0,0.0,False,8.355944562829158,8.330309287104683,8.344456604597209,0.7572394476869785,0.7557604833946808,0.7577424750437739,-7.845515738563164
Covertype,"repeat=1,fold=1",1,1,2,2,dKDB-current,0.01,fixed-0.01,adagrad,581012,54,7,232404,58102,290506,1.0,0,9b62afe5d4cbe25f100a0759f9c799dc32a3a3e36aa405841bdbc240b45b119e,599130,17420,2.5779676769763,20,,20,1.945910149055315,1.9459101490553148,1.9459101490553148,0.5053042258466006,0.5337070866414969,0.5316605024588583,0.29349589499496764,0.35359321973810104,0.35159055728151,0.3248126423010204,0.37602853374598777,0.37404194971733307,0.29349589499496764,0.35359321973810104,0.35159055728151,0.0,0.0,0.0,0.060097324743133396,0.060097324743133396,0.0,0.18011386690339587,0.02243531400788673,0.40628208452598846,0.41879330231492257,0.41754576377541097,0.3171599009281568,0.3443199200141531,0.3432771052743005,0.30018661405420444,0.33257906687264643,0.33164717176053693,0.30018661405420444,0.33257906687264643,0.33164717176053693,31329.393105352847,73.33275132543763,1.5974557083420757,1.3322858634143082e-05,0.0,220.0,720.425717566016,0.0,0.0,0.0,0.0,False,11.16199942030231,11.165511412162436,11.142596897198118,0.7461335250869999,0.7386794353416835,0.7460789841918257,-10.789003677460016
Covertype,"repeat=1,fold=1",1,1,2,2,dKDB-current,0.03,validation-selected,adagrad,581012,54,7,232404,58102,290506,1.0,0,9b62afe5d4cbe25f100a0759f9c799dc32a3a3e36aa405841bdbc240b45b119e,599130,17420,2.5779676769763,20,,20,1.945910149055315,1.9459101490553148,1.9459101490553148,0.4623994514974282,0.5130317097146042,0.5101066729738538,0.2379635372120851,0.3333692804117774,0.3311220994036606,0.26374220298772333,0.3465727878508873,0.34392876573501696,0.2379635372120851,0.3333692804117774,0.3311220994036606,0.0,0.0,0.0,0.09540574319969228,0.09540574319969228,0.0,0.17966242930282683,0.013203507439109918,0.38651357843475476,0.40704964467236576,0.4056618357374853,0.28605266578225996,0.328212388078115,0.3272347528051278,0.2704102659930427,0.3191222919527307,0.31848210854863146,0.2704102659930427,0.3191222919527307,0.31848210854863146,60073.846281931714,137.36917640414194,2.8780278197891205,1.3322858634143082e-05,0.0,220.0,720.425717566016,0.0,0.0,0.0,0.0,False,11.16199942030231,11.165511412162436,11.142596897198118,0.7461335250869999,0.7386794353416835,0.7460789841918257,-10.809227616786341
Covertype,"repeat=1,fold=1",1,1,2,2,dKDB-generative-init,0.01,fixed-0.01,adagrad,581012,54,7,232404,58102,290506,1.0,0,9b62afe5d4cbe25f100a0759f9c799dc32a3a3e36aa405841bdbc240b45b119e,599130,17420,2.5779676769763,20,,20,11.165511412162436,11.142596897198118,11.16199942030231,1.0989250338120164,1.1806445790639046,1.1742541522272731,0.42635310515769953,0.5408264559991086,0.538955002881062,0.5409946409986053,0.647826209096576,0.6443570436199512,0.42635310515769953,0.5408264559991086,0.538955002881062,0.0,0.0,0.0,0.11447335084140908,0.11447335084140908,0.0,0.639818123064796,0.10699975309746734,0.438843563907209,0.4565296646646168,0.4554127016109308,0.3540112425871701,0.3863870232675584,0.38550487580425113,0.33027233747027335,0.3677642086356812,0.36695837027558936,0.33027233747027335,0.3677642086356812,0.36695837027558936,607077.0014333416,787.5185558899531,3.5442467190359843,1.3322858634143082e-05,209.0,220.0,720.425717566016,0.0,0.0,0.0,0.0,False,11.16199942030231,11.165511412162436,11.142596897198118,0.7461335250869999,0.7386794353416835,0.7460789841918257,-10.60177044119901
Covertype,"repeat=1,fold=1",1,1,2,2,dKDB-generative-init,0.03,validation-selected,adagrad,581012,54,7,232404,58102,290506,1.0,0,9b62afe5d4cbe25f100a0759f9c799dc32a3a3e36aa405841bdbc240b45b119e,599130,17420,2.5779676769763,20,,20,11.165511412162436,11.142596897198118,11.16199942030231,0.6934419709521359,0.8039993623266839,0.8004476367372331,0.2509847953286788,0.39925962240003693,0.39937914912706063,0.2954616723281753,0.4331490287134474,0.4327818274054192,0.2509847953286788,0.39925962240003693,0.39937914912706063,0.0,0.0,0.0,0.14827482707135814,0.14827482707135814,0.0,0.40473973992664697,0.033889406313410475,0.39666263276246716,0.42386837379957054,0.42310785991884164,0.2953586371271439,0.3429999270510162,0.342556961836353,0.27618175113743165,0.3304663587908701,0.3303471110142365,0.27618175113743165,0.3304663587908701,0.3303471110142365,616518.6939586686,806.885209662979,4.273174076709312,1.3322858634143082e-05,209.0,220.0,720.425717566016,0.0,0.0,0.0,0.0,False,11.16199942030231,11.165511412162436,11.142596897198118,0.7461335250869999,0.7386794353416835,0.7460789841918257,-10.743337274798082
Covertype,"repeat=1,fold=1",1,1,3,3,dKDB-current,0.01,fixed-0.01,adagrad,581012,54,7,232404,58102,290506,1.0,0,bf75a397f4b8b2b105e0e179eee2581be10871b061defa23432c6f87e0291672,4669427,160332,20.091852980155245,20,,20,1.945910149055315,1.9459101490553148,1.9459101490553148,0.4220737224252072,0.4696013756379216,0.46736929734975396,0.17313191008813633,0.2758076116262225,0.2727434438099274,0.21161390055543428,0.2993494404639239,0.296628544830254,0.17313191008813633,0.2758076116262225,0.2727434438099274,0.0,0.0,0.0,0.1026757015380862,0.1026757015380862,0.0,0.19379376401169907,0.023541828837701395,0.36417243927231585,0.3871537047341819,0.38603435583075907,0.24354676802952643,0.30080176903144,0.299630876148008,0.21730015756518106,0.28747324503084914,0.2863684271672205,0.21730015756518106,0.28747324503084914,0.2863684271672205,138277.60790391854,129.07017030279496,1.5081734247030634,0.000762653974635827,0.0,19.0,78.2739315919467,0.0,0.0,0.0,0.0,False,13.897542151609729,14.057768138954934,13.884224462311382,0.7403083995200286,0.7235016637780242,0.7407514145473856,-13.60841685068516
Covertype,"repeat=1,fold=1",1,1,3,3,dKDB-current,0.03,validation-selected,adagrad,581012,54,7,232404,58102,290506,1.0,0,bf75a397f4b8b2b105e0e179eee2581be10871b061defa23432c6f87e0291672,4669427,160332,20.091852980155245,16,17.0,20,1.945910149055315,1.9459101490553148,1.9459101490553148,0.319949390027536,0.40449730764196606,0.40177306903972215,0.10495570907328726,0.258930307076985,0.25434934333306175,0.1222739742752422,0.2617370814282376,0.257458482644256,0.0979957788047852,0.25937157853743775,0.2546439016029076,-0.006959930268502057,0.00044127146045275234,0.0002945582698458682,0.15397459800369773,0.16137579973265254,0.007401201728954809,0.14556700056498106,0.0028067743512525944,0.3155399030585634,0.3567068998493305,0.35556051296523583,0.18157375213882151,0.27766620068310477,0.27652842549499784,0.1669008135992942,0.2740673584414977,0.27303411158107593,0.16086987172300105,0.2731526706647252,0.2721592140203692,269988.14631303225,246.56600559388357,2.373184048917895,0.000762653974635827,0.0,19.0,78.2739315919467,-0.0009146877767725048,-0.0008748975607067444,-0.006030941876293161,0.005116254099520656,True,13.897542151609729,14.057768138954934,13.884224462311382,0.7403083995200286,0.7235016637780242,0.7407514145473856,-13.624852883773944
Covertype,"repeat=1,fold=1",1,1,3,3,dKDB-generative-init,0.01,fixed-0.01,adagrad,581012,54,7,232404,58102,290506,1.0,0,bf75a397f4b8b2b105e0e179eee2581be10871b061defa23432c6f87e0291672,4669427,160332,20.091852980155245,20,,20,14.057768138954934,13.884224462311382,13.897542151609729,1.2484243269273516,1.4404567447409242,1.4168011307288964,0.49247998903911544,0.7514211773528539,0.7418600857495412,0.6222108186559033,0.868556614813444,0.856680956988224,0.49247998903911544,0.7514211773528539,0.7418600857495412,0.0,0.0,0.0,0.2589411883137384,0.2589411883137384,0.0,0.6890355673880704,0.11713543746059019,0.40880347414830226,0.44542507555855076,0.44349707806393074,0.28440664338016963,0.36235326200576895,0.36160893636021413,0.26088303157454884,0.3497145777529936,0.34896932957764415,0.26088303157454884,0.3497145777529936,0.34896932957764415,4692382.529244313,2174.341789355582,5.22341543499592,0.000762653974635827,11964.0,19.0,78.2739315919467,0.0,0.0,0.0,0.0,False,13.897542151609729,14.057768138954934,13.884224462311382,0.7403083995200286,0.7235016637780242,0.7407514145473856,-13.132803284958527
Covertype,"repeat=1,fold=1",1,1,3,3,dKDB-generative-init,0.03,validation-selected,adagrad,581012,54,7,232404,58102,290506,1.0,0,bf75a397f4b8b2b105e0e179eee2581be10871b061defa23432c6f87e0291672,4669427,160332,20.091852980155245,20,,20,14.057768138954934,13.884224462311382,13.897542151609729,0.7623843014478423,1.0569893765891567,1.0402085059211628,0.15525335659063771,0.489918469124994,0.48359540641403304,0.24470022214156842,0.5531255700122532,0.5464824062593168,0.15525335659063771,0.489918469124994,0.48359540641403304,0.0,0.0,0.0,0.33466511253435627,0.33466511253435627,0.0,0.5670709074641627,0.06320710088725917,0.32306701669878657,0.3965079183394687,0.3953560553037397,0.21724656057613956,0.32786077227471344,0.32696408064505217,0.18937702419488844,0.31574476934039114,0.31489813009757633,0.18937702419488844,0.31574476934039114,0.31489813009757633,4725470.038524311,2199.1173480134585,4.887443708367129,0.000762653974635827,11964.0,19.0,78.2739315919467,0.0,0.0,0.0,0.0,False,13.897542151609729,14.057768138954934,13.884224462311382,0.7403083995200286,0.7235016637780242,0.7407514145473856,-13.394305993186387
Covertype,"repeat=1,fold=1",1,1,4,4,dKDB-current,0.01,fixed-0.01,adagrad,581012,54,7,232404,58102,290506,1.0,0,c892367e988a5cec4c7301f8928225bb314cb20a1020d4487c20ce6f251c6668,24167101,713212,103.98745718662329,20,,20,1.945910149055315,1.9459101490553148,1.9459101490553148,0.3673104872737416,0.43961251753285563,0.4380484749325643,0.10438147262415116,0.2530987693839789,0.2507746408129393,0.141431203041355,0.27215076790223003,0.27002403972921074,0.10438147262415116,0.2530987693839789,0.2507746408129393,0.0,0.0,0.0,0.14871729675982776,0.14871729675982776,0.0,0.18651374814887672,0.019051998518251123,0.33275913879887153,0.37056114588146133,0.3698615664048753,0.18600142524379448,0.28447618297065613,0.28376214745155326,0.1552775807301852,0.27380236240353023,0.2732373128390697,0.1552775807301852,0.27380236240353023,0.2732373128390697,359104.45480423525,175.5375573894088,1.4477548942329397,0.011517451924878967,0.0,5.0,17.596192997313562,0.0,0.0,0.0,0.0,False,15.763381986992504,16.19140466965462,15.771278447354065,0.7414926236541637,0.715385596912557,0.7418902625096854,-15.518179677970087
Covertype,"repeat=1,fold=1",1,1,4,4,dKDB-current,0.03,validation-selected,adagrad,581012,54,7,232404,58102,290506,1.0,0,c892367e988a5cec4c7301f8928225bb314cb20a1020d4487c20ce6f251c6668,24167101,713212,103.98745718662329,9,10.0,20,1.945910149055315,1.9459101490553148,1.9459101490553148,0.22254640108332685,0.3477923875389562,0.346931915765853,0.06313144172729611,0.24683469788788015,0.2442390953561431,0.06008094671960356,0.24693355827185123,0.24431940612306077,0.04407077572898035,0.2528984762056044,0.25011987498413524,-0.01906066599831576,0.0060637783177242555,0.005880779627992133,0.18370325616058403,0.20882770047662405,0.025124444316040023,0.10095768965107604,9.886038397108332e-05,0.25517090485018823,0.3264458825445227,0.3266124760833401,0.1159438264098222,0.26793767752826836,0.26765965108836204,0.11914504203905293,0.268292011360025,0.26798042107557996,0.09876268312104927,0.26761190221989334,0.26753162421581217,700180.2002582263,332.66896030927086,1.9803320324924538,0.011517451924878967,0.0,5.0,17.596192997313562,-0.0006801091401316683,-0.00044879685976778605,-0.020382358918003662,0.019702249777871994,True,15.763381986992504,16.19140466965462,15.771278447354065,0.7414926236541637,0.715385596912557,0.7418902625096854,-15.51837997114846
Covertype,"repeat=1,fold=1",1,1,4,4,dKDB-generative-init,0.01,fixed-0.01,adagrad,581012,54,7,232404,58102,290506,1.0,0,c892367e988a5cec4c7301f8928225bb314cb20a1020d4487c20ce6f251c6668,24167101,713212,103.98745718662329,20,,20,16.19140466965462,15.771278447354065,15.763381986992504,1.4878543776483746,1.7262767258675267,1.707230155626578,0.6079468952985316,1.1537079043332883,1.1457405113511074,0.6925166482885633,1.2505099667296522,1.239514694155782,0.6079468952985316,1.1537079043332883,1.1457405113511074,0.0,0.0,0.0,0.5457610090347567,0.5457610090347567,0.0,0.5725688215342384,0.09680206239636391,0.44195926389341983,0.4701074008558088,0.4702380747156149,0.2244294566571328,0.37867641298996424,0.3787699277043565,0.2038209417607098,0.36969556725044234,0.37034788639170213,0.2038209417607098,0.36969556725044234,0.37034788639170213,24204304.248090807,4925.528895289494,6.723122982038396,0.011517451924878967,180678.0,5.0,17.596192997313562,0.0,0.0,0.0,0.0,False,15.763381986992504,16.19140466965462,15.771278447354065,0.7414926236541637,0.715385596912557,0.7418902625096854,-14.617570543020777
Covertype,"repeat=1,fold=1",1,1,4,4,dKDB-generative-init,0.1,validation-selected,adagrad,581012,54,7,232404,58102,290506,1.0,0,c892367e988a5cec4c7301f8928225bb314cb20a1020d4487c20ce6f251c6668,24167101,713212,103.98745718662329,12,13.0,20,16.19140466965462,15.771278447354065,15.763381986992504,0.5100405578741201,1.135633222206667,1.1350982489998251,0.030688419182510904,0.7498684845187672,0.7408462582995983,0.03778515752527737,0.7511536325630995,0.7425253262789968,0.0208218328165915,0.7555558282816975,0.7456973658537805,-0.009866586365919403,0.005687343762930341,0.004851107554182277,0.7191800653362563,0.734733995465106,0.015553930128849647,0.38576473768789976,0.0012851480443323293,0.2195981700670516,0.37619545140588384,0.37864373352652436,0.09879115589016838,0.3298759252285302,0.33055141969723334,0.09056285309901471,0.3284443975024897,0.3291888556013152,0.07542056717402694,0.3263658276934357,0.3267871466603371,24362242.84165247,4993.477490190172,7.046772790017483,0.011517451924878967,180678.0,5.0,17.596192997313562,-0.0020785698090540206,-0.002401708940978131,-0.015142285924987772,0.013063716115933738,True,15.763381986992504,16.19140466965462,15.771278447354065,0.7414926236541637,0.715385596912557,0.7418902625096854,-15.015722619072369
Covertype,"repeat=1,fold=1",1,1,5,5,dKDB-current,0.01,fixed-0.01,adagrad,581012,54,7,232404,58102,290506,1.0,0,fe8516bc413bea0bf6650b86d9c1c015ca6594e59cea5f3804f63b5591cd272f,61567863,1694212,264.9173981514948,20,,20,1.945910149055315,1.9459101490553148,1.9459101490553148,0.3331335031563289,0.4268607965844292,0.4256735559700196,0.06814358107925632,0.24172239338656096,0.23963350502072042,0.10163073450996081,0.2602471035012312,0.258297306184724,0.06814358107925632,0.24172239338656096,0.23963350502072042,0.0,0.0,0.0,0.17357881230730465,0.17357881230730465,0.0,0.18513840319786826,0.018524710114670245,0.3122304997587837,0.3632207085093056,0.36275664204165603,0.1452363991123754,0.2767150836344478,0.27621007817291876,0.11289966695931049,0.26653487555555816,0.26620202957885847,0.11289966695931049,0.26653487555555816,0.26620202957885847,629907.7195656208,207.14502864391628,1.3380690051864772,0.04868504022738359,0.0,2.0,7.407464945355127,0.0,0.0,0.0,0.0,False,16.571551905901647,17.133951041219,16.580527849289012,0.7402965126417798,0.7124302105792718,0.7411499711607432,-16.338805455902452
Covertype,"repeat=1,fold=1",1,1,5,5,dKDB-current,0.03,validation-selected,adagrad,581012,54,7,232404,58102,290506,1.0,0,fe8516bc413bea0bf6650b86d9c1c015ca6594e59cea5f3804f63b5591cd272f,61567863,1694212,264.9173981514948,9,10.0,20,1.945910149055315,1.9459101490553148,1.9459101490553148,0.16422346979245345,0.31890387180795376,0.31858688775396565,0.03530892480695314,0.23377500187835978,0.23146272474805457,0.03327269737322125,0.23389817254273906,0.2315865503371785,0.02301726014466925,0.23861919000577847,0.23628099705293493,-0.012291664662283892,0.004844188127418686,0.0048182723048803555,0.19846607707140665,0.2156019298611092,0.01713585278970256,0.08512886992959398,0.0001231706643792796,0.2122017725558477,0.31006018442504674,0.3108069589519188,0.07775459641206696,0.26028826555934437,0.26032041286227425,0.08010624370573688,0.2605262995907462,0.26052555888153733,0.06616234310917746,0.26010718069884925,0.2603184882384302,1212760.523739665,385.9340833356092,1.8075257591480176,0.04868504022738359,0.0,2.0,7.407464945355127,-0.0004191188918969413,-0.0002070706431071545,-0.013943900596559422,0.01352478170466248,True,16.571551905901647,17.133951041219,16.580527849289012,0.7402965126417798,0.7124302105792718,0.7411499711607432,-16.341908659283234
Covertype,"repeat=1,fold=1",1,1,5,5,dKDB-generative-init,0.01,fixed-0.01,adagrad,581012,54,7,232404,58102,290506,1.0,0,fe8516bc413bea0bf6650b86d9c1c015ca6594e59cea5f3804f63b5591cd272f,61567863,1694212,264.9173981514948,20,,20,17.133951041219,16.580527849289012,16.571551905901647,1.7927440616675892,1.892949670899965,1.8817208693347902,0.6347220764015896,1.458139251474524,1.4497979632648865,0.670795162650653,1.5384778720459238,1.52972234683191,0.6347220764015896,1.458139251474524,1.4497979632648865,0.0,0.0,0.0,0.8234171750729343,0.8234171750729343,0.0,0.43481041942544096,0.08033862057139984,0.49917063800884215,0.4921186399396615,0.491967893546607,0.18491593200754036,0.40028678212566227,0.39939526171638795,0.16982342624890326,0.39205221310931815,0.3913681640774052,0.16982342624890326,0.39205221310931815,0.3913681640774052,61601317.06371695,7852.267780919635,7.345662503935664,0.04868504022738359,763738.0,2.0,7.407464945355127,0.0,0.0,0.0,0.0,False,16.571551905901647,17.133951041219,16.580527849289012,0.7402965126417798,0.7124302105792718,0.7411499711607432,-15.122388597814489
Covertype,"repeat=1,fold=1",1,1,5,5,dKDB-generative-init,0.1,validation-selected,adagrad,581012,54,7,232404,58102,290506,1.0,0,fe8516bc413bea0bf6650b86d9c1c015ca6594e59cea5f3804f63b5591cd272f,61567863,1694212,264.9173981514948,13,14.0,20,17.133951041219,16.580527849289012,16.571551905901647,0.5642335918608685,1.389069388882962,1.3844512504238315,0.018300904994586076,0.8770153335973759,0.869870349024567,0.030240668969595444,0.8801392040652191,0.8730382231878024,0.011517424037461541,0.8803670483608552,0.8730994148990384,-0.006783480957124536,0.0033517147634792854,0.0032290658744714706,0.8587144286027899,0.8688496243233936,0.010135195720603729,0.512054055285586,0.003123870467843126,0.17324651735213445,0.3825467286592142,0.3831007973126732,0.0837639710244251,0.34122301322066884,0.3415870411510379,0.06923279544765865,0.3392142475993928,0.33990890767712023,0.05776869543106327,0.33753646751329874,0.3382440532410617,61783844.88222763,7909.856950767664,5.812279684223463,0.04868504022738359,763738.0,2.0,7.407464945355127,-0.0016777800860940384,-0.001664854436058516,-0.011464100016595376,0.00978631993050133,True,16.571551905901647,17.133951041219,16.580527849289012,0.7402965126417798,0.7124302105792718,0.7411499711607432,-15.700160800928158
Covertype,"repeat=1,fold=2",1,2,0,0,dKDB-current,0.01,fixed-0.01,adagrad,581012,54,7,232404,58102,290506,1.0,0,e52557c8b0082e0c757b8a17c0d589976b28fd8cb7d088edc485e9532e850f6f,2058,54,0.008855269272473796,20,,20,1.945910149055315,1.9459101490553148,1.9459101490553148,0.6805507203808114,0.6833586201654703,0.6843298990968364,0.5870123242093087,0.591044962284623,0.592746722245875,0.5943837008349502,0.5981702056174525,0.599727542977085,0.5870123242093087,0.591044962284623,0.592746722245875,0.0,0.0,0.0,0.004032638075314288,0.004032638075314288,0.0,0.09231365788084733,0.0071252433328294895,0.47430449775902933,0.47557465175988806,0.4756750187547491,0.44114967724772713,0.44270823795570685,0.4431900761049151,0.43793761668742465,0.4395770501235592,0.4401367252623168,0.43793761668742465,0.4395770501235592,0.4401367252623168,296.4614360783444,9.288066479953597,0.7494781681757958,0.0,0.0,232404.0,232404.0,0.0,0.0,0.0,0.0,False,0.8310729291421833,0.8235999603172385,0.8236766113583114,0.4854561722032916,0.48301993835366147,0.48412770984598164,-0.23263164907368838
Covertype,"repeat=1,fold=2",1,2,0,0,dKDB-current,0.01,validation-selected,adagrad,581012,54,7,232404,58102,290506,1.0,0,e52557c8b0082e0c757b8a17c0d589976b28fd8cb7d088edc485e9532e850f6f,2058,54,0.008855269272473796,20,,20,1.945910149055315,1.9459101490553148,1.9459101490553148,0.6805507203808114,0.6833586201654703,0.6843298990968364,0.5870123242093087,0.591044962284623,0.592746722245875,0.5943837008349502,0.5981702056174525,0.599727542977085,0.5870123242093087,0.591044962284623,0.592746722245875,0.0,0.0,0.0,0.004032638075314288,0.004032638075314288,0.0,0.09231365788084733,0.0071252433328294895,0.47430449775902933,0.47557465175988806,0.4756750187547491,0.44114967724772713,0.44270823795570685,0.4431900761049151,0.43793761668742465,0.4395770501235592,0.4401367252623168,0.43793761668742465,0.4395770501235592,0.4401367252623168,296.4614360783444,9.288066479953597,0.7494781681757958,0.0,0.0,232404.0,232404.0,0.0,0.0,0.0,0.0,False,0.8310729291421833,0.8235999603172385,0.8236766113583114,0.4854561722032916,0.48301993835366147,0.48412770984598164,-0.23263164907368838
Covertype,"repeat=1,fold=2",1,2,0,0,dKDB-generative-init,0.01,fixed-0.01,adagrad,581012,54,7,232404,58102,290506,1.0,0,e52557c8b0082e0c757b8a17c0d589976b28fd8cb7d088edc485e9532e850f6f,2058,54,0.008855269272473796,20,,20,0.8235999603172385,0.8236766113583114,0.8310729291421833,0.685192136759538,0.6880883920842699,0.6921659561313849,0.5892925108819798,0.5947054698298673,0.5962259397654525,0.5982891753067172,0.6034552415052072,0.6051735392627192,0.5892925108819798,0.5947054698298673,0.5962259397654525,0.0,0.0,0.0,0.005412958947887514,0.005412958947887514,0.0,0.09338292225440259,0.008749771675339968,0.4578791634018542,0.4594706487974883,0.45997813772872503,0.44058248509331965,0.4422580820886416,0.44279718289278724,0.43786752254015004,0.4395749290681405,0.4401717722048531,0.43786752254015004,0.4395749290681405,0.4401717722048531,2187.959980301129,48.87754448133395,1.8434590640521085,0.0,0.0,232404.0,232404.0,0.0,0.0,0.0,0.0,False,0.8310729291421833,0.8235999603172385,0.8236766113583114,0.4854561722032916,0.48301993835366147,0.48412770984598164,-0.2289711415284441
Covertype,"repeat=1,fold=2",1,2,0,0,dKDB-generative-init,0.01,validation-selected,adagrad,581012,54,7,232404,58102,290506,1.0,0,e52557c8b0082e0c757b8a17c0d589976b28fd8cb7d088edc485e9532e850f6f,2058,54,0.008855269272473796,20,,20,0.8235999603172385,0.8236766113583114,0.8310729291421833,0.685192136759538,0.6880883920842699,0.6921659561313849,0.5892925108819798,0.5947054698298673,0.5962259397654525,0.5982891753067172,0.6034552415052072,0.6051735392627192,0.5892925108819798,0.5947054698298673,0.5962259397654525,0.0,0.0,0.0,0.005412958947887514,0.005412958947887514,0.0,0.09338292225440259,0.008749771675339968,0.4578791634018542,0.4594706487974883,0.45997813772872503,0.44058248509331965,0.4422580820886416,0.44279718289278724,0.43786752254015004,0.4395749290681405,0.4401717722048531,0.43786752254015004,0.4395749290681405,0.4401717722048531,2187.959980301129,48.87754448133395,1.8434590640521085,0.0,0.0,232404.0,232404.0,0.0,0.0,0.0,0.0,False,0.8310729291421833,0.8235999603172385,0.8236766113583114,0.4854561722032916,0.48301993835366147,0.48412770984598164,-0.2289711415284441
Covertype,"repeat=1,fold=2",1,2,1,1,dKDB-current,0.01,fixed-0.01,adagrad,581012,54,7,232404,58102,290506,1.0,0,c1d2c172d43b020324eadf6ac5919842f784872f23fc527d13ca9ee58a221609,42350,1245,0.18222577924648456,20,,20,1.945910149055315,1.9459101490553148,1.9459101490553148,0.5656865522818015,0.5749256818550209,0.5762814940283726,0.463554263719439,0.4828265964941552,0.48414265407635276,0.4756999833683705,0.49237259361501634,0.49373229068291224,0.463554263719439,0.4828265964941552,0.48414265407635276,0.0,0.0,0.0,0.01927233277471624,0.01927233277471624,0.0,0.0920990853608657,0.009545997120861127,0.43209926644223107,0.4361130852858946,0.43620192287676945,0.3933236411129919,0.400580538177634,0.40069832190084964,0.3876014546051384,0.39590718543289444,0.39597442405621835,0.3876014546051384,0.39590718543289444,0.39597442405621835,3967.0557710260637,29.928905409741773,1.2084666657077558,0.0,0.0,5391.0,10080.173493975904,0.0,0.0,0.0,0.0,False,0.6304902732974595,0.6060012465735618,0.6255608927051367,0.4334815697021523,0.42707031163827325,0.43294987592751255,-0.1427342962109815
Covertype,"repeat=1,fold=2",1,2,1,1,dKDB-current,0.03,validation-selected,adagrad,581012,54,7,232404,58102,290506,1.0,0,c1d2c172d43b020324eadf6ac5919842f784872f23fc527d13ca9ee58a221609,42350,1245,0.18222577924648456,20,,20,1.945910149055315,1.9459101490553148,1.9459101490553148,0.5857214037305591,0.6017697383351975,0.6024075510670137,0.45127448480631294,0.4787650817129904,0.4797780416946882,0.4628471897190928,0.4874931982873948,0.48856365635097815,0.45127448480631294,0.4787650817129904,0.4797780416946882,0.0,0.0,0.0,0.02749059690667749,0.02749059690667749,0.0,0.12300465662220711,0.008728116574404365,0.4390923582790109,0.44516008680399927,0.44450148173510196,0.3871239986961784,0.3969862292590371,0.39663082307822417,0.38160981164859253,0.3924608995825237,0.3921010162304874,0.38160981164859253,0.3924608995825237,0.3921010162304874,6403.294339086662,47.58802189507717,1.8205579694507417,0.0,0.0,5391.0,10080.173493975904,0.0,0.0,0.0,0.0,False,0.6304902732974595,0.6060012465735618,0.6255608927051367,0.4334815697021523,0.42707031163827325,0.43294987592751255,-0.14679581099214628
Covertype,"repeat=1,fold=2",1,2,1,1,dKDB-generative-init,0.01,fixed-0.01,adagrad,581012,54,7,232404,58102,290506,1.0,0,c1d2c172d43b020324eadf6ac5919842f784872f23fc527d13ca9ee58a221609,42350,1245,0.18222577924648456,20,,20,0.6060012465735618,0.6255608927051367,0.6304902732974595,0.5194342884484845,0.5444720432189074,0.5480427439275369,0.456967666602517,0.48705590808050797,0.48964763791944294,0.46574378493296037,0.4941493592811927,0.49706065406860683,0.456967666602517,0.48705590808050797,0.48964763791944294,0.0,0.0,0.0,0.030088241477990996,0.030088241477990996,0.0,0.05741613513839944,0.0070934512006847195,0.40419144681378677,0.41223969502603347,0.4120729848010148,0.3861059836699703,0.3959235945191234,0.39595527511761375,0.38285102109048796,0.3933070088137432,0.393284618853143,0.38285102109048796,0.3933070088137432,0.393284618853143,43820.29990422547,213.82249493737098,2.1999723356713856,0.0,0.0,5391.0,10080.173493975904,0.0,0.0,0.0,0.0,False,0.6304902732974595,0.6060012465735618,0.6255608927051367,0.4334815697021523,0.42707031163827325,0.43294987592751255,-0.13850498462462874
Covertype,"repeat=1,fold=2",1,2,1,1,dKDB-generative-init,0.03,validation-selected,adagrad,581012,54,7,232404,58102,290506,1.0,0,c1d2c172d43b020324eadf6ac5919842f784872f23fc527d13ca9ee58a221609,42350,1245,0.18222577924648456,20,,20,0.6060012465735618,0.6255608927051367,0.6304902732974595,0.5505273343818813,0.579878497679327,0.5834247627989835,0.44970420692238827,0.4863168497062975,0.4883696330726965,0.4600857043385514,0.4947103633540797,0.49702669762860247,0.44970420692238827,0.4863168497062975,0.4883696330726965,0.0,0.0,0.0,0.036612642783909244,0.036612642783909244,0.0,0.09356164797302946,0.00839351364778218,0.4183649729243901,0.42689064783036407,0.4264758474316888,0.3848137540339461,0.39623146278008775,0.3957264644289377,0.38032840756852365,0.3924001161391746,0.39190950221440796,0.38032840756852365,0.3924001161391746,0.39190950221440796,45115.550135679914,222.08769353630802,2.735264306120064,0.0,0.0,5391.0,10080.173493975904,0.0,0.0,0.0,0.0,False,0.6304902732974595,0.6060012465735618,0.6255608927051367,0.4334815697021523,0.42707031163827325,0.43294987592751255,-0.1392440429988392
Covertype,"repeat=1,fold=2",1,2,2,2,dKDB-current,0.01,fixed-0.01,adagrad,581012,54,7,232404,58102,290506,1.0,0,48340dc5c566f4dd29f5a47cec04ee65331afdef7a847d4cf20ca7e94bc69617,667254,18726,2.87109516187329,20,,20,1.945910149055315,1.9459101490553148,1.9459101490553148,0.467623523578586,0.4940846285858617,0.49472854686314544,0.2807302015813359,0.34245111368982184,0.34431017445274525,0.31082637381087025,0.36290848190061903,0.36421493382600545,0.2807302015813359,0.34245111368982184,0.34431017445274525,0.0,0.0,0.0,0.06172091210848596,0.06172091210848596,0.0,0.15163351489603988,0.02045736821079719,0.38788536800606166,0.4000791772551659,0.40003198453473193,0.30939489480553456,0.3381306984913252,0.3381569416400236,0.29299381598896945,0.32755078052238557,0.32785039743718775,0.29299381598896945,0.32755078052238557,0.32785039743718775,32005.349136867448,70.7515384478978,1.7615563078326784,3.263781636689597e-05,0.0,207.0,670.1813521307273,0.0,0.0,0.0,0.0,False,0.437752112775188,0.3215538746385468,0.43293814590753643,0.35140959882598205,0.315352973948126,0.35189795329026335,-0.09048703221771459
Covertype,"repeat=1,fold=2",1,2,2,2,dKDB-current,0.03,validation-selected,adagrad,581012,54,7,232404,58102,290506,1.0,0,48340dc5c566f4dd29f5a47cec04ee65331afdef7a847d4cf20ca7e94bc69617,667254,18726,2.87109516187329,20,,20,1.945910149055315,1.9459101490553148,1.9459101490553148,0.4024497963077685,0.45048807523217016,0.45210893864433527,0.22201527916494196,0.32333801971070447,0.32653846100877004,0.24221383580019937,0.3284605036337911,0.33133631046914,0.22201527916494196,0.32333801971070447,0.32653846100877004,0.0,0.0,0.0,0.10132274054576251,0.10132274054576251,0.0,0.1271500555214657,0.005122483923086618,0.3600964702422976,0.381751886647111,0.3816224853973518,0.27253547833625613,0.3186484866927265,0.31950038465914743,0.26025209748372236,0.3137924370727226,0.31469312203245753,0.26025209748372236,0.3137924370727226,0.31469312203245753,62282.17299707947,134.878531029163,2.158048865108604,3.263781636689597e-05,0.0,207.0,670.1813521307273,0.0,0.0,0.0,0.0,False,0.437752112775188,0.3215538746385468,0.43293814590753643,0.35140959882598205,0.315352973948126,0.35189795329026335,-0.10960012619683196
Covertype,"repeat=1,fold=2",1,2,2,2,dKDB-generative-init,0.01,fixed-0.01,adagrad,581012,54,7,232404,58102,290506,1.0,0,48340dc5c566f4dd29f5a47cec04ee65331afdef7a847d4cf20ca7e94bc69617,667254,18726,2.87109516187329,20,,20,0.3215538746385468,0.43293814590753643,0.437752112775188,0.2894158595510748,0.4129379958532834,0.4172973424832995,0.23336395111104158,0.3790295300884898,0.38371722545129766,0.24608684625414012,0.3842959469024969,0.3888620285136479,0.23336395111104158,0.3790295300884898,0.38371722545129766,0.0,0.0,0.0,0.1456655789774482,0.1456655789774482,0.0,0.033908465764793616,0.0052664168140071355,0.2997536827142369,0.34165026917331065,0.34107627450011274,0.27679878961987364,0.3277867981991395,0.32788843773604065,0.2693903808784819,0.324131983090347,0.3244782500026806,0.2693903808784819,0.324131983090347,0.3244782500026806,673509.8272500505,825.6160166039799,1.6789941974302882,3.263781636689597e-05,512.0,207.0,670.1813521307273,0.0,0.0,0.0,0.0,False,0.437752112775188,0.3215538746385468,0.43293814590753643,0.35140959882598205,0.315352973948126,0.35189795329026335,-0.05390861581904666
Covertype,"repeat=1,fold=2",1,2,2,2,dKDB-generative-init,0.01,validation-selected,adagrad,581012,54,7,232404,58102,290506,1.0,0,48340dc5c566f4dd29f5a47cec04ee65331afdef7a847d4cf20ca7e94bc69617,667254,18726,2.87109516187329,20,,20,0.3215538746385468,0.43293814590753643,0.437752112775188,0.2894158595510748,0.4129379958532834,0.4172973424832995,0.23336395111104158,0.3790295300884898,0.38371722545129766,0.24608684625414012,0.3842959469024969,0.3888620285136479,0.23336395111104158,0.3790295300884898,0.38371722545129766,0.0,0.0,0.0,0.1456655789774482,0.1456655789774482,0.0,0.033908465764793616,0.0052664168140071355,0.2997536827142369,0.34165026917331065,0.34107627450011274,0.27679878961987364,0.3277867981991395,0.32788843773604065,0.2693903808784819,0.324131983090347,0.3244782500026806,0.2693903808784819,0.324131983090347,0.3244782500026806,673509.8272500505,825.6160166039799,1.6789941974302882,3.263781636689597e-05,512.0,207.0,670.1813521307273,0.0,0.0,0.0,0.0,False,0.437752112775188,0.3215538746385468,0.43293814590753643,0.35140959882598205,0.315352973948126,0.35189795329026335,-0.05390861581904666
Covertype,"repeat=1,fold=2",1,2,3,3,dKDB-current,0.01,fixed-0.01,adagrad,581012,54,7,232404,58102,290506,1.0,0,86fe610f8b4fdfae724b4918d1693b5a070cbff359465786dd9b4983495cea6f,5405260,182708,23.258033424553794,20,,20,1.945910149055315,1.9459101490553148,1.9459101490553148,0.4054286099586707,0.4502423948954851,0.45199313669087726,0.16792036469660024,0.27127642178623623,0.27388568977450045,0.20664124117292737,0.2946611285362781,0.2969019637404859,0.16792036469660024,0.27127642178623623,0.27388568977450045,0.0,0.0,0.0,0.103356057089636,0.103356057089636,0.0,0.1789659731092489,0.023384706750041895,0.3545410055602018,0.3770521075292616,0.37770307486055593,0.23817061341151427,0.29817310409268105,0.29905482761638125,0.2117613672095226,0.2854117398741057,0.2864998279360769,0.2117613672095226,0.2854117398741057,0.2864998279360769,148864.51242804804,129.35016778952843,1.3063526278662416,0.0011407299294640691,0.0,17.0,68.68782976114893,0.0,0.0,0.0,0.0,False,0.42316922221452263,0.13930484628942472,0.41780525672680174,0.3037631813353977,0.20529877643340438,0.304251916929828,-0.1465288349405655
Covertype,"repeat=1,fold=2",1,2,3,3,dKDB-current,0.03,validation-selected,adagrad,581012,54,7,232404,58102,290506,1.0,0,86fe610f8b4fdfae724b4918d1693b5a070cbff359465786dd9b4983495cea6f,5405260,182708,23.258033424553794,14,15.0,20,1.945910149055315,1.9459101490553148,1.9459101490553148,0.27264869530497327,0.3559605525481252,0.3595673461983875,0.10276352143590203,0.2539385334624924,0.25738803171703306,0.11421055475067524,0.2550884887959463,0.2582760624246629,0.09215190227953542,0.25498093827337254,0.2587287567425269,-0.010611619156366617,0.0010424048108801376,0.0013407250254938163,0.15117501202659037,0.16282903599383713,0.011654023967246768,0.1020220190856328,0.0011499553334539114,0.28564086099662306,0.33182226012290394,0.33331481568042226,0.17294017999099037,0.27465890772149365,0.2759781270464457,0.163399724489457,0.2728942042817906,0.2742852352043531,0.15431191468281424,0.2718965730513823,0.2733616107605189,293965.52047683403,249.10319280685522,1.8000502466749513,0.0011407299294640691,0.0,17.0,68.68782976114893,-0.0009976312304083024,-0.0009236244438342034,-0.009087809806642755,0.008090178576234452,True,0.42316922221452263,0.13930484628942472,0.41780525672680174,0.3037631813353977,0.20529877643340438,0.304251916929828,-0.1628243184534292
Covertype,"repeat=1,fold=2",1,2,3,3,dKDB-generative-init,0.01,fixed-0.01,adagrad,581012,54,7,232404,58102,290506,1.0,0,86fe610f8b4fdfae724b4918d1693b5a070cbff359465786dd9b4983495cea6f,5405260,182708,23.258033424553794,7,8.0,20,0.13930484628942472,0.41780525672680174,0.42316922221452263,0.12576456535765781,0.40930614763381157,0.4148687317182494,0.10259751865030382,0.4041249641873135,0.4091878871319237,0.09758448784780784,0.40451846101235067,0.40953275854619037,0.08757640988617701,0.4072670509950005,0.4122884875341371,-0.015021108764126809,0.0031420868076870168,0.0031006004022133826,0.30152744553700966,0.3196906411088235,0.01816319557181384,0.005181183446498094,0.0003934968250371984,0.19506152767639307,0.29977155905185837,0.2996938555723277,0.1722280413637427,0.2939480831564035,0.2939908204438216,0.17665451572841834,0.2948495631025462,0.29484686535741644,0.16277992519493373,0.29235642186992494,0.2925271116418105,5420371.113396947,2332.552428317212,1.4659981524581225,0.0011407299294640691,17895.0,17.0,68.68782976114893,-0.002493141232621232,-0.0023197537156059433,-0.01387459053348461,0.011381449300863378,True,0.42316922221452263,0.13930484628942472,0.41780525672680174,0.3037631813353977,0.20529877643340438,0.304251916929828,-0.010538205731801253
Covertype,"repeat=1,fold=2",1,2,3,3,dKDB-generative-init,0.003,validation-selected,adagrad,581012,54,7,232404,58102,290506,1.0,0,86fe610f8b4fdfae724b4918d1693b5a070cbff359465786dd9b4983495cea6f,5405260,182708,23.258033424553794,20,,20,0.13930484628942472,0.41780525672680174,0.42316922221452263,0.13332210836225047,0.4112411414962577,0.41644638131546174,0.11288540666352026,0.4010497222345714,0.406103363836398,0.11923868483156233,0.4029099937892663,0.40802133345459296,0.11288540666352026,0.4010497222345714,0.406103363836398,0.0,0.0,0.0,0.28816431557105116,0.28816431557105116,0.0,0.010191419261686263,0.00186027155469487,0.20094487193725843,0.30214298898467135,0.3016968066834255,0.19058651436137944,0.2985008389065589,0.29819732219136486,0.18555815390015026,0.29702858762371837,0.29678862794913774,0.18555815390015026,0.29702858762371837,0.29678862794913774,5411106.141856689,2327.5887423919908,1.2160370202432085,0.0011407299294640691,17895.0,17.0,68.68782976114893,0.0,0.0,0.0,0.0,False,0.42316922221452263,0.13930484628942472,0.41780525672680174,0.3037631813353977,0.20529877643340438,0.304251916929828,-0.01675553449223033
Covertype,"repeat=1,fold=2",1,2,4,4,dKDB-current,0.01,fixed-0.01,adagrad,581012,54,7,232404,58102,290506,1.0,0,890354d672ccbc38a3e9406a0bebf951d77082123089aef823aeac9383a1a686,28906017,831064,124.37831104456033,20,,20,1.945910149055315,1.9459101490553148,1.9459101490553148,0.37273078587477876,0.4408354046022971,0.44247981142242593,0.10423671238389463,0.25015247208750585,0.25253422846335677,0.1440951387560301,0.27316004915070424,0.27522264333779856,0.10423671238389463,0.25015247208750585,0.25253422846335677,0.0,0.0,0.0,0.1459157597036112,0.1459157597036112,0.0,0.19068293251479124,0.023007577063198392,0.3348416360107706,0.37078119572028684,0.3713564580381863,0.18341889940059874,0.28433642494121053,0.28528738917299606,0.15041079662075224,0.2720420358071032,0.273178167188126,0.15041079662075224,0.2720420358071032,0.273178167188126,405750.3072986139,182.46022082097238,1.3254312043384602,0.01585981139931833,0.0,4.0,15.100901976261756,0.0,0.0,0.0,0.0,False,0.5383840185813435,0.04991066706267266,0.5341405945343062,0.2941581318139071,0.12133847657095499,0.29471453955547394,-0.28398812244680033
Covertype,"repeat=1,fold=2",1,2,4,4,dKDB-current,0.03,validation-selected,adagrad,581012,54,7,232404,58102,290506,1.0,0,890354d672ccbc38a3e9406a0bebf951d77082123089aef823aeac9383a1a686,28906017,831064,124.37831104456033,11,12.0,20,1.945910149055315,1.9459101490553148,1.9459101490553148,0.20015613310017588,0.3223209624706814,0.324766289622881,0.05365278513940092,0.23538966495834718,0.23881707573912825,0.05625281155545666,0.23550569925432527,0.23886411643275232,0.04006718495200111,0.23794058315909947,0.24180213768451328,-0.013585600187399814,0.002550918200752289,0.0029850619453850313,0.18173687981894626,0.19787339820709837,0.01613651838815211,0.08693129751233425,0.00011603429597809023,0.2344748583025328,0.3120659235105962,0.3130654814161592,0.10727635031024421,0.2630145912004261,0.26464272537399663,0.10457373665471453,0.2627249736903828,0.2643799613063741,0.09000958778940622,0.2620931712163682,0.26389528558201575,798823.2635715336,347.6389044393088,2.0086602911107914,0.01585981139931833,0.0,4.0,15.100901976261756,-0.0006318024740145645,-0.00048467572435834105,-0.01456414886530831,0.01393234639129376,True,0.5383840185813435,0.04991066706267266,0.5341405945343062,0.2941581318139071,0.12133847657095499,0.29471453955547394,-0.2962000113752067
Covertype,"repeat=1,fold=2",1,2,4,4,dKDB-generative-init,0.01,fixed-0.01,adagrad,581012,54,7,232404,58102,290506,1.0,0,890354d672ccbc38a3e9406a0bebf951d77082123089aef823aeac9383a1a686,28906017,831064,124.37831104456033,2,3.0,20,0.04991066706267266,0.5341405945343062,0.5383840185813435,0.044771451692691984,0.5208161684187963,0.5244100844653296,0.04182236269361783,0.5198542881938629,0.5234734772767062,0.03263995609962693,0.5247125373445366,0.5286914120008548,0.02811010386164727,0.5310091264684196,0.5353393492157446,-0.013712258831970563,0.011154838274556655,0.01186587193903832,0.4780319255002451,0.5028990226067723,0.024867097106527236,0.0009618802249333758,0.004858249150673677,0.11514342331358028,0.2915309188768765,0.2910450022171377,0.09922495030016218,0.28976016449955677,0.28946895193917566,0.11161134665577925,0.2909583048573028,0.2904854749745113,0.09206102041705343,0.28938676282807596,0.2892916320175791,28922408.92031702,5380.19235098729,1.3689256090232782,0.01585981139931833,248798.0,4.0,15.100901976261756,-0.0015715420292268245,-0.0011938429569322007,-0.019550326238725824,0.017978784209499,True,0.5383840185813435,0.04991066706267266,0.5341405945343062,0.2941581318139071,0.12133847657095499,0.29471453955547394,-0.0031314680658866
Covertype,"repeat=1,fold=2",1,2,4,4,dKDB-generative-init,0.003,validation-selected,adagrad,581012,54,7,232404,58102,290506,1.0,0,890354d672ccbc38a3e9406a0bebf951d77082123089aef823aeac9383a1a686,28906017,831064,124.37831104456033,17,18.0,20,0.04991066706267266,0.5341405945343062,0.5383840185813435,0.047395221366453494,0.5262128069544194,0.5300304243347324,0.03950117731378322,0.5196140519442048,0.5232318630668172,0.0415231321750956,0.5200046751448075,0.5236170937218256,0.03882553529304573,0.5196549345622534,0.5232818016283872,-0.0006756420207374922,4.0882618048576624e-05,4.993856156998433e-05,0.4801128746304216,0.4808293992692077,0.0007165246387860758,0.006598755010214563,0.00039062320060267997,0.11852140675643702,0.2931938530259929,0.2926341670183628,0.11158008103334799,0.291554582454738,0.29102767719270756,0.10900601121813892,0.29113712956983306,0.29064104291236015,0.10812316919127858,0.2910113827885141,0.2905276516277938,28911995.374638595,5377.63868101981,1.185534563920797,0.01585981139931833,248798.0,4.0,15.100901976261756,-0.00012574678131899164,-0.00011339128456633318,-0.0008828420268603421,0.0007570952455413504,True,0.5383840185813435,0.04991066706267266,0.5341405945343062,0.2941581318139071,0.12133847657095499,0.29471453955547394,-0.014485659972052756
Covertype,"repeat=1,fold=2",1,2,5,5,dKDB-current,0.01,fixed-0.01,adagrad,581012,54,7,232404,58102,290506,1.0,0,01219d635d1a821202c3170414984b0442f205ede47a13e21cb5ef7515c501d3,72632798,1897664,312.52817507443933,20,,20,1.945910149055315,1.9459101490553148,1.9459101490553148,0.35215132709354746,0.4392422351468866,0.4409977502786746,0.07417997261579755,0.2454742844927836,0.24862243118263685,0.11151893481417387,0.268288109546788,0.2709625554875285,0.07417997261579755,0.2454742844927836,0.24862243118263685,0.0,0.0,0.0,0.17129431187698607,0.17129431187698607,0.0,0.193767950654103,0.022813825054004394,0.32235266803431645,0.36928949120098126,0.36995437640362816,0.14982691193370312,0.28073071007802725,0.28211924209393335,0.11489696738075782,0.26862017582332715,0.27029401903252076,0.11489696738075782,0.26862017582332715,0.27029401903252076,700066.2956603656,215.88754857161314,1.3984879405505202,0.06145968553973896,0.0,2.0,6.6132971906512426,0.0,0.0,0.0,0.0,False,0.6347630589080522,0.024277466620430944,0.6217925548119162,0.2890637967136448,0.0826378921312076,0.28819030111522836,-0.37631827031913256
Covertype,"repeat=1,fold=2",1,2,5,5,dKDB-current,0.03,validation-selected,adagrad,581012,54,7,232404,58102,290506,1.0,0,01219d635d1a821202c3170414984b0442f205ede47a13e21cb5ef7515c501d3,72632798,1897664,312.52817507443933,12,13.0,20,1.945910149055315,1.9459101490553148,1.9459101490553148,0.16196766563818965,0.31191205674159755,0.31495136016221825,0.0312191576158996,0.2289533453260402,0.23355305533726342,0.03477902727071989,0.2292138772198208,0.23367539543034804,0.023281484965026102,0.23051449002951832,0.23549544177672233,-0.007937672650873497,0.0015611447034781234,0.001942386439458904,0.1977341877101406,0.20723300506449222,0.009498817354351624,0.08295871141555736,0.00026053189378061337,0.20446671840646072,0.3055839763845559,0.30698182516203054,0.07579310392094607,0.2593125843281337,0.261519614621571,0.07183209235186001,0.2588536644521729,0.26109973016984256,0.06298969274297564,0.2583565161146338,0.260698268797631,1353056.9127085807,401.2089379628775,2.047977340521936,0.06145968553973896,0.0,2.0,6.6132971906512426,-0.0004971483375391106,-0.0004014613722115312,-0.008842399608884374,0.00834525127134525,True,0.6347630589080522,0.024277466620430944,0.6217925548119162,0.2890637967136448,0.0826378921312076,0.28819030111522836,-0.3912780647823979
Covertype,"repeat=1,fold=2",1,2,5,5,dKDB-generative-init,0.01,fixed-0.01,adagrad,581012,54,7,232404,58102,290506,1.0,0,01219d635d1a821202c3170414984b0442f205ede47a13e21cb5ef7515c501d3,72632798,1897664,312.52817507443933,3,4.0,20,0.024277466620430944,0.6217925548119162,0.6347630589080522,0.021789107008940538,0.605297593252226,0.6175406783730311,0.019338299068237086,0.6033826624233565,0.6156733629894049,0.015758016393567987,0.6056134420005131,0.6181252273770288,0.013476979244932496,0.6099207062467392,0.6226763243704511,-0.00586131982330459,0.006538043823382744,0.007002961381046169,0.5840443633551193,0.5964437270018067,0.012399363646687367,0.00191493082886951,0.002230779577156672,0.0785508290235584,0.28569542220511496,0.2866568308256321,0.06842155544960521,0.2846817752664285,0.2856127198312082,0.07469204677443526,0.28513665850195236,0.2860927864531556,0.06391586743538777,0.2845750295960992,0.2854732156057955,72645567.8754489,8524.365109282959,1.3322784162612669,0.06145968553973896,964138.0,2.0,6.6132971906512426,-0.000561628905853151,-0.0006195708473600847,-0.010776179339047495,0.01021455043319433,True,0.6347630589080522,0.024277466620430944,0.6217925548119162,0.2890637967136448,0.0826378921312076,0.28819030111522836,-0.011871848565176979
Covertype,"repeat=1,fold=2",1,2,5,5,dKDB-generative-init,0.01,validation-selected,adagrad,581012,54,7,232404,58102,290506,1.0,0,01219d635d1a821202c3170414984b0442f205ede47a13e21cb5ef7515c501d3,72632798,1897664,312.52817507443933,3,4.0,20,0.024277466620430944,0.6217925548119162,0.6347630589080522,0.021789107008940538,0.605297593252226,0.6175406783730311,0.019338299068237086,0.6033826624233565,0.6156733629894049,0.015758016393567987,0.6056134420005131,0.6181252273770288,0.013476979244932496,0.6099207062467392,0.6226763243704511,-0.00586131982330459,0.006538043823382744,0.007002961381046169,0.5840443633551193,0.5964437270018067,0.012399363646687367,0.00191493082886951,0.002230779577156672,0.0785508290235584,0.28569542220511496,0.2866568308256321,0.06842155544960521,0.2846817752664285,0.2856127198312082,0.07469204677443526,0.28513665850195236,0.2860927864531556,0.06391586743538777,0.2845750295960992,0.2854732156057955,72645567.8754489,8524.365109282959,1.3322784162612669,0.06145968553973896,964138.0,2.0,6.6132971906512426,-0.000561628905853151,-0.0006195708473600847,-0.010776179339047495,0.01021455043319433,True,0.6347630589080522,0.024277466620430944,0.6217925548119162,0.2890637967136448,0.0826378921312076,0.28819030111522836,-0.011871848565176979
Covertype,"repeat=2,fold=1",2,1,0,0,dKDB-current,0.01,fixed-0.01,adagrad,581012,54,7,232404,58102,290506,1.0,0,e52557c8b0082e0c757b8a17c0d589976b28fd8cb7d088edc485e9532e850f6f,1974,54,0.008493829710332008,20,,20,1.945910149055315,1.9459101490553148,1.9459101490553148,0.6843660030855132,0.687666924625242,0.6885999703616082,0.5879836847901992,0.5932663086321704,0.5932920956312092,0.5954327928842565,0.600200290634252,0.6004189964408188,0.5879836847901992,0.5932663086321704,0.5932920956312092,0.0,0.0,0.0,0.005282623841971201,0.005282623841971201,0.0,0.09440061599307159,0.006933982002081507,0.4758922191030875,0.47675053252315003,0.47688509240470006,0.44176201736642556,0.442836870329441,0.4431165817774344,0.4385062833496596,0.4397279102297978,0.4399812702467,0.4385062833496596,0.4397279102297978,0.4399812702467,292.9858400296647,9.343260584173123,0.7441274964231711,0.0,0.0,232404.0,232404.0,0.0,0.0,0.0,0.0,False,0.8326346180410844,0.8230329430798797,0.8293919982288634,0.48500070699164477,0.48326956527349363,0.4851758068174984,-0.236125689596693
Covertype,"repeat=2,fold=1",2,1,0,0,dKDB-current,0.01,validation-selected,adagrad,581012,54,7,232404,58102,290506,1.0,0,e52557c8b0082e0c757b8a17c0d589976b28fd8cb7d088edc485e9532e850f6f,1974,54,0.008493829710332008,20,,20,1.945910149055315,1.9459101490553148,1.9459101490553148,0.6843660030855132,0.687666924625242,0.6885999703616082,0.5879836847901992,0.5932663086321704,0.5932920956312092,0.5954327928842565,0.600200290634252,0.6004189964408188,0.5879836847901992,0.5932663086321704,0.5932920956312092,0.0,0.0,0.0,0.005282623841971201,0.005282623841971201,0.0,0.09440061599307159,0.006933982002081507,0.4758922191030875,0.47675053252315003,0.47688509240470006,0.44176201736642556,0.442836870329441,0.4431165817774344,0.4385062833496596,0.4397279102297978,0.4399812702467,0.4385062833496596,0.4397279102297978,0.4399812702467,292.9858400296647,9.343260584173123,0.7441274964231711,0.0,0.0,232404.0,232404.0,0.0,0.0,0.0,0.0,False,0.8326346180410844,0.8230329430798797,0.8293919982288634,0.48500070699164477,0.48326956527349363,0.4851758068174984,-0.236125689596693
Covertype,"repeat=2,fold=1",2,1,0,0,dKDB-generative-init,0.01,fixed-0.01,adagrad,581012,54,7,232404,58102,290506,1.0,0,e52557c8b0082e0c757b8a17c0d589976b28fd8cb7d088edc485e9532e850f6f,1974,54,0.008493829710332008,20,,20,0.8230329430798797,0.8293919982288634,0.8326346180410844,0.6867348498679537,0.6910930140475412,0.6948077973358796,0.5900685735256758,0.5969756147658507,0.5966974753356679,0.599077850089278,0.6054330595142696,0.6056810189661068,0.5900685735256758,0.5969756147658507,0.5966974753356679,0.0,0.0,0.0,0.006907041240174938,0.006907041240174938,0.0,0.0941173992816905,0.008457444748418919,0.45878560160686654,0.45973035269548645,0.46007635746102704,0.44117804709737024,0.44228911600826953,0.442648652879595,0.4383995156033034,0.43968290108103913,0.4399774235919492,0.4383995156033034,0.43968290108103913,0.4399774235919492,2104.2619487568613,48.025366753439414,1.7562413519122613,0.0,0.0,232404.0,232404.0,0.0,0.0,0.0,0.0,False,0.8326346180410844,0.8230329430798797,0.8293919982288634,0.48500070699164477,0.48326956527349363,0.4851758068174984,-0.23241638346301274
Covertype,"repeat=2,fold=1",2,1,0,0,dKDB-generative-init,0.01,validation-selected,adagrad,581012,54,7,232404,58102,290506,1.0,0,e52557c8b0082e0c757b8a17c0d589976b28fd8cb7d088edc485e9532e850f6f,1974,54,0.008493829710332008,20,,20,0.8230329430798797,0.8293919982288634,0.8326346180410844,0.6867348498679537,0.6910930140475412,0.6948077973358796,0.5900685735256758,0.5969756147658507,0.5966974753356679,0.599077850089278,0.6054330595142696,0.6056810189661068,0.5900685735256758,0.5969756147658507,0.5966974753356679,0.0,0.0,0.0,0.006907041240174938,0.006907041240174938,0.0,0.0941173992816905,0.008457444748418919,0.45878560160686654,0.45973035269548645,0.46007635746102704,0.44117804709737024,0.44228911600826953,0.442648652879595,0.4383995156033034,0.43968290108103913,0.4399774235919492,0.4383995156033034,0.43968290108103913,0.4399774235919492,2104.2619487568613,48.025366753439414,1.7562413519122613,0.0,0.0,232404.0,232404.0,0.0,0.0,0.0,0.0,False,0.8326346180410844,0.8230329430798797,0.8293919982288634,0.48500070699164477,0.48326956527349363,0.4851758068174984,-0.23241638346301274
Covertype,"repeat=2,fold=1",2,1,1,1,dKDB-current,0.01,fixed-0.01,adagrad,581012,54,7,232404,58102,290506,1.0,0,8c7732a03ce5b85733883f32b26b274b906c8522d5bfb9ba308d4a1164b97f90,40544,1265,0.17445482866043613,20,,20,1.945910149055315,1.9459101490553148,1.9459101490553148,0.5660556180059411,0.5758792581613703,0.5780311327659187,0.46598213610835915,0.4864336351648442,0.48714852240867473,0.4778370031577986,0.4959256527918904,0.49675951728996737,0.46598213610835915,0.4864336351648442,0.48714852240867473,0.0,0.0,0.0,0.02045149905648508,0.02045149905648508,0.0,0.08944562299652609,0.009492017627046156,0.43217727082977114,0.435389914102474,0.4364125705274029,0.39402931000362357,0.40069404354689164,0.4015274072443533,0.3884962632374873,0.3960531975319186,0.3968541601259748,0.3884962632374873,0.3960531975319186,0.3968541601259748,3925.546901924623,29.786721868092652,1.1968739908780768,0.0,0.0,6409.0,9920.803162055336,0.0,0.0,0.0,0.0,False,0.6349664238040184,0.6093971441432441,0.6360759790455569,0.4340431235564007,0.42797272100956646,0.43374467903957353,-0.14964234388071268
Covertype,"repeat=2,fold=1",2,1,1,1,dKDB-current,0.03,validation-selected,adagrad,581012,54,7,232404,58102,290506,1.0,0,8c7732a03ce5b85733883f32b26b274b906c8522d5bfb9ba308d4a1164b97f90,40544,1265,0.17445482866043613,20,,20,1.945910149055315,1.9459101490553148,1.9459101490553148,0.5890064485967078,0.6065907536554027,0.6084101134734994,0.4539736311245599,0.4821965590730015,0.4828002721896427,0.4653308254882005,0.49119925553648786,0.4918736336872913,0.4539736311245599,0.4821965590730015,0.4828002721896427,0.0,0.0,0.0,0.028222927948441612,0.028222927948441612,0.0,0.1243941945824012,0.009002696463486337,0.4406944621075405,0.4458712323177628,0.4466918056732132,0.38799267041820923,0.39680042332765914,0.397622563990394,0.38256422463577094,0.39216076866702304,0.3929758721932711,0.38256422463577094,0.39216076866702304,0.3929758721932711,6318.024473479545,47.49282381702536,1.4768161988345514,0.0,0.0,6409.0,9920.803162055336,0.0,0.0,0.0,0.0,False,0.6349664238040184,0.6093971441432441,0.6360759790455569,0.4340431235564007,0.42797272100956646,0.43374467903957353,-0.1538794199725554
Covertype,"repeat=2,fold=1",2,1,1,1,dKDB-generative-init,0.01,fixed-0.01,adagrad,581012,54,7,232404,58102,290506,1.0,0,8c7732a03ce5b85733883f32b26b274b906c8522d5bfb9ba308d4a1164b97f90,40544,1265,0.17445482866043613,20,,20,0.6093971441432441,0.6360759790455569,0.6349664238040184,0.51981719116373,0.5483152657226712,0.5505219919175854,0.45935222087017347,0.4922300967192724,0.4922643065337785,0.46792129172830954,0.4995991893890103,0.49992852446059566,0.45935222087017347,0.4922300967192724,0.4922643065337785,0.0,0.0,0.0,0.03287787584909896,0.03287787584909896,0.0,0.05608516900339877,0.007369092669737898,0.4043383195039395,0.41089094285745004,0.41228287049340756,0.38691242502926204,0.3956557573400504,0.3966328830640368,0.383745771874985,0.3930103970349499,0.39392381403759297,0.383745771874985,0.3930103970349499,0.39392381403759297,41923.42012993589,209.06015642803925,1.9530516607178763,0.0,0.0,6409.0,9920.803162055336,0.0,0.0,0.0,0.0,False,0.6349664238040184,0.6093971441432441,0.6360759790455569,0.4340431235564007,0.42797272100956646,0.43374467903957353,-0.14384588232628448
Covertype,"repeat=2,fold=1",2,1,1,1,dKDB-generative-init,0.03,validation-selected,adagrad,581012,54,7,232404,58102,290506,1.0,0,8c7732a03ce5b85733883f32b26b274b906c8522d5bfb9ba308d4a1164b97f90,40544,1265,0.17445482866043613,20,,20,0.6093971441432441,0.6360759790455569,0.6349664238040184,0.5506312084215009,0.5844936152866039,0.5867310048726111,0.45219931890811715,0.49077945512453514,0.49087083987237284,0.46221889010431705,0.4994112056274016,0.49957051291984084,0.45219931890811715,0.49077945512453514,0.49087083987237284,0.0,0.0,0.0,0.03858013621641798,0.03858013621641798,0.0,0.0937141601620688,0.008631750502866464,0.41894457806558444,0.42626667947859287,0.4275597475432408,0.38553288935200486,0.39548498402371896,0.39638067035572616,0.38120293863707744,0.39171299576451374,0.39257099908541365,0.38120293863707744,0.39171299576451374,0.39257099908541365,43117.63048110665,216.92449486888347,2.902356273605854,0.0,0.0,6409.0,9920.803162055336,0.0,0.0,0.0,0.0,False,0.6349664238040184,0.6093971441432441,0.6360759790455569,0.4340431235564007,0.42797272100956646,0.43374467903957353,-0.14529652392102177
Covertype,"repeat=2,fold=1",2,1,2,2,dKDB-current,0.01,fixed-0.01,adagrad,581012,54,7,232404,58102,290506,1.0,0,1b40ef4b6b19e5a07f6138e552377625a40e9187561c04289e6560fa16008e75,591955,16816,2.547094714376689,20,,20,1.945910149055315,1.9459101490553148,1.9459101490553148,0.4719771207299965,0.49501313455577917,0.49835323490247996,0.29109437967242496,0.35003593230950286,0.350926495163578,0.320385158684699,0.36956411711010007,0.37067666864836596,0.29109437967242496,0.35003593230950286,0.350926495163578,0.0,0.0,0.0,0.0589415526370779,0.0589415526370779,0.0,0.1449772022462763,0.019528184800597204,0.38983540042030485,0.3997962552658984,0.4014189727558159,0.3146509554117338,0.3405780412312502,0.34126620440072825,0.2989399440319841,0.33057167693920547,0.3310467182071853,0.2989399440319841,0.33057167693920547,0.3310467182071853,29714.44438669663,68.04114948985604,1.7538011518088412,1.3131621428868301e-05,0.0,219.0,746.302093244529,0.0,0.0,0.0,0.0,False,0.4390558123879103,0.3311020576381399,0.4376668640310619,0.3529070110629856,0.32063344468962524,0.35272461513036746,-0.08763093172155906
Covertype,"repeat=2,fold=1",2,1,2,2,dKDB-current,0.03,validation-selected,adagrad,581012,54,7,232404,58102,290506,1.0,0,1b40ef4b6b19e5a07f6138e552377625a40e9187561c04289e6560fa16008e75,591955,16816,2.547094714376689,20,,20,1.945910149055315,1.9459101490553148,1.9459101490553148,0.40961405439092663,0.45567171488508135,0.4586831454315361,0.23465701715248924,0.33132679321162395,0.33268608707863334,0.25398534300610315,0.33685152875431784,0.33802892144025215,0.23465701715248924,0.33132679321162395,0.33268608707863334,0.0,0.0,0.0,0.09666977605913471,0.09666977605913471,0.0,0.1243449216734574,0.005524735542693893,0.36345773340440746,0.383166543003278,0.38459390421575457,0.27975108221596484,0.3225405946994524,0.3227295189911362,0.26843837658154723,0.3176697792008357,0.3177912573418051,0.26843837658154723,0.3176697792008357,0.3177912573418051,57338.01029080553,128.33608070952815,2.0779092512551918,1.3131621428868301e-05,0.0,219.0,746.302093244529,0.0,0.0,0.0,0.0,False,0.4390558123879103,0.3311020576381399,0.4376668640310619,0.3529070110629856,0.32063344468962524,0.35272461513036746,-0.10634007081943797
Covertype,"repeat=2,fold=1",2,1,2,2,dKDB-generative-init,0.01,fixed-0.01,adagrad,581012,54,7,232404,58102,290506,1.0,0,1b40ef4b6b19e5a07f6138e552377625a40e9187561c04289e6560fa16008e75,591955,16816,2.547094714376689,20,,20,0.3311020576381399,0.4376668640310619,0.4390558123879103,0.2986377660779951,0.4171531122125992,0.4182308888328167,0.24531474354697283,0.3828669061739337,0.3846988815258116,0.25727354306741734,0.38839990484319875,0.38997341943025954,0.24531474354697283,0.3828669061739337,0.3846988815258116,0.0,0.0,0.0,0.13755216262696088,0.13755216262696088,0.0,0.0342862060386655,0.0055329986692650435,0.30494294710267683,0.34289617844781933,0.3425702974831476,0.2834553802366322,0.32991744566368975,0.32945326769277733,0.2766733539170632,0.3264656012754567,0.32603378821140827,0.2766733539170632,0.3264656012754567,0.32603378821140827,597604.1715427542,777.780213121831,1.8073291668408038,1.3131621428868301e-05,206.0,219.0,746.302093244529,0.0,0.0,0.0,0.0,False,0.4390558123879103,0.3311020576381399,0.4376668640310619,0.3529070110629856,0.32063344468962524,0.35272461513036746,-0.05479995785712821
Covertype,"repeat=2,fold=1",2,1,2,2,dKDB-generative-init,0.01,validation-selected,adagrad,581012,54,7,232404,58102,290506,1.0,0,1b40ef4b6b19e5a07f6138e552377625a40e9187561c04289e6560fa16008e75,591955,16816,2.547094714376689,20,,20,0.3311020576381399,0.4376668640310619,0.4390558123879103,0.2986377660779951,0.4171531122125992,0.4182308888328167,0.24531474354697283,0.3828669061739337,0.3846988815258116,0.25727354306741734,0.38839990484319875,0.38997341943025954,0.24531474354697283,0.3828669061739337,0.3846988815258116,0.0,0.0,0.0,0.13755216262696088,0.13755216262696088,0.0,0.0342862060386655,0.0055329986692650435,0.30494294710267683,0.34289617844781933,0.3425702974831476,0.2834553802366322,0.32991744566368975,0.32945326769277733,0.2766733539170632,0.3264656012754567,0.32603378821140827,0.2766733539170632,0.3264656012754567,0.32603378821140827,597604.1715427542,777.780213121831,1.8073291668408038,1.3131621428868301e-05,206.0,219.0,746.302093244529,0.0,0.0,0.0,0.0,False,0.4390558123879103,0.3311020576381399,0.4376668640310619,0.3529070110629856,0.32063344468962524,0.35272461513036746,-0.05479995785712821
Covertype,"repeat=2,fold=1",2,1,3,3,dKDB-current,0.01,fixed-0.01,adagrad,581012,54,7,232404,58102,290506,1.0,0,e80862bd666f383e7061b4fd6a13ac43b8321ec65f3e80c5a1195f3e4414343c,4732637,163279,20.363836250666942,20,,20,1.945910149055315,1.9459101490553148,1.9459101490553148,0.41150220937399806,0.45344934315221863,0.45542015090544924,0.17604681629999896,0.27521153382294034,0.2756733134207082,0.21478560152819862,0.2989078570500251,0.29942093315486534,0.17604681629999896,0.27521153382294034,0.2756733134207082,0.0,0.0,0.0,0.09916471752294137,0.09916471752294137,0.0,0.1782378093292783,0.02369632322708476,0.3575372183036601,0.3780168027168536,0.378984374422273,0.2441439227131999,0.2998374221133715,0.3001802893426125,0.21833566451126035,0.2869292162179602,0.28722625474504465,0.21833566451126035,0.2869292162179602,0.28722625474504465,139085.68522421457,126.16360544090907,1.2060867977899379,0.000820535102098994,0.0,19.0,76.86117626884045,0.0,0.0,0.0,0.0,False,0.40692278604191023,0.14657389138508445,0.404280088164396,0.30216523244095406,0.21093785059498846,0.30121705223170814,-0.12906855434145564
Covertype,"repeat=2,fold=1",2,1,3,3,dKDB-current,0.03,validation-selected,adagrad,581012,54,7,232404,58102,290506,1.0,0,e80862bd666f383e7061b4fd6a13ac43b8321ec65f3e80c5a1195f3e4414343c,4732637,163279,20.363836250666942,15,16.0,20,1.945910149055315,1.9459101490553148,1.9459101490553148,0.28183338411366404,0.3619106039993317,0.3636263419109143,0.1081658842011017,0.2556357449533192,0.2566723420476029,0.1220018853963783,0.2569881396712283,0.2580603782508606,0.09954592112471831,0.2564984190248846,0.2575280392904159,-0.00861996307638338,0.000862674071565428,0.0008556972428129805,0.14746986075221752,0.1569524979001663,0.00948263714794878,0.10627485904601253,0.0013523947179091,0.2913406041176814,0.3346255979485118,0.3355580216096491,0.18038625079474271,0.2755990663586114,0.27589095836797495,0.16920812455054493,0.2735501344640573,0.2737650041390673,0.16205116014696178,0.27280990413142636,0.27297348334296045,273389.2311611286,241.7446805220446,2.2528407216633344,0.000820535102098994,0.0,19.0,76.86117626884045,-0.0007402303326309312,-0.0007915207961068371,-0.007156964403583155,0.006416734070952224,True,0.40692278604191023,0.14657389138508445,0.404280088164396,0.30216523244095406,0.21093785059498846,0.30121705223170814,-0.14778166913951135
Covertype,"repeat=2,fold=1",2,1,3,3,dKDB-generative-init,0.01,fixed-0.01,adagrad,581012,54,7,232404,58102,290506,1.0,0,e80862bd666f383e7061b4fd6a13ac43b8321ec65f3e80c5a1195f3e4414343c,4732637,163279,20.363836250666942,9,10.0,20,0.14657389138508445,0.404280088164396,0.40692278604191023,0.13365963020641516,0.39833878576552656,0.40103940936370475,0.10720451829553958,0.3909465385323315,0.39473217496682156,0.10571387366749499,0.3909896948926317,0.39482341451594066,0.09569112924500764,0.3928962636455362,0.39698760391832366,-0.011513389050531939,0.0019497251132046811,0.002255428951502103,0.28374202023679196,0.29720513440052854,0.013463114163736578,0.007392247233195037,4.315636030016723e-05,0.20136200095426843,0.29730747696446236,0.29824973480952205,0.17952245994214905,0.29116124563199747,0.29245140935862796,0.18080223985974703,0.2914298044280179,0.29270376998096287,0.17052047820509483,0.289597578034768,0.29096369811214884,4746704.772274155,2183.0790961687794,1.617326662600558,0.000820535102098994,12872.0,19.0,76.86117626884045,-0.001832226393249925,-0.0017400718688140304,-0.010281761654652194,0.008449535261402269,True,0.40692278604191023,0.14657389138508445,0.404280088164396,0.30216523244095406,0.21093785059498846,0.30121705223170814,-0.011383824518859775
Covertype,"repeat=2,fold=1",2,1,3,3,dKDB-generative-init,0.003,validation-selected,adagrad,581012,54,7,232404,58102,290506,1.0,0,e80862bd666f383e7061b4fd6a13ac43b8321ec65f3e80c5a1195f3e4414343c,4732637,163279,20.363836250666942,20,,20,0.14657389138508445,0.404280088164396,0.40692278604191023,0.14099795401810308,0.39885371425708255,0.4014413394889072,0.12081082580103387,0.38883336175067357,0.3919320084787706,0.12709406030446635,0.3909637054207319,0.39384059630728735,0.12081082580103387,0.38883336175067357,0.3919320084787706,0.0,0.0,0.0,0.2680225359496397,0.2680225359496397,0.0,0.01002035250640898,0.002130343670058321,0.20694447568646923,0.2992316589772089,0.30021276249587064,0.19704698764846315,0.29568805557833366,0.29675318357253827,0.19222996959753053,0.29420177035044487,0.2953354210479776,0.19222996959753053,0.29420177035044487,0.2953354210479776,4738054.007283408,2178.1085600621313,1.188676890097261,0.000820535102098994,12872.0,19.0,76.86117626884045,0.0,0.0,0.0,0.0,False,0.40692278604191023,0.14657389138508445,0.404280088164396,0.30216523244095406,0.21093785059498846,0.30121705223170814,-0.015446726413722411
Covertype,"repeat=2,fold=1",2,1,4,4,dKDB-current,0.01,fixed-0.01,adagrad,581012,54,7,232404,58102,290506,1.0,0,c62391627c599d687710b773490462b36b35b8e73540cf0d37631015afdfe79b,24788239,752905,106.66012202888074,20,,20,1.945910149055315,1.9459101490553148,1.9459101490553148,0.3793970390029127,0.44429251536797676,0.4460314943388369,0.11315497144118637,0.2564480668406378,0.2571613279181408,0.15400100348089876,0.27965282485474363,0.2802980415612257,0.11315497144118637,0.2564480668406378,0.2571613279181408,0.0,0.0,0.0,0.14329309539945145,0.14329309539945145,0.0,0.18784444852733895,0.02320475801410582,0.3384298520496265,0.3720850154034839,0.37282709445465034,0.19226191065956477,0.2875998583095295,0.28794499916650207,0.15926558402212848,0.27515153825267863,0.27552220125362953,0.15926558402212848,0.27515153825267863,0.27552220125362953,380624.2977147287,180.38230789922935,1.207949807284308,0.012949436117976526,0.0,4.0,16.668525245548906,0.0,0.0,0.0,0.0,False,0.5225131555869084,0.05724835903507789,0.517462691232798,0.2956399758441115,0.13006335902500862,0.29330297235601954,-0.26101462439216017
Covertype,"repeat=2,fold=1",2,1,4,4,dKDB-current,0.03,validation-selected,adagrad,581012,54,7,232404,58102,290506,1.0,0,c62391627c599d687710b773490462b36b35b8e73540cf0d37631015afdfe79b,24788239,752905,106.66012202888074,12,13.0,20,1.945910149055315,1.9459101490553148,1.9459101490553148,0.21045239860470955,0.32900669904832625,0.3304101466388133,0.05718454599489451,0.2407098109938627,0.24226922289635608,0.06244946281116512,0.24086377300846254,0.24235291319756164,0.04483518253939779,0.24316974602571204,0.24497921088594074,-0.012349363455496719,0.002459935031849325,0.0027099879895846612,0.1835252649989682,0.19833456348631423,0.014809298487346023,0.08829688805446353,0.00015396201459982883,0.24176736947935146,0.31533302061323715,0.3160622914358792,0.11463286005814231,0.2656592864580677,0.26623829202258953,0.10926119755558932,0.2651107239900056,0.26571236441602525,0.09629243836566083,0.2646199809398732,0.26530096358223276,751809.6512786448,344.8363345452443,1.9140676094559315,0.012949436117976526,0.0,4.0,16.668525245548906,-0.0004907430501324139,-0.0004114008337924857,-0.012968759189928486,0.0124780161397961,True,0.5225131555869084,0.05724835903507789,0.517462691232798,0.2956399758441115,0.13006335902500862,0.29330297235601954,-0.2742929452070859
Covertype,"repeat=2,fold=1",2,1,4,4,dKDB-generative-init,0.01,fixed-0.01,adagrad,581012,54,7,232404,58102,290506,1.0,0,c62391627c599d687710b773490462b36b35b8e73540cf0d37631015afdfe79b,24788239,752905,106.66012202888074,3,4.0,20,0.05724835903507789,0.517462691232798,0.5225131555869084,0.05034252884503362,0.5008021062888043,0.5053998039755321,0.0448818975564768,0.4991309528288239,0.5042320842521176,0.03708068210600813,0.5028711297345376,0.5089434410132456,0.03208693345056647,0.508784970703238,0.5155427761330921,-0.012794964105910328,0.009654017874414111,0.011310691880974444,0.4542490552723471,0.47669803725267157,0.022448981980324467,0.001671153459980368,0.00374017690571371,0.1218080434342656,0.2897432335370965,0.29200749082996336,0.10545624635309298,0.28769619777295724,0.29039416087496606,0.11547773410206119,0.28866180059571095,0.29111701650320754,0.09816125042431018,0.2873772158266721,0.29021430106232854,24806193.050357446,4983.187504996003,1.3736339628768701,0.012949436117976526,203142.0,4.0,16.668525245548906,-0.0012845847690388656,-0.0009027154408789984,-0.017316483677751016,0.01603189890871215,True,0.5225131555869084,0.05724835903507789,0.517462691232798,0.2956399758441115,0.13006335902500862,0.29330297235601954,-0.008677720529559951
Covertype,"repeat=2,fold=1",2,1,4,4,dKDB-generative-init,0.003,validation-selected,adagrad,581012,54,7,232404,58102,290506,1.0,0,c62391627c599d687710b773490462b36b35b8e73540cf0d37631015afdfe79b,24788239,752905,106.66012202888074,20,,20,0.05724835903507789,0.517462691232798,0.5225131555869084,0.053641381397728304,0.5069475630061147,0.511790326836676,0.043967741789157196,0.4982277666841852,0.5034661821964538,0.04693996854715396,0.4989852838356744,0.5040101246387758,0.043967741789157196,0.4982277666841852,0.5034661821964538,0.0,0.0,0.0,0.45426002489502804,0.45426002489502804,0.0,0.00871979632192943,0.0007575171514891954,0.12597829581965356,0.2914152461533897,0.2937324385996917,0.11831949962668019,0.28948900008448925,0.2919694221457659,0.11470986124424343,0.2888958144276505,0.29144973966292015,0.11470986124424343,0.2888958144276505,0.29144973966292015,24794837.96436977,4980.211204673519,1.1924836181374063,0.012949436117976526,203142.0,4.0,16.668525245548906,0.0,0.0,0.0,0.0,False,0.5225131555869084,0.05724835903507789,0.517462691232798,0.2956399758441115,0.13006335902500862,0.29330297235601954,-0.019234924548612753
Covertype,"repeat=2,fold=1",2,1,5,5,dKDB-current,0.01,fixed-0.01,adagrad,581012,54,7,232404,58102,290506,1.0,0,6b4aff2d3898a3c4fb576974264d5456afdfd7d3b67f842b62ae973bdbb72953,59016433,1638344,253.93897265107313,20,,20,1.945910149055315,1.9459101490553148,1.9459101490553148,0.3556934116917733,0.43724306071687546,0.4392134032517617,0.08153850569936773,0.24602018941059117,0.2480281894683773,0.1197077450619541,0.26867206305706937,0.27034531470581125,0.08153850569936773,0.24602018941059117,0.2480281894683773,0.0,0.0,0.0,0.16448168371122346,0.16448168371122346,0.0,0.1912228713062843,0.022651873646478193,0.32434963597149474,0.3679763011492515,0.3688234457276041,0.15888488533300993,0.2805792575079731,0.28178563230592174,0.12415014650205412,0.26852080964928055,0.26992554135982927,0.12415014650205412,0.26852080964928055,0.26992554135982927,639158.9578658547,212.2747632022149,1.197038701342918,0.04663771845344687,0.0,2.0,7.660061623200011,0.0,0.0,0.0,0.0,False,0.626681183906893,0.03199234319337351,0.6151445885119232,0.2914569268090302,0.09403585272966605,0.2880713201988344,-0.36912439910133205
Covertype,"repeat=2,fold=1",2,1,5,5,dKDB-current,0.03,validation-selected,adagrad,581012,54,7,232404,58102,290506,1.0,0,6b4aff2d3898a3c4fb576974264d5456afdfd7d3b67f842b62ae973bdbb72953,59016433,1638344,253.93897265107313,12,13.0,20,1.945910149055315,1.9459101490553148,1.9459101490553148,0.17005146299189508,0.3121934896475224,0.3146743433182378,0.035713209617395845,0.2301655976025021,0.2336515200654539,0.039617383897782646,0.23031174002103116,0.23363961618824575,0.026931696281718983,0.23213709439288888,0.23613002299023042,-0.008781513335676863,0.001971496790386773,0.0024785029247765267,0.19445238798510625,0.2052053981111699,0.010753010126063639,0.08202789204502031,0.00014614241852906051,0.2112075374036835,0.30541942870297745,0.3069953313590237,0.08326053583761837,0.2593676795649362,0.26133471284872367,0.07897580943789317,0.2589254574092896,0.2609546094295967,0.06933179624888079,0.2584897155359913,0.2607144249475553,1233362.8087216234,394.7232751387637,1.7966064432507136,0.04663771845344687,0.0,2.0,7.660061623200011,-0.00043574187329831204,-0.00024018448204138343,-0.009644013189012382,0.009208271315714056,True,0.626681183906893,0.03199234319337351,0.6151445885119232,0.2914569268090302,0.09403585272966605,0.2880713201988344,-0.38300749411903434
Covertype,"repeat=2,fold=1",2,1,5,5,dKDB-generative-init,0.01,fixed-0.01,adagrad,581012,54,7,232404,58102,290506,1.0,0,6b4aff2d3898a3c4fb576974264d5456afdfd7d3b67f842b62ae973bdbb72953,59016433,1638344,253.93897265107313,4,5.0,20,0.03199234319337351,0.6151445885119232,0.626681183906893,0.02770158451367802,0.5928434140179252,0.6033617933807826,0.02348217316859681,0.5900623428096233,0.600591534667567,0.019900911399830107,0.592378182339095,0.6032309585296454,0.01696509572547157,0.5970272534030946,0.6083250339565903,-0.0065170774431252375,0.006964910593471263,0.007733499289023338,0.5665801696410265,0.580062157677623,0.013481988036596504,0.002781071208301844,0.002315839529471675,0.08788244248873092,0.28450814064171537,0.2881884289844141,0.07629830544053638,0.28297642401793455,0.28682243018020065,0.08189088313465358,0.2834571814507923,0.2872450708880922,0.07120043947783318,0.2827805309493243,0.2866614066407474,59030089.377260536,7684.460503697939,1.3507252353084762,0.04663771845344687,731621.0,2.0,7.660061623200011,-0.0006766505014679791,-0.000583664247344795,-0.010690443656820398,0.010013793155352446,True,0.626681183906893,0.03199234319337351,0.6151445885119232,0.2914569268090302,0.09403585272966605,0.2880713201988344,-0.018117335108828625
Covertype,"repeat=2,fold=1",2,1,5,5,dKDB-generative-init,0.01,validation-selected,adagrad,581012,54,7,232404,58102,290506,1.0,0,6b4aff2d3898a3c4fb576974264d5456afdfd7d3b67f842b62ae973bdbb72953,59016433,1638344,253.93897265107313,4,5.0,20,0.03199234319337351,0.6151445885119232,0.626681183906893,0.02770158451367802,0.5928434140179252,0.6033617933807826,0.02348217316859681,0.5900623428096233,0.600591534667567,0.019900911399830107,0.592378182339095,0.6032309585296454,0.01696509572547157,0.5970272534030946,0.6083250339565903,-0.0065170774431252375,0.006964910593471263,0.007733499289023338,0.5665801696410265,0.580062157677623,0.013481988036596504,0.002781071208301844,0.002315839529471675,0.08788244248873092,0.28450814064171537,0.2881884289844141,0.07629830544053638,0.28297642401793455,0.28682243018020065,0.08189088313465358,0.2834571814507923,0.2872450708880922,0.07120043947783318,0.2827805309493243,0.2866614066407474,59030089.377260536,7684.460503697939,1.3507252353084762,0.04663771845344687,731621.0,2.0,7.660061623200011,-0.0006766505014679791,-0.000583664247344795,-0.010690443656820398,0.010013793155352446,True,0.626681183906893,0.03199234319337351,0.6151445885119232,0.2914569268090302,0.09403585272966605,0.2880713201988344,-0.018117335108828625
Covertype,"repeat=2,fold=2",2,2,0,0,dKDB-current,0.01,fixed-0.01,adagrad,581012,54,7,232404,58102,290506,1.0,0,e52557c8b0082e0c757b8a17c0d589976b28fd8cb7d088edc485e9532e850f6f,2009,54,0.008644429527891085,20,,20,1.945910149055315,1.9459101490553148,1.9459101490553148,0.6795972706891082,0.6841174018416802,0.6841152897519018,0.5866052010710767,0.5927919114587797,0.5932178637575056,0.5941151501511015,0.6000832018825428,0.6004136878026158,0.5866052010710767,0.5927919114587797,0.5932178637575056,0.0,0.0,0.0,0.0061867103877030205,0.0061867103877030205,0.0,0.0913254903829005,0.007291290423763086,0.47416377983263613,0.47572251328633003,0.47579129162245426,0.44126651492366664,0.4432197331577366,0.4434855311793102,0.43802652390208774,0.44000967203812696,0.440313600331468,0.43802652390208774,0.44000967203812696,0.440313600331468,298.41339508108456,9.395627430173752,0.7471530059685106,0.0,0.0,232404.0,232404.0,0.0,0.0,0.0,0.0,False,0.8244981365423906,0.8230369385776976,0.8239104626370426,0.48433700385358547,0.483516690217874,0.4840332629577762,-0.23111855117826285
Covertype,"repeat=2,fold=2",2,2,0,0,dKDB-current,0.01,validation-selected,adagrad,581012,54,7,232404,58102,290506,1.0,0,e52557c8b0082e0c757b8a17c0d589976b28fd8cb7d088edc485e9532e850f6f,2009,54,0.008644429527891085,20,,20,1.945910149055315,1.9459101490553148,1.9459101490553148,0.6795972706891082,0.6841174018416802,0.6841152897519018,0.5866052010710767,0.5927919114587797,0.5932178637575056,0.5941151501511015,0.6000832018825428,0.6004136878026158,0.5866052010710767,0.5927919114587797,0.5932178637575056,0.0,0.0,0.0,0.0061867103877030205,0.0061867103877030205,0.0,0.0913254903829005,0.007291290423763086,0.47416377983263613,0.47572251328633003,0.47579129162245426,0.44126651492366664,0.4432197331577366,0.4434855311793102,0.43802652390208774,0.44000967203812696,0.440313600331468,0.43802652390208774,0.44000967203812696,0.440313600331468,298.41339508108456,9.395627430173752,0.7471530059685106,0.0,0.0,232404.0,232404.0,0.0,0.0,0.0,0.0,False,0.8244981365423906,0.8230369385776976,0.8239104626370426,0.48433700385358547,0.483516690217874,0.4840332629577762,-0.23111855117826285
Covertype,"repeat=2,fold=2",2,2,0,0,dKDB-generative-init,0.01,fixed-0.01,adagrad,581012,54,7,232404,58102,290506,1.0,0,e52557c8b0082e0c757b8a17c0d589976b28fd8cb7d088edc485e9532e850f6f,2009,54,0.008644429527891085,20,,20,0.8230369385776976,0.8239104626370426,0.8244981365423906,0.6830873284789198,0.6891917841591826,0.6895550626363771,0.5888712742552606,0.5962318863536075,0.5972298260447747,0.5980930952613606,0.6055393443972981,0.6064535736443564,0.5888712742552606,0.5962318863536075,0.5972298260447747,0.0,0.0,0.0,0.007360612098346819,0.007360612098346819,0.0,0.09295989780557512,0.009307458043690597,0.4578463221540962,0.4593268476570106,0.45966624044910487,0.44077323229496146,0.4428346498050807,0.44315646478703075,0.4379767931939242,0.44001911041224084,0.4403665796892924,0.4379767931939242,0.44001911041224084,0.4403665796892924,2141.731845277527,48.43555412537122,1.8412240382051537,0.0,0.0,232404.0,232404.0,0.0,0.0,0.0,0.0,False,0.8244981365423906,0.8230369385776976,0.8239104626370426,0.48433700385358547,0.483516690217874,0.4840332629577762,-0.22767857628343513
Covertype,"repeat=2,fold=2",2,2,0,0,dKDB-generative-init,0.01,validation-selected,adagrad,581012,54,7,232404,58102,290506,1.0,0,e52557c8b0082e0c757b8a17c0d589976b28fd8cb7d088edc485e9532e850f6f,2009,54,0.008644429527891085,20,,20,0.8230369385776976,0.8239104626370426,0.8244981365423906,0.6830873284789198,0.6891917841591826,0.6895550626363771,0.5888712742552606,0.5962318863536075,0.5972298260447747,0.5980930952613606,0.6055393443972981,0.6064535736443564,0.5888712742552606,0.5962318863536075,0.5972298260447747,0.0,0.0,0.0,0.007360612098346819,0.007360612098346819,0.0,0.09295989780557512,0.009307458043690597,0.4578463221540962,0.4593268476570106,0.45966624044910487,0.44077323229496146,0.4428346498050807,0.44315646478703075,0.4379767931939242,0.44001911041224084,0.4403665796892924,0.4379767931939242,0.44001911041224084,0.4403665796892924,2141.731845277527,48.43555412537122,1.8412240382051537,0.0,0.0,232404.0,232404.0,0.0,0.0,0.0,0.0,False,0.8244981365423906,0.8230369385776976,0.8239104626370426,0.48433700385358547,0.483516690217874,0.4840332629577762,-0.22767857628343513
Covertype,"repeat=2,fold=2",2,2,1,1,dKDB-current,0.01,fixed-0.01,adagrad,581012,54,7,232404,58102,290506,1.0,0,4e8bd0fc889f55c22920c80ba32afd65b4311e22b1854280a07191fc62d62a1a,43386,1269,0.1866835338462333,20,,20,1.945910149055315,1.9459101490553148,1.9459101490553148,0.5656638165613077,0.5763735242277095,0.5757153001700587,0.46133266873641987,0.4815523435416202,0.4827291950347729,0.4739381990375522,0.4914825927215355,0.49252451212963244,0.46133266873641987,0.4815523435416202,0.4827291950347729,0.0,0.0,0.0,0.020219674805200316,0.020219674805200316,0.0,0.0948211806860893,0.009930249179915307,0.43194274188185744,0.43592169208670306,0.43581902114274096,0.3923260407519764,0.3990590789436072,0.39986606078904663,0.38645046372637276,0.39417464189911644,0.39506212152877,0.38645046372637276,0.39417464189911644,0.39506212152877,4109.086018008545,30.173724972353334,1.221395069574603,0.0,0.0,6264.0,9889.531914893618,0.0,0.0,0.0,0.0,False,0.6235992119304632,0.599343420267367,0.6225974778575107,0.4313448391061343,0.42511524413909507,0.4303351978922516,-0.14104513431589055
Covertype,"repeat=2,fold=2",2,2,1,1,dKDB-current,0.03,validation-selected,adagrad,581012,54,7,232404,58102,290506,1.0,0,4e8bd0fc889f55c22920c80ba32afd65b4311e22b1854280a07191fc62d62a1a,43386,1269,0.1866835338462333,20,,20,1.945910149055315,1.9459101490553148,1.9459101490553148,0.586641873413576,0.6030336456507313,0.6043264716628914,0.44802016735926775,0.47662502941268925,0.4783817110785939,0.46005485975680516,0.4856397933172272,0.48758351153079804,0.44802016735926775,0.47662502941268925,0.4783817110785939,0.0,0.0,0.0,0.028604862053421498,0.028604862053421498,0.0,0.126408616238042,0.009014763904537926,0.4395284999477274,0.44436274662747594,0.44521423427937956,0.3856216264529624,0.3945999119848728,0.39581630821370334,0.3799074205599692,0.3899041363295076,0.39107609505772717,0.3799074205599692,0.3899041363295076,0.39107609505772717,6694.315275599319,48.44399987089194,1.5076992657363337,0.0,0.0,6264.0,9889.531914893618,0.0,0.0,0.0,0.0,False,0.6235992119304632,0.599343420267367,0.6225974778575107,0.4313448391061343,0.42511524413909507,0.4303351978922516,-0.1459724484448215
Covertype,"repeat=2,fold=2",2,2,1,1,dKDB-generative-init,0.01,fixed-0.01,adagrad,581012,54,7,232404,58102,290506,1.0,0,4e8bd0fc889f55c22920c80ba32afd65b4311e22b1854280a07191fc62d62a1a,43386,1269,0.1866835338462333,20,,20,0.599343420267367,0.6225974778575107,0.6235992119304632,0.5168896936067726,0.5473583291668849,0.5468060566434861,0.4549341240112166,0.488936305474085,0.4890318203684993,0.4642365510755694,0.49695100009095805,0.49705610737351097,0.4549341240112166,0.488936305474085,0.4890318203684993,0.0,0.0,0.0,0.03400218146286843,0.03400218146286843,0.0,0.05842202369279986,0.008014694616873042,0.4024497105372259,0.41023447338210495,0.41068089149591314,0.3850599305778919,0.39434004949503426,0.39521651326180474,0.38167773027600604,0.3914219569933432,0.3923849776448522,0.38167773027600604,0.3914219569933432,0.3923849776448522,44958.381866335,216.73288521233388,2.0557983975380982,0.0,0.0,6264.0,9889.531914893618,0.0,0.0,0.0,0.0,False,0.6235992119304632,0.599343420267367,0.6225974778575107,0.4313448391061343,0.42511524413909507,0.4303351978922516,-0.13366117238342573
Covertype,"repeat=2,fold=2",2,2,1,1,dKDB-generative-init,0.03,validation-selected,adagrad,581012,54,7,232404,58102,290506,1.0,0,4e8bd0fc889f55c22920c80ba32afd65b4311e22b1854280a07191fc62d62a1a,43386,1269,0.1866835338462333,20,,20,0.599343420267367,0.6225974778575107,0.6235992119304632,0.5451466080356185,0.5795181882889658,0.5799749005972441,0.4463242971114244,0.4864713213249937,0.48672053208595134,0.457222834515566,0.4955331526020061,0.4960065479335543,0.4463242971114244,0.4864713213249937,0.48672053208595134,0.0,0.0,0.0,0.040147024213569305,0.040147024213569305,0.0,0.09304686696397213,0.009061831277012378,0.41560506001651154,0.4235461942673005,0.4242657107876999,0.3831769921141187,0.3935086058595686,0.39461553177522324,0.37852670096681296,0.3895565124015225,0.3906341307616296,0.37852670096681296,0.3895565124015225,0.3906341307616296,46328.29356138572,225.34458474690862,2.533751933761543,0.0,0.0,6264.0,9889.531914893618,0.0,0.0,0.0,0.0,False,0.6235992119304632,0.599343420267367,0.6225974778575107,0.4313448391061343,0.42511524413909507,0.4303351978922516,-0.13612615653251703
Covertype,"repeat=2,fold=2",2,2,2,2,dKDB-current,0.01,fixed-0.01,adagrad,581012,54,7,232404,58102,290506,1.0,0,386b04280f53a06dab1a191e156ddf778ee2782ecbf831b23909b76550a6b8a8,682507,18871,2.936726562365536,20,,20,1.945910149055315,1.9459101490553148,1.9459101490553148,0.4677176657398136,0.493075111142949,0.49291666079393615,0.28123605341660574,0.34158590387338017,0.34138056796273547,0.311908334854377,0.36241191576534937,0.362451485874404,0.28123605341660574,0.34158590387338017,0.34138056796273547,0.0,0.0,0.0,0.060349850456774434,0.060349850456774434,0.0,0.15148920726956883,0.0208260118919692,0.3873611624318346,0.3987981883336495,0.39876047117721514,0.3097126855123278,0.3366554746279814,0.3369062154447992,0.29306304771661884,0.32574439460614985,0.32594828034032153,0.29306304771661884,0.32574439460614985,0.32594828034032153,32050.969320576503,70.57473572456892,1.6193456679490246,1.8677500381836952e-05,0.0,200.0,665.0318478088071,0.0,0.0,0.0,0.0,False,0.4320576452136517,0.32211617783746255,0.4362221404723868,0.3489776107265678,0.3157846901931452,0.3496886402648189,-0.0946362365990066
Covertype,"repeat=2,fold=2",2,2,2,2,dKDB-current,0.03,validation-selected,adagrad,581012,54,7,232404,58102,290506,1.0,0,386b04280f53a06dab1a191e156ddf778ee2782ecbf831b23909b76550a6b8a8,682507,18871,2.936726562365536,20,,20,1.945910149055315,1.9459101490553148,1.9459101490553148,0.40241463459674637,0.44946951674521934,0.4499280571496957,0.2215801514594155,0.32131820757085433,0.3196517697755801,0.2421369746245034,0.3272507696076442,0.32605670263939796,0.2215801514594155,0.32131820757085433,0.3196517697755801,0.0,0.0,0.0,0.09973805611143882,0.09973805611143882,0.0,0.128151309174365,0.005932562036789879,0.3599667142253629,0.380388578252081,0.38067579771267845,0.2725378132137657,0.3167145552269001,0.3164774163577202,0.2600712813196566,0.31118301327946224,0.3108324012875163,0.2600712813196566,0.31118301327946224,0.3108324012875163,62358.94669651856,134.26170321064782,2.1354520056839315,1.8677500381836952e-05,0.0,200.0,665.0318478088071,0.0,0.0,0.0,0.0,False,0.4320576452136517,0.32211617783746255,0.4362221404723868,0.3489776107265678,0.3157846901931452,0.3496886402648189,-0.11490393290153245
Covertype,"repeat=2,fold=2",2,2,2,2,dKDB-generative-init,0.01,fixed-0.01,adagrad,581012,54,7,232404,58102,290506,1.0,0,386b04280f53a06dab1a191e156ddf778ee2782ecbf831b23909b76550a6b8a8,682507,18871,2.936726562365536,20,,20,0.32211617783746255,0.4362221404723868,0.4320576452136517,0.2886237533147425,0.41513681457192436,0.4117881335771311,0.2324360403618034,0.3785870163083881,0.3759919291660515,0.2451232578282248,0.3845680753950303,0.3819713207612627,0.2324360403618034,0.3785870163083881,0.3759919291660515,0.0,0.0,0.0,0.1461509759465847,0.1461509759465847,0.0,0.03654979826353627,0.005981059086642204,0.29955852911353026,0.338831941059792,0.3384297774724433,0.27644093382446705,0.3245694601670524,0.32426708409548666,0.2690204227570395,0.3207805550147531,0.3204567875864373,0.2690204227570395,0.3207805550147531,0.3204567875864373,688861.7356364864,834.9401694332153,1.7419690057100787,1.8677500381836952e-05,293.0,200.0,665.0318478088071,0.0,0.0,0.0,0.0,False,0.4320576452136517,0.32211617783746255,0.4362221404723868,0.3489776107265678,0.3157846901931452,0.3496886402648189,-0.057635124163998686
Covertype,"repeat=2,fold=2",2,2,2,2,dKDB-generative-init,0.01,validation-selected,adagrad,581012,54,7,232404,58102,290506,1.0,0,386b04280f53a06dab1a191e156ddf778ee2782ecbf831b23909b76550a6b8a8,682507,18871,2.936726562365536,20,,20,0.32211617783746255,0.4362221404723868,0.4320576452136517,0.2886237533147425,0.41513681457192436,0.4117881335771311,0.2324360403618034,0.3785870163083881,0.3759919291660515,0.2451232578282248,0.3845680753950303,0.3819713207612627,0.2324360403618034,0.3785870163083881,0.3759919291660515,0.0,0.0,0.0,0.1461509759465847,0.1461509759465847,0.0,0.03654979826353627,0.005981059086642204,0.29955852911353026,0.338831941059792,0.3384297774724433,0.27644093382446705,0.3245694601670524,0.32426708409548666,0.2690204227570395,0.3207805550147531,0.3204567875864373,0.2690204227570395,0.3207805550147531,0.3204567875864373,688861.7356364864,834.9401694332153,1.7419690057100787,1.8677500381836952e-05,293.0,200.0,665.0318478088071,0.0,0.0,0.0,0.0,False,0.4320576452136517,0.32211617783746255,0.4362221404723868,0.3489776107265678,0.3157846901931452,0.3496886402648189,-0.057635124163998686
Covertype,"repeat=2,fold=2",2,2,3,3,dKDB-current,0.01,fixed-0.01,adagrad,581012,54,7,232404,58102,290506,1.0,0,701d9464077b4b8b3a031aa9909a1d363592f4eb2fcf28617500abffcedeca0b,5325411,177340,22.914455000774513,20,,20,1.945910149055315,1.9459101490553148,1.9459101490553148,0.41022744226093183,0.4537052137769566,0.4536126998264238,0.17017324963326802,0.2707476278336964,0.2695017205063854,0.20939655682252561,0.295077347501062,0.29417412625688855,0.17017324963326802,0.2707476278336964,0.2695017205063854,0.0,0.0,0.0,0.10057437820042836,0.10057437820042836,0.0,0.18295758594326023,0.024329719667365635,0.35660543211278334,0.37806328538877093,0.37802111852738474,0.24003064110236755,0.29735479077837196,0.2968817053794803,0.2135095642855017,0.2839766191086491,0.2833149762012214,0.2135095642855017,0.2839766191086491,0.2833149762012214,148281.81442893893,129.68882834444764,1.464374605199816,0.0009473253691961739,0.0,18.0,70.76697868501184,0.0,0.0,0.0,0.0,False,0.4042676459525115,0.13684329523456237,0.4090898991001244,0.29758717556605946,0.20417215644484663,0.29853107444147076,-0.138342271266428
Covertype,"repeat=2,fold=2",2,2,3,3,dKDB-current,0.03,validation-selected,adagrad,581012,54,7,232404,58102,290506,1.0,0,701d9464077b4b8b3a031aa9909a1d363592f4eb2fcf28617500abffcedeca0b,5325411,177340,22.914455000774513,15,16.0,20,1.945910149055315,1.9459101490553148,1.9459101490553148,0.27604279345355776,0.35737740729026735,0.3567513568305694,0.1022985166063803,0.25058865366449706,0.24861593411051675,0.11600107750982688,0.25210775488783893,0.25033248307287276,0.09380477439171625,0.25134694061124996,0.24922620722159722,-0.008493742214664049,0.0007582869467528952,0.0006102731110804727,0.14829013705811678,0.1575421662195337,0.00925202916141693,0.10678875362577028,0.0015191012233418677,0.2876557441196149,0.33202366253396043,0.33158229063567285,0.17472578056383029,0.2720133874726743,0.27118814727713,0.16342416813918262,0.269793136474501,0.26893843635850084,0.15623143047629232,0.2689406917737422,0.2680705223057302,290107.53339006414,247.090231751545,2.0768597926300165,0.0009473253691961739,0.0,18.0,70.76697868501184,-0.0008524447007587921,-0.0008679140527706464,-0.007192737662890303,0.006340292962131511,True,0.4042676459525115,0.13684329523456237,0.4090898991001244,0.29758717556605946,0.20417215644484663,0.29853107444147076,-0.15774295848887443
Covertype,"repeat=2,fold=2",2,2,3,3,dKDB-generative-init,0.01,fixed-0.01,adagrad,581012,54,7,232404,58102,290506,1.0,0,701d9464077b4b8b3a031aa9909a1d363592f4eb2fcf28617500abffcedeca0b,5325411,177340,22.914455000774513,8,9.0,20,0.13684329523456237,0.4090898991001244,0.4042676459525115,0.12491761860465134,0.4051065291954504,0.39970560142923817,0.10114757940523623,0.3991412706404324,0.3937321996930473,0.09813126891259266,0.3992641477400941,0.3938299757587479,0.08852508368143654,0.40133891751117395,0.3958191255861197,-0.012622495723799698,0.002197646870741532,0.002086925893072411,0.2979936912351962,0.31281383382973743,0.01482014259454123,0.005965258555018005,0.00012287709966168903,0.19476088567464137,0.29538809902804936,0.29399485202796916,0.17299744167769807,0.28968557012222096,0.28842091443238066,0.17568068459005123,0.29024550139545224,0.288958995084495,0.16397537958292988,0.2880822729613527,0.28690397512574356,5339821.632635485,2315.0494359663303,1.5192221098245677,0.0009473253691961739,14861.0,18.0,70.76697868501184,-0.002163228434099551,-0.0020550199587514584,-0.011705305007121358,0.009542076573021807,True,0.4042676459525115,0.13684329523456237,0.4090898991001244,0.29758717556605946,0.20417215644484663,0.29853107444147076,-0.007750981588950434
Covertype,"repeat=2,fold=2",2,2,3,3,dKDB-generative-init,0.003,validation-selected,adagrad,581012,54,7,232404,58102,290506,1.0,0,701d9464077b4b8b3a031aa9909a1d363592f4eb2fcf28617500abffcedeca0b,5325411,177340,22.914455000774513,20,,20,0.13684329523456237,0.4090898991001244,0.4042676459525115,0.13163689158640965,0.40460740798433065,0.39952618738857826,0.11246803514041565,0.3957564336045329,0.3906724857210293,0.11844634415394328,0.39747662703377096,0.3924294622887205,0.11246803514041565,0.3957564336045329,0.3906724857210293,0.0,0.0,0.0,0.28328839846411724,0.28328839846411724,0.0,0.00885097437979776,0.0017201934292380705,0.2002053292103304,0.29696742068746124,0.29582713189075105,0.1903816867170286,0.2937266180187684,0.29257599533854073,0.18560944142842442,0.29238411424406596,0.2912313751775408,0.18560944142842442,0.29238411424406596,0.2912313751775408,5330962.268558787,2310.2442780696906,1.211143632835134,0.0009473253691961739,14861.0,18.0,70.76697868501184,0.0,0.0,0.0,0.0,False,0.4042676459525115,0.13684329523456237,0.4090898991001244,0.29758717556605946,0.20417215644484663,0.29853107444147076,-0.013333465495591501
Covertype,"repeat=2,fold=2",2,2,4,4,dKDB-current,0.01,fixed-0.01,adagrad,581012,54,7,232404,58102,290506,1.0,0,b5874fad9b9393fc59b9f98f0b83d4819772f71bf842da24d9c5810b6e89eb02,27569248,791441,118.62639197259944,20,,20,1.945910149055315,1.9459101490553148,1.9459101490553148,0.37556377159337184,0.440116199413437,0.44047968102432794,0.10915260893839374,0.2503571451333119,0.25010167609222933,0.14910062704481963,0.27316266616021395,0.2730324225926708,0.10915260893839374,0.2503571451333119,0.25010167609222933,0.0,0.0,0.0,0.14120453619491818,0.14120453619491818,0.0,0.18975905428012507,0.02280552102690203,0.33611476260279344,0.3698165226843732,0.36994898907447626,0.18856232811591825,0.28356044051581614,0.28352358949753476,0.15611382703590548,0.271308077258683,0.27116623124035916,0.15611382703590548,0.271308077258683,0.27116623124035916,399105.91328795574,183.18634736509006,1.5375885869440054,0.012908192627372266,0.0,4.0,15.856919214445549,0.0,0.0,0.0,0.0,False,0.5357124353460064,0.055146382116633696,0.5339807020056324,0.2907403743005409,0.1275299555995939,0.29221269994127863,-0.2836235568723205
Covertype,"repeat=2,fold=2",2,2,4,4,dKDB-current,0.03,validation-selected,adagrad,581012,54,7,232404,58102,290506,1.0,0,b5874fad9b9393fc59b9f98f0b83d4819772f71bf842da24d9c5810b6e89eb02,27569248,791441,118.62639197259944,11,12.0,20,1.945910149055315,1.9459101490553148,1.9459101490553148,0.20764027094344017,0.32421580147799006,0.3244020256065683,0.05805091742779853,0.23619497774587175,0.23583988859957578,0.060715078017623776,0.2362410709581835,0.23589367643350076,0.044113641785403515,0.2392926129488156,0.23890103775460078,-0.013937275642395018,0.0030976352029438436,0.003061149155025006,0.17814406031807323,0.1951789711634121,0.01703491084533887,0.08802082373211831,4.6093212311748566e-05,0.24030520527077331,0.31260812829826445,0.3125071933605386,0.11364460986192557,0.26245064579159244,0.2622207953737544,0.11097218990082587,0.26219945009045736,0.26195009658209195,0.09665201677189657,0.2618358172376576,0.2614766661279278,778523.7842886634,345.54287415366787,2.031860344732696,0.012908192627372266,0.0,4.0,15.856919214445549,-0.00036363285279977786,-0.00047343045416414764,-0.014320173128929303,0.013956540276129525,True,0.5357124353460064,0.055146382116633696,0.5339807020056324,0.2907403743005409,0.1275299555995939,0.29221269994127863,-0.2946880890568168
Covertype,"repeat=2,fold=2",2,2,4,4,dKDB-generative-init,0.01,fixed-0.01,adagrad,581012,54,7,232404,58102,290506,1.0,0,b5874fad9b9393fc59b9f98f0b83d4819772f71bf842da24d9c5810b6e89eb02,27569248,791441,118.62639197259944,2,3.0,20,0.055146382116633696,0.5339807020056324,0.5357124353460064,0.049279307174606275,0.5211980801089015,0.5226380173448181,0.04620405805295992,0.5203955103423975,0.5217852495331591,0.036795640572666925,0.5256798261410512,0.5266512132647306,0.032154834986599906,0.5322277667962286,0.5329516380885069,-0.014049223066360014,0.011832256453831125,0.011166388555347795,0.4741914522894376,0.5000729318096288,0.025881479520191153,0.0008025697665039466,0.005284315798653738,0.12051207083207734,0.28952914327443213,0.2879893694344367,0.1052046557263915,0.28831317159628045,0.28631624518753757,0.1170291834199829,0.28907603104515167,0.2874500814402981,0.0985701840827107,0.2881997872454023,0.2860173441202401,27585165.892767083,5254.364928265004,1.4423854729306742,0.012908192627372266,202495.0,4.0,15.856919214445549,-0.0008762437997493766,-0.0014327373200579974,-0.0184589993372722,0.017582755537522837,True,0.5357124353460064,0.055146382116633696,0.5339807020056324,0.2907403743005409,0.1275299555995939,0.29221269994127863,-0.0017529352094037831
Covertype,"repeat=2,fold=2",2,2,4,4,dKDB-generative-init,0.003,validation-selected,adagrad,581012,54,7,232404,58102,290506,1.0,0,b5874fad9b9393fc59b9f98f0b83d4819772f71bf842da24d9c5810b6e89eb02,27569248,791441,118.62639197259944,15,16.0,20,0.055146382116633696,0.5339807020056324,0.5357124353460064,0.052139844833532754,0.5257617253842237,0.5274290019476469,0.04433988469704753,0.51964426973657,0.521067955158753,0.045910824824516895,0.5198693807838618,0.5213754383744608,0.04312722297753342,0.5197710371271427,0.521124092930459,-0.0012126617195141048,0.0001267673905727129,5.613777170598855e-05,0.47530438503952244,0.47664381414960927,0.0013394291100868316,0.006117455647653758,0.00022511104729183717,0.12409774260059195,0.2908134688858432,0.2893325648576662,0.11704575262113977,0.2894672591453236,0.2878435066431874,0.11516896960909118,0.28923672120993377,0.2875570533861845,0.11368681669585808,0.2890828344564059,0.2873560498436395,27575027.93209103,5251.835992530684,1.1962805740399842,0.012908192627372266,202495.0,4.0,15.856919214445549,-0.0001538867535278432,-0.0002010035425449863,-0.0014821529132331007,0.0013282661597052714,True,0.5357124353460064,0.055146382116633696,0.5339807020056324,0.2907403743005409,0.1275299555995939,0.29221269994127863,-0.014209664878489736
Covertype,"repeat=2,fold=2",2,2,5,5,dKDB-current,0.01,fixed-0.01,adagrad,581012,54,7,232404,58102,290506,1.0,0,76669b3162c8ded6d380ec834a4d6396d98d8cba9b47021e744aa82e8f1e2c70,68610801,1955651,295.2221175194919,20,,20,1.945910149055315,1.9459101490553148,1.9459101490553148,0.35352947463452783,0.4372491222181772,0.4383013558577942,0.0753178815077714,0.24069424427462482,0.2415722695950759,0.11272461133039956,0.26369335368865393,0.26456902061573573,0.0753178815077714,0.24069424427462482,0.2415722695950759,0.0,0.0,0.0,0.1653763627668534,0.1653763627668534,0.0,0.19655487794355236,0.022999109414029106,0.3225426249184105,0.36754436527574486,0.3679564167904786,0.1514158621698377,0.2773608254050653,0.2776623188766612,0.11656103159698313,0.2652297094653705,0.2654252754724946,0.11656103159698313,0.2652297094653705,0.2654252754724946,719787.698993624,219.3309067898304,1.330364947514909,0.06123109333370051,0.0,2.0,6.417206342031375,0.0,0.0,0.0,0.0,False,0.6232058338394959,0.027102461334591283,0.614028066803951,0.2837347186585255,0.08594323546432035,0.2834929646225978,-0.3733338225293261
Covertype,"repeat=2,fold=2",2,2,5,5,dKDB-current,0.03,validation-selected,adagrad,581012,54,7,232404,58102,290506,1.0,0,76669b3162c8ded6d380ec834a4d6396d98d8cba9b47021e744aa82e8f1e2c70,68610801,1955651,295.2221175194919,12,13.0,20,1.945910149055315,1.9459101490553148,1.9459101490553148,0.1651236651396222,0.30955327542335137,0.31068567008140585,0.03211738338529094,0.22414664685645497,0.225514899933144,0.035726471889980335,0.22441480438090103,0.22571453126099272,0.024060321926307367,0.22571019759332311,0.2272826216571061,-0.00805706145898357,0.0015635507368681467,0.0017677217239621124,0.19202926347116403,0.20164987566701575,0.009620612195851724,0.0854066285668964,0.000268157524446061,0.2075089186423785,0.3040431544951219,0.30407746806400143,0.0774005495355183,0.2559808718179785,0.25620125656011206,0.0734111681914543,0.2555223695880458,0.2557568489744341,0.06452027039641431,0.2550365062004484,0.2553099177505807,1388665.2532933787,407.2937967255347,1.8650221533890754,0.06123109333370051,0.0,2.0,6.417206342031375,-0.0004858633875974294,-0.00044693122385341955,-0.008890897795039987,0.008405034407442558,True,0.6232058338394959,0.027102461334591283,0.614028066803951,0.2837347186585255,0.08594323546432035,0.2834929646225978,-0.38831786921062783
Covertype,"repeat=2,fold=2",2,2,5,5,dKDB-generative-init,0.01,fixed-0.01,adagrad,581012,54,7,232404,58102,290506,1.0,0,76669b3162c8ded6d380ec834a4d6396d98d8cba9b47021e744aa82e8f1e2c70,68610801,1955651,295.2221175194919,4,5.0,20,0.027102461334591283,0.614028066803951,0.6232058338394959,0.02412660294776237,0.596552285832233,0.6060435284057156,0.020459205870795166,0.5931962994498495,0.6030039981109308,0.017322446438303198,0.5946035378834981,0.6046235574796195,0.014747691342992652,0.5983416721060626,0.6085516117128732,-0.005711514527802514,0.005145372656213065,0.005547613601942447,0.5727370935790543,0.5835939807630699,0.010856887184015562,0.0033559863823834357,0.0014072384336485388,0.081500533612832,0.2812895190611207,0.2810821332281943,0.07109304588328758,0.28007170168427487,0.2796876609561964,0.0761826648476727,0.280497808676979,0.2801550114109461,0.06641019990005319,0.2798436348420818,0.279462798510359,68624146.9950774,8285.175051698241,1.3582182549379036,0.06123109333370051,960552.0,2.0,6.417206342031375,-0.0006541738348971871,-0.0006922129005871303,-0.009772464947619505,0.009118291112722304,True,0.6232058338394959,0.027102461334591283,0.614028066803951,0.2837347186585255,0.08594323546432035,0.2834929646225978,-0.01568639469788835
Covertype,"repeat=2,fold=2",2,2,5,5,dKDB-generative-init,0.03,validation-selected,adagrad,581012,54,7,232404,58102,290506,1.0,0,76669b3162c8ded6d380ec834a4d6396d98d8cba9b47021e744aa82e8f1e2c70,68610801,1955651,295.2221175194919,1,2.0,20,0.027102461334591283,0.614028066803951,0.6232058338394959,0.02224225833913349,0.5929640978011764,0.6031201361990495,0.02224225833913349,0.5929640978011764,0.6031201361990495,0.011248062683636897,0.6084445549369779,0.6191586649124934,0.00905509088995741,0.6186309058066665,0.6297272240378504,-0.01318716744917608,0.02566680800549004,0.026607087838800947,0.5707218394620429,0.6095758149167091,0.03885397545466618,0.0,0.015480457135801484,0.07814790196598768,0.28000557951323374,0.2795721992481814,0.05888650999914257,0.2794406693182758,0.2790999605513166,0.07814790196598768,0.28000557951323374,0.2795721992481814,0.05345909170441065,0.2794768262286165,0.2792453311541798,68638511.7889965,8288.134166131636,2.130092123504865,0.06123109333370051,960552.0,2.0,6.417206342031375,-0.0005287532846172116,-0.00032686809400156447,-0.024688810261577036,0.02416005697695983,True,0.6232058338394959,0.027102461334591283,0.614028066803951,0.2837347186585255,0.08594323546432035,0.2834929646225978,0.00460283900271552
CensusIncome,"repeat=1,fold=1",1,1,0,0,dKDB-current,0.01,fixed-0.01,adagrad,299285,40,2,119713,29929,149643,1.0,0,61a83210feeb65ae583632fe54375947271c48ba65ac48e483017bf81116e95c,1242,40,0.010374813094651375,18,19.0,20,0.6931471805599453,0.6931471805599453,0.6931471805599453,0.11536236107541756,0.1198362995874935,0.11827616021090119,0.11062260913296373,0.11676981559348144,0.11542550266583457,0.11095451941398175,0.11683872051354526,0.1154834319062609,0.11058001590075618,0.1167712702612279,0.11542791600962898,-4.259323220755229e-05,1.4546677464533087e-06,2.4133437944162672e-06,0.00614720646051771,0.006191254360471715,4.40478999540056e-05,0.003066483994012062,6.890492006381144e-05,0.18191808291796632,0.18570378375993193,0.1849230083482601,0.1782657243726986,0.1828859599177123,0.18245658464525383,0.17797828279459676,0.18269652906610695,0.1823172962083647,0.17794175968270673,0.18267545868926752,0.18230369994980675,59.77471154793041,2.6710387887297933,0.40220936891084463,0.0,0.0,119713.0,119713.0,-2.1070376839432692e-05,-1.359625855795743e-05,-3.652311189003554e-05,1.545273505060285e-05,True,1.3061321638149093,1.3146131210529868,1.3542246407991756,0.4582163839725852,0.4592005915720647,0.46519623913210956,-1.2374533705379478
CensusIncome,"repeat=1,fold=1",1,1,0,0,dKDB-current,0.01,validation-selected,adagrad,299285,40,2,119713,29929,149643,1.0,0,61a83210feeb65ae583632fe54375947271c48ba65ac48e483017bf81116e95c,1242,40,0.010374813094651375,18,19.0,20,0.6931471805599453,0.6931471805599453,0.6931471805599453,0.11536236107541756,0.1198362995874935,0.11827616021090119,0.11062260913296373,0.11676981559348144,0.11542550266583457,0.11095451941398175,0.11683872051354526,0.1154834319062609,0.11058001590075618,0.1167712702612279,0.11542791600962898,-4.259323220755229e-05,1.4546677464533087e-06,2.4133437944162672e-06,0.00614720646051771,0.006191254360471715,4.40478999540056e-05,0.003066483994012062,6.890492006381144e-05,0.18191808291796632,0.18570378375993193,0.1849230083482601,0.1782657243726986,0.1828859599177123,0.18245658464525383,0.17797828279459676,0.18269652906610695,0.1823172962083647,0.17794175968270673,0.18267545868926752,0.18230369994980675,59.77471154793041,2.6710387887297933,0.40220936891084463,0.0,0.0,119713.0,119713.0,-2.1070376839432692e-05,-1.359625855795743e-05,-3.652311189003554e-05,1.545273505060285e-05,True,1.3061321638149093,1.3146131210529868,1.3542246407991756,0.4582163839725852,0.4592005915720647,0.46519623913210956,-1.2374533705379478
CensusIncome,"repeat=1,fold=1",1,1,0,0,dKDB-generative-init,0.01,fixed-0.01,adagrad,299285,40,2,119713,29929,149643,1.0,0,61a83210feeb65ae583632fe54375947271c48ba65ac48e483017bf81116e95c,1242,40,0.010374813094651375,20,,20,1.3146131210529868,1.3542246407991756,1.3061321638149093,0.13693522137940417,0.14376260459255974,0.1421219871210642,0.11086181116306927,0.11772865883016673,0.11703519048041196,0.11149546215075067,0.1180835073766632,0.11760978945235151,0.11086181116306927,0.11772865883016673,0.11703519048041196,0.0,0.0,0.0,0.006866847667097456,0.006866847667097456,0.0,0.026033945762393013,0.0003548485464964779,0.18570992264464362,0.18959513644310155,0.18952166977210747,0.1780755584965799,0.18290145411626826,0.18258990750123663,0.17781586696851548,0.1826520312288375,0.18235339195198452,0.17781586696851548,0.1826520312288375,0.18235339195198452,1242.1466971517607,35.49836366089751,1.6498708014074457,0.0,0.0,119713.0,119713.0,0.0,0.0,0.0,0.0,False,1.3061321638149093,1.3146131210529868,1.3542246407991756,0.4582163839725852,0.4592005915720647,0.46519623913210956,-1.236495981969009
CensusIncome,"repeat=1,fold=1",1,1,0,0,dKDB-generative-init,0.01,validation-selected,adagrad,299285,40,2,119713,29929,149643,1.0,0,61a83210feeb65ae583632fe54375947271c48ba65ac48e483017bf81116e95c,1242,40,0.010374813094651375,20,,20,1.3146131210529868,1.3542246407991756,1.3061321638149093,0.13693522137940417,0.14376260459255974,0.1421219871210642,0.11086181116306927,0.11772865883016673,0.11703519048041196,0.11149546215075067,0.1180835073766632,0.11760978945235151,0.11086181116306927,0.11772865883016673,0.11703519048041196,0.0,0.0,0.0,0.006866847667097456,0.006866847667097456,0.0,0.026033945762393013,0.0003548485464964779,0.18570992264464362,0.18959513644310155,0.18952166977210747,0.1780755584965799,0.18290145411626826,0.18258990750123663,0.17781586696851548,0.1826520312288375,0.18235339195198452,0.17781586696851548,0.1826520312288375,0.18235339195198452,1242.1466971517607,35.49836366089751,1.6498708014074457,0.0,0.0,119713.0,119713.0,0.0,0.0,0.0,0.0,False,1.3061321638149093,1.3146131210529868,1.3542246407991756,0.4582163839725852,0.4592005915720647,0.46519623913210956,-1.236495981969009
CensusIncome,"repeat=1,fold=1",1,1,1,1,dKDB-current,0.01,fixed-0.01,adagrad,299285,40,2,119713,29929,149643,1.0,0,3b23dec1ea29fca87831185d0fa2518de8ffd765aea86c24cddc17853d433806,35156,1146,0.29366902508499493,8,9.0,20,0.6931471805599453,0.6931471805599453,0.6931471805599453,0.11628179093916585,0.12479096817204005,0.12264537951980324,0.10413448690212469,0.12021273441392369,0.11806789598617215,0.10310985818634194,0.12026324473539712,0.1181375078449279,0.10027343879431844,0.12113001215632513,0.11907413610913688,-0.003861048107806256,0.00091727774240144,0.0010062401229647272,0.016078247511798996,0.020856573362006692,0.004778325850207696,0.004578233758116362,5.0510321473434816e-05,0.18281245664059714,0.18907169966372614,0.18797273129647604,0.1726956573977689,0.18518010764647466,0.18384601912735257,0.17348835451302064,0.18527411753243694,0.183945979512511,0.17047744339029852,0.18525863282295502,0.18392344858728413,969.4352712815422,10.938039287202871,0.6664110905521865,3.5083498726970188e-06,0.0,513.0,4178.464223385689,-1.5484709481927705e-05,-2.2530925226860177e-05,-0.0030109111227221153,0.0029954264132401875,True,0.16955291039791398,0.142140314479917,0.17306030062417377,0.21709827696904083,0.20500246715470763,0.22076038082358626,-0.05193028846784864
CensusIncome,"repeat=1,fold=1",1,1,1,1,dKDB-current,0.01,validation-selected,adagrad,299285,40,2,119713,29929,149643,1.0,0,3b23dec1ea29fca87831185d0fa2518de8ffd765aea86c24cddc17853d433806,35156,1146,0.29366902508499493,8,9.0,20,0.6931471805599453,0.6931471805599453,0.6931471805599453,0.11628179093916585,0.12479096817204005,0.12264537951980324,0.10413448690212469,0.12021273441392369,0.11806789598617215,0.10310985818634194,0.12026324473539712,0.1181375078449279,0.10027343879431844,0.12113001215632513,0.11907413610913688,-0.003861048107806256,0.00091727774240144,0.0010062401229647272,0.016078247511798996,0.020856573362006692,0.004778325850207696,0.004578233758116362,5.0510321473434816e-05,0.18281245664059714,0.18907169966372614,0.18797273129647604,0.1726956573977689,0.18518010764647466,0.18384601912735257,0.17348835451302064,0.18527411753243694,0.183945979512511,0.17047744339029852,0.18525863282295502,0.18392344858728413,969.4352712815422,10.938039287202871,0.6664110905521865,3.5083498726970188e-06,0.0,513.0,4178.464223385689,-1.5484709481927705e-05,-2.2530925226860177e-05,-0.0030109111227221153,0.0029954264132401875,True,0.16955291039791398,0.142140314479917,0.17306030062417377,0.21709827696904083,0.20500246715470763,0.22076038082358626,-0.05193028846784864
CensusIncome,"repeat=1,fold=1",1,1,1,1,dKDB-generative-init,0.01,fixed-0.01,adagrad,299285,40,2,119713,29929,149643,1.0,0,3b23dec1ea29fca87831185d0fa2518de8ffd765aea86c24cddc17853d433806,35156,1146,0.29366902508499493,5,6.0,20,0.142140314479917,0.17306030062417377,0.16955291039791398,0.10662597156260169,0.14146203855121475,0.1412967587968831,0.09968984617058457,0.13817278499751778,0.13849577769111374,0.09769120723923992,0.13858869709520688,0.13912412196165783,0.09613150783214054,0.14000045572595346,0.14071726288184971,-0.003558338338444031,0.0018276707284356764,0.002221485190735978,0.03848293882693321,0.04386894789381292,0.005386009066879707,0.003289253553696969,0.0004159120976890973,0.17352125682991779,0.19129009855261253,0.19009994388670434,0.16801472617365182,0.18977252520472407,0.18864511815135993,0.16937872818736846,0.18984496018394798,0.1887340996444801,0.1669150417788068,0.18997982609216582,0.18880783175476204,35161.93696141779,187.79150958058153,1.5544238611471075,3.5083498726970188e-06,21.0,513.0,4178.464223385689,0.00013486590821784605,7.373211028194326e-05,-0.0024636864085616494,0.0025985523167794955,True,0.16955291039791398,0.142140314479917,0.17306030062417377,0.21709827696904083,0.20500246715470763,0.22076038082358626,-0.03305984489822031
CensusIncome,"repeat=1,fold=1",1,1,1,1,dKDB-generative-init,0.003,validation-selected,adagrad,299285,40,2,119713,29929,149643,1.0,0,3b23dec1ea29fca87831185d0fa2518de8ffd765aea86c24cddc17853d433806,35156,1146,0.29366902508499493,20,,20,0.142140314479917,0.17306030062417377,0.16955291039791398,0.11367683383132597,0.1461720091927846,0.1455197298877604,0.1012889421700993,0.13701139113049382,0.13724815082269148,0.10399157190563722,0.13843137117187243,0.13848825223047906,0.1012889421700993,0.13701139113049382,0.13724815082269148,0.0,0.0,0.0,0.03572244896039452,0.03572244896039452,0.0,0.009160618062290793,0.0014199800413786101,0.17795649706788771,0.19437524956898025,0.19311270308433487,0.1723622557537767,0.19064195449415228,0.1896971936976942,0.17069117230683206,0.18995630369815977,0.18903267508314442,0.17069117230683206,0.18995630369815977,0.18903267508314442,35158.251241038175,187.54908717235932,1.288809964050743,3.5083498726970188e-06,21.0,513.0,4178.464223385689,0.0,0.0,0.0,0.0,False,0.16955291039791398,0.142140314479917,0.17306030062417377,0.21709827696904083,0.20500246715470763,0.22076038082358626,-0.03604890949367995
CensusIncome,"repeat=1,fold=1",1,1,2,2,dKDB-current,0.01,fixed-0.01,adagrad,299285,40,2,119713,29929,149643,1.0,0,d71023a66b2e508fd6b8af7d755e57a9a5ab9289b8b5eafe00b538d7f3067d4a,283596,9374,2.3689657764820864,7,8.0,20,0.6931471805599453,0.6931471805599453,0.6931471805599453,0.11654214868659353,0.12980336575134904,0.12649903007010152,0.09920489383382584,0.12497139142394068,0.12178631216147376,0.0962927391232559,0.12522997461183127,0.12210616107301529,0.0909555427832747,0.1269630468248415,0.12394067748511037,-0.008249351050551149,0.0019916554009008214,0.002154365323636609,0.02576649759011483,0.0360075040415668,0.01024100645145197,0.004831974327408367,0.00025858318789059864,0.1833887454098857,0.1923488265522401,0.1906548019933162,0.16762982343830576,0.18776800422672413,0.18598444983122503,0.17002137176942256,0.1879690858607007,0.18616320134129025,0.1630851685867874,0.18794355036277413,0.1862337711886687,3395.67898979899,19.40570351257394,0.870773120532686,0.0002716465187145406,0.0,17.0,510.8299551952208,-2.553549792658205e-05,7.05698473784655e-05,-0.006936203182635159,0.006910667684708577,True,0.1725548809265104,0.10082806267211576,0.17478411370400487,0.202453136032066,0.17254750534882204,0.20434827415213058,-0.047821066879163376
CensusIncome,"repeat=1,fold=1",1,1,2,2,dKDB-current,0.01,validation-selected,adagrad,299285,40,2,119713,29929,149643,1.0,0,d71023a66b2e508fd6b8af7d755e57a9a5ab9289b8b5eafe00b538d7f3067d4a,283596,9374,2.3689657764820864,7,8.0,20,0.6931471805599453,0.6931471805599453,0.6931471805599453,0.11654214868659353,0.12980336575134904,0.12649903007010152,0.09920489383382584,0.12497139142394068,0.12178631216147376,0.0962927391232559,0.12522997461183127,0.12210616107301529,0.0909555427832747,0.1269630468248415,0.12394067748511037,-0.008249351050551149,0.0019916554009008214,0.002154365323636609,0.02576649759011483,0.0360075040415668,0.01024100645145197,0.004831974327408367,0.00025858318789059864,0.1833887454098857,0.1923488265522401,0.1906548019933162,0.16762982343830576,0.18776800422672413,0.18598444983122503,0.17002137176942256,0.1879690858607007,0.18616320134129025,0.1630851685867874,0.18794355036277413,0.1862337711886687,3395.67898979899,19.40570351257394,0.870773120532686,0.0002716465187145406,0.0,17.0,510.8299551952208,-2.553549792658205e-05,7.05698473784655e-05,-0.006936203182635159,0.006910667684708577,True,0.1725548809265104,0.10082806267211576,0.17478411370400487,0.202453136032066,0.17254750534882204,0.20434827415213058,-0.047821066879163376
CensusIncome,"repeat=1,fold=1",1,1,2,2,dKDB-generative-init,0.01,fixed-0.01,adagrad,299285,40,2,119713,29929,149643,1.0,0,d71023a66b2e508fd6b8af7d755e57a9a5ab9289b8b5eafe00b538d7f3067d4a,283596,9374,2.3689657764820864,2,3.0,20,0.10082806267211576,0.17478411370400487,0.1725548809265104,0.0911720706096093,0.1730051067781547,0.17139217569340418,0.08827113768274014,0.17257982493815108,0.17114543097331703,0.08177916787760266,0.17596541193550047,0.17490459206592887,0.07931773307857547,0.1798850497359487,0.17881070088381862,-0.008953404604164675,0.0073052247977976326,0.007665269910501593,0.08430868725541094,0.10056731665737324,0.016258629401962307,0.0004252818400036218,0.0033855869973493935,0.16242664716679597,0.19673895426751656,0.19508696281326526,0.15520024109269906,0.1966444294181055,0.19537598816618837,0.1604175600512948,0.19654330452295346,0.1949295240715156,0.15296382312416276,0.197164764091412,0.1960496018855359,283624.1066720139,532.8952551171764,1.9122465309133105,0.0002716465187145406,1626.0,17.0,510.8299551952208,0.0006214595684585489,0.0011200778140203205,-0.007453736927132026,0.008075196495590575,True,0.1725548809265104,0.10082806267211576,0.17478411370400487,0.202453136032066,0.17254750534882204,0.20434827415213058,0.005100936031943837
CensusIncome,"repeat=1,fold=1",1,1,2,2,dKDB-generative-init,0.001,validation-selected,adagrad,299285,40,2,119713,29929,149643,1.0,0,d71023a66b2e508fd6b8af7d755e57a9a5ab9289b8b5eafe00b538d7f3067d4a,283596,9374,2.3689657764820864,20,,20,0.10082806267211576,0.17478411370400487,0.1725548809265104,0.09676662392127515,0.17204434141826272,0.1702313056494969,0.09147335486092503,0.16952142118813626,0.16815733135297778,0.09299580153448599,0.170105583748322,0.16863087782732908,0.09147335486092503,0.16952142118813626,0.16815733135297778,0.0,0.0,0.0,0.07804806632721123,0.07804806632721123,0.0,0.0025229202301264575,0.0005841625601857303,0.16792895905294228,0.19986080641083737,0.19828996251344308,0.16444678207199429,0.197390265710781,0.1960544564126348,0.1632438419284265,0.1968569635477208,0.19557032225148382,0.1632438419284265,0.1968569635477208,0.19557032225148382,283599.02577153343,532.5475416234694,1.1207425502661594,0.0002716465187145406,1626.0,17.0,510.8299551952208,0.0,0.0,0.0,0.0,False,0.1725548809265104,0.10082806267211576,0.17478411370400487,0.202453136032066,0.17254750534882204,0.20434827415213058,-0.005262692515868611
CensusIncome,"repeat=1,fold=1",1,1,3,3,dKDB-current,0.01,fixed-0.01,adagrad,299285,40,2,119713,29929,149643,1.0,0,292832a64f32994373539dacb4f621b57d3d5185f7abab4f0717d47a038a1140,1549496,46707,12.9434230200563,6,7.0,20,0.6931471805599453,0.6931471805599453,0.6931471805599453,0.113165258705046,0.13242715502248376,0.12920036914784172,0.08818908739150752,0.12734433880987828,0.12424423838603177,0.0810995463639426,0.1280457411543654,0.12500305416423535,0.07188633386439967,0.13090843706448665,0.12786485565482028,-0.016302753527107847,0.0035640982546083777,0.003620617268788512,0.03915525141837076,0.05902210320008698,0.019866851781716224,0.005082816212605479,0.0007014023444871231,0.18091213222533212,0.19411053678568266,0.19253467842908917,0.1529147598832558,0.1895000707651805,0.18795695529625076,0.15977163618789036,0.18958869410699722,0.1880282688690758,0.14326258228071012,0.19029350937087916,0.1887427643718159,11992.179822422979,32.89254550712003,0.8360320242226392,0.002700092887739487,0.0,4.0,102.52253409553173,0.0007048152638819416,0.0007144955027400812,-0.016509053907180243,0.017213869171062185,True,0.2400318678521338,0.060135080784265584,0.24726325797253434,0.20786473674700898,0.133203410076404,0.20896956401641956,-0.11635482090804769
CensusIncome,"repeat=1,fold=1",1,1,3,3,dKDB-current,0.01,validation-selected,adagrad,299285,40,2,119713,29929,149643,1.0,0,292832a64f32994373539dacb4f621b57d3d5185f7abab4f0717d47a038a1140,1549496,46707,12.9434230200563,6,7.0,20,0.6931471805599453,0.6931471805599453,0.6931471805599453,0.113165258705046,0.13242715502248376,0.12920036914784172,0.08818908739150752,0.12734433880987828,0.12424423838603177,0.0810995463639426,0.1280457411543654,0.12500305416423535,0.07188633386439967,0.13090843706448665,0.12786485565482028,-0.016302753527107847,0.0035640982546083777,0.003620617268788512,0.03915525141837076,0.05902210320008698,0.019866851781716224,0.005082816212605479,0.0007014023444871231,0.18091213222533212,0.19411053678568266,0.19253467842908917,0.1529147598832558,0.1895000707651805,0.18795695529625076,0.15977163618789036,0.18958869410699722,0.1880282688690758,0.14326258228071012,0.19029350937087916,0.1887427643718159,11992.179822422979,32.89254550712003,0.8360320242226392,0.002700092887739487,0.0,4.0,102.52253409553173,0.0007048152638819416,0.0007144955027400812,-0.016509053907180243,0.017213869171062185,True,0.2400318678521338,0.060135080784265584,0.24726325797253434,0.20786473674700898,0.133203410076404,0.20896956401641956,-0.11635482090804769
CensusIncome,"repeat=1,fold=1",1,1,3,3,dKDB-generative-init,0.01,fixed-0.01,adagrad,299285,40,2,119713,29929,149643,1.0,0,292832a64f32994373539dacb4f621b57d3d5185f7abab4f0717d47a038a1140,1549496,46707,12.9434230200563,0,1.0,20,0.060135080784265584,0.24726325797253434,0.2400318678521338,0.056559814175998244,0.2517737061395947,0.2441884042432222,0.060135080784265584,0.24726325797253434,0.2400318678521338,0.04842415147730807,0.2606856494565919,0.25294233379166026,0.04580098490428274,0.26733436202318933,0.25938216267606024,-0.014334095879982842,0.020071104050654986,0.019350294823926445,0.18712817718826877,0.22153337711890658,0.034405199930637814,0.004510448167060366,0.01342239148405755,0.12912609578024845,0.20921169637072418,0.20816676701897416,0.11960809695572724,0.2113381065203471,0.2103229491125221,0.133203410076404,0.20896956401641956,0.20786473674700898,0.11611392446547496,0.21228691406602102,0.2113494142053322,1549749.3606278053,1245.3258211700615,1.8348948104594482,0.002700092887739487,16162.0,4.0,102.52253409553173,0.0033173500496014585,0.003484677458323232,-0.01708948561092903,0.02040683566053049,True,0.2400318678521338,0.060135080784265584,0.24726325797253434,0.20786473674700898,0.133203410076404,0.20896956401641956,0.020071104050654986
CensusIncome,"repeat=1,fold=1",1,1,3,3,dKDB-generative-init,0.001,validation-selected,adagrad,299285,40,2,119713,29929,149643,1.0,0,292832a64f32994373539dacb4f621b57d3d5185f7abab4f0717d47a038a1140,1549496,46707,12.9434230200563,0,1.0,20,0.060135080784265584,0.24726325797253434,0.2400318678521338,0.05959381556577287,0.2477733539029825,0.24048555312421072,0.060135080784265584,0.24726325797253434,0.2400318678521338,0.05753657233907334,0.24736847364204154,0.24003195699355195,0.056497004278678015,0.24745570017506127,0.24010044124569907,-0.003638076505587569,0.0001924422025269268,6.857339356527992e-05,0.18712817718826877,0.19095869589638326,0.0038305187081144887,0.0005100959304481512,0.00010521566950719152,0.1325073327939401,0.20867050511933904,0.2075818938847222,0.1304683359189428,0.20895134606836324,0.20783881659372921,0.133203410076404,0.20896956401641956,0.20786473674700898,0.129390506932719,0.20912633916230305,0.20800281356469144,1549524.6288711454,1244.8151661744814,1.0804855440343302,0.002700092887739487,16162.0,4.0,102.52253409553173,0.0001567751458834976,0.00013807681768246427,-0.003812903143684987,0.0039696782895684846,True,0.2400318678521338,0.060135080784265584,0.24726325797253434,0.20786473674700898,0.133203410076404,0.20896956401641956,0.0001924422025269268
CensusIncome,"repeat=1,fold=1",1,1,4,4,dKDB-current,0.01,fixed-0.01,adagrad,299285,40,2,119713,29929,149643,1.0,0,87284163922b9190f257bc5ced484074e8d5e1e39244b8917f2554b90e3eeb36,5549460,127494,46.356368982483104,5,6.0,20,0.6931471805599453,0.6931471805599453,0.6931471805599453,0.11215101536779241,0.13737077308087564,0.13345226355205556,0.08388168969698061,0.13318204131839256,0.1286718908109855,0.0719055753281974,0.1346999832502295,0.12989710775159063,0.061059113685671365,0.1387778413878283,0.13352278182405475,-0.022822576011309242,0.005595800069435747,0.004850891013069236,0.049300351621411956,0.07771872770215695,0.02841837608074499,0.004188731762483078,0.0015179419318369358,0.18057806056518588,0.19804874487553129,0.19610690176404064,0.14205815819821827,0.1944741944009272,0.19169620965708759,0.15477742922304508,0.19427116313225554,0.1917000113066404,0.12956627543185342,0.19580383573973026,0.19281659271381205,21595.567532317098,40.902452012475656,0.7475985281319643,0.011460275455584291,0.0,2.0,37.55878708017632,0.0015326726074747221,0.0011165814071716351,-0.025211153791191654,0.026743826398666376,True,0.3463465505682757,0.04775535790997445,0.3667386384122577,0.21456785732289224,0.11681176169684472,0.21679522540348262,-0.22796079702442937
CensusIncome,"repeat=1,fold=1",1,1,4,4,dKDB-current,0.01,validation-selected,adagrad,299285,40,2,119713,29929,149643,1.0,0,87284163922b9190f257bc5ced484074e8d5e1e39244b8917f2554b90e3eeb36,5549460,127494,46.356368982483104,5,6.0,20,0.6931471805599453,0.6931471805599453,0.6931471805599453,0.11215101536779241,0.13737077308087564,0.13345226355205556,0.08388168969698061,0.13318204131839256,0.1286718908109855,0.0719055753281974,0.1346999832502295,0.12989710775159063,0.061059113685671365,0.1387778413878283,0.13352278182405475,-0.022822576011309242,0.005595800069435747,0.004850891013069236,0.049300351621411956,0.07771872770215695,0.02841837608074499,0.004188731762483078,0.0015179419318369358,0.18057806056518588,0.19804874487553129,0.19610690176404064,0.14205815819821827,0.1944741944009272,0.19169620965708759,0.15477742922304508,0.19427116313225554,0.1917000113066404,0.12956627543185342,0.19580383573973026,0.19281659271381205,21595.567532317098,40.902452012475656,0.7475985281319643,0.011460275455584291,0.0,2.0,37.55878708017632,0.0015326726074747221,0.0011165814071716351,-0.025211153791191654,0.026743826398666376,True,0.3463465505682757,0.04775535790997445,0.3667386384122577,0.21456785732289224,0.11681176169684472,0.21679522540348262,-0.22796079702442937
CensusIncome,"repeat=1,fold=1",1,1,4,4,dKDB-generative-init,0.01,fixed-0.01,adagrad,299285,40,2,119713,29929,149643,1.0,0,87284163922b9190f257bc5ced484074e8d5e1e39244b8917f2554b90e3eeb36,5549460,127494,46.356368982483104,1,2.0,20,0.04775535790997445,0.3667386384122577,0.3463465505682757,0.044230936432556454,0.3664366012335595,0.34516122383711256,0.044230936432556454,0.3664366012335595,0.34516122383711256,0.03693241859719219,0.37589780680241336,0.35385314998690237,0.03446282645979179,0.38318756829019235,0.36066195031253473,-0.009768109972764664,0.01675096705663287,0.015500726475422166,0.32220566480100304,0.3487247418304006,0.026519077029397542,0.0,0.009461205568853881,0.11342776836247663,0.2189043827258789,0.21633247156122232,0.10445152215780189,0.2204085134019985,0.21789749871571626,0.11342776836247663,0.2189043827258789,0.21633247156122232,0.10090221208494347,0.22106081775547637,0.2185690369705428,5550081.135872509,2356.1837355493535,1.9293436440475753,0.011460275455584291,68598.0,2.0,37.55878708017632,0.0021564350295974755,0.00223656540932049,-0.012525556277533156,0.014681991307130632,True,0.3463465505682757,0.04775535790997445,0.3667386384122577,0.21456785732289224,0.11681176169684472,0.21679522540348262,0.01644892987793467
CensusIncome,"repeat=1,fold=1",1,1,4,4,dKDB-generative-init,0.001,validation-selected,adagrad,299285,40,2,119713,29929,149643,1.0,0,87284163922b9190f257bc5ced484074e8d5e1e39244b8917f2554b90e3eeb36,5549460,127494,46.356368982483104,20,,20,0.04775535790997445,0.3667386384122577,0.3463465505682757,0.04705664498589164,0.3659023391367119,0.34541655121416054,0.04402693054147104,0.36348555522960213,0.34282790232326027,0.04494441446423432,0.36376200323387464,0.3431827298539469,0.04402693054147104,0.36348555522960213,0.34282790232326027,0.0,0.0,0.0,0.3194586246881311,0.3194586246881311,0.0,0.002416783907109754,0.0002764480042725115,0.11617613077879882,0.21702413377706847,0.2147537207780885,0.11430537668636946,0.21781915227196413,0.21544881081273073,0.11341346624697118,0.2181877664713875,0.2157761736122266,0.11341346624697118,0.2181877664713875,0.2157761736122266,5549525.790522815,2355.759860919881,1.1122715721562866,0.011460275455584291,68598.0,2.0,37.55878708017632,0.0,0.0,0.0,0.0,False,0.3463465505682757,0.04775535790997445,0.3667386384122577,0.21456785732289224,0.11681176169684472,0.21679522540348262,-0.0032530831826555473
CensusIncome,"repeat=1,fold=1",1,1,5,5,dKDB-current,0.01,fixed-0.01,adagrad,299285,40,2,119713,29929,149643,1.0,0,67c62d239b03a54c6d8d7be1bcf0c63af250df98b3147919b5eebd7eebe4305e,9874758,247241,82.48693124389165,3,4.0,20,0.6931471805599453,0.6931471805599453,0.6931471805599453,0.11098113416508709,0.14183788604665878,0.1374827873936493,0.08917841146611097,0.13912975185341395,0.13405520789272368,0.06597405883537966,0.14219448323007688,0.13637673253550914,0.054791446392355704,0.14757835940046782,0.1411812003459366,-0.034386965073755264,0.008448607547053871,0.007125992453212909,0.04995134038730298,0.09278691300811212,0.04283557262080914,0.0027081341932448377,0.003064731376662938,0.1802524888113602,0.20134948877027078,0.19934768997123378,0.13483477932241933,0.19963952589995423,0.19635985881570317,0.16005066361942516,0.19894733183423524,0.1962558539472977,0.12143040401809675,0.20149597242461065,0.19790985465540242,32471.966099889225,47.5751861037153,0.7313752245704461,0.02678691953516035,0.0,1.0,19.3678232979158,0.002548640590375406,0.0016540007081047303,-0.03862025960132841,0.041168900191703814,True,0.47970920320170224,0.04693852188967541,0.506622178157673,0.21994734555597176,0.11260985937537124,0.22190060773053163,-0.35904381875720515
CensusIncome,"repeat=1,fold=1",1,1,5,5,dKDB-current,0.01,validation-selected,adagrad,299285,40,2,119713,29929,149643,1.0,0,67c62d239b03a54c6d8d7be1bcf0c63af250df98b3147919b5eebd7eebe4305e,9874758,247241,82.48693124389165,3,4.0,20,0.6931471805599453,0.6931471805599453,0.6931471805599453,0.11098113416508709,0.14183788604665878,0.1374827873936493,0.08917841146611097,0.13912975185341395,0.13405520789272368,0.06597405883537966,0.14219448323007688,0.13637673253550914,0.054791446392355704,0.14757835940046782,0.1411812003459366,-0.034386965073755264,0.008448607547053871,0.007125992453212909,0.04995134038730298,0.09278691300811212,0.04283557262080914,0.0027081341932448377,0.003064731376662938,0.1802524888113602,0.20134948877027078,0.19934768997123378,0.13483477932241933,0.19963952589995423,0.19635985881570317,0.16005066361942516,0.19894733183423524,0.1962558539472977,0.12143040401809675,0.20149597242461065,0.19790985465540242,32471.966099889225,47.5751861037153,0.7313752245704461,0.02678691953516035,0.0,1.0,19.3678232979158,0.002548640590375406,0.0016540007081047303,-0.03862025960132841,0.041168900191703814,True,0.47970920320170224,0.04693852188967541,0.506622178157673,0.21994734555597176,0.11260985937537124,0.22190060773053163,-0.35904381875720515
CensusIncome,"repeat=1,fold=1",1,1,5,5,dKDB-generative-init,0.01,fixed-0.01,adagrad,299285,40,2,119713,29929,149643,1.0,0,67c62d239b03a54c6d8d7be1bcf0c63af250df98b3147919b5eebd7eebe4305e,9874758,247241,82.48693124389165,2,3.0,20,0.04693852188967541,0.506622178157673,0.47970920320170224,0.041381207818913336,0.4979633809944596,0.4706495391685022,0.0392051320827461,0.4978266839448856,0.4704406064011459,0.03318655172631056,0.5034534880835556,0.47576202086933633,0.030394132727386818,0.5093112665489022,0.48129166446201316,-0.00881099935535928,0.011484582604016635,0.01085105806086728,0.4586215518621395,0.4789171338215154,0.02029558195937592,0.000136697049573975,0.005626804138670005,0.10814761608636714,0.22396168379993683,0.22192681243747858,0.09864498080656649,0.22527370859791432,0.22326184493651194,0.10597735462057346,0.22439088305075344,0.22235481500879603,0.09460869754904998,0.2258183252431303,0.22374776949542485,9875446.12599551,3142.763572680018,1.8078476789487345,0.02678691953516035,160339.0,1.0,19.3678232979158,0.0014274421923768654,0.0013929544866288224,-0.011368657071523486,0.012796099263900365,True,0.47970920320170224,0.04693852188967541,0.506622178157673,0.21994734555597176,0.11260985937537124,0.22190060773053163,0.0026890883912292773
CensusIncome,"repeat=1,fold=1",1,1,5,5,dKDB-generative-init,0.003,validation-selected,adagrad,299285,40,2,119713,29929,149643,1.0,0,67c62d239b03a54c6d8d7be1bcf0c63af250df98b3147919b5eebd7eebe4305e,9874758,247241,82.48693124389165,9,10.0,20,0.04693852188967541,0.506622178157673,0.47970920320170224,0.04398431803949082,0.5009572649189296,0.47387357480553394,0.039426846543897824,0.497200719909476,0.4698505030933547,0.03916574476107559,0.49722283383346244,0.469850588184212,0.037310521744724046,0.49799496530241016,0.47046282516432225,-0.0021163247991737785,0.0007942453929341564,0.0006123220709675636,0.4577738733655782,0.4606844435576861,0.002910570192107942,0.003756545009453549,2.2113923986433193e-05,0.11024405948265557,0.22247092088240664,0.22053855391660582,0.10602909158113095,0.22385503573532448,0.2219026225763772,0.10629683986028987,0.22379125145050743,0.22184155841980346,0.10400104391169378,0.22425118007028713,0.22228104151077333,9874976.212097503,3142.4983948696845,1.255500113218797,0.02678691953516035,160339.0,1.0,19.3678232979158,0.0004599286197796981,0.00043948309096986105,-0.002295795948596094,0.002755724568375792,True,0.47970920320170224,0.04693852188967541,0.506622178157673,0.21994734555597176,0.11260985937537124,0.22190060773053163,-0.0086272128552628
CensusIncome,"repeat=1,fold=2",1,2,0,0,dKDB-current,0.01,fixed-0.01,adagrad,299285,40,2,119714,29929,149642,1.0,0,61a83210feeb65ae583632fe54375947271c48ba65ac48e483017bf81116e95c,1238,40,0.010341313463755284,20,,20,0.6931471805599453,0.6931471805599453,0.6931471805599453,0.11673982856407261,0.11922277421462574,0.11888161217019311,0.11223838789628685,0.11550380205881806,0.11532028185142924,0.1125699498494306,0.11563131774323933,0.11540951385674517,0.11223838789628685,0.11550380205881806,0.11532028185142924,0.0,0.0,0.0,0.003265414162531219,0.003265414162531219,0.0,0.0037189721558076733,0.00012751568442126437,0.18383940801583315,0.18482984403289648,0.18454968162778865,0.18057906244581579,0.18206716808876974,0.18182216775109372,0.18030227563368248,0.18187828605134831,0.18169826912351547,0.18030227563368248,0.18187828605134831,0.18169826912351547,59.81148944387542,2.6392373395091635,0.40870417272885173,0.0,0.0,119714.0,119714.0,0.0,0.0,0.0,0.0,False,1.359604449600423,1.3328727550437125,1.355296929081905,0.46139777382538116,0.45780170937185727,0.46086378229817915,-1.2397931270230869
CensusIncome,"repeat=1,fold=2",1,2,0,0,dKDB-current,0.01,validation-selected,adagrad,299285,40,2,119714,29929,149642,1.0,0,61a83210feeb65ae583632fe54375947271c48ba65ac48e483017bf81116e95c,1238,40,0.010341313463755284,20,,20,0.6931471805599453,0.6931471805599453,0.6931471805599453,0.11673982856407261,0.11922277421462574,0.11888161217019311,0.11223838789628685,0.11550380205881806,0.11532028185142924,0.1125699498494306,0.11563131774323933,0.11540951385674517,0.11223838789628685,0.11550380205881806,0.11532028185142924,0.0,0.0,0.0,0.003265414162531219,0.003265414162531219,0.0,0.0037189721558076733,0.00012751568442126437,0.18383940801583315,0.18482984403289648,0.18454968162778865,0.18057906244581579,0.18206716808876974,0.18182216775109372,0.18030227563368248,0.18187828605134831,0.18169826912351547,0.18030227563368248,0.18187828605134831,0.18169826912351547,59.81148944387542,2.6392373395091635,0.40870417272885173,0.0,0.0,119714.0,119714.0,0.0,0.0,0.0,0.0,False,1.359604449600423,1.3328727550437125,1.355296929081905,0.46139777382538116,0.45780170937185727,0.46086378229817915,-1.2397931270230869
CensusIncome,"repeat=1,fold=2",1,2,0,0,dKDB-generative-init,0.01,fixed-0.01,adagrad,299285,40,2,119714,29929,149642,1.0,0,61a83210feeb65ae583632fe54375947271c48ba65ac48e483017bf81116e95c,1238,40,0.010341313463755284,20,,20,1.3328727550437125,1.355296929081905,1.359604449600423,0.1401961308756267,0.14734925713330993,0.14661808877080024,0.11282602648490123,0.11610060650307613,0.1170075434769072,0.11353061964072812,0.11685252494095487,0.11774234634209452,0.11282602648490123,0.11610060650307613,0.1170075434769072,0.0,0.0,0.0,0.003274580018174905,0.003274580018174905,0.0,0.0312486506302338,0.0007519184378787375,0.18833062856072993,0.19013446328864742,0.18919770063600214,0.18039917602752617,0.18191203729664235,0.18188081861128869,0.18017957649178276,0.18177122596925394,0.18170827269843173,0.18017957649178276,0.18177122596925394,0.18170827269843173,1238.2438726016794,35.45481456708784,1.663124138793337,0.0,0.0,119714.0,119714.0,0.0,0.0,0.0,0.0,False,1.359604449600423,1.3328727550437125,1.355296929081905,0.46139777382538116,0.45780170937185727,0.46086378229817915,-1.239196322578829
CensusIncome,"repeat=1,fold=2",1,2,0,0,dKDB-generative-init,0.03,validation-selected,adagrad,299285,40,2,119714,29929,149642,1.0,0,61a83210feeb65ae583632fe54375947271c48ba65ac48e483017bf81116e95c,1238,40,0.010341313463755284,18,19.0,20,1.3328727550437125,1.355296929081905,1.359604449600423,0.11690173297313995,0.12155685320434284,0.12225196662230108,0.11221905891636949,0.11596142458891584,0.11682101087117988,0.11251909370670786,0.11605771807425738,0.11710116753375782,0.1121800249028152,0.11596237072328443,0.11679073386818861,-3.9034013554289926e-05,9.461343685873702e-07,-3.027700299126912e-05,0.0037423656725463494,0.0037823458204692267,3.9980147922877296e-05,0.0055954286154270005,9.629348534154203e-05,0.1816575493985553,0.1834144740059229,0.18329418269193012,0.1801108659360095,0.18197267716984317,0.18187735899084898,0.18003389733333833,0.1819493167674381,0.18180944558246775,0.1800251848225056,0.18195303052556935,0.18180261646477983,1239.2582876684226,35.5827414437372,1.6595342593222282,0.0,0.0,119714.0,119714.0,3.713758131240752e-06,-6.82911768792871e-06,-8.71251083273128e-06,1.2426268963972031e-05,False,1.359604449600423,1.3328727550437125,1.355296929081905,0.46139777382538116,0.45780170937185727,0.46086378229817915,-1.2393345583586206
CensusIncome,"repeat=1,fold=2",1,2,1,1,dKDB-current,0.01,fixed-0.01,adagrad,299285,40,2,119714,29929,149642,1.0,0,5c1cd4b1637d12febf9e9c47fcdbc9f91e0823fe4bb19537cd0977b4b715b5e1,34544,1060,0.2885543879579665,8,9.0,20,0.6931471805599453,0.6931471805599453,0.6931471805599453,0.1168888334490006,0.12353754775113748,0.12259298209295529,0.10506794025537768,0.11894505959130922,0.1182559844143835,0.1040742721448228,0.11901838209849888,0.118364471530823,0.10133292520191063,0.1199671862275773,0.11941842792020194,-0.0037350150534670445,0.001022126636268078,0.0011624435058184418,0.01387711933593154,0.018634261025666662,0.004757141689735123,0.004592488159828267,7.332250718966593e-05,0.18389578512759128,0.18765047815059888,0.18704612528756093,0.17413491796326397,0.18405798974543452,0.1833517552008443,0.1749185231695974,0.18404643372701457,0.1833841649966374,0.171939947881675,0.18451764792058828,0.18362368353286407,938.842222044821,10.831590498202907,0.7349910422013559,2.3389155451009745e-06,0.0,498.5,4517.509433962264,0.0004712141935737102,0.0002395185362266683,-0.002978575287922419,0.0034497894814961294,True,0.16864794363458588,0.1385635783390347,0.16641877331905286,0.21643983473300585,0.20229341165203366,0.21631362722360611,-0.046451587091475566
CensusIncome,"repeat=1,fold=2",1,2,1,1,dKDB-current,0.01,validation-selected,adagrad,299285,40,2,119714,29929,149642,1.0,0,5c1cd4b1637d12febf9e9c47fcdbc9f91e0823fe4bb19537cd0977b4b715b5e1,34544,1060,0.2885543879579665,8,9.0,20,0.6931471805599453,0.6931471805599453,0.6931471805599453,0.1168888334490006,0.12353754775113748,0.12259298209295529,0.10506794025537768,0.11894505959130922,0.1182559844143835,0.1040742721448228,0.11901838209849888,0.118364471530823,0.10133292520191063,0.1199671862275773,0.11941842792020194,-0.0037350150534670445,0.001022126636268078,0.0011624435058184418,0.01387711933593154,0.018634261025666662,0.004757141689735123,0.004592488159828267,7.332250718966593e-05,0.18389578512759128,0.18765047815059888,0.18704612528756093,0.17413491796326397,0.18405798974543452,0.1833517552008443,0.1749185231695974,0.18404643372701457,0.1833841649966374,0.171939947881675,0.18451764792058828,0.18362368353286407,938.842222044821,10.831590498202907,0.7349910422013559,2.3389155451009745e-06,0.0,498.5,4517.509433962264,0.0004712141935737102,0.0002395185362266683,-0.002978575287922419,0.0034497894814961294,True,0.16864794363458588,0.1385635783390347,0.16641877331905286,0.21643983473300585,0.20229341165203366,0.21631362722360611,-0.046451587091475566
CensusIncome,"repeat=1,fold=2",1,2,1,1,dKDB-generative-init,0.01,fixed-0.01,adagrad,299285,40,2,119714,29929,149642,1.0,0,5c1cd4b1637d12febf9e9c47fcdbc9f91e0823fe4bb19537cd0977b4b715b5e1,34544,1060,0.2885543879579665,6,7.0,20,0.1385635783390347,0.16641877331905286,0.16864794363458588,0.10771855388673487,0.14144505023034534,0.14292109613979923,0.10035001372978987,0.1382208201409256,0.1400546437430216,0.09890717386896673,0.1386259427876514,0.1405245475708667,0.0973571705867464,0.1400962426453563,0.14205532131303894,-0.002992843143043475,0.0018754225044307071,0.002000677570017345,0.03787080641113573,0.04273907205860991,0.004868265647474182,0.003224230089419744,0.0004051226467257918,0.17515492427458512,0.19127436365905998,0.1907491460504008,0.16965267701154269,0.18976776910451643,0.18912804249071033,0.1706425811344317,0.18972331777851414,0.18922631979131027,0.16855967262912308,0.1900948780150039,0.18920613152300558,34550.21059733436,186.146229638387,1.5228566781385924,2.3389155451009745e-06,14.0,498.5,4517.509433962264,0.0003715602364897652,-2.018826830468834e-05,-0.0020829085053086227,0.002454468741798388,True,0.16864794363458588,0.1385635783390347,0.16641877331905286,0.21643983473300585,0.20229341165203366,0.21631362722360611,-0.026322530673696554
CensusIncome,"repeat=1,fold=2",1,2,1,1,dKDB-generative-init,0.003,validation-selected,adagrad,299285,40,2,119714,29929,149642,1.0,0,5c1cd4b1637d12febf9e9c47fcdbc9f91e0823fe4bb19537cd0977b4b715b5e1,34544,1060,0.2885543879579665,20,,20,0.1385635783390347,0.16641877331905286,0.16864794363458588,0.11367741477542802,0.1441600765724829,0.14558213996687425,0.10233529284287977,0.13646929143902348,0.13818317068191632,0.10480490987503575,0.1376181166201575,0.13921541779248958,0.10233529284287977,0.13646929143902348,0.13818317068191632,0.0,0.0,0.0,0.0341339985961437,0.0341339985961437,0.0,0.007690785133459416,0.0011488251811340167,0.17909465238668937,0.1940457020322612,0.1930492082512584,0.17386080037975007,0.1907584305838483,0.19003782791150864,0.17227192081217166,0.19006556210002362,0.18943489600241184,0.17227192081217166,0.19006556210002362,0.18943489600241184,34546.22362093799,185.90776443167408,1.2850695326811516,2.3389155451009745e-06,14.0,498.5,4517.509433962264,0.0,0.0,0.0,0.0,False,0.16864794363458588,0.1385635783390347,0.16641877331905286,0.21643983473300585,0.20229341165203366,0.21631362722360611,-0.029949481880029383
CensusIncome,"repeat=1,fold=2",1,2,2,2,dKDB-current,0.01,fixed-0.01,adagrad,299285,40,2,119714,29929,149642,1.0,0,025c6f9438f66f9434d7a5f9af73e64225d1498c68b44e4b09830afa54979057,361164,9803,3.0168902551080072,6,7.0,20,0.6931471805599453,0.6931471805599453,0.6931471805599453,0.1168142839850087,0.1277616298275225,0.12682410235872807,0.10030851266609084,0.12285127119453745,0.1220710778781554,0.0960035804794817,0.123272495637179,0.1224491376757244,0.09055057114118266,0.12531086248183684,0.12435730367127729,-0.009757941524908179,0.0024595912872993897,0.0022862257931218904,0.022542758528446616,0.034760291340654184,0.012217532812207568,0.004910358632985057,0.00042122444264154624,0.18429593799748517,0.1904285937296903,0.19005174420709303,0.16792301993161265,0.1858390099227544,0.18561918881440834,0.17153432088505888,0.18602665662026227,0.1858350156739764,0.1631487662218955,0.18631953427591033,0.18600696910954964,3785.5972900090696,20.293510145146048,0.8095837474901929,0.00029954825516900334,0.0,15.0,488.47903702948076,0.00029287765564806056,0.0001719534355732466,-0.008385554663163375,0.008678432318811435,True,0.17945273180253699,0.09538838081723522,0.1806923361541793,0.20235748354001298,0.1682174992687209,0.20301498336638024,-0.055381473672342446
CensusIncome,"repeat=1,fold=2",1,2,2,2,dKDB-current,0.01,validation-selected,adagrad,299285,40,2,119714,29929,149642,1.0,0,025c6f9438f66f9434d7a5f9af73e64225d1498c68b44e4b09830afa54979057,361164,9803,3.0168902551080072,6,7.0,20,0.6931471805599453,0.6931471805599453,0.6931471805599453,0.1168142839850087,0.1277616298275225,0.12682410235872807,0.10030851266609084,0.12285127119453745,0.1220710778781554,0.0960035804794817,0.123272495637179,0.1224491376757244,0.09055057114118266,0.12531086248183684,0.12435730367127729,-0.009757941524908179,0.0024595912872993897,0.0022862257931218904,0.022542758528446616,0.034760291340654184,0.012217532812207568,0.004910358632985057,0.00042122444264154624,0.18429593799748517,0.1904285937296903,0.19005174420709303,0.16792301993161265,0.1858390099227544,0.18561918881440834,0.17153432088505888,0.18602665662026227,0.1858350156739764,0.1631487662218955,0.18631953427591033,0.18600696910954964,3785.5972900090696,20.293510145146048,0.8095837474901929,0.00029954825516900334,0.0,15.0,488.47903702948076,0.00029287765564806056,0.0001719534355732466,-0.008385554663163375,0.008678432318811435,True,0.17945273180253699,0.09538838081723522,0.1806923361541793,0.20235748354001298,0.1682174992687209,0.20301498336638024,-0.055381473672342446
CensusIncome,"repeat=1,fold=2",1,2,2,2,dKDB-generative-init,0.01,fixed-0.01,adagrad,299285,40,2,119714,29929,149642,1.0,0,025c6f9438f66f9434d7a5f9af73e64225d1498c68b44e4b09830afa54979057,361164,9803,3.0168902551080072,0,1.0,20,0.09538838081723522,0.1806923361541793,0.17945273180253699,0.08891815485123145,0.1829467729042539,0.18101172404971913,0.09538838081723522,0.1806923361541793,0.17945273180253699,0.08025146368524254,0.18722876027621954,0.1853258208489476,0.07800567087507364,0.19168752860928906,0.18964022996047436,-0.01738270994216158,0.01099519245510977,0.010187498157937375,0.08530395533694407,0.11368185773421542,0.02837790239727135,0.002254436750074612,0.006536424122040252,0.16125958638988877,0.19774165861887433,0.19732713506498237,0.15429310951335914,0.197971909242978,0.1978769490741065,0.1682174992687209,0.20301498336638024,0.20235748354001298,0.1522460467242779,0.19869288184759168,0.19852045898544132,361202.60974226374,601.3270033993645,1.930835688038869,0.00029954825516900334,1793.0,15.0,488.47903702948076,-0.0043221015187885625,-0.003837024554571661,-0.015971452544442988,0.011649351025654425,True,0.17945273180253699,0.09538838081723522,0.1806923361541793,0.20235748354001298,0.1682174992687209,0.20301498336638024,0.01099519245510977
CensusIncome,"repeat=1,fold=2",1,2,2,2,dKDB-generative-init,0.001,validation-selected,adagrad,299285,40,2,119714,29929,149642,1.0,0,025c6f9438f66f9434d7a5f9af73e64225d1498c68b44e4b09830afa54979057,361164,9803,3.0168902551080072,20,,20,0.09538838081723522,0.1806923361541793,0.17945273180253699,0.09291294672915404,0.17969867759292676,0.17824688006241907,0.08893633501570607,0.17869518332605025,0.17717660374268562,0.09018130806267777,0.17889438471936492,0.1773908223046499,0.08893633501570607,0.17869518332605025,0.17717660374268562,0.0,0.0,0.0,0.08975884831034418,0.08975884831034418,0.0,0.0010034942668765146,0.00019920139331466857,0.16524020173630585,0.19994685855783786,0.19920683156161834,0.1628432266841029,0.19855996435202292,0.19785419290636824,0.1618625278432932,0.19825456686446624,0.1975791079554634,0.1618625278432932,0.19825456686446624,0.1975791079554634,361168.20864083123,600.9804728279131,1.1095645795548554,0.00029954825516900334,1793.0,15.0,488.47903702948076,0.0,0.0,0.0,0.0,False,0.17945273180253699,0.09538838081723522,0.1806923361541793,0.20235748354001298,0.1682174992687209,0.20301498336638024,-0.0019971528281290396
CensusIncome,"repeat=1,fold=2",1,2,3,3,dKDB-current,0.01,fixed-0.01,adagrad,299285,40,2,119714,29929,149642,1.0,0,90c226e88a92b59460733e79f9708d3c6ac66904b3386d44bbc6e32280684d9c,1773684,43335,14.816011494060845,5,6.0,20,0.6931471805599453,0.6931471805599453,0.6931471805599453,0.11343407864684134,0.1304777039969581,0.12932057103586803,0.09153475772285895,0.12568557658339513,0.1244752869091138,0.08218743344320739,0.12672057712204396,0.1252799258098729,0.07332444946358249,0.13000951292324317,0.12818165227302625,-0.018210308259276456,0.004323936339848039,0.003706365363912445,0.03415081886053618,0.05668506345966068,0.022534244599124495,0.004792127413562969,0.0010350005386488281,0.18180573840631714,0.1922474458491955,0.1917747015442143,0.1544206824364074,0.1876713043117976,0.18726077375217534,0.16340038884812957,0.1877646699828161,0.18745249164016117,0.14518397387275706,0.18874426438304465,0.18807340373476447,11310.67790070984,31.951794201257407,0.8173917584393489,0.0025372221702463214,0.0,4.0,110.50098073151032,0.000979594400228545,0.0006209120946032987,-0.01821641497537252,0.019196009375601064,True,0.24476773539280428,0.06050535062353625,0.2514948395006603,0.20689348403794527,0.1338595320432982,0.21071171845598247,-0.12148532657741715
CensusIncome,"repeat=1,fold=2",1,2,3,3,dKDB-current,0.01,validation-selected,adagrad,299285,40,2,119714,29929,149642,1.0,0,90c226e88a92b59460733e79f9708d3c6ac66904b3386d44bbc6e32280684d9c,1773684,43335,14.816011494060845,5,6.0,20,0.6931471805599453,0.6931471805599453,0.6931471805599453,0.11343407864684134,0.1304777039969581,0.12932057103586803,0.09153475772285895,0.12568557658339513,0.1244752869091138,0.08218743344320739,0.12672057712204396,0.1252799258098729,0.07332444946358249,0.13000951292324317,0.12818165227302625,-0.018210308259276456,0.004323936339848039,0.003706365363912445,0.03415081886053618,0.05668506345966068,0.022534244599124495,0.004792127413562969,0.0010350005386488281,0.18180573840631714,0.1922474458491955,0.1917747015442143,0.1544206824364074,0.1876713043117976,0.18726077375217534,0.16340038884812957,0.1877646699828161,0.18745249164016117,0.14518397387275706,0.18874426438304465,0.18807340373476447,11310.67790070984,31.951794201257407,0.8173917584393489,0.0025372221702463214,0.0,4.0,110.50098073151032,0.000979594400228545,0.0006209120946032987,-0.01821641497537252,0.019196009375601064,True,0.24476773539280428,0.06050535062353625,0.2514948395006603,0.20689348403794527,0.1338595320432982,0.21071171845598247,-0.12148532657741715
CensusIncome,"repeat=1,fold=2",1,2,3,3,dKDB-generative-init,0.01,fixed-0.01,adagrad,299285,40,2,119714,29929,149642,1.0,0,90c226e88a92b59460733e79f9708d3c6ac66904b3386d44bbc6e32280684d9c,1773684,43335,14.816011494060845,0,1.0,20,0.06050535062353625,0.2514948395006603,0.24476773539280428,0.058164197268231396,0.25652419255199566,0.24997031059348437,0.06050535062353625,0.2514948395006603,0.24476773539280428,0.050559760183189875,0.2660681547491073,0.2592407842004392,0.048041736107343316,0.2730346099472223,0.2658881522034618,-0.012463614516192933,0.021539770446561968,0.021120416810657516,0.19098948887712408,0.22499287383987898,0.0340033849627549,0.005029353051335339,0.01457331524844696,0.13130969332588438,0.2111492413269344,0.20781991036704117,0.12289123492903513,0.21252833782873126,0.20969336829563284,0.1338595320432982,0.21071171845598247,0.20689348403794527,0.11963422817131071,0.21340884061193274,0.21065187032107585,1773921.7366614041,1332.2609167646199,1.832570583263424,0.0025372221702463214,15187.0,4.0,110.50098073151032,0.0026971221559502767,0.003758386283130577,-0.01422530387198749,0.016922426027937768,True,0.24476773539280428,0.06050535062353625,0.2514948395006603,0.20689348403794527,0.1338595320432982,0.21071171845598247,0.021539770446561968
CensusIncome,"repeat=1,fold=2",1,2,3,3,dKDB-generative-init,0.001,validation-selected,adagrad,299285,40,2,119714,29929,149642,1.0,0,90c226e88a92b59460733e79f9708d3c6ac66904b3386d44bbc6e32280684d9c,1773684,43335,14.816011494060845,0,1.0,20,0.06050535062353625,0.2514948395006603,0.24476773539280428,0.06022115340021483,0.252162801867305,0.2454203820903123,0.06050535062353625,0.2514948395006603,0.24476773539280428,0.05852514642586746,0.25190457706552466,0.24532429033868908,0.057670762557842155,0.25213690424746493,0.24560405532264165,-0.002834588065694095,0.0006420647468046159,0.0008363199298373758,0.19098948887712408,0.19446614168962278,0.003476652812498704,0.000667962366644681,0.0004097375648643431,0.13349396993717788,0.210567992595136,0.20678214508769927,0.1319860721277806,0.21101192415980474,0.20735211379501692,0.1338595320432982,0.21071171845598247,0.20689348403794527,0.1311631283753123,0.2111903374990739,0.20759301587827733,1773710.9191720642,1331.8215661797976,1.0857921455331254,0.0025372221702463214,15187.0,4.0,110.50098073151032,0.00047861904309143277,0.0006995318403320572,-0.0026964036679859027,0.0031750227110773355,True,0.24476773539280428,0.06050535062353625,0.2514948395006603,0.20689348403794527,0.1338595320432982,0.21071171845598247,0.0006420647468046159
CensusIncome,"repeat=1,fold=2",1,2,4,4,dKDB-current,0.01,fixed-0.01,adagrad,299285,40,2,119714,29929,149642,1.0,0,27119f47dbbca48ec137c79cfbcabaf0430abfc52f6d35c38778e0e4778a5876,5626932,119978,47.00312411246805,5,6.0,20,0.6931471805599453,0.6931471805599453,0.6931471805599453,0.11209940085030737,0.13520406323906325,0.1340140814232075,0.08460247387508234,0.13079365032897639,0.1299203523169177,0.07295597812261703,0.13222059527860922,0.1313079051891204,0.06242897102861602,0.13614235779144865,0.13506941983385154,-0.02217350284646632,0.005348707462472263,0.005149067516933836,0.04619117645389405,0.07371338676283262,0.027522210308938574,0.004410412910086869,0.0014269449496328301,0.1810684733818444,0.1962685727555207,0.19567897999199202,0.14359326708046785,0.19229282617699867,0.19209844554936342,0.15594408495322515,0.19212461712429735,0.19189863617567982,0.13160749434354455,0.19365395884918504,0.1933836533089051,20714.682024599217,39.99066391966767,0.6958587140130205,0.010827341254460646,0.0,2.0,39.91198386370834,0.001529341724887695,0.001485017133225297,-0.024336590609680603,0.025865932334568298,True,0.35239686683858007,0.0489804859301689,0.36123929482668005,0.21528768459912628,0.11882020946526756,0.21852291230695686,-0.2250969370352314
CensusIncome,"repeat=1,fold=2",1,2,4,4,dKDB-current,0.01,validation-selected,adagrad,299285,40,2,119714,29929,149642,1.0,0,27119f47dbbca48ec137c79cfbcabaf0430abfc52f6d35c38778e0e4778a5876,5626932,119978,47.00312411246805,5,6.0,20,0.6931471805599453,0.6931471805599453,0.6931471805599453,0.11209940085030737,0.13520406323906325,0.1340140814232075,0.08460247387508234,0.13079365032897639,0.1299203523169177,0.07295597812261703,0.13222059527860922,0.1313079051891204,0.06242897102861602,0.13614235779144865,0.13506941983385154,-0.02217350284646632,0.005348707462472263,0.005149067516933836,0.04619117645389405,0.07371338676283262,0.027522210308938574,0.004410412910086869,0.0014269449496328301,0.1810684733818444,0.1962685727555207,0.19567897999199202,0.14359326708046785,0.19229282617699867,0.19209844554936342,0.15594408495322515,0.19212461712429735,0.19189863617567982,0.13160749434354455,0.19365395884918504,0.1933836533089051,20714.682024599217,39.99066391966767,0.6958587140130205,0.010827341254460646,0.0,2.0,39.91198386370834,0.001529341724887695,0.001485017133225297,-0.024336590609680603,0.025865932334568298,True,0.35239686683858007,0.0489804859301689,0.36123929482668005,0.21528768459912628,0.11882020946526756,0.21852291230695686,-0.2250969370352314
CensusIncome,"repeat=1,fold=2",1,2,4,4,dKDB-generative-init,0.01,fixed-0.01,adagrad,299285,40,2,119714,29929,149642,1.0,0,27119f47dbbca48ec137c79cfbcabaf0430abfc52f6d35c38778e0e4778a5876,5626932,119978,47.00312411246805,1,2.0,20,0.0489804859301689,0.36123929482668005,0.35239686683858007,0.04578584345922471,0.360426036622614,0.3526184088957018,0.04578584345922471,0.360426036622614,0.3526184088957018,0.03878975265188372,0.3690740044999152,0.36213679639678226,0.03641306568731653,0.37597947302190515,0.3691861733335151,-0.009372777771908175,0.015553436399291132,0.016567764437813326,0.3146401931633893,0.33956640733458865,0.024926214171199335,0.0,0.008647967877301155,0.11574886703191241,0.220516302032758,0.2175281858772508,0.10738640753813711,0.22197020098586162,0.2195204563364655,0.11574886703191241,0.220516302032758,0.2175281858772508,0.10408347224957872,0.22265934482537064,0.22037214876941183,5627548.704564272,2372.5511219796235,2.128727803262701,0.010827341254460646,64809.0,2.0,39.91198386370834,0.002143042792612654,0.002843962892161017,-0.011665394782333693,0.013808437574946347,True,0.35239686683858007,0.0489804859301689,0.36123929482668005,0.21528768459912628,0.11882020946526756,0.21852291230695686,0.014740178195225107
CensusIncome,"repeat=1,fold=2",1,2,4,4,dKDB-generative-init,0.001,validation-selected,adagrad,299285,40,2,119714,29929,149642,1.0,0,27119f47dbbca48ec137c79cfbcabaf0430abfc52f6d35c38778e0e4778a5876,5626932,119978,47.00312411246805,20,,20,0.0489804859301689,0.36123929482668005,0.35239686683858007,0.04834751472370581,0.3604729318794378,0.3517800849409773,0.04545277362965194,0.35804136277816345,0.34996883451832245,0.04631687623358833,0.3583407646815062,0.3500815808869988,0.04545277362965194,0.35804136277816345,0.34996883451832245,0.0,0.0,0.0,0.3125885891485115,0.3125885891485115,0.0,0.0024315691012743446,0.0002994019033427664,0.1182458469909742,0.21876050442197173,0.21554292570017047,0.11647766018815112,0.21955907354663515,0.2164920083834697,0.11565059358998579,0.21989757728690815,0.21691470889205233,0.11565059358998579,0.21989757728690815,0.21691470889205233,5626997.99947531,2372.1459349665324,1.1220651647399327,0.010827341254460646,64809.0,2.0,39.91198386370834,0.0,0.0,0.0,0.0,False,0.35239686683858007,0.0489804859301689,0.36123929482668005,0.21528768459912628,0.11882020946526756,0.21852291230695686,-0.003197932048516594
CensusIncome,"repeat=1,fold=2",1,2,5,5,dKDB-current,0.01,fixed-0.01,adagrad,299285,40,2,119714,29929,149642,1.0,0,98bdb9f4a8abbee0ac6ec079939fb9ecb87de92c896107a78126ef5413926483,10049270,232774,83.94398315986435,3,4.0,20,0.6931471805599453,0.6931471805599453,0.6931471805599453,0.11053156590032816,0.1398902491473955,0.13840406782882048,0.08924398927508188,0.1369354547809397,0.1358498816576386,0.066545747454534,0.13963444059777214,0.13892121270068486,0.05556863734955569,0.144661978001166,0.14409892174014421,-0.0336753519255262,0.0077265232202262946,0.008249040082505626,0.04769146550585783,0.08909334065161031,0.041401875145752484,0.002954794366455793,0.002698985816832422,0.1804371108114786,0.2000297028635468,0.19907610996413894,0.13603724960739486,0.1978120955668343,0.1973501147967645,0.16067348535986745,0.19742811990941064,0.19667687994745633,0.12296034116571773,0.19944308681235814,0.1991062094232735,31774.705438776084,46.89785263152396,0.6229207812445354,0.02479567902059582,0.0,1.0,20.57171333568182,0.0020149669029475015,0.0024293294758171713,-0.037713144194149714,0.039728111097097216,True,0.49108078658349474,0.0476027070321215,0.4918063848123295,0.2208959647787334,0.11473924265882385,0.22241221612848072,-0.34714440681116354
CensusIncome,"repeat=1,fold=2",1,2,5,5,dKDB-current,0.01,validation-selected,adagrad,299285,40,2,119714,29929,149642,1.0,0,98bdb9f4a8abbee0ac6ec079939fb9ecb87de92c896107a78126ef5413926483,10049270,232774,83.94398315986435,3,4.0,20,0.6931471805599453,0.6931471805599453,0.6931471805599453,0.11053156590032816,0.1398902491473955,0.13840406782882048,0.08924398927508188,0.1369354547809397,0.1358498816576386,0.066545747454534,0.13963444059777214,0.13892121270068486,0.05556863734955569,0.144661978001166,0.14409892174014421,-0.0336753519255262,0.0077265232202262946,0.008249040082505626,0.04769146550585783,0.08909334065161031,0.041401875145752484,0.002954794366455793,0.002698985816832422,0.1804371108114786,0.2000297028635468,0.19907610996413894,0.13603724960739486,0.1978120955668343,0.1973501147967645,0.16067348535986745,0.19742811990941064,0.19667687994745633,0.12296034116571773,0.19944308681235814,0.1991062094232735,31774.705438776084,46.89785263152396,0.6229207812445354,0.02479567902059582,0.0,1.0,20.57171333568182,0.0020149669029475015,0.0024293294758171713,-0.037713144194149714,0.039728111097097216,True,0.49108078658349474,0.0476027070321215,0.4918063848123295,0.2208959647787334,0.11473924265882385,0.22241221612848072,-0.34714440681116354
CensusIncome,"repeat=1,fold=2",1,2,5,5,dKDB-generative-init,0.01,fixed-0.01,adagrad,299285,40,2,119714,29929,149642,1.0,0,98bdb9f4a8abbee0ac6ec079939fb9ecb87de92c896107a78126ef5413926483,10049270,232774,83.94398315986435,2,3.0,20,0.0476027070321215,0.4918063848123295,0.49108078658349474,0.04206199090592011,0.48315550502177707,0.4835902697453301,0.03997899131579793,0.48297782598050787,0.4838548135802868,0.03416377930974805,0.4881316813224885,0.4900186522953821,0.03145886707523718,0.4935824490477853,0.4959112306912056,-0.008520124240560749,0.010604623067277441,0.01205641711091876,0.44299883466470996,0.4621235819725481,0.01912474730783814,0.00017767904126919642,0.005153855341980651,0.11006323592273652,0.22504021391511778,0.22347021235935013,0.10066042944485971,0.22617884848329592,0.2252012699591124,0.10787683199090313,0.22542555245776727,0.22401862424392519,0.09679520509318454,0.2266480573139469,0.22585274027747318,10049915.60896487,3170.3860879348017,2.09750994089127,0.02479567902059582,148419.0,1.0,20.57171333568182,0.0012225048561796403,0.0018341160335479945,-0.011081626897718591,0.012304131753898231,True,0.49108078658349474,0.0476027070321215,0.4918063848123295,0.2208959647787334,0.11473924265882385,0.22241221612848072,0.0017760642354557876
CensusIncome,"repeat=1,fold=2",1,2,5,5,dKDB-generative-init,0.003,validation-selected,adagrad,299285,40,2,119714,29929,149642,1.0,0,98bdb9f4a8abbee0ac6ec079939fb9ecb87de92c896107a78126ef5413926483,10049270,232774,83.94398315986435,9,10.0,20,0.0476027070321215,0.4918063848123295,0.49108078658349474,0.04469727394878034,0.4863146947741317,0.4860643892141173,0.040286936169444204,0.482527043234603,0.48323495930594623,0.0400348298714341,0.48253653238012134,0.48329671180287953,0.038238245609005066,0.48318714123890616,0.48429965276535586,-0.0020486905604391384,0.0006600980043031668,0.001064693459409627,0.4422401070651588,0.4449488956299011,0.0027087885647422705,0.0037876515395287025,9.489145518348785e-06,0.11235517593980238,0.22336972070363684,0.22176768563641677,0.10806551289882661,0.22494365537215597,0.22357132656531348,0.10833703605442713,0.22488404491638814,0.2234928815256565,0.10601330730445237,0.22528610089804305,0.22405317092265245,10049476.516899846,3170.138917532852,1.3533657555301126,0.02479567902059582,148419.0,1.0,20.57171333568182,0.0004020559816549085,0.0005602893969959555,-0.00232372874997476,0.0027257847316296685,True,0.49108078658349474,0.0476027070321215,0.4918063848123295,0.2208959647787334,0.11473924265882385,0.22241221612848072,-0.008619243573423363
CensusIncome,"repeat=2,fold=1",2,1,0,0,dKDB-current,0.01,fixed-0.01,adagrad,299285,40,2,119713,29929,149643,1.0,0,61a83210feeb65ae583632fe54375947271c48ba65ac48e483017bf81116e95c,1246,40,0.010408226341333022,20,,20,0.6931471805599453,0.6931471805599453,0.6931471805599453,0.11480093320821098,0.11705409077954511,0.12009522586240877,0.10967108307104155,0.11361606999478312,0.11692492901674828,0.11010350931860989,0.11372079174284544,0.11697715351890844,0.10967108307104155,0.11361606999478312,0.11692492901674828,0.0,0.0,0.0,0.003944986923741567,0.003944986923741567,0.0,0.0034380207847619915,0.00010472174806232248,0.18211387366427045,0.18344786849759648,0.18595537916308397,0.17829357182149677,0.18073427092330244,0.18324941282279528,0.17791344226334127,0.18059028393909837,0.18309738364681039,0.17791344226334127,0.18059028393909837,0.18309738364681039,60.0164196123859,2.6564615776128324,0.4197768351796191,0.0,0.0,119713.0,119713.0,0.0,0.0,0.0,0.0,False,1.3324397784246906,1.3256392289863363,1.3207827602188391,0.4579972995941441,0.4580437674343184,0.4562589332307028,-1.207166690224056
CensusIncome,"repeat=2,fold=1",2,1,0,0,dKDB-current,0.01,validation-selected,adagrad,299285,40,2,119713,29929,149643,1.0,0,61a83210feeb65ae583632fe54375947271c48ba65ac48e483017bf81116e95c,1246,40,0.010408226341333022,20,,20,0.6931471805599453,0.6931471805599453,0.6931471805599453,0.11480093320821098,0.11705409077954511,0.12009522586240877,0.10967108307104155,0.11361606999478312,0.11692492901674828,0.11010350931860989,0.11372079174284544,0.11697715351890844,0.10967108307104155,0.11361606999478312,0.11692492901674828,0.0,0.0,0.0,0.003944986923741567,0.003944986923741567,0.0,0.0034380207847619915,0.00010472174806232248,0.18211387366427045,0.18344786849759648,0.18595537916308397,0.17829357182149677,0.18073427092330244,0.18324941282279528,0.17791344226334127,0.18059028393909837,0.18309738364681039,0.17791344226334127,0.18059028393909837,0.18309738364681039,60.0164196123859,2.6564615776128324,0.4197768351796191,0.0,0.0,119713.0,119713.0,0.0,0.0,0.0,0.0,False,1.3324397784246906,1.3256392289863363,1.3207827602188391,0.4579972995941441,0.4580437674343184,0.4562589332307028,-1.207166690224056
CensusIncome,"repeat=2,fold=1",2,1,0,0,dKDB-generative-init,0.01,fixed-0.01,adagrad,299285,40,2,119713,29929,149643,1.0,0,61a83210feeb65ae583632fe54375947271c48ba65ac48e483017bf81116e95c,1246,40,0.010408226341333022,20,,20,1.3256392289863363,1.3207827602188391,1.3324397784246906,0.13726769048079898,0.14472860444812052,0.14863455715611268,0.11014843127429211,0.1155570781096704,0.1181238548540468,0.11078731259363335,0.11621595513079529,0.11893560651174956,0.11014843127429211,0.1155570781096704,0.1181238548540468,0.0,0.0,0.0,0.005408646835378297,0.005408646835378297,0.0,0.02917152633845012,0.0006588770211248818,0.18549076513020274,0.18721140827933838,0.19065250452134444,0.17796828115943716,0.1808585995203502,0.18335960095194787,0.1776851319142148,0.18066443721515948,0.18315161852757525,0.1776851319142148,0.18066443721515948,0.18315161852757525,1246.161163406943,35.55727246901727,1.660216302255623,0.0,0.0,119713.0,119713.0,0.0,0.0,0.0,0.0,False,1.3324397784246906,1.3256392289863363,1.3207827602188391,0.4579972995941441,0.4580437674343184,0.4562589332307028,-1.2052256821091687
CensusIncome,"repeat=2,fold=1",2,1,0,0,dKDB-generative-init,0.03,validation-selected,adagrad,299285,40,2,119713,29929,149643,1.0,0,61a83210feeb65ae583632fe54375947271c48ba65ac48e483017bf81116e95c,1246,40,0.010408226341333022,20,,20,1.3256392289863363,1.3207827602188391,1.3324397784246906,0.11474154282909847,0.1208374384326919,0.12359338258169983,0.10953366791339192,0.11497608042883578,0.1176994750850836,0.10991804233350223,0.11538678059757485,0.11785371072925566,0.10953366791339192,0.11497608042883578,0.1176994750850836,0.0,0.0,0.0,0.005442412515443862,0.005442412515443862,0.0,0.005861358003856121,0.00041070016873906434,0.17936652929847424,0.18255359114548284,0.18448282260410637,0.17765877425132448,0.18070557252422972,0.18307513531572536,0.17756933370486283,0.18064234041778002,0.18306194532368342,0.17756933370486283,0.18064234041778002,0.18306194532368342,1246.6925825876365,35.65450642776784,1.6615570418497352,0.0,0.0,119713.0,119713.0,0.0,0.0,0.0,0.0,False,1.3324397784246906,1.3256392289863363,1.3207827602188391,0.4579972995941441,0.4580437674343184,0.4562589332307028,-1.2058066797900033
CensusIncome,"repeat=2,fold=1",2,1,1,1,dKDB-current,0.01,fixed-0.01,adagrad,299285,40,2,119713,29929,149643,1.0,0,363433d0a9861c2615dcc230e76539b4642881de77388cb00629e95e080ee5f6,33902,1027,0.28319397225029863,6,7.0,20,0.6931471805599453,0.6931471805599453,0.6931471805599453,0.11520900599210179,0.12206097815774068,0.12404781523884563,0.10449181313261173,0.1183457226704704,0.11994286160888648,0.10208954003964976,0.11859026784188897,0.12003652222678565,0.0992851355043376,0.11985568104933511,0.12109158939258578,-0.005206677628274134,0.0015099583788647092,0.001148727783699302,0.013853909537858672,0.020570545544997515,0.006716636007138843,0.0037152554872702803,0.00024454517141857257,0.18253135863889208,0.18684848532545884,0.18865889935228594,0.17254192311844205,0.18332082698051705,0.18466802438359037,0.17441003701246133,0.18350737208376924,0.18497424188236886,0.17032354754668133,0.18352385283437905,0.18473110822428082,953.9010784839508,11.02897377376223,0.7192193410125096,4.009542711653736e-06,0.0,518.0,4662.629016553067,1.648075060980969e-05,-0.000243133658088035,-0.004086489465779997,0.004102970216389806,True,0.1710639284023663,0.1351291512716962,0.17073842935175823,0.21689972584673262,0.19989974888680814,0.2159049577947055,-0.05088274830242312
CensusIncome,"repeat=2,fold=1",2,1,1,1,dKDB-current,0.01,validation-selected,adagrad,299285,40,2,119713,29929,149643,1.0,0,363433d0a9861c2615dcc230e76539b4642881de77388cb00629e95e080ee5f6,33902,1027,0.28319397225029863,6,7.0,20,0.6931471805599453,0.6931471805599453,0.6931471805599453,0.11520900599210179,0.12206097815774068,0.12404781523884563,0.10449181313261173,0.1183457226704704,0.11994286160888648,0.10208954003964976,0.11859026784188897,0.12003652222678565,0.0992851355043376,0.11985568104933511,0.12109158939258578,-0.005206677628274134,0.0015099583788647092,0.001148727783699302,0.013853909537858672,0.020570545544997515,0.006716636007138843,0.0037152554872702803,0.00024454517141857257,0.18253135863889208,0.18684848532545884,0.18865889935228594,0.17254192311844205,0.18332082698051705,0.18466802438359037,0.17441003701246133,0.18350737208376924,0.18497424188236886,0.17032354754668133,0.18352385283437905,0.18473110822428082,953.9010784839508,11.02897377376223,0.7192193410125096,4.009542711653736e-06,0.0,518.0,4662.629016553067,1.648075060980969e-05,-0.000243133658088035,-0.004086489465779997,0.004102970216389806,True,0.1710639284023663,0.1351291512716962,0.17073842935175823,0.21689972584673262,0.19989974888680814,0.2159049577947055,-0.05088274830242312
CensusIncome,"repeat=2,fold=1",2,1,1,1,dKDB-generative-init,0.01,fixed-0.01,adagrad,299285,40,2,119713,29929,149643,1.0,0,363433d0a9861c2615dcc230e76539b4642881de77388cb00629e95e080ee5f6,33902,1027,0.28319397225029863,5,6.0,20,0.1351291512716962,0.17073842935175823,0.1710639284023663,0.10561724860095068,0.14685845614979512,0.14631674320117324,0.09880103854198698,0.1441222576377999,0.142969664430215,0.09677475984836777,0.14489265623558123,0.1433776188222842,0.0952234500730985,0.14676726817888533,0.14490380660089433,-0.0035775884688884763,0.0026450105410854297,0.0019341421706793316,0.04532121909581292,0.05154381810578683,0.006222599009973906,0.0027361985119952192,0.0007703985977813299,0.17308534829027478,0.19064480744616527,0.19176334425688424,0.1679711200335828,0.18910455331457152,0.18997852330865045,0.16928828480481284,0.18922925782169733,0.1902049274584008,0.16689342744615707,0.18921644140498414,0.19002685116751386,33908.065443887856,184.42665026044898,1.5646304492061456,4.009542711653736e-06,24.0,518.0,4662.629016553067,-1.281641671319056e-05,-0.00017807629088695265,-0.002394857358655772,0.0023820409419425814,True,0.1710639284023663,0.1351291512716962,0.17073842935175823,0.21689972584673262,0.19989974888680814,0.2159049577947055,-0.0239711611728729
CensusIncome,"repeat=2,fold=1",2,1,1,1,dKDB-generative-init,0.003,validation-selected,adagrad,299285,40,2,119713,29929,149643,1.0,0,363433d0a9861c2615dcc230e76539b4642881de77388cb00629e95e080ee5f6,33902,1027,0.28319397225029863,20,,20,0.1351291512716962,0.17073842935175823,0.1710639284023663,0.11116943451623487,0.1491163139742671,0.14909204281661292,0.10015303838558316,0.14187001912871222,0.1412699599553209,0.1025943221609855,0.142851887591466,0.14247946039902384,0.10015303838558316,0.14187001912871222,0.1412699599553209,0.0,0.0,0.0,0.04171698074312906,0.04171698074312906,0.0,0.00724629484555489,0.0009818684627537766,0.17669822477567781,0.19313460641479216,0.1944127444951714,0.17191813504705264,0.1899900653164403,0.19133355453816622,0.1704402305285182,0.18936177822658515,0.1906267282877656,0.1704402305285182,0.18936177822658515,0.1906267282877656,33904.08480457905,184.1740782822895,1.2782281785335807,4.009542711653736e-06,24.0,518.0,4662.629016553067,0.0,0.0,0.0,0.0,False,0.1710639284023663,0.1351291512716962,0.17073842935175823,0.21689972584673262,0.19989974888680814,0.2159049577947055,-0.02886841022304601
CensusIncome,"repeat=2,fold=1",2,1,2,2,dKDB-current,0.01,fixed-0.01,adagrad,299285,40,2,119713,29929,149643,1.0,0,808ae006004024b35e6840751eab430c10e83a99736a06042d1781f665206db6,285052,8726,2.381128198274206,5,6.0,20,0.6931471805599453,0.6931471805599453,0.6931471805599453,0.11562550279815824,0.12690537150967718,0.12790307049287908,0.10123760450444508,0.12306200116217307,0.123585286288194,0.09566281715225836,0.12378019116177885,0.12394713693102032,0.09053549274417527,0.12608217594706073,0.12582027765561188,-0.010702111760269806,0.0030201747848876553,0.0022349913674178795,0.021824396657727993,0.035546683202885454,0.013722286545157461,0.0038433703475041076,0.0007181899996057811,0.1832833531080458,0.19022353523524105,0.19139492640607425,0.16782658116504992,0.18602382772026899,0.18668841912425063,0.1723374700988609,0.1864251272748345,0.18731333447396598,0.16348328338296175,0.18632566626730365,0.18676028056219574,3394.283467134958,19.468180572509514,0.8582295776809574,0.0002519329337155764,0.0,17.0,548.7646115058446,-9.946100753085996e-05,-0.0005530539117702404,-0.00885418671589916,0.0087547257083683,True,0.17589503862117487,0.09664376531641793,0.1798508058589955,0.20165534080782793,0.1694512542379271,0.2014865118345338,-0.05376862991193476
CensusIncome,"repeat=2,fold=1",2,1,2,2,dKDB-current,0.01,validation-selected,adagrad,299285,40,2,119713,29929,149643,1.0,0,808ae006004024b35e6840751eab430c10e83a99736a06042d1781f665206db6,285052,8726,2.381128198274206,5,6.0,20,0.6931471805599453,0.6931471805599453,0.6931471805599453,0.11562550279815824,0.12690537150967718,0.12790307049287908,0.10123760450444508,0.12306200116217307,0.123585286288194,0.09566281715225836,0.12378019116177885,0.12394713693102032,0.09053549274417527,0.12608217594706073,0.12582027765561188,-0.010702111760269806,0.0030201747848876553,0.0022349913674178795,0.021824396657727993,0.035546683202885454,0.013722286545157461,0.0038433703475041076,0.0007181899996057811,0.1832833531080458,0.19022353523524105,0.19139492640607425,0.16782658116504992,0.18602382772026899,0.18668841912425063,0.1723374700988609,0.1864251272748345,0.18731333447396598,0.16348328338296175,0.18632566626730365,0.18676028056219574,3394.283467134958,19.468180572509514,0.8582295776809574,0.0002519329337155764,0.0,17.0,548.7646115058446,-9.946100753085996e-05,-0.0005530539117702404,-0.00885418671589916,0.0087547257083683,True,0.17589503862117487,0.09664376531641793,0.1798508058589955,0.20165534080782793,0.1694512542379271,0.2014865118345338,-0.05376862991193476
CensusIncome,"repeat=2,fold=1",2,1,2,2,dKDB-generative-init,0.01,fixed-0.01,adagrad,299285,40,2,119713,29929,149643,1.0,0,808ae006004024b35e6840751eab430c10e83a99736a06042d1781f665206db6,285052,8726,2.381128198274206,0,1.0,20,0.09664376531641793,0.1798508058589955,0.17589503862117487,0.09022262944412758,0.1819780436079364,0.17699721522689185,0.09664376531641793,0.1798508058589955,0.17589503862117487,0.08166408520003518,0.18616300493613458,0.17939984933648837,0.07933130471468172,0.1905092121246662,0.18301117977674727,-0.017312460601736204,0.010658406265670717,0.0071161411555724086,0.08320704054257756,0.11117790740998448,0.02797086686740692,0.0021272377489409133,0.006312199077139091,0.16250556307037303,0.19545271413139548,0.19602793261915138,0.15611517044393067,0.19533502109987702,0.19566406219923463,0.1694512542379271,0.2014865118345338,0.20165534080782793,0.1540340702443788,0.19581732085056514,0.19606378796707724,285084.93072287785,534.2699139900641,1.571912159278335,0.0002519329337155764,1508.0,17.0,548.7646115058446,-0.005669190983968675,-0.005591552840750691,-0.0154171839935483,0.009747993009579625,True,0.17589503862117487,0.09664376531641793,0.1798508058589955,0.20165534080782793,0.1694512542379271,0.2014865118345338,0.010658406265670717
CensusIncome,"repeat=2,fold=1",2,1,2,2,dKDB-generative-init,0.001,validation-selected,adagrad,299285,40,2,119713,29929,149643,1.0,0,808ae006004024b35e6840751eab430c10e83a99736a06042d1781f665206db6,285052,8726,2.381128198274206,20,,20,0.09664376531641793,0.1798508058589955,0.17589503862117487,0.09415636490449507,0.17878531705657616,0.17462651185729078,0.09022848607687402,0.1775305038689922,0.1729883444714104,0.09145299394907276,0.1778052842277265,0.17340801090440186,0.09022848607687402,0.1775305038689922,0.1729883444714104,0.0,0.0,0.0,0.08730201779211817,0.08730201779211817,0.0,0.0012548131875839696,0.00027478035873432227,0.16644513499663818,0.19806784064956617,0.1984919931468859,0.16414184388697906,0.19635700855253801,0.19689799966518712,0.16322169988737753,0.19595155362122024,0.19649695546276327,0.16322169988737753,0.19595155362122024,0.19649695546276327,285055.4744557189,533.9135867463897,1.1091241495960167,0.0002519329337155764,1508.0,17.0,548.7646115058446,0.0,0.0,0.0,0.0,False,0.17589503862117487,0.09664376531641793,0.1798508058589955,0.20165534080782793,0.1694512542379271,0.2014865118345338,-0.0023203019900032984
CensusIncome,"repeat=2,fold=1",2,1,3,3,dKDB-current,0.01,fixed-0.01,adagrad,299285,40,2,119713,29929,149643,1.0,0,ff1f0fb294baa3cb17ac234b726c314dddc8da5cbdaf8989da37d14aae674c21,1522792,43667,12.720356185209626,5,6.0,20,0.6931471805599453,0.6931471805599453,0.6931471805599453,0.11250470742601093,0.12901948453291306,0.13050915078760375,0.09061681508390532,0.12463055553943181,0.1258588096652081,0.08131862374884412,0.12569217970018212,0.12664851574545485,0.0724718373527106,0.12886896652939145,0.12946897197284377,-0.018144977731194722,0.00423841098995964,0.003610162307635667,0.03401374045552649,0.056397129176680855,0.022383388721154363,0.004388928993481256,0.001061624160750313,0.18101976945270679,0.1916731682655254,0.19311997918000823,0.15377272624069657,0.18735182852803492,0.18837661445085768,0.16262662444917733,0.1875033967661495,0.18876284810278612,0.14460370415084467,0.1881864496921456,0.1889356420526759,11379.810636615564,32.04683307842454,0.8131180571229546,0.0025321932866889866,0.0,4.0,109.65992626010488,0.0006830529259961027,0.00017279394988978236,-0.018022920298332662,0.018705973224328765,True,0.2457043516125242,0.0600434305229627,0.24962212946819376,0.2073633415398444,0.13355335098887047,0.20724772081772738,-0.12075316293880231
CensusIncome,"repeat=2,fold=1",2,1,3,3,dKDB-current,0.01,validation-selected,adagrad,299285,40,2,119713,29929,149643,1.0,0,ff1f0fb294baa3cb17ac234b726c314dddc8da5cbdaf8989da37d14aae674c21,1522792,43667,12.720356185209626,5,6.0,20,0.6931471805599453,0.6931471805599453,0.6931471805599453,0.11250470742601093,0.12901948453291306,0.13050915078760375,0.09061681508390532,0.12463055553943181,0.1258588096652081,0.08131862374884412,0.12569217970018212,0.12664851574545485,0.0724718373527106,0.12886896652939145,0.12946897197284377,-0.018144977731194722,0.00423841098995964,0.003610162307635667,0.03401374045552649,0.056397129176680855,0.022383388721154363,0.004388928993481256,0.001061624160750313,0.18101976945270679,0.1916731682655254,0.19311997918000823,0.15377272624069657,0.18735182852803492,0.18837661445085768,0.16262662444917733,0.1875033967661495,0.18876284810278612,0.14460370415084467,0.1881864496921456,0.1889356420526759,11379.810636615564,32.04683307842454,0.8131180571229546,0.0025321932866889866,0.0,4.0,109.65992626010488,0.0006830529259961027,0.00017279394988978236,-0.018022920298332662,0.018705973224328765,True,0.2457043516125242,0.0600434305229627,0.24962212946819376,0.2073633415398444,0.13355335098887047,0.20724772081772738,-0.12075316293880231
CensusIncome,"repeat=2,fold=1",2,1,3,3,dKDB-generative-init,0.01,fixed-0.01,adagrad,299285,40,2,119713,29929,149643,1.0,0,ff1f0fb294baa3cb17ac234b726c314dddc8da5cbdaf8989da37d14aae674c21,1522792,43667,12.720356185209626,0,1.0,20,0.0600434305229627,0.24962212946819376,0.2457043516125242,0.057464765273257695,0.2543331282796194,0.2507371925095091,0.0600434305229627,0.24962212946819376,0.2457043516125242,0.049870563480228454,0.2638839735508019,0.25949703672639285,0.04731352185520898,0.2706449477415473,0.26583842784169526,-0.012729908667753725,0.021022818273353533,0.020134076229171044,0.18957869894523105,0.2233314258863383,0.03375272694110726,0.004710998811425643,0.014261844082608138,0.13070526378409345,0.2079407543167849,0.20819919880814844,0.1221683381324524,0.20972155950861837,0.20995087366758172,0.13355335098887047,0.20724772081772738,0.2073633415398444,0.11888449417812277,0.2107200926836484,0.21083781972356047,1523036.2190385675,1234.5267137037324,1.5787358758205785,0.0025321932866889866,15157.0,4.0,109.65992626010488,0.003472371865921031,0.003474478183716073,-0.014668856810747699,0.01814122867666873,True,0.2457043516125242,0.0600434305229627,0.24962212946819376,0.2073633415398444,0.13355335098887047,0.20724772081772738,0.021022818273353533
CensusIncome,"repeat=2,fold=1",2,1,3,3,dKDB-generative-init,0.001,validation-selected,adagrad,299285,40,2,119713,29929,149643,1.0,0,ff1f0fb294baa3cb17ac234b726c314dddc8da5cbdaf8989da37d14aae674c21,1522792,43667,12.720356185209626,0,1.0,20,0.0600434305229627,0.24962212946819376,0.2457043516125242,0.05974952968665407,0.2502754557634251,0.24634037829205307,0.0600434305229627,0.24962212946819376,0.2457043516125242,0.057967163112383376,0.2498642778506579,0.24595917399356415,0.05708254198720448,0.2500481367406151,0.24612006017707722,-0.0029608885357582243,0.0004260072724213415,0.0004157085645530023,0.18957869894523105,0.19296559475341063,0.0033868958081795797,0.0006533262952313212,0.00024214838246414128,0.13315530976375192,0.20708351637774744,0.20720266139532642,0.13150741873912172,0.20754678416019262,0.20770854543579584,0.13355335098887047,0.20724772081772738,0.2073633415398444,0.13062268458982185,0.20774695498853504,0.207924670778264,1522819.7144168224,1234.041539932998,1.0734068053190684,0.0025321932866889866,15157.0,4.0,109.65992626010488,0.0004992341708076609,0.0005613292384195889,-0.002930666399048626,0.0034299005698562868,True,0.2457043516125242,0.0600434305229627,0.24962212946819376,0.2073633415398444,0.13355335098887047,0.20724772081772738,0.0004260072724213415
CensusIncome,"repeat=2,fold=1",2,1,4,4,dKDB-current,0.01,fixed-0.01,adagrad,299285,40,2,119713,29929,149643,1.0,0,aa8a0d844bfcd431b8818a201e800464637907afd2107155b44676e139f95085,5247240,120430,43.831831129451274,4,5.0,20,0.6931471805599453,0.6931471805599453,0.6931471805599453,0.11138939720669735,0.13324161292705622,0.1347449346377522,0.08792429638504609,0.12924391976374958,0.13093255144066743,0.07258721114556797,0.1308081436464209,0.13248616531776608,0.062097003571952844,0.1346925837885359,0.13632377585111524,-0.025827292813093247,0.005448664024786332,0.005391224410447815,0.041319623378703485,0.07259558021658306,0.03127595683787958,0.003997693163306643,0.0015642238826713284,0.18053494158990707,0.19526640939702763,0.1964279807754622,0.14349588311738176,0.19172130911380744,0.19268741925205113,0.15945183517962422,0.19164885895775832,0.1928232196344485,0.1315276006017236,0.1930574163808735,0.19379064289920145,20673.361278550856,39.948772334090634,0.7301892272229833,0.010928342789171562,0.0,2.0,39.761853358797644,0.0014085574231151865,0.0009674232647529368,-0.02792423457790061,0.029332792001015795,True,0.3520503642108374,0.04834657780819301,0.35647209610896474,0.21495448118691443,0.11869621257339587,0.2145170674053787,-0.22177951232042883
CensusIncome,"repeat=2,fold=1",2,1,4,4,dKDB-current,0.01,validation-selected,adagrad,299285,40,2,119713,29929,149643,1.0,0,aa8a0d844bfcd431b8818a201e800464637907afd2107155b44676e139f95085,5247240,120430,43.831831129451274,4,5.0,20,0.6931471805599453,0.6931471805599453,0.6931471805599453,0.11138939720669735,0.13324161292705622,0.1347449346377522,0.08792429638504609,0.12924391976374958,0.13093255144066743,0.07258721114556797,0.1308081436464209,0.13248616531776608,0.062097003571952844,0.1346925837885359,0.13632377585111524,-0.025827292813093247,0.005448664024786332,0.005391224410447815,0.041319623378703485,0.07259558021658306,0.03127595683787958,0.003997693163306643,0.0015642238826713284,0.18053494158990707,0.19526640939702763,0.1964279807754622,0.14349588311738176,0.19172130911380744,0.19268741925205113,0.15945183517962422,0.19164885895775832,0.1928232196344485,0.1315276006017236,0.1930574163808735,0.19379064289920145,20673.361278550856,39.948772334090634,0.7301892272229833,0.010928342789171562,0.0,2.0,39.761853358797644,0.0014085574231151865,0.0009674232647529368,-0.02792423457790061,0.029332792001015795,True,0.3520503642108374,0.04834657780819301,0.35647209610896474,0.21495448118691443,0.11869621257339587,0.2145170674053787,-0.22177951232042883
CensusIncome,"repeat=2,fold=1",2,1,4,4,dKDB-generative-init,0.01,fixed-0.01,adagrad,299285,40,2,119713,29929,149643,1.0,0,aa8a0d844bfcd431b8818a201e800464637907afd2107155b44676e139f95085,5247240,120430,43.831831129451274,1,2.0,20,0.04834657780819301,0.35647209610896474,0.3520503642108374,0.04496200417568673,0.35556560253423425,0.3520397117510683,0.04496200417568673,0.35556560253423425,0.3520397117510683,0.03799932565240683,0.36497938938059343,0.3610842903104869,0.03559186312551883,0.3721888940527059,0.36797630198784953,-0.009370141050167896,0.01662329151847164,0.015936590236781234,0.3106035983585475,0.33659703092718707,0.025993432568639563,0.0,0.009413786846359185,0.11534177457164824,0.21622633842304337,0.21690344261769637,0.10685277302279056,0.21820194900541515,0.21864269325487978,0.11534177457164824,0.21622633842304337,0.21690344261769637,0.10335193949675951,0.219099771994187,0.21941837284381557,5247809.96265833,2291.1194656490325,2.363987652713872,0.010928342789171562,65414.0,2.0,39.761853358797644,0.002873433571143641,0.0025149302261192052,-0.011989835074888724,0.014863268646032365,True,0.3520503642108374,0.04834657780819301,0.35647209610896474,0.21495448118691443,0.11869621257339587,0.2145170674053787,0.015716797943741145
CensusIncome,"repeat=2,fold=1",2,1,4,4,dKDB-generative-init,0.001,validation-selected,adagrad,299285,40,2,119713,29929,149643,1.0,0,aa8a0d844bfcd431b8818a201e800464637907afd2107155b44676e139f95085,5247240,120430,43.831831129451274,20,,20,0.04834657780819301,0.35647209610896474,0.3520503642108374,0.04773454085729026,0.3557866993529356,0.35147603431023944,0.044773177579164145,0.35328454129660386,0.3492969975876519,0.04564609071207874,0.3535725512889112,0.3495156047001786,0.044773177579164145,0.35328454129660386,0.3492969975876519,0.0,0.0,0.0,0.3085113637174397,0.3085113637174397,0.0,0.002502158056331749,0.0002880099923073254,0.11809988709824229,0.21466884066962194,0.2151649235279435,0.11621351492344262,0.21538042885521919,0.21602857556804123,0.1153500603120789,0.21572049016529554,0.21640890267429197,0.1153500603120789,0.21572049016529554,0.21640890267429197,5247300.697750562,2290.7147095188566,1.1305720748600103,0.010928342789171562,65414.0,2.0,39.761853358797644,0.0,0.0,0.0,0.0,False,0.3520503642108374,0.04834657780819301,0.35647209610896474,0.21495448118691443,0.11869621257339587,0.2145170674053787,-0.003187554812360882
CensusIncome,"repeat=2,fold=1",2,1,5,5,dKDB-current,0.01,fixed-0.01,adagrad,299285,40,2,119713,29929,149643,1.0,0,cbf96fd9c55a63a9ef4136faeb13e213d5a029e6c8ba61eb4be002294da7707a,9308492,234832,77.75673485753427,3,4.0,20,0.6931471805599453,0.6931471805599453,0.6931471805599453,0.109840126519712,0.1373756349086408,0.13829902875588093,0.08892235016027719,0.13458909937002644,0.1357248357773397,0.0667597962832105,0.13743749032746566,0.13873208046160232,0.05596954799087009,0.14245106318190084,0.14379741285579623,-0.0329528021694071,0.0078619638118744,0.008072577078456517,0.04566674920974925,0.08648151519103076,0.0408147659812815,0.002786535538614354,0.0028483909574392174,0.17997480465600263,0.19856385160371365,0.1991733750666841,0.13654198919402927,0.19633526285708017,0.19699638934190666,0.16049583435250908,0.19588021994633611,0.19660697747951275,0.12373360820791561,0.19797962975148448,0.19856251766663663,31494.157195849184,46.57918995923888,0.7962540711687329,0.025175584557914504,0.0,1.0,20.39125843155958,0.002099409805148361,0.0019555401871238776,-0.03676222614459347,0.03886163594974183,True,0.484519546605558,0.048542806492673486,0.4905740282590821,0.2195083536192894,0.11595821015487542,0.21793586388384767,-0.3481229650771812
CensusIncome,"repeat=2,fold=1",2,1,5,5,dKDB-current,0.01,validation-selected,adagrad,299285,40,2,119713,29929,149643,1.0,0,cbf96fd9c55a63a9ef4136faeb13e213d5a029e6c8ba61eb4be002294da7707a,9308492,234832,77.75673485753427,3,4.0,20,0.6931471805599453,0.6931471805599453,0.6931471805599453,0.109840126519712,0.1373756349086408,0.13829902875588093,0.08892235016027719,0.13458909937002644,0.1357248357773397,0.0667597962832105,0.13743749032746566,0.13873208046160232,0.05596954799087009,0.14245106318190084,0.14379741285579623,-0.0329528021694071,0.0078619638118744,0.008072577078456517,0.04566674920974925,0.08648151519103076,0.0408147659812815,0.002786535538614354,0.0028483909574392174,0.17997480465600263,0.19856385160371365,0.1991733750666841,0.13654198919402927,0.19633526285708017,0.19699638934190666,0.16049583435250908,0.19588021994633611,0.19660697747951275,0.12373360820791561,0.19797962975148448,0.19856251766663663,31494.157195849184,46.57918995923888,0.7962540711687329,0.025175584557914504,0.0,1.0,20.39125843155958,0.002099409805148361,0.0019555401871238776,-0.03676222614459347,0.03886163594974183,True,0.484519546605558,0.048542806492673486,0.4905740282590821,0.2195083536192894,0.11595821015487542,0.21793586388384767,-0.3481229650771812
CensusIncome,"repeat=2,fold=1",2,1,5,5,dKDB-generative-init,0.01,fixed-0.01,adagrad,299285,40,2,119713,29929,149643,1.0,0,cbf96fd9c55a63a9ef4136faeb13e213d5a029e6c8ba61eb4be002294da7707a,9308492,234832,77.75673485753427,2,3.0,20,0.048542806492673486,0.4905740282590821,0.484519546605558,0.042930697566996585,0.4817039078448581,0.4766130034193047,0.04075784005430497,0.4813435306934555,0.4764620389536443,0.03472802993540719,0.4863015212701826,0.4816023580397074,0.03189137455615563,0.4916516570643226,0.4869608951569445,-0.008866465498149338,0.010308126370867143,0.01049885620330021,0.44058569063915054,0.459760282508167,0.019174591869016433,0.0003603771514026355,0.004957990576727134,0.11114248430518389,0.21993223234562603,0.22164210289838254,0.10163629043524096,0.22129645747181678,0.22308697158822746,0.10898144903235367,0.22035315046935372,0.2221264040182001,0.09755046168217682,0.2218645108273276,0.22359104952364883,9309134.264904296,3051.3246231005182,2.2216600377985882,0.025175584557914504,150694.0,1.0,20.39125843155958,0.00151136035797389,0.001464645505448725,-0.01143098735017685,0.01294234770815074,True,0.484519546605558,0.048542806492673486,0.4905740282590821,0.2195083536192894,0.11595821015487542,0.21793586388384767,0.001077628805240538
CensusIncome,"repeat=2,fold=1",2,1,5,5,dKDB-generative-init,0.003,validation-selected,adagrad,299285,40,2,119713,29929,149643,1.0,0,cbf96fd9c55a63a9ef4136faeb13e213d5a029e6c8ba61eb4be002294da7707a,9308492,234832,77.75673485753427,10,11.0,20,0.048542806492673486,0.4905740282590821,0.484519546605558,0.04559267302996812,0.4850022149073909,0.4793187806980987,0.0406951363252146,0.4806748315049299,0.4756423335388001,0.0406951363252146,0.4806748315049299,0.4756423335388001,0.038862166053467484,0.48125180426916847,0.47635032654332116,-0.0018329702717471141,0.0005769727642385702,0.0007079930045210681,0.4399796951797153,0.442389638215701,0.0024099430359856844,0.004327383402461027,0.0,0.11347053387465528,0.21858256873128212,0.22019061814484975,0.1091035048625909,0.21997575525601692,0.22172293589936862,0.1091035048625909,0.21997575525601692,0.22172293589936862,0.10705411494062879,0.22034288743014796,0.22211875559016833,9308698.59751233,3051.0661756409454,1.4109761252897317,0.025175584557914504,150694.0,1.0,20.39125843155958,0.00036713217413103516,0.0003958196907997147,-0.0020493899219621164,0.0024165220960931516,True,0.484519546605558,0.048542806492673486,0.4905740282590821,0.2195083536192894,0.11595821015487542,0.21793586388384767,-0.009322223989913614
CensusIncome,"repeat=2,fold=2",2,2,0,0,dKDB-current,0.01,fixed-0.01,adagrad,299285,40,2,119714,29929,149642,1.0,0,61a83210feeb65ae583632fe54375947271c48ba65ac48e483017bf81116e95c,1250,40,0.010441552366473428,20,,20,0.6931471805599453,0.6931471805599453,0.6931471805599453,0.11810284004715825,0.1199678749517289,0.11716929494870464,0.11308124910509071,0.11667219267247748,0.11321030926134788,0.1134861008776812,0.1167799847402947,0.11333010746411469,0.11308124910509071,0.11667219267247748,0.11321030926134788,0.0,0.0,0.0,0.0035909435673867757,0.0035909435673867757,0.0,0.0032956822792514218,0.0001077920678172195,0.18401303029390997,0.18594701336235528,0.18333949370121252,0.18050484336669242,0.18351381010163179,0.18039339336826127,0.18019378416021958,0.18326230610306968,0.18021960914215543,0.18019378416021958,0.18326230610306968,0.18021960914215543,61.993701317814896,2.7156991432328224,0.40014908592769627,0.0,0.0,119714.0,119714.0,0.0,0.0,0.0,0.0,False,1.3262715000552274,1.3266486494025502,1.328111199703684,0.46117618550723055,0.4613705210669239,0.45912819390339416,-1.2114390070312067
CensusIncome,"repeat=2,fold=2",2,2,0,0,dKDB-current,0.01,validation-selected,adagrad,299285,40,2,119714,29929,149642,1.0,0,61a83210feeb65ae583632fe54375947271c48ba65ac48e483017bf81116e95c,1250,40,0.010441552366473428,20,,20,0.6931471805599453,0.6931471805599453,0.6931471805599453,0.11810284004715825,0.1199678749517289,0.11716929494870464,0.11308124910509071,0.11667219267247748,0.11321030926134788,0.1134861008776812,0.1167799847402947,0.11333010746411469,0.11308124910509071,0.11667219267247748,0.11321030926134788,0.0,0.0,0.0,0.0035909435673867757,0.0035909435673867757,0.0,0.0032956822792514218,0.0001077920678172195,0.18401303029390997,0.18594701336235528,0.18333949370121252,0.18050484336669242,0.18351381010163179,0.18039339336826127,0.18019378416021958,0.18326230610306968,0.18021960914215543,0.18019378416021958,0.18326230610306968,0.18021960914215543,61.993701317814896,2.7156991432328224,0.40014908592769627,0.0,0.0,119714.0,119714.0,0.0,0.0,0.0,0.0,False,1.3262715000552274,1.3266486494025502,1.328111199703684,0.46117618550723055,0.4613705210669239,0.45912819390339416,-1.2114390070312067
CensusIncome,"repeat=2,fold=2",2,2,0,0,dKDB-generative-init,0.01,fixed-0.01,adagrad,299285,40,2,119714,29929,149642,1.0,0,61a83210feeb65ae583632fe54375947271c48ba65ac48e483017bf81116e95c,1250,40,0.010441552366473428,20,,20,1.3266486494025502,1.328111199703684,1.3262715000552274,0.14053033563394168,0.14348481392897136,0.13972312152904467,0.11332018135159491,0.11787494909594136,0.11494080549934578,0.11399592621622977,0.11845832479471317,0.1153816969521813,0.11332018135159491,0.11787494909594136,0.11494080549934578,0.0,0.0,0.0,0.004554767744346447,0.004554767744346447,0.0,0.025609864833030002,0.0005833756987718153,0.1882445770305187,0.1916359222287097,0.1879437137344893,0.1802949076925252,0.18337521454628428,0.18039821872333797,0.18007787726482055,0.18314700149688137,0.1802062129716774,0.18007787726482055,0.18314700149688137,0.1802062129716774,1250.1910562285022,35.61297956610642,1.650465670860161,0.0,0.0,119714.0,119714.0,0.0,0.0,0.0,0.0,False,1.3262715000552274,1.3266486494025502,1.328111199703684,0.46117618550723055,0.4613705210669239,0.45912819390339416,-1.2102362506077426
CensusIncome,"repeat=2,fold=2",2,2,0,0,dKDB-generative-init,0.01,validation-selected,adagrad,299285,40,2,119714,29929,149642,1.0,0,61a83210feeb65ae583632fe54375947271c48ba65ac48e483017bf81116e95c,1250,40,0.010441552366473428,20,,20,1.3266486494025502,1.328111199703684,1.3262715000552274,0.14053033563394168,0.14348481392897136,0.13972312152904467,0.11332018135159491,0.11787494909594136,0.11494080549934578,0.11399592621622977,0.11845832479471317,0.1153816969521813,0.11332018135159491,0.11787494909594136,0.11494080549934578,0.0,0.0,0.0,0.004554767744346447,0.004554767744346447,0.0,0.025609864833030002,0.0005833756987718153,0.1882445770305187,0.1916359222287097,0.1879437137344893,0.1802949076925252,0.18337521454628428,0.18039821872333797,0.18007787726482055,0.18314700149688137,0.1802062129716774,0.18007787726482055,0.18314700149688137,0.1802062129716774,1250.1910562285022,35.61297956610642,1.650465670860161,0.0,0.0,119714.0,119714.0,0.0,0.0,0.0,0.0,False,1.3262715000552274,1.3266486494025502,1.328111199703684,0.46117618550723055,0.4613705210669239,0.45912819390339416,-1.2102362506077426
CensusIncome,"repeat=2,fold=2",2,2,1,1,dKDB-current,0.01,fixed-0.01,adagrad,299285,40,2,119714,29929,149642,1.0,0,d939eb6c071509e9d65a1aedf5aceb9c5bf0e5fe4b04d06eb6ddf4cfe22b0e5b,35046,1094,0.2927477153883422,7,8.0,20,0.6931471805599453,0.6931471805599453,0.6931471805599453,0.11812187870979195,0.12395919540142963,0.1213285262895488,0.10661633146357546,0.1198506087546903,0.11692427676734772,0.10492424584532034,0.11994157981670658,0.11708108763221246,0.10204295535641852,0.12089847856594127,0.11829376468765802,-0.00457337610715694,0.001047869811250976,0.0013694879203103028,0.01323427729111483,0.018855523209522745,0.005621245918407916,0.00410858664673934,9.097106201629013e-05,0.18428833863921945,0.1886795810369956,0.1863354970738484,0.17439990948565343,0.18464485627365154,0.18232477326918545,0.17569241279763853,0.18486090454923762,0.1824502597793477,0.1721722026424381,0.1846573640124882,0.18257017158496724,956.0443969803599,10.938327555468938,0.6468281237486917,8.18620440785341e-06,0.0,510.0,4377.111517367459,-0.00020354053674942474,0.00011991180561954362,-0.0035202101552004317,0.003316669618451007,True,0.1650725227390792,0.1385206376410097,0.16989913923439875,0.21347543288736848,0.2018575486822411,0.21782961331842926,-0.049000660668457485
CensusIncome,"repeat=2,fold=2",2,2,1,1,dKDB-current,0.01,validation-selected,adagrad,299285,40,2,119714,29929,149642,1.0,0,d939eb6c071509e9d65a1aedf5aceb9c5bf0e5fe4b04d06eb6ddf4cfe22b0e5b,35046,1094,0.2927477153883422,7,8.0,20,0.6931471805599453,0.6931471805599453,0.6931471805599453,0.11812187870979195,0.12395919540142963,0.1213285262895488,0.10661633146357546,0.1198506087546903,0.11692427676734772,0.10492424584532034,0.11994157981670658,0.11708108763221246,0.10204295535641852,0.12089847856594127,0.11829376468765802,-0.00457337610715694,0.001047869811250976,0.0013694879203103028,0.01323427729111483,0.018855523209522745,0.005621245918407916,0.00410858664673934,9.097106201629013e-05,0.18428833863921945,0.1886795810369956,0.1863354970738484,0.17439990948565343,0.18464485627365154,0.18232477326918545,0.17569241279763853,0.18486090454923762,0.1824502597793477,0.1721722026424381,0.1846573640124882,0.18257017158496724,956.0443969803599,10.938327555468938,0.6468281237486917,8.18620440785341e-06,0.0,510.0,4377.111517367459,-0.00020354053674942474,0.00011991180561954362,-0.0035202101552004317,0.003316669618451007,True,0.1650725227390792,0.1385206376410097,0.16989913923439875,0.21347543288736848,0.2018575486822411,0.21782961331842926,-0.049000660668457485
CensusIncome,"repeat=2,fold=2",2,2,1,1,dKDB-generative-init,0.01,fixed-0.01,adagrad,299285,40,2,119714,29929,149642,1.0,0,d939eb6c071509e9d65a1aedf5aceb9c5bf0e5fe4b04d06eb6ddf4cfe22b0e5b,35046,1094,0.2927477153883422,5,6.0,20,0.1385206376410097,0.16989913923439875,0.1650725227390792,0.10795997343472567,0.14306824795053957,0.14135280622470442,0.10125367207703716,0.1408754666923132,0.1398674469676855,0.09927460574045081,0.1414633366369136,0.14086230014221535,0.09772889846418849,0.14291139981167647,0.14277088215319078,-0.0035247736128486695,0.002035933119363259,0.0029034351855052876,0.039621794615276054,0.04518250134748798,0.005560706732211929,0.0021927812582263617,0.0005878699446003888,0.1752410508048855,0.19154501985111475,0.1894697112929686,0.1698250293591622,0.18978924089138616,0.18845187923273996,0.17114013296869282,0.19000887394501778,0.1884680032248482,0.16877434788613546,0.1898748986170495,0.18862928668719567,35050.64297728865,187.48431093422815,1.4084272403663503,8.18620440785341e-06,49.0,510.0,4377.111517367459,-0.00013397532796827205,0.00016128346234747792,-0.002365785082557359,0.002231809754589087,True,0.1650725227390792,0.1385206376410097,0.16989913923439875,0.21347543288736848,0.2018575486822411,0.21782961331842926,-0.026987739422722284
CensusIncome,"repeat=2,fold=2",2,2,1,1,dKDB-generative-init,0.003,validation-selected,adagrad,299285,40,2,119714,29929,149642,1.0,0,d939eb6c071509e9d65a1aedf5aceb9c5bf0e5fe4b04d06eb6ddf4cfe22b0e5b,35046,1094,0.2927477153883422,20,,20,0.1385206376410097,0.16989913923439875,0.1650725227390792,0.11395312230533318,0.1459554522040801,0.14372635147685897,0.10264720586639635,0.13907938291347305,0.13782760769987829,0.10509236857290549,0.13995960473589167,0.13843618531133062,0.10264720586639635,0.13907938291347305,0.13782760769987829,0.0,0.0,0.0,0.0364321770470767,0.0364321770470767,0.0,0.006876069290607051,0.0008802218224186198,0.17913128510303963,0.19408043576781267,0.1915527862978669,0.17393457925058184,0.1908449058375161,0.18887868563151977,0.17235623563804,0.1901839138032752,0.1884319611347823,0.17235623563804,0.1901839138032752,0.1884319611347823,35047.8091940733,187.25119276278573,1.2726515456716514,8.18620440785341e-06,49.0,510.0,4377.111517367459,0.0,0.0,0.0,0.0,False,0.1650725227390792,0.1385206376410097,0.16989913923439875,0.21347543288736848,0.2018575486822411,0.21782961331842926,-0.030819756320925706
CensusIncome,"repeat=2,fold=2",2,2,2,2,dKDB-current,0.01,fixed-0.01,adagrad,299285,40,2,119714,29929,149642,1.0,0,90e95541c1cea243be6c7cb5f00d5e7d5e4a01a72f1119d587c27d208fc78243,322042,9650,2.6900947257630685,6,7.0,20,0.6931471805599453,0.6931471805599453,0.6931471805599453,0.11820662645814108,0.1277423095065439,0.12570175627844507,0.10173756779237174,0.12367039468313203,0.1207756496272969,0.0974097829735344,0.12414731845863561,0.1211440096673541,0.09191909014923592,0.1261405160973475,0.12310570361333133,-0.009818477643135815,0.002470121414215473,0.0023300539860344333,0.021932826890760287,0.034221425948111575,0.012288599057351288,0.004071914823411862,0.0004769237755035821,0.18478334156181025,0.19121955299666366,0.18953087892713114,0.1689030211939337,0.18721626211762893,0.18495336013688524,0.1723907987834034,0.1874546270419569,0.18519712039944622,0.1642808847945866,0.18752023838008178,0.18533312157752224,3563.8347122000882,19.87695784683476,0.9115271357356007,0.00029587281645527326,0.0,16.0,496.2238341968912,6.56113381248824e-05,0.00013600117807602286,-0.008109913988816803,0.008175525326941685,True,0.1699096161677014,0.09811661840381211,0.17594719097679332,0.19905785877627447,0.17015132847953554,0.20274913359510335,-0.04980667487944582
CensusIncome,"repeat=2,fold=2",2,2,2,2,dKDB-current,0.01,validation-selected,adagrad,299285,40,2,119714,29929,149642,1.0,0,90e95541c1cea243be6c7cb5f00d5e7d5e4a01a72f1119d587c27d208fc78243,322042,9650,2.6900947257630685,6,7.0,20,0.6931471805599453,0.6931471805599453,0.6931471805599453,0.11820662645814108,0.1277423095065439,0.12570175627844507,0.10173756779237174,0.12367039468313203,0.1207756496272969,0.0974097829735344,0.12414731845863561,0.1211440096673541,0.09191909014923592,0.1261405160973475,0.12310570361333133,-0.009818477643135815,0.002470121414215473,0.0023300539860344333,0.021932826890760287,0.034221425948111575,0.012288599057351288,0.004071914823411862,0.0004769237755035821,0.18478334156181025,0.19121955299666366,0.18953087892713114,0.1689030211939337,0.18721626211762893,0.18495336013688524,0.1723907987834034,0.1874546270419569,0.18519712039944622,0.1642808847945866,0.18752023838008178,0.18533312157752224,3563.8347122000882,19.87695784683476,0.9115271357356007,0.00029587281645527326,0.0,16.0,496.2238341968912,6.56113381248824e-05,0.00013600117807602286,-0.008109913988816803,0.008175525326941685,True,0.1699096161677014,0.09811661840381211,0.17594719097679332,0.19905785877627447,0.17015132847953554,0.20274913359510335,-0.04980667487944582
CensusIncome,"repeat=2,fold=2",2,2,2,2,dKDB-generative-init,0.01,fixed-0.01,adagrad,299285,40,2,119714,29929,149642,1.0,0,90e95541c1cea243be6c7cb5f00d5e7d5e4a01a72f1119d587c27d208fc78243,322042,9650,2.6900947257630685,0,1.0,20,0.09811661840381211,0.17594719097679332,0.1699096161677014,0.09173942317668303,0.17673708770785787,0.17219333880950044,0.09811661840381211,0.17594719097679332,0.1699096161677014,0.08227566902778548,0.18041241838603814,0.17698374761059132,0.07980358524677607,0.1844966632265044,0.18128899115605843,-0.018313033157036043,0.008549472249711088,0.011379374988357033,0.0778305725729812,0.10469307797972834,0.02686250540674713,0.0007898967310645544,0.004465227409244821,0.16343063235086053,0.19715894398920178,0.19464674069753496,0.1562384433418965,0.19720926278897927,0.19521505607758494,0.17015132847953554,0.20274913359510335,0.19905785877627447,0.1541049894900386,0.1978565476452185,0.19589548535546042,322072.2880229044,567.8385909372554,1.7318759461662794,0.00029587281645527326,1771.0,16.0,496.2238341968912,-0.004892585949884842,-0.0031623734208140464,-0.01604633898949695,0.011153753039612108,True,0.1699096161677014,0.09811661840381211,0.17594719097679332,0.19905785877627447,0.17015132847953554,0.20274913359510335,0.008549472249711088
CensusIncome,"repeat=2,fold=2",2,2,2,2,dKDB-generative-init,0.001,validation-selected,adagrad,299285,40,2,119714,29929,149642,1.0,0,90e95541c1cea243be6c7cb5f00d5e7d5e4a01a72f1119d587c27d208fc78243,322042,9650,2.6900947257630685,20,,20,0.09811661840381211,0.17594719097679332,0.1699096161677014,0.09559402599610271,0.17436744891833933,0.16892335308192644,0.09138768632148209,0.17290505546613036,0.1682198941859327,0.09270195495571497,0.1732266229588184,0.16833302149569376,0.09138768632148209,0.17290505546613036,0.1682198941859327,0.0,0.0,0.0,0.08151736914464827,0.08151736914464827,0.0,0.001462393452208971,0.00032156749268805185,0.16717931805161068,0.19930282075662067,0.1960969006267568,0.16471494164444264,0.1976969338421796,0.19486753899391226,0.16371441975713263,0.19733724271651448,0.1946354103398741,0.16371441975713263,0.19733724271651448,0.1946354103398741,322045.1616767188,567.4972942918793,1.1055147437465331,0.00029587281645527326,1771.0,16.0,496.2238341968912,0.0,0.0,0.0,0.0,False,0.1699096161677014,0.09811661840381211,0.17594719097679332,0.19905785877627447,0.17015132847953554,0.20274913359510335,-0.0030421355106629577
CensusIncome,"repeat=2,fold=2",2,2,3,3,dKDB-current,0.01,fixed-0.01,adagrad,299285,40,2,119714,29929,149642,1.0,0,099563c68a2fe5d601eeb96969cc073a127fd9a1e319c5840b3d1dd19e1281a7,1825360,45145,15.24767362213275,5,6.0,20,0.6931471805599453,0.6931471805599453,0.6931471805599453,0.11463087329966397,0.1299105376757632,0.128279371960847,0.09193828267886518,0.12557520039108727,0.12310872623375406,0.08217320120051443,0.126496241532447,0.12385736055420989,0.07288861012408761,0.12946383439291242,0.1267561899469761,-0.019049672554777575,0.003888634001825153,0.0036474637132220405,0.03363691771222209,0.05657522426882482,0.022938306556602728,0.004335337284675916,0.0009210411413597408,0.18229985136904472,0.19258025667345824,0.19144615795105166,0.1542595406919118,0.1887453046256849,0.1866239389449195,0.1635273066663142,0.18883603544648278,0.18687608444532108,0.14461096536083742,0.18962059739112838,0.18742375214072082,11815.064828622031,32.748601127689355,0.8278935535116454,0.002642974565964101,0.0,4.0,106.070661202791,0.0007845619446456009,0.0005476676953997395,-0.018916341305476786,0.019700903250122387,True,0.2395158673447339,0.060304784388463865,0.24179507071944983,0.20621149765426441,0.13353501290232817,0.2090524491010501,-0.11233123632653741
CensusIncome,"repeat=2,fold=2",2,2,3,3,dKDB-current,0.01,validation-selected,adagrad,299285,40,2,119714,29929,149642,1.0,0,099563c68a2fe5d601eeb96969cc073a127fd9a1e319c5840b3d1dd19e1281a7,1825360,45145,15.24767362213275,5,6.0,20,0.6931471805599453,0.6931471805599453,0.6931471805599453,0.11463087329966397,0.1299105376757632,0.128279371960847,0.09193828267886518,0.12557520039108727,0.12310872623375406,0.08217320120051443,0.126496241532447,0.12385736055420989,0.07288861012408761,0.12946383439291242,0.1267561899469761,-0.019049672554777575,0.003888634001825153,0.0036474637132220405,0.03363691771222209,0.05657522426882482,0.022938306556602728,0.004335337284675916,0.0009210411413597408,0.18229985136904472,0.19258025667345824,0.19144615795105166,0.1542595406919118,0.1887453046256849,0.1866239389449195,0.1635273066663142,0.18883603544648278,0.18687608444532108,0.14461096536083742,0.18962059739112838,0.18742375214072082,11815.064828622031,32.748601127689355,0.8278935535116454,0.002642974565964101,0.0,4.0,106.070661202791,0.0007845619446456009,0.0005476676953997395,-0.018916341305476786,0.019700903250122387,True,0.2395158673447339,0.060304784388463865,0.24179507071944983,0.20621149765426441,0.13353501290232817,0.2090524491010501,-0.11233123632653741
CensusIncome,"repeat=2,fold=2",2,2,3,3,dKDB-generative-init,0.01,fixed-0.01,adagrad,299285,40,2,119714,29929,149642,1.0,0,099563c68a2fe5d601eeb96969cc073a127fd9a1e319c5840b3d1dd19e1281a7,1825360,45145,15.24767362213275,0,1.0,20,0.060304784388463865,0.24179507071944983,0.2395158673447339,0.057561282487099394,0.2471568469328361,0.24496439479225005,0.060304784388463865,0.24179507071944983,0.2395158673447339,0.049421187771530706,0.2576263388167679,0.2563049624061663,0.0466974908454617,0.26459705693078395,0.26357971581024736,-0.013607293543002164,0.022801986211334113,0.02406384846551346,0.18149028633098596,0.21789956608532224,0.03640927975433628,0.005361776213386266,0.015831268097318052,0.13061229034790336,0.21017832737902437,0.20752412334958673,0.1214803649416781,0.21256879740479534,0.21002614892266244,0.13353501290232817,0.2090524491010501,0.20621149765426441,0.11789260836120458,0.2137880019697879,0.21113436692013515,1825598.1707072111,1351.5364516043737,1.7367438142718292,0.002642974565964101,15820.0,4.0,106.070661202791,0.004735552868737808,0.0049228692658707385,-0.01564240454112359,0.020377957409861397,True,0.2395158673447339,0.060304784388463865,0.24179507071944983,0.20621149765426441,0.13353501290232817,0.2090524491010501,0.022801986211334113
CensusIncome,"repeat=2,fold=2",2,2,3,3,dKDB-generative-init,0.001,validation-selected,adagrad,299285,40,2,119714,29929,149642,1.0,0,099563c68a2fe5d601eeb96969cc073a127fd9a1e319c5840b3d1dd19e1281a7,1825360,45145,15.24767362213275,0,1.0,20,0.060304784388463865,0.24179507071944983,0.2395158673447339,0.05994414453731606,0.24232188719860134,0.24011693419021093,0.060304784388463865,0.24179507071944983,0.2395158673447339,0.05805803951564117,0.2423337576178254,0.24015996791162092,0.05711772391306814,0.24267701297163305,0.2405673727365586,-0.0031870604753957282,0.0008819422521832154,0.001051505391824692,0.18149028633098596,0.18555928905856492,0.0040690027275789575,0.0005268164791515095,0.0005386868983755788,0.133124531937794,0.20890198307073282,0.20614528163178236,0.1314079640209042,0.20961520688092553,0.20681098642621715,0.13353501290232817,0.2090524491010501,0.20621149765426441,0.1304885115605916,0.20991148652312666,0.20712112916569972,1825387.123233875,1351.0831677102683,1.0891976739147402,0.002642974565964101,15820.0,4.0,106.070661202791,0.0008590374220765751,0.0009096315114353049,-0.0030465013417365627,0.003905538763813138,True,0.2395158673447339,0.060304784388463865,0.24179507071944983,0.20621149765426441,0.13353501290232817,0.2090524491010501,0.0008819422521832154
CensusIncome,"repeat=2,fold=2",2,2,4,4,dKDB-current,0.01,fixed-0.01,adagrad,299285,40,2,119714,29929,149642,1.0,0,f34d3f8498f8009d3a51d1c4a51967055c28f8f94f9f56788b100b2fca2e27ca,5996962,128579,50.09407421020098,4,5.0,20,0.6931471805599453,0.6931471805599453,0.6931471805599453,0.11359159594136425,0.13466233796954757,0.13290222411975522,0.08889687099249946,0.13101299346504253,0.12816687446852987,0.0727398416206305,0.13268458570632718,0.12930235782199384,0.06184465660955158,0.13658782704684802,0.13290925851495217,-0.02705221438294788,0.005574833581805494,0.004742384046422299,0.042116122472543066,0.07474317043729645,0.03262704796475338,0.0036493445045050477,0.0016715922412846584,0.18200247217385412,0.1963997521817263,0.19542575172732263,0.14291487448547985,0.19333579002684978,0.19127937768066236,0.15980360077191638,0.1931769192588739,0.19133979197809997,0.1304704107065129,0.19466417418549217,0.19256496714805577,21681.86735354404,40.88274314669592,0.7640815576985069,0.011649804199355795,0.0,2.0,37.24216240599165,0.0014872549266182755,0.0012251751699557945,-0.02933319006540347,0.030820444992021745,True,0.3509606250557313,0.048407911027961235,0.3596514564696691,0.21473185015656882,0.11785659210406117,0.21648481219835078,-0.2230636294228211
CensusIncome,"repeat=2,fold=2",2,2,4,4,dKDB-current,0.01,validation-selected,adagrad,299285,40,2,119714,29929,149642,1.0,0,f34d3f8498f8009d3a51d1c4a51967055c28f8f94f9f56788b100b2fca2e27ca,5996962,128579,50.09407421020098,4,5.0,20,0.6931471805599453,0.6931471805599453,0.6931471805599453,0.11359159594136425,0.13466233796954757,0.13290222411975522,0.08889687099249946,0.13101299346504253,0.12816687446852987,0.0727398416206305,0.13268458570632718,0.12930235782199384,0.06184465660955158,0.13658782704684802,0.13290925851495217,-0.02705221438294788,0.005574833581805494,0.004742384046422299,0.042116122472543066,0.07474317043729645,0.03262704796475338,0.0036493445045050477,0.0016715922412846584,0.18200247217385412,0.1963997521817263,0.19542575172732263,0.14291487448547985,0.19333579002684978,0.19127937768066236,0.15980360077191638,0.1931769192588739,0.19133979197809997,0.1304704107065129,0.19466417418549217,0.19256496714805577,21681.86735354404,40.88274314669592,0.7640815576985069,0.011649804199355795,0.0,2.0,37.24216240599165,0.0014872549266182755,0.0012251751699557945,-0.02933319006540347,0.030820444992021745,True,0.3509606250557313,0.048407911027961235,0.3596514564696691,0.21473185015656882,0.11785659210406117,0.21648481219835078,-0.2230636294228211
CensusIncome,"repeat=2,fold=2",2,2,4,4,dKDB-generative-init,0.01,fixed-0.01,adagrad,299285,40,2,119714,29929,149642,1.0,0,f34d3f8498f8009d3a51d1c4a51967055c28f8f94f9f56788b100b2fca2e27ca,5996962,128579,50.09407421020098,0,1.0,20,0.048407911027961235,0.3596514564696691,0.3509606250557313,0.044977344904154934,0.36000903928526334,0.35058485419716745,0.048407911027961235,0.3596514564696691,0.3509606250557313,0.03765156748022834,0.3699053198022268,0.36145772022190237,0.035140686887191616,0.37717203636112473,0.3690376855890812,-0.01326722414076962,0.017520579891455612,0.018077060533349898,0.3112435454417079,0.3420313494739331,0.030787804032225197,0.0003575828155942262,0.010253863332557678,0.11459696722820092,0.2191425258136843,0.21709457549868022,0.10600615974885207,0.22091298124125347,0.2193655065685967,0.11785659210406117,0.21648481219835078,0.21473185015656882,0.10241431288037033,0.22176686574670018,0.22030207092348567,5997596.539817741,2449.3110066849113,1.8280431979174383,0.011649804199355795,69732.0,2.0,37.24216240599165,0.0052820535483494024,0.00557022076691685,-0.015442279223690847,0.02072433277204025,True,0.3509606250557313,0.048407911027961235,0.3596514564696691,0.21473185015656882,0.11785659210406117,0.21648481219835078,0.017520579891455612
CensusIncome,"repeat=2,fold=2",2,2,4,4,dKDB-generative-init,0.001,validation-selected,adagrad,299285,40,2,119714,29929,149642,1.0,0,f34d3f8498f8009d3a51d1c4a51967055c28f8f94f9f56788b100b2fca2e27ca,5996962,128579,50.09407421020098,16,17.0,20,0.048407911027961235,0.3596514564696691,0.3509606250557313,0.04773571010081347,0.3590525575608271,0.3502144948037173,0.04502701728256483,0.35743363462868116,0.3483484530476034,0.0456265196551371,0.35752172403318405,0.3484659730668664,0.04471893532064237,0.3574535028467265,0.34836120755623873,-0.00030808196192246007,1.9868218045338004e-05,1.2754508635304251e-05,0.31240661734611636,0.31273456752608414,0.0003279501799677842,0.0016189229321459386,8.808940450288905e-05,0.1172434858799402,0.21679883611671166,0.21498636216541106,0.11541405286071943,0.21789695436292533,0.2159877277710319,0.11485586283323998,0.218208417215846,0.2162929579250278,0.11455964091449605,0.21835849643936142,0.2164447292094984,5997029.241429325,2448.8996763502914,1.0916581663625158,0.011649804199355795,69732.0,2.0,37.24216240599165,0.0001500792235154258,0.00015177128447058097,-0.00029622191874392745,0.00044630114225935325,True,0.3509606250557313,0.048407911027961235,0.3596514564696691,0.21473185015656882,0.11785659210406117,0.21648481219835078,-0.0021979536229426166
CensusIncome,"repeat=2,fold=2",2,2,5,5,dKDB-current,0.01,fixed-0.01,adagrad,299285,40,2,119714,29929,149642,1.0,0,17e89ca432583e1d994638970bcf925870b25ac392b37ecf8cc718206ce2ce09,10960192,259621,91.55313497168251,3,4.0,20,0.6931471805599453,0.6931471805599453,0.6931471805599453,0.11210526999689885,0.1393931704256487,0.1381420331726269,0.08962967146496037,0.13720852228218114,0.13512332553168668,0.06588494241946245,0.14081973585262972,0.1379460180254785,0.054596299061961395,0.1462804904975539,0.14305585252908382,-0.035033372402998975,0.009071968215372761,0.007932526997397132,0.04757885081722077,0.0916841914355925,0.044105340618371736,0.0021846481434675546,0.0036112135704485793,0.18158762171309917,0.1999967295785172,0.19964946431102526,0.13462247624335527,0.1990055079604329,0.19754919201646007,0.1606402569435661,0.19789981953766447,0.19690077977577208,0.12108021042525735,0.20100547040446778,0.1994141663614283,33580.35412867752,48.149115552652866,0.6813073337721584,0.028139158792317664,0.0,1.0,18.444424757627466,0.003105650866803311,0.0025133865856562243,-0.039560046518308745,0.042665697385112056,True,0.5005925703791065,0.04694945391456267,0.5161783053528515,0.22038816176782525,0.11329658399565948,0.2219801310687823,-0.3698978148552976
CensusIncome,"repeat=2,fold=2",2,2,5,5,dKDB-current,0.003,validation-selected,adagrad,299285,40,2,119714,29929,149642,1.0,0,17e89ca432583e1d994638970bcf925870b25ac392b37ecf8cc718206ce2ce09,10960192,259621,91.55313497168251,20,,20,0.6931471805599453,0.6931471805599453,0.6931471805599453,0.14613871482939922,0.15517619838138588,0.1549464820284228,0.09377901994304572,0.13705771904155042,0.13544151904944227,0.10711411012407063,0.1389374311189189,0.13778580069191215,0.09377901994304572,0.13705771904155042,0.13544151904944227,0.0,0.0,0.0,0.04327869909850471,0.04327869909850471,0.0,0.018118479339835458,0.0018797120773684783,0.20500597052754,0.2102991387153483,0.21051382122555964,0.17595262971050538,0.19958281583579693,0.19920066205828912,0.16390876945510838,0.1981324499392794,0.1974068582978319,0.16390876945510838,0.1981324499392794,0.1974068582978319,13353.8358497913,19.546257265887856,0.4172960992119413,0.028139158792317664,0.0,1.0,18.444424757627466,0.0,0.0,0.0,0.0,False,0.5005925703791065,0.04694945391456267,0.5161783053528515,0.22038816176782525,0.11329658399565948,0.2219801310687823,-0.3791205863113011
CensusIncome,"repeat=2,fold=2",2,2,5,5,dKDB-generative-init,0.01,fixed-0.01,adagrad,299285,40,2,119714,29929,149642,1.0,0,17e89ca432583e1d994638970bcf925870b25ac392b37ecf8cc718206ce2ce09,10960192,259621,91.55313497168251,1,2.0,20,0.04694945391456267,0.5161783053528515,0.5005925703791065,0.04109890706985241,0.5091446541203528,0.4914140576379485,0.04109890706985241,0.5091446541203528,0.4914140576379485,0.032919444126645186,0.5155514225161536,0.4981034479959139,0.030120469062196786,0.521516593942079,0.5042426969049477,-0.010978438007655626,0.012371939821726241,0.012828639266999231,0.4680457470505004,0.49139612487988227,0.023350377829381874,0.0,0.006406768395800788,0.10835216074297363,0.22494442496198105,0.22284207793312977,0.0986852692292978,0.22628191468915138,0.22475535568183908,0.10835216074297363,0.22494442496198105,0.22284207793312977,0.09454102987527363,0.22680594236929733,0.2255340238090248,10960880.68245541,3310.9481605641854,1.7669136090706319,0.028139158792317664,168432.0,1.0,18.444424757627466,0.001861517407316271,0.0026919458758950243,-0.0138111308677,0.01567264827501627,True,0.5005925703791065,0.04694945391456267,0.5161783053528515,0.22038816176782525,0.11329658399565948,0.2219801310687823,0.00533828858922758
CensusIncome,"repeat=2,fold=2",2,2,5,5,dKDB-generative-init,0.003,validation-selected,adagrad,299285,40,2,119714,29929,149642,1.0,0,17e89ca432583e1d994638970bcf925870b25ac392b37ecf8cc718206ce2ce09,10960192,259621,91.55313497168251,7,8.0,20,0.04694945391456267,0.5161783053528515,0.5005925703791065,0.04383560671931473,0.5112744073283348,0.49467494803706363,0.03985854382118568,0.5084396984916779,0.4912108172713198,0.038987890789692614,0.5085434958710568,0.4912562009021379,0.037111923556411054,0.5095061503540075,0.49217552684392096,-0.002746620264774624,0.001066451862329565,0.0009647095726011412,0.4685811546704922,0.4723942267975964,0.003813072127104189,0.0028347088366569295,0.00010379737937893374,0.11071056935990017,0.22301199088712015,0.2211374789087649,0.10630987143912149,0.2247674286867171,0.22289040684465336,0.1072119964415934,0.22452489995457817,0.22261766652831894,0.10420262735767116,0.22517377223016552,0.22339528684541976,10960410.790631745,3310.6993429908457,1.2801884893952318,0.028139158792317664,168432.0,1.0,18.444424757627466,0.0006488722755873533,0.0007776203171008245,-0.003009369083922242,0.0036582413595095953,True,0.5005925703791065,0.04694945391456267,0.5161783053528515,0.22038816176782525,0.11329658399565948,0.2219801310687823,-0.006672154998843993
