dataset,k,model_variant,learning_rate,order_seed,final_train_nll,best_validation_nll,final_validation_nll,best_test_nll,final_weight_l2
Skin Segmentation,0,dKDB-current,0.01,0,0.10354948115676553,0.10806212276981178,0.10806212276981178,0.10690661283821208,3.36426274908782
Skin Segmentation,0,dKDB-current,0.01,0,0.10354948115676553,0.10806212276981178,0.10806212276981178,0.10690661283821208,3.36426274908782
Skin Segmentation,0,dKDB-generative-init,0.01,0,0.10296229033112055,0.10768527665700994,0.10768527665700994,0.10653696086753717,13.49625007221456
Skin Segmentation,0,dKDB-generative-init,0.01,0,0.10296229033112055,0.10768527665700994,0.10768527665700994,0.10653696086753717,13.49625007221456
Skin Segmentation,1,dKDB-current,0.01,0,0.0138207046177307,0.017392787072425846,0.017392787072425846,0.016594981616289178,10.309081887876992
Skin Segmentation,1,dKDB-current,0.1,0,0.004952503890859684,0.010359933468453606,0.010359933468453606,0.010789563650621399,29.625917714065224
Skin Segmentation,1,dKDB-generative-init,0.01,0,0.0077751077784300885,0.01404405238036917,0.01404405238036917,0.013721537376088755,60.79654982061488
Skin Segmentation,1,dKDB-generative-init,0.03,0,0.005336167308784075,0.012778038292853601,0.012778038292853601,0.013094409278758904,61.96831453667205
Skin Segmentation,2,dKDB-current,0.01,0,0.013381567341831907,0.018280011523373954,0.018280011523373954,0.017421192218842276,14.721480472869594
Skin Segmentation,2,dKDB-current,0.1,0,0.002960165784170571,0.01069957237464336,0.010829428865324304,0.010321690504602488,53.72331220157826
Skin Segmentation,2,dKDB-generative-init,0.01,0,0.0025928768395979437,0.008763086454577698,0.010352300583121036,0.008371446667327935,217.16185877208926
Skin Segmentation,2,dKDB-generative-init,0.001,0,0.0027294976378353297,0.008763086454577698,0.009127611767336364,0.008371446667327935,216.72807290060834
Skin Segmentation,3,dKDB-current,0.01,0,0.013381567341831907,0.018280011523373954,0.018280011523373954,0.017421192218842276,14.721480472869594
Skin Segmentation,3,dKDB-current,0.1,0,0.002960165784170571,0.01069957237464336,0.010829428865324304,0.010321690504602488,53.72331220157826
Skin Segmentation,3,dKDB-generative-init,0.01,0,0.0025928768395979437,0.008763086454577698,0.010352300583121036,0.008371446667327935,217.16185877208926
Skin Segmentation,3,dKDB-generative-init,0.001,0,0.0027294976378353297,0.008763086454577698,0.009127611767336364,0.008371446667327935,216.72807290060834
Skin Segmentation,4,dKDB-current,0.01,0,0.013381567341831907,0.018280011523373954,0.018280011523373954,0.017421192218842276,14.721480472869594
Skin Segmentation,4,dKDB-current,0.1,0,0.002960165784170571,0.01069957237464336,0.010829428865324304,0.010321690504602488,53.72331220157826
Skin Segmentation,4,dKDB-generative-init,0.01,0,0.0025928768395979437,0.008763086454577698,0.010352300583121036,0.008371446667327935,217.16185877208926
Skin Segmentation,4,dKDB-generative-init,0.001,0,0.0027294976378353297,0.008763086454577698,0.009127611767336364,0.008371446667327935,216.72807290060834
Skin Segmentation,5,dKDB-current,0.01,0,0.013381567341831907,0.018280011523373954,0.018280011523373954,0.017421192218842276,14.721480472869594
Skin Segmentation,5,dKDB-current,0.1,0,0.002960165784170571,0.01069957237464336,0.010829428865324304,0.010321690504602488,53.72331220157826
Skin Segmentation,5,dKDB-generative-init,0.01,0,0.0025928768395979437,0.008763086454577698,0.010352300583121036,0.008371446667327935,217.16185877208926
Skin Segmentation,5,dKDB-generative-init,0.001,0,0.0027294976378353297,0.008763086454577698,0.009127611767336364,0.008371446667327935,216.72807290060834
Skin Segmentation,0,dKDB-current,0.01,0,0.10618335930992578,0.11131229233502232,0.11131229233502232,0.10742281237016534,3.3446130276972523
Skin Segmentation,0,dKDB-current,0.01,0,0.10618335930992578,0.11131229233502232,0.11131229233502232,0.10742281237016534,3.3446130276972523
Skin Segmentation,0,dKDB-generative-init,0.01,0,0.10563599802756679,0.1109080941248965,0.1109080941248965,0.10712450008371412,13.251938270207901
Skin Segmentation,0,dKDB-generative-init,0.01,0,0.10563599802756679,0.1109080941248965,0.1109080941248965,0.10712450008371412,13.251938270207901
Skin Segmentation,1,dKDB-current,0.01,0,0.014604853515531355,0.0180550511471441,0.0180550511471441,0.01790328185973069,9.917600420612583
Skin Segmentation,1,dKDB-current,0.1,0,0.00616069471257186,0.011402526831668378,0.011402526831668378,0.011603526108262995,28.221881910599365
Skin Segmentation,1,dKDB-generative-init,0.01,0,0.00856451912644319,0.014040446433755186,0.014040446433755186,0.015123736158080492,59.11493611674796
Skin Segmentation,1,dKDB-generative-init,0.1,0,0.0058330102911554335,0.012763977862868326,0.012763977862868326,0.014216356615302846,63.76546960090675
Skin Segmentation,2,dKDB-current,0.01,0,0.01262846944710567,0.01698508880225333,0.01698508880225333,0.015833368759146683,14.385759858238167
Skin Segmentation,2,dKDB-current,0.1,0,0.0031240924688861944,0.010460835490222219,0.01064096533942261,0.009315841954114898,51.5248323755812
Skin Segmentation,2,dKDB-generative-init,0.01,0,0.0027811543814083043,0.00920987394331598,0.010782307567118473,0.007867933004176111,204.0535823242538
Skin Segmentation,2,dKDB-generative-init,0.001,0,0.0029063723757478165,0.00920987394331598,0.009612553592149702,0.007867933004176111,203.60031991265706
Skin Segmentation,3,dKDB-current,0.01,0,0.01262846944710567,0.01698508880225333,0.01698508880225333,0.015833368759146683,14.385759858238167
Skin Segmentation,3,dKDB-current,0.1,0,0.0031240924688861944,0.010460835490222219,0.01064096533942261,0.009315841954114898,51.5248323755812
Skin Segmentation,3,dKDB-generative-init,0.01,0,0.0027811543814083043,0.00920987394331598,0.010782307567118473,0.007867933004176111,204.0535823242538
Skin Segmentation,3,dKDB-generative-init,0.001,0,0.0029063723757478165,0.00920987394331598,0.009612553592149702,0.007867933004176111,203.60031991265706
Skin Segmentation,4,dKDB-current,0.01,0,0.01262846944710567,0.01698508880225333,0.01698508880225333,0.015833368759146683,14.385759858238167
Skin Segmentation,4,dKDB-current,0.1,0,0.0031240924688861944,0.010460835490222219,0.01064096533942261,0.009315841954114898,51.5248323755812
Skin Segmentation,4,dKDB-generative-init,0.01,0,0.0027811543814083043,0.00920987394331598,0.010782307567118473,0.007867933004176111,204.0535823242538
Skin Segmentation,4,dKDB-generative-init,0.001,0,0.0029063723757478165,0.00920987394331598,0.009612553592149702,0.007867933004176111,203.60031991265706
Skin Segmentation,5,dKDB-current,0.01,0,0.01262846944710567,0.01698508880225333,0.01698508880225333,0.015833368759146683,14.385759858238167
Skin Segmentation,5,dKDB-current,0.1,0,0.0031240924688861944,0.010460835490222219,0.01064096533942261,0.009315841954114898,51.5248323755812
Skin Segmentation,5,dKDB-generative-init,0.01,0,0.0027811543814083043,0.00920987394331598,0.010782307567118473,0.007867933004176111,204.0535823242538
Skin Segmentation,5,dKDB-generative-init,0.001,0,0.0029063723757478165,0.00920987394331598,0.009612553592149702,0.007867933004176111,203.60031991265706
Skin Segmentation,0,dKDB-current,0.01,0,0.10295704352975674,0.11096246776653866,0.11096246776653866,0.10747704567430266,3.374325937533822
Skin Segmentation,0,dKDB-current,0.01,0,0.10295704352975674,0.11096246776653866,0.11096246776653866,0.10747704567430266,3.374325937533822
Skin Segmentation,0,dKDB-generative-init,0.01,0,0.10240447154248321,0.11059357861259417,0.11059357861259417,0.1070828934726295,13.551550533966347
Skin Segmentation,0,dKDB-generative-init,0.01,0,0.10240447154248321,0.11059357861259417,0.11059357861259417,0.1070828934726295,13.551550533966347
Skin Segmentation,1,dKDB-current,0.01,0,0.011424089637715245,0.014689004023372297,0.014689004023372297,0.013885330691751983,10.04740228525057
Skin Segmentation,1,dKDB-current,0.1,0,0.0032905007712391104,0.0074140690066980125,0.0074140690066980125,0.0072221490480970565,28.499173002832883
Skin Segmentation,1,dKDB-generative-init,0.01,0,0.004583651288412873,0.00986954324757874,0.00986954324757874,0.009534649663360487,61.592098248534676
Skin Segmentation,1,dKDB-generative-init,0.03,0,0.0033697821527586373,0.009359778242098679,0.009359778242098679,0.00925610567276332,62.55232404252575
Skin Segmentation,2,dKDB-current,0.01,0,0.013082761569189675,0.01739779772462718,0.01739779772462718,0.01705772291183889,14.430277309387513
Skin Segmentation,2,dKDB-current,0.1,0,0.002688556091916169,0.009751227226814999,0.00984368010741608,0.010033116638037829,55.07677985150188
Skin Segmentation,2,dKDB-generative-init,0.01,0,0.0023866487339759546,0.008708154733425911,0.009564597916081241,0.009053527528668368,208.52022771850307
Skin Segmentation,2,dKDB-generative-init,0.001,0,0.0025400968520061097,0.008708154733425911,0.008874391711608752,0.009053527528668368,208.05487250216905
Skin Segmentation,3,dKDB-current,0.01,0,0.013082761569189675,0.01739779772462718,0.01739779772462718,0.01705772291183889,14.430277309387513
Skin Segmentation,3,dKDB-current,0.1,0,0.002688556091916169,0.009751227226814999,0.00984368010741608,0.010033116638037829,55.07677985150188
Skin Segmentation,3,dKDB-generative-init,0.01,0,0.0023866487339759546,0.008708154733425911,0.009564597916081241,0.009053527528668368,208.52022771850307
Skin Segmentation,3,dKDB-generative-init,0.001,0,0.0025400968520061097,0.008708154733425911,0.008874391711608752,0.009053527528668368,208.05487250216905
Skin Segmentation,4,dKDB-current,0.01,0,0.013082761569189675,0.01739779772462718,0.01739779772462718,0.01705772291183889,14.430277309387513
Skin Segmentation,4,dKDB-current,0.1,0,0.002688556091916169,0.009751227226814999,0.00984368010741608,0.010033116638037829,55.07677985150188
Skin Segmentation,4,dKDB-generative-init,0.01,0,0.0023866487339759546,0.008708154733425911,0.009564597916081241,0.009053527528668368,208.52022771850307
Skin Segmentation,4,dKDB-generative-init,0.001,0,0.0025400968520061097,0.008708154733425911,0.008874391711608752,0.009053527528668368,208.05487250216905
Skin Segmentation,5,dKDB-current,0.01,0,0.013082761569189675,0.01739779772462718,0.01739779772462718,0.01705772291183889,14.430277309387513
Skin Segmentation,5,dKDB-current,0.1,0,0.002688556091916169,0.009751227226814999,0.00984368010741608,0.010033116638037829,55.07677985150188
Skin Segmentation,5,dKDB-generative-init,0.01,0,0.0023866487339759546,0.008708154733425911,0.009564597916081241,0.009053527528668368,208.52022771850307
Skin Segmentation,5,dKDB-generative-init,0.001,0,0.0025400968520061097,0.008708154733425911,0.008874391711608752,0.009053527528668368,208.05487250216905
Skin Segmentation,0,dKDB-current,0.01,0,0.10623545872981775,0.10762996680325698,0.10762996680325698,0.10656302149193624,3.3008833708285046
Skin Segmentation,0,dKDB-current,0.01,0,0.10623545872981775,0.10762996680325698,0.10762996680325698,0.10656302149193624,3.3008833708285046
Skin Segmentation,0,dKDB-generative-init,0.01,0,0.10577052857378957,0.10709112580695321,0.10709112580695321,0.10667590675130285,13.250454587619759
Skin Segmentation,0,dKDB-generative-init,0.01,0,0.10577052857378957,0.10709112580695321,0.10709112580695321,0.10667590675130285,13.250454587619759
Skin Segmentation,1,dKDB-current,0.01,0,0.014383049100256994,0.016678198774826368,0.016678198774826368,0.01683882210432851,10.007843947180456
Skin Segmentation,1,dKDB-current,0.03,0,0.007558344874454437,0.011188048952391099,0.011188048952391099,0.010750522800671684,16.57247703409171
Skin Segmentation,1,dKDB-generative-init,0.01,0,0.008889070741365935,0.014499401618121844,0.014499401618121844,0.013758527830152743,59.09337328041494
Skin Segmentation,1,dKDB-generative-init,0.03,0,0.006195591477262699,0.012735851347245261,0.012735851347245261,0.012208388085225069,60.13498059379736
Skin Segmentation,2,dKDB-current,0.01,0,0.012618000145898344,0.014921340075520335,0.014921340075520335,0.015695702568853918,14.392314375066032
Skin Segmentation,2,dKDB-current,0.1,0,0.003140139799888936,0.007917700387658766,0.007981852641642005,0.00892445903266455,51.99549940093659
Skin Segmentation,2,dKDB-generative-init,0.01,0,0.0028211317429082017,0.007164359577125131,0.007954625413019646,0.0073507018652765824,204.36819482540534
Skin Segmentation,2,dKDB-generative-init,0.001,0,0.0029490235416086705,0.007164359577125131,0.007322527063172439,0.0073507018652765824,203.90438856676434
Skin Segmentation,3,dKDB-current,0.01,0,0.012618000145898344,0.014921340075520335,0.014921340075520335,0.015695702568853918,14.392314375066032
Skin Segmentation,3,dKDB-current,0.1,0,0.003140139799888936,0.007917700387658766,0.007981852641642005,0.00892445903266455,51.99549940093659
Skin Segmentation,3,dKDB-generative-init,0.01,0,0.0028211317429082017,0.007164359577125131,0.007954625413019646,0.0073507018652765824,204.36819482540534
Skin Segmentation,3,dKDB-generative-init,0.001,0,0.0029490235416086705,0.007164359577125131,0.007322527063172439,0.0073507018652765824,203.90438856676434
Skin Segmentation,4,dKDB-current,0.01,0,0.012618000145898344,0.014921340075520335,0.014921340075520335,0.015695702568853918,14.392314375066032
Skin Segmentation,4,dKDB-current,0.1,0,0.003140139799888936,0.007917700387658766,0.007981852641642005,0.00892445903266455,51.99549940093659
Skin Segmentation,4,dKDB-generative-init,0.01,0,0.0028211317429082017,0.007164359577125131,0.007954625413019646,0.0073507018652765824,204.36819482540534
Skin Segmentation,4,dKDB-generative-init,0.001,0,0.0029490235416086705,0.007164359577125131,0.007322527063172439,0.0073507018652765824,203.90438856676434
Skin Segmentation,5,dKDB-current,0.01,0,0.012618000145898344,0.014921340075520335,0.014921340075520335,0.015695702568853918,14.392314375066032
Skin Segmentation,5,dKDB-current,0.1,0,0.003140139799888936,0.007917700387658766,0.007981852641642005,0.00892445903266455,51.99549940093659
Skin Segmentation,5,dKDB-generative-init,0.01,0,0.0028211317429082017,0.007164359577125131,0.007954625413019646,0.0073507018652765824,204.36819482540534
Skin Segmentation,5,dKDB-generative-init,0.001,0,0.0029490235416086705,0.007164359577125131,0.007322527063172439,0.0073507018652765824,203.90438856676434
cod-rna,0,dKDB-current,0.01,0,0.4783325004146156,0.4790262359803814,0.4790262359803814,0.4780885606726779,1.7648222416868888
cod-rna,0,dKDB-current,0.003,0,0.4670543950656398,0.4679471480457668,0.4679471480457668,0.46692794289806716,1.6065309606059257
cod-rna,0,dKDB-generative-init,0.01,0,0.47833612972578865,0.46699229899355355,0.4790506544183321,0.46594247008069156,7.086543029325608
cod-rna,0,dKDB-generative-init,0.001,0,0.4660182789002912,0.4669904538639359,0.467036229750576,0.46597764876504655,7.0713122415697685
cod-rna,1,dKDB-current,0.01,0,0.4783325004146156,0.4790262359803814,0.4790262359803814,0.4780885606726779,1.7648222416868888
cod-rna,1,dKDB-current,0.003,0,0.4670543950656398,0.4679471480457668,0.4679471480457668,0.46692794289806716,1.6065309606059257
cod-rna,1,dKDB-generative-init,0.01,0,0.47833612972578865,0.46699229899355355,0.4790506544183321,0.46594247008069156,16.559561953943206
cod-rna,1,dKDB-generative-init,0.001,0,0.4660182789002912,0.4669904538639359,0.467036229750576,0.46597764876504655,16.553049773917024
cod-rna,2,dKDB-current,0.01,0,0.4783325004146156,0.4790262359803814,0.4790262359803814,0.4780885606726779,1.7648222416868888
cod-rna,2,dKDB-current,0.003,0,0.4670543950656398,0.4679471480457668,0.4679471480457668,0.46692794289806716,1.6065309606059257
cod-rna,2,dKDB-generative-init,0.01,0,0.47833612972578865,0.46699229899355355,0.4790506544183321,0.46594247008069156,16.559561953943206
cod-rna,2,dKDB-generative-init,0.001,0,0.4660182789002912,0.4669904538639359,0.467036229750576,0.46597764876504655,16.553049773917024
cod-rna,3,dKDB-current,0.01,0,0.4783325004146156,0.4790262359803814,0.4790262359803814,0.4780885606726779,1.7648222416868888
cod-rna,3,dKDB-current,0.003,0,0.4670543950656398,0.4679471480457668,0.4679471480457668,0.46692794289806716,1.6065309606059257
cod-rna,3,dKDB-generative-init,0.01,0,0.47833612972578865,0.46699229899355355,0.4790506544183321,0.46594247008069156,16.559561953943206
cod-rna,3,dKDB-generative-init,0.001,0,0.4660182789002912,0.4669904538639359,0.467036229750576,0.46597764876504655,16.553049773917024
cod-rna,4,dKDB-current,0.01,0,0.4783325004146156,0.4790262359803814,0.4790262359803814,0.4780885606726779,1.7648222416868888
cod-rna,4,dKDB-current,0.003,0,0.4670543950656398,0.4679471480457668,0.4679471480457668,0.46692794289806716,1.6065309606059257
cod-rna,4,dKDB-generative-init,0.01,0,0.47833612972578865,0.46699229899355355,0.4790506544183321,0.46594247008069156,16.559561953943206
cod-rna,4,dKDB-generative-init,0.001,0,0.4660182789002912,0.4669904538639359,0.467036229750576,0.46597764876504655,16.553049773917024
cod-rna,5,dKDB-current,0.01,0,0.4783325004146156,0.4790262359803814,0.4790262359803814,0.4780885606726779,1.7648222416868888
cod-rna,5,dKDB-current,0.003,0,0.4670543950656398,0.4679471480457668,0.4679471480457668,0.46692794289806716,1.6065309606059257
cod-rna,5,dKDB-generative-init,0.01,0,0.47833612972578865,0.46699229899355355,0.4790506544183321,0.46594247008069156,16.559561953943206
cod-rna,5,dKDB-generative-init,0.001,0,0.4660182789002912,0.4669904538639359,0.467036229750576,0.46597764876504655,16.553049773917024
cod-rna,0,dKDB-current,0.01,0,0.47819398875340047,0.47618441280033,0.47618441280033,0.4793941933653714,1.7267368036230277
cod-rna,0,dKDB-current,0.003,0,0.4667129300805447,0.4647984263164777,0.4647984263164777,0.46780156503079906,1.5973497286023333
cod-rna,0,dKDB-generative-init,0.01,0,0.4781976820921838,0.4637468488010793,0.47618925731666956,0.4666589105842986,7.0860238306935095
cod-rna,0,dKDB-generative-init,0.001,0,0.4656742208366385,0.4637468488010793,0.4638118110072196,0.4666589105842986,7.071223375157089
cod-rna,1,dKDB-current,0.01,0,0.47819398875340047,0.47618441280033,0.47618441280033,0.4793941933653714,1.7267368036230277
cod-rna,1,dKDB-current,0.003,0,0.4667129300805447,0.4647984263164777,0.4647984263164777,0.46780156503079906,1.5973497286023333
cod-rna,1,dKDB-generative-init,0.01,0,0.4781976820921838,0.4637468488010793,0.47618925731666956,0.4666589105842986,16.559339773347133
cod-rna,1,dKDB-generative-init,0.001,0,0.4656742208366385,0.4637468488010793,0.4638118110072196,0.4666589105842986,16.553011811189165
cod-rna,2,dKDB-current,0.01,0,0.47819398875340047,0.47618441280033,0.47618441280033,0.4793941933653714,1.7267368036230277
cod-rna,2,dKDB-current,0.003,0,0.4667129300805447,0.4647984263164777,0.4647984263164777,0.46780156503079906,1.5973497286023333
cod-rna,2,dKDB-generative-init,0.01,0,0.4781976820921838,0.4637468488010793,0.47618925731666956,0.4666589105842986,16.559339773347133
cod-rna,2,dKDB-generative-init,0.001,0,0.4656742208366385,0.4637468488010793,0.4638118110072196,0.4666589105842986,16.553011811189165
cod-rna,3,dKDB-current,0.01,0,0.47819398875340047,0.47618441280033,0.47618441280033,0.4793941933653714,1.7267368036230277
cod-rna,3,dKDB-current,0.003,0,0.4667129300805447,0.4647984263164777,0.4647984263164777,0.46780156503079906,1.5973497286023333
cod-rna,3,dKDB-generative-init,0.01,0,0.4781976820921838,0.4637468488010793,0.47618925731666956,0.4666589105842986,16.559339773347133
cod-rna,3,dKDB-generative-init,0.001,0,0.4656742208366385,0.4637468488010793,0.4638118110072196,0.4666589105842986,16.553011811189165
cod-rna,4,dKDB-current,0.01,0,0.47819398875340047,0.47618441280033,0.47618441280033,0.4793941933653714,1.7267368036230277
cod-rna,4,dKDB-current,0.003,0,0.4667129300805447,0.4647984263164777,0.4647984263164777,0.46780156503079906,1.5973497286023333
cod-rna,4,dKDB-generative-init,0.01,0,0.4781976820921838,0.4637468488010793,0.47618925731666956,0.4666589105842986,16.559339773347133
cod-rna,4,dKDB-generative-init,0.001,0,0.4656742208366385,0.4637468488010793,0.4638118110072196,0.4666589105842986,16.553011811189165
cod-rna,5,dKDB-current,0.01,0,0.47819398875340047,0.47618441280033,0.47618441280033,0.4793941933653714,1.7267368036230277
cod-rna,5,dKDB-current,0.003,0,0.4667129300805447,0.4647984263164777,0.4647984263164777,0.46780156503079906,1.5973497286023333
cod-rna,5,dKDB-generative-init,0.01,0,0.4781976820921838,0.4637468488010793,0.47618925731666956,0.4666589105842986,16.559339773347133
cod-rna,5,dKDB-generative-init,0.001,0,0.4656742208366385,0.4637468488010793,0.4638118110072196,0.4666589105842986,16.553011811189165
cod-rna,0,dKDB-current,0.01,0,0.47795763530431895,0.4764817999574937,0.4764817999574937,0.47943850973945146,1.7509478880738498
cod-rna,0,dKDB-current,0.003,0,0.4663765757860443,0.46448010248335747,0.46448010248335747,0.4680892759326459,1.6200154070728894
cod-rna,0,dKDB-generative-init,0.01,0,0.47796137936728045,0.4631534969238442,0.47648551504072767,0.4670756405725888,7.226340183591872
cod-rna,0,dKDB-generative-init,0.001,0,0.4653313774449184,0.46315273074977786,0.4632724774792086,0.4671097388259357,7.211311154175178
cod-rna,1,dKDB-current,0.01,0,0.47795763530431895,0.4764817999574937,0.4764817999574937,0.47943850973945146,1.7509478880738498
cod-rna,1,dKDB-current,0.003,0,0.4663765757860443,0.46448010248335747,0.46448010248335747,0.4680892759326459,1.6200154070728894
cod-rna,1,dKDB-generative-init,0.01,0,0.47796137936728045,0.4631534969238442,0.47648551504072767,0.4670756405725888,17.035844342121543
cod-rna,1,dKDB-generative-init,0.001,0,0.4653313774449184,0.46315273074977786,0.4632724774792086,0.4671097388259357,17.02947470012893
cod-rna,2,dKDB-current,0.01,0,0.47795763530431895,0.4764817999574937,0.4764817999574937,0.47943850973945146,1.7509478880738498
cod-rna,2,dKDB-current,0.003,0,0.4663765757860443,0.46448010248335747,0.46448010248335747,0.4680892759326459,1.6200154070728894
cod-rna,2,dKDB-generative-init,0.01,0,0.47796137936728045,0.4631534969238442,0.47648551504072767,0.4670756405725888,17.035844342121543
cod-rna,2,dKDB-generative-init,0.001,0,0.4653313774449184,0.46315273074977786,0.4632724774792086,0.4671097388259357,17.02947470012893
cod-rna,3,dKDB-current,0.01,0,0.47795763530431895,0.4764817999574937,0.4764817999574937,0.47943850973945146,1.7509478880738498
cod-rna,3,dKDB-current,0.003,0,0.4663765757860443,0.46448010248335747,0.46448010248335747,0.4680892759326459,1.6200154070728894
cod-rna,3,dKDB-generative-init,0.01,0,0.47796137936728045,0.4631534969238442,0.47648551504072767,0.4670756405725888,17.035844342121543
cod-rna,3,dKDB-generative-init,0.001,0,0.4653313774449184,0.46315273074977786,0.4632724774792086,0.4671097388259357,17.02947470012893
cod-rna,4,dKDB-current,0.01,0,0.47795763530431895,0.4764817999574937,0.4764817999574937,0.47943850973945146,1.7509478880738498
cod-rna,4,dKDB-current,0.003,0,0.4663765757860443,0.46448010248335747,0.46448010248335747,0.4680892759326459,1.6200154070728894
cod-rna,4,dKDB-generative-init,0.01,0,0.47796137936728045,0.4631534969238442,0.47648551504072767,0.4670756405725888,17.035844342121543
cod-rna,4,dKDB-generative-init,0.001,0,0.4653313774449184,0.46315273074977786,0.4632724774792086,0.4671097388259357,17.02947470012893
cod-rna,5,dKDB-current,0.01,0,0.47795763530431895,0.4764817999574937,0.4764817999574937,0.47943850973945146,1.7509478880738498
cod-rna,5,dKDB-current,0.003,0,0.4663765757860443,0.46448010248335747,0.46448010248335747,0.4680892759326459,1.6200154070728894
cod-rna,5,dKDB-generative-init,0.01,0,0.47796137936728045,0.4631534969238442,0.47648551504072767,0.4670756405725888,17.035844342121543
cod-rna,5,dKDB-generative-init,0.001,0,0.4653313774449184,0.46315273074977786,0.4632724774792086,0.4671097388259357,17.02947470012893
cod-rna,0,dKDB-current,0.01,0,0.4787037037545404,0.48038986211871,0.48038986211871,0.47799995259426187,1.7443646039075225
cod-rna,0,dKDB-current,0.003,0,0.46747383461693454,0.46921062026924015,0.46921062026924015,0.4664388108563027,1.6194449705341278
cod-rna,0,dKDB-generative-init,0.01,0,0.4787073360368568,0.4681514413356636,0.48039407812143936,0.4652158159111684,7.085469582288888
cod-rna,0,dKDB-generative-init,0.001,0,0.4664580282618773,0.4681514413356636,0.4682211570377932,0.4652158159111684,7.0712781360938335
cod-rna,1,dKDB-current,0.01,0,0.4787037037545404,0.48038986211871,0.48038986211871,0.47799995259426187,1.7443646039075225
cod-rna,1,dKDB-current,0.003,0,0.46747383461693454,0.46921062026924015,0.46921062026924015,0.4664388108563027,1.6194449705341278
cod-rna,1,dKDB-generative-init,0.01,0,0.4787073360368568,0.4681514413356636,0.48039407812143936,0.4652158159111684,16.559102608581817
cod-rna,1,dKDB-generative-init,0.001,0,0.4664580282618773,0.4681514413356636,0.4682211570377932,0.4652158159111684,16.553035204396767
cod-rna,2,dKDB-current,0.01,0,0.4787037037545404,0.48038986211871,0.48038986211871,0.47799995259426187,1.7443646039075225
cod-rna,2,dKDB-current,0.003,0,0.46747383461693454,0.46921062026924015,0.46921062026924015,0.4664388108563027,1.6194449705341278
cod-rna,2,dKDB-generative-init,0.01,0,0.4787073360368568,0.4681514413356636,0.48039407812143936,0.4652158159111684,16.559102608581817
cod-rna,2,dKDB-generative-init,0.001,0,0.4664580282618773,0.4681514413356636,0.4682211570377932,0.4652158159111684,16.553035204396767
cod-rna,3,dKDB-current,0.01,0,0.4787037037545404,0.48038986211871,0.48038986211871,0.47799995259426187,1.7443646039075225
cod-rna,3,dKDB-current,0.003,0,0.46747383461693454,0.46921062026924015,0.46921062026924015,0.4664388108563027,1.6194449705341278
cod-rna,3,dKDB-generative-init,0.01,0,0.4787073360368568,0.4681514413356636,0.48039407812143936,0.4652158159111684,16.559102608581817
cod-rna,3,dKDB-generative-init,0.001,0,0.4664580282618773,0.4681514413356636,0.4682211570377932,0.4652158159111684,16.553035204396767
cod-rna,4,dKDB-current,0.01,0,0.4787037037545404,0.48038986211871,0.48038986211871,0.47799995259426187,1.7443646039075225
cod-rna,4,dKDB-current,0.003,0,0.46747383461693454,0.46921062026924015,0.46921062026924015,0.4664388108563027,1.6194449705341278
cod-rna,4,dKDB-generative-init,0.01,0,0.4787073360368568,0.4681514413356636,0.48039407812143936,0.4652158159111684,16.559102608581817
cod-rna,4,dKDB-generative-init,0.001,0,0.4664580282618773,0.4681514413356636,0.4682211570377932,0.4652158159111684,16.553035204396767
cod-rna,5,dKDB-current,0.01,0,0.4787037037545404,0.48038986211871,0.48038986211871,0.47799995259426187,1.7443646039075225
cod-rna,5,dKDB-current,0.003,0,0.46747383461693454,0.46921062026924015,0.46921062026924015,0.4664388108563027,1.6194449705341278
cod-rna,5,dKDB-generative-init,0.01,0,0.4787073360368568,0.4681514413356636,0.48039407812143936,0.4652158159111684,16.559102608581817
cod-rna,5,dKDB-generative-init,0.001,0,0.4664580282618773,0.4681514413356636,0.4682211570377932,0.4652158159111684,16.553035204396767
Localization,0,dKDB-current,0.01,0,1.3278228470095919,1.3415635964599741,1.3415635964599741,1.3443708129895482,7.728876016906946
Localization,0,dKDB-current,0.03,0,1.3236075445828346,1.3394223007550172,1.3394223007550172,1.3421558721972544,10.515539679075566
Localization,0,dKDB-generative-init,0.01,0,1.3261380149127584,1.3450474848249168,1.3450474848249168,1.3486795072986046,31.404890656899767
Localization,0,dKDB-generative-init,0.03,0,1.3243370273715498,1.3445970196048853,1.3445970196048853,1.3477480989797401,34.489070091941876
Localization,1,dKDB-current,0.01,0,1.112340614507728,1.181271335880548,1.181271335880548,1.1781730423041963,24.14618228111979
Localization,1,dKDB-current,0.03,0,1.0763777868519728,1.1808244489918105,1.188893977679466,1.1790732963534023,44.073875361827504
Localization,1,dKDB-generative-init,0.01,0,1.0793566069533025,1.2292566880983427,1.2312963747040127,1.2208205346593661,128.17002398717958
Localization,1,dKDB-generative-init,0.003,0,1.095970674196427,1.2245866450914131,1.2245866450914131,1.216554824494484,120.25127423604799
Localization,2,dKDB-current,0.01,0,0.9651931496931955,1.1355423158382074,1.1355423158382074,1.129615834047044,46.84080023482249
Localization,2,dKDB-current,0.03,0,0.8283263322001576,1.128923834518393,1.1559444106356582,1.1215411343433894,101.28421419167891
Localization,2,dKDB-generative-init,0.01,0,0.7881710230537394,1.2165368768026144,1.3057870023820255,1.200257892260127,407.5744269451675
Localization,2,dKDB-generative-init,0.001,0,0.8035258971015781,1.2165368768026144,1.2271700770141862,1.200257892260127,387.7822892461536
Localization,3,dKDB-current,0.01,0,0.9643078326493058,1.165373779492949,1.165373779492949,1.1600491381828355,58.14397744585121
Localization,3,dKDB-current,0.03,0,0.7754814298264565,1.1523928507362207,1.1744383985011615,1.1450397803306056,134.18522388576756
Localization,3,dKDB-generative-init,0.01,0,0.6837379310824334,1.2380872378315642,1.35534071711811,1.2218857621239216,721.0479039327274
Localization,3,dKDB-generative-init,0.001,0,0.6959142265552578,1.2380872378315642,1.252615724754837,1.2218857621239216,698.2069404291384
Localization,4,dKDB-current,0.01,0,0.9643078326493058,1.165373779492949,1.165373779492949,1.1600491381828355,58.14397744585121
Localization,4,dKDB-current,0.03,0,0.7754814298264565,1.1523928507362207,1.1744383985011615,1.1450397803306056,134.18522388576756
Localization,4,dKDB-generative-init,0.01,0,0.6837379310824334,1.2380872378315642,1.35534071711811,1.2218857621239216,721.0479039327274
Localization,4,dKDB-generative-init,0.001,0,0.6959142265552578,1.2380872378315642,1.252615724754837,1.2218857621239216,698.2069404291384
Localization,5,dKDB-current,0.01,0,0.9643078326493058,1.165373779492949,1.165373779492949,1.1600491381828355,58.14397744585121
Localization,5,dKDB-current,0.03,0,0.7754814298264565,1.1523928507362207,1.1744383985011615,1.1450397803306056,134.18522388576756
Localization,5,dKDB-generative-init,0.01,0,0.6837379310824334,1.2380872378315642,1.35534071711811,1.2218857621239216,721.0479039327274
Localization,5,dKDB-generative-init,0.001,0,0.6959142265552578,1.2380872378315642,1.252615724754837,1.2218857621239216,698.2069404291384
Localization,0,dKDB-current,0.01,0,1.3285433575664172,1.3380724145503733,1.3380724145503733,1.3411505497887821,7.734253722576265
Localization,0,dKDB-current,0.03,0,1.3235736460990362,1.3355774167009828,1.3355774167009828,1.3387917996855179,10.603297260873958
Localization,0,dKDB-generative-init,0.01,0,1.3270135712460591,1.340860520118378,1.340860520118378,1.3438090361894148,31.28146294085203
Localization,0,dKDB-generative-init,0.03,0,1.3244276084408653,1.3392112273674102,1.3392112273674102,1.3428895940491068,34.28481568030057
Localization,1,dKDB-current,0.01,0,1.1037259596627322,1.1653108824206606,1.1653108824206606,1.1736936283566493,23.82783802878729
Localization,1,dKDB-current,0.01,0,1.1037259596627322,1.1653108824206606,1.1653108824206606,1.1736936283566493,23.82783802878729
Localization,1,dKDB-generative-init,0.01,0,1.0708149323481202,1.2052277091870418,1.2060476651441925,1.217776908207344,127.0844295309637
Localization,1,dKDB-generative-init,0.003,0,1.0876907787702548,1.2016710147218463,1.2016710147218463,1.2138812735090823,119.34815674946306
Localization,2,dKDB-current,0.01,0,0.9403131452037333,1.0976268372162319,1.0976268372162319,1.1074511511214755,46.82095428009449
Localization,2,dKDB-current,0.03,0,0.8128669201012011,1.0919786255395847,1.1187915449634016,1.1033727030077618,98.95010277276828
Localization,2,dKDB-generative-init,0.01,0,0.7766162425670696,1.1784597143237752,1.260006502521114,1.1925085433695137,400.79579430866755
Localization,2,dKDB-generative-init,0.001,0,0.792737631432418,1.1784597143237752,1.1876902034222954,1.1925085433695137,381.5208593223147
Localization,3,dKDB-current,0.01,0,0.9471539709290433,1.1370381705292598,1.1370381705292598,1.1485360839191703,57.068413827063395
Localization,3,dKDB-current,0.03,0,0.7620215963891985,1.1245049046792728,1.1449308135398184,1.1385764767730084,129.9538258785454
Localization,3,dKDB-generative-init,0.01,0,0.6685622369120218,1.2099610942175771,1.321029485484039,1.2254644402658728,706.3537396198356
Localization,3,dKDB-generative-init,0.001,0,0.6808364526622159,1.2099610942175771,1.2233317416391705,1.2254644402658728,683.779568925905
Localization,4,dKDB-current,0.01,0,0.9471539709290433,1.1370381705292598,1.1370381705292598,1.1485360839191703,57.068413827063395
Localization,4,dKDB-current,0.03,0,0.7620215963891985,1.1245049046792728,1.1449308135398184,1.1385764767730084,129.9538258785454
Localization,4,dKDB-generative-init,0.01,0,0.6685622369120218,1.2099610942175771,1.321029485484039,1.2254644402658728,706.3537396198356
Localization,4,dKDB-generative-init,0.001,0,0.6808364526622159,1.2099610942175771,1.2233317416391705,1.2254644402658728,683.779568925905
Localization,5,dKDB-current,0.01,0,0.9471539709290433,1.1370381705292598,1.1370381705292598,1.1485360839191703,57.068413827063395
Localization,5,dKDB-current,0.03,0,0.7620215963891985,1.1245049046792728,1.1449308135398184,1.1385764767730084,129.9538258785454
Localization,5,dKDB-generative-init,0.01,0,0.6685622369120218,1.2099610942175771,1.321029485484039,1.2254644402658728,706.3537396198356
Localization,5,dKDB-generative-init,0.001,0,0.6808364526622159,1.2099610942175771,1.2233317416391705,1.2254644402658728,683.779568925905
Localization,0,dKDB-current,0.01,0,1.3285335808630132,1.3485843442398733,1.3485843442398733,1.340053830042589,7.985325789204879
Localization,0,dKDB-current,0.03,0,1.3238251336777718,1.3456057092719302,1.3456057092719302,1.3375764298943078,11.083526218204005
Localization,0,dKDB-generative-init,0.01,0,1.3266650482296827,1.3524834310620464,1.3524834310620464,1.3436701846656633,32.62975956863913
Localization,0,dKDB-generative-init,0.03,0,1.324490228057633,1.3502376152886308,1.3502376152886308,1.3424407492195092,35.91737404654273
Localization,1,dKDB-current,0.01,0,1.1000531987441575,1.1890664767275367,1.1890664767275367,1.1743254554552534,25.174002827800688
Localization,1,dKDB-current,0.01,0,1.1000531987441575,1.1890664767275367,1.1890664767275367,1.1743254554552534,25.174002827800688
Localization,1,dKDB-generative-init,0.01,0,1.063750419610346,1.2460365939095472,1.2489410778929524,1.2241694367834652,137.66397875999314
Localization,1,dKDB-generative-init,0.003,0,1.0812121658084026,1.238133145784954,1.238133145784954,1.2182324219059457,129.48834054545472
Localization,2,dKDB-current,0.01,0,0.9293927308420895,1.1318050314757584,1.1318050314757584,1.1145636612664855,49.46986289641055
Localization,2,dKDB-current,0.03,0,0.7842159101158285,1.128817946078375,1.166405107036111,1.109830384992115,106.28211005661483
Localization,2,dKDB-generative-init,0.01,0,0.7392089274395492,1.247308821668593,1.3454309291655246,1.2154290932858474,444.0892572626795
Localization,2,dKDB-generative-init,0.001,0,0.7563654702363687,1.247308821668593,1.2586192898412212,1.2154290932858474,423.8526477771189
Localization,3,dKDB-current,0.01,0,0.9404683901874052,1.173990268235056,1.173990268235056,1.160026296707744,59.962306654697535
Localization,3,dKDB-current,0.03,0,0.7340394481420855,1.165807673042588,1.1935568030196242,1.1489484611808358,138.0823166368153
Localization,3,dKDB-generative-init,0.01,0,0.6258859901807153,1.281158977705163,1.409850405461516,1.2531304756917447,786.6499284868968
Localization,3,dKDB-generative-init,0.001,0,0.6392667930541035,1.281158977705163,1.296794498762132,1.2531304756917447,763.5273098251442
Localization,4,dKDB-current,0.01,0,0.9404683901874052,1.173990268235056,1.173990268235056,1.160026296707744,59.962306654697535
Localization,4,dKDB-current,0.03,0,0.7340394481420855,1.165807673042588,1.1935568030196242,1.1489484611808358,138.0823166368153
Localization,4,dKDB-generative-init,0.01,0,0.6258859901807153,1.281158977705163,1.409850405461516,1.2531304756917447,786.6499284868968
Localization,4,dKDB-generative-init,0.001,0,0.6392667930541035,1.281158977705163,1.296794498762132,1.2531304756917447,763.5273098251442
Localization,5,dKDB-current,0.01,0,0.9404683901874052,1.173990268235056,1.173990268235056,1.160026296707744,59.962306654697535
Localization,5,dKDB-current,0.03,0,0.7340394481420855,1.165807673042588,1.1935568030196242,1.1489484611808358,138.0823166368153
Localization,5,dKDB-generative-init,0.01,0,0.6258859901807153,1.281158977705163,1.409850405461516,1.2531304756917447,786.6499284868968
Localization,5,dKDB-generative-init,0.001,0,0.6392667930541035,1.281158977705163,1.296794498762132,1.2531304756917447,763.5273098251442
Localization,0,dKDB-current,0.01,0,1.3218193598110648,1.3478023663863494,1.3478023663863494,1.3453093451344948,7.741917744012513
Localization,0,dKDB-current,0.03,0,1.316722318331999,1.3458603354667995,1.3458603354667995,1.3428388628398102,10.607144904509175
Localization,0,dKDB-generative-init,0.01,0,1.3198079820717223,1.3519232978538092,1.3519232978538092,1.3478965584894091,31.99447723818597
Localization,0,dKDB-generative-init,0.03,0,1.317307595304049,1.351481040301024,1.351481040301024,1.346863298761095,35.07658215538261
Localization,1,dKDB-current,0.01,0,1.1017399831203412,1.1762381784165286,1.1762381784165286,1.1805398672795708,23.758142301836045
Localization,1,dKDB-current,0.01,0,1.1017399831203412,1.1762381784165286,1.1762381784165286,1.1805398672795708,23.758142301836045
Localization,1,dKDB-generative-init,0.01,0,1.0688070981197029,1.2227095555515788,1.2234143441260867,1.228393032957387,131.74411449088745
Localization,1,dKDB-generative-init,0.003,0,1.085865900999526,1.2192034290323466,1.2192034290323466,1.2242420975372825,124.22409228238719
Localization,2,dKDB-current,0.01,0,0.9575867085886208,1.1391774393410874,1.1391774393410874,1.1404082305814818,47.247488486199785
Localization,2,dKDB-current,0.03,0,0.813461212061916,1.1332375125494092,1.1600353875879903,1.133130348715333,102.41792033700015
Localization,2,dKDB-generative-init,0.01,0,0.7709770022800062,1.2236357884308102,1.316617249743755,1.221658367970319,417.0148634478123
Localization,2,dKDB-generative-init,0.001,0,0.7865646970953237,1.2236357884308102,1.2346953637251417,1.221658367970319,397.39616098755954
Localization,3,dKDB-current,0.01,0,0.9579088073687609,1.171311943521947,1.171311943521947,1.1732785175927565,58.63411703533994
Localization,3,dKDB-current,0.03,0,0.7612391571506668,1.1593186427335678,1.1808412121232614,1.1607821716880125,135.8734572835631
Localization,3,dKDB-generative-init,0.01,0,0.6649647941382556,1.2502310132572432,1.3689766691582903,1.256167642470369,727.0300205887855
Localization,3,dKDB-generative-init,0.001,0,0.677629423359322,1.2502310132572432,1.265279013107719,1.256167642470369,703.933882921812
Localization,4,dKDB-current,0.01,0,0.9579088073687609,1.171311943521947,1.171311943521947,1.1732785175927565,58.63411703533994
Localization,4,dKDB-current,0.03,0,0.7612391571506668,1.1593186427335678,1.1808412121232614,1.1607821716880125,135.8734572835631
Localization,4,dKDB-generative-init,0.01,0,0.6649647941382556,1.2502310132572432,1.3689766691582903,1.256167642470369,727.0300205887855
Localization,4,dKDB-generative-init,0.001,0,0.677629423359322,1.2502310132572432,1.265279013107719,1.256167642470369,703.933882921812
Localization,5,dKDB-current,0.01,0,0.9579088073687609,1.171311943521947,1.171311943521947,1.1732785175927565,58.63411703533994
Localization,5,dKDB-current,0.03,0,0.7612391571506668,1.1593186427335678,1.1808412121232614,1.1607821716880125,135.8734572835631
Localization,5,dKDB-generative-init,0.01,0,0.6649647941382556,1.2502310132572432,1.3689766691582903,1.256167642470369,727.0300205887855
Localization,5,dKDB-generative-init,0.001,0,0.677629423359322,1.2502310132572432,1.265279013107719,1.256167642470369,703.933882921812
PokerHand,0,dKDB-current,0.01,0,0.9800578637492245,0.9818321453825709,0.981943900365508,0.9817658529468201,5.1772148483131915
PokerHand,0,dKDB-current,0.003,0,0.9804591619205143,0.98172208546276,0.98172208546276,0.9816706022376579,3.8185250914777873
PokerHand,0,dKDB-generative-init,0.01,0,0.9800531789204232,0.9827694314239448,0.9827694314239448,0.9825363630449028,36.434937372721194
PokerHand,0,dKDB-generative-init,0.003,0,0.9805119826716956,0.9827430059291127,0.9827430059291127,0.9826448693866506,34.22555220908849
PokerHand,1,dKDB-current,0.01,0,0.7438237604391766,0.7518805700424472,0.7518805700424472,0.7524662271721364,34.451652695884675
PokerHand,1,dKDB-current,0.03,0,0.7340293688854189,0.7447318102265293,0.7447318102265293,0.7455551162709145,62.92787573888481
PokerHand,1,dKDB-generative-init,0.01,0,0.7473740946286582,0.7584383863546403,0.7584383863546403,0.7594987208649506,116.74352140785543
PokerHand,1,dKDB-generative-init,0.03,0,0.7344673652705848,0.7473635156026438,0.7473635156026438,0.7485087587553926,138.77105971517142
PokerHand,2,dKDB-current,0.01,0,0.5498821394286811,0.5980803279520672,0.5980803279520672,0.5980758131242697,85.27464166786156
PokerHand,2,dKDB-current,0.1,0,0.4503087603770041,0.5369563022257919,0.5376302856100683,0.5368826621975106,310.5955040947762
PokerHand,2,dKDB-generative-init,0.01,0,0.6345074678529051,0.7000754262142518,0.7000754262142518,0.6998101582657392,347.2399018380622
PokerHand,2,dKDB-generative-init,0.1,0,0.4518433386000992,0.5623909881469102,0.5623983727250175,0.5641372044797079,532.8204301537284
PokerHand,3,dKDB-current,0.01,0,0.3889401312225417,0.522778042391353,0.522778042391353,0.5209518885749332,160.540837384728
PokerHand,3,dKDB-current,0.1,0,0.1421661280814082,0.4464740146636393,0.46192904496229864,0.4434961929423101,628.2069255913801
PokerHand,3,dKDB-generative-init,0.01,0,1.1695185046632093,1.280973595363003,1.280973595363003,1.284953544399233,1021.4822065670573
PokerHand,3,dKDB-generative-init,0.1,0,0.15491074417132528,0.4901295474974435,0.49584662553003195,0.48924442333831286,1400.2599148839383
PokerHand,4,dKDB-current,0.01,0,0.3013197045846285,0.526386942123088,0.526386942123088,0.5242805872525157,215.52772344234384
PokerHand,4,dKDB-current,0.1,0,0.01661584777910055,0.3613716741733705,0.3613716741733705,0.36234913430565263,821.5117640516446
PokerHand,4,dKDB-generative-init,0.01,0,2.2362986455994096,1.7657793300705533,1.7657793300705533,1.7738335736894708,2765.045169384849
PokerHand,4,dKDB-generative-init,0.1,0,0.05825469729298983,0.521784465967622,0.521784465967622,0.5214629138577105,3189.6052857108843
PokerHand,5,dKDB-current,0.01,0,0.2528069307814487,0.5644144970099674,0.5644144970099674,0.5627184395899911,268.0855930540255
PokerHand,5,dKDB-current,0.1,0,0.010321534263415772,0.4368294311824336,0.4368356470381926,0.43462273459948053,998.0925577893606
PokerHand,5,dKDB-generative-init,0.01,0,3.4259243817150034,2.072928431194034,2.072928431194034,2.07782132251984,5475.073142929746
PokerHand,5,dKDB-generative-init,0.1,0,0.050753713672607205,0.6752232862561683,0.6752232862561683,0.6704910540169907,5904.124461459269
PokerHand,0,dKDB-current,0.01,0,0.9804729798008421,0.9811818909923771,0.9811820854742762,0.9814865360225142,4.849929705368807
PokerHand,0,dKDB-current,0.01,0,0.9804729798008421,0.9811818909923771,0.9811820854742762,0.9814865360225142,4.849929705368807
PokerHand,0,dKDB-generative-init,0.01,0,0.9804739212723109,0.9814157647325724,0.9814157647325724,0.9820232986124224,36.11899725849704
PokerHand,0,dKDB-generative-init,0.003,0,0.9806574290355116,0.981392136466743,0.981392136466743,0.9819230304021369,34.044569212210696
PokerHand,1,dKDB-current,0.01,0,0.7378248655300848,0.744292811196527,0.744292811196527,0.7466146866384206,32.602663701335246
PokerHand,1,dKDB-current,0.03,0,0.7333774731717114,0.7418071283228906,0.7418071283228906,0.7446640218665822,56.33563528127068
PokerHand,1,dKDB-generative-init,0.01,0,0.7543499817303244,0.7622177668010801,0.7622177668010801,0.7642938587523854,114.31425805928937
PokerHand,1,dKDB-generative-init,0.1,0,0.7329436614954074,0.7436303568944899,0.7436303568944899,0.7466679112208402,170.3269453150873
PokerHand,2,dKDB-current,0.01,0,0.43385928844818816,0.47706906997577897,0.47706906997577897,0.4794918900550324,80.57202897491828
PokerHand,2,dKDB-current,0.1,0,0.33820088236265583,0.4204120214386673,0.4204120214386673,0.4239250576414565,286.6459946454528
PokerHand,2,dKDB-generative-init,0.01,0,0.4203487470536017,0.48991394771522584,0.48991394771522584,0.49264169066247826,348.61295504532256
PokerHand,2,dKDB-generative-init,0.1,0,0.3392234461020528,0.4499008715284767,0.4499008715284767,0.4541937880017076,520.0466588135625
PokerHand,3,dKDB-current,0.01,0,0.31865955316093897,0.4374160259314331,0.4374160259314331,0.43971581964068013,150.82472280063013
PokerHand,3,dKDB-current,0.03,0,0.18570325224042714,0.3770575177178068,0.3770575177178068,0.38057153740833355,300.88493254542897
PokerHand,3,dKDB-generative-init,0.01,0,0.18017200038034537,0.39961970399442387,0.4026520688107512,0.40337791241221377,1012.6540266689888
PokerHand,3,dKDB-generative-init,0.003,0,0.2213480710631224,0.39548808998774043,0.39548808998774043,0.39906071141016214,965.7463137765709
PokerHand,0,dKDB-current,0.01,0,0.9804559378027403,0.981377563439899,0.981377563439899,0.9814709081041275,4.988072208341608
PokerHand,0,dKDB-current,0.01,0,0.9804559378027403,0.981377563439899,0.981377563439899,0.9814709081041275,4.988072208341608
PokerHand,0,dKDB-generative-init,0.01,0,0.9804308355639945,0.9819649479622987,0.9819649479622987,0.9820723031371862,36.558328980715466
PokerHand,0,dKDB-generative-init,0.001,0,0.9805218710652719,0.9815637917728536,0.9815637917728536,0.9817095208824376,33.2313798498957
PokerHand,1,dKDB-current,0.01,0,0.7397145558040847,0.7483256909198391,0.7483256909198391,0.7489578188343605,28.047692421845305
PokerHand,1,dKDB-current,0.03,0,0.7321200731988945,0.7436333164287782,0.7436333164287782,0.7443297189315206,50.77180415299749
PokerHand,1,dKDB-generative-init,0.01,0,0.7416070735421297,0.7530472781910569,0.7530472781910569,0.7545053638514367,112.8947428986709
PokerHand,1,dKDB-generative-init,0.03,0,0.7323191649731231,0.7461714686275877,0.7461714686275877,0.7478012242624936,130.73732458019666
PokerHand,2,dKDB-current,0.01,0,0.5593373175098368,0.6013227118457785,0.6013227118457785,0.604271809582392,83.8487213520927
PokerHand,2,dKDB-current,0.1,0,0.45183188490201126,0.5297594067292639,0.5309476548605778,0.533973670043813,298.2782744104201
PokerHand,2,dKDB-generative-init,0.01,0,0.5839081447918754,0.6273014008723171,0.6273014008723171,0.6317797216974744,346.88381676667404
PokerHand,2,dKDB-generative-init,0.1,0,0.4532599983110695,0.5426266134026381,0.5429435997581089,0.5487463709904684,509.73363561063525
PokerHand,3,dKDB-current,0.01,0,0.3931593223062323,0.5172636002933598,0.5172636002933598,0.5201880874053139,159.45684641551145
PokerHand,3,dKDB-current,0.1,0,0.14100394839918157,0.42011279731798756,0.4321568139834915,0.4240318687609165,641.588255904573
PokerHand,3,dKDB-generative-init,0.01,0,1.3518433452217775,1.3922820454349407,1.3922820454349407,1.3999488149469097,1017.4566681446294
PokerHand,3,dKDB-generative-init,0.1,0,0.15246107388004576,0.4249501060916782,0.4271814998159976,0.4281336762021651,1382.3656053878456
PokerHand,4,dKDB-current,0.01,0,0.32522754783220387,0.5588052645929275,0.5588052645929275,0.5631211516213895,213.3347613257291
PokerHand,4,dKDB-current,0.1,0,0.022889138045998153,0.4543983465662912,0.4570903177627233,0.46083247535754573,808.2921527779275
PokerHand,4,dKDB-generative-init,0.01,0,2.4168348860998763,1.8019251256393474,1.8019251256393474,1.8140054902677762,2757.916798328781
PokerHand,4,dKDB-generative-init,0.1,0,0.10186937115357009,0.6603567515436093,0.6603567515436093,0.6687375050825877,3148.5687812124183
PokerHand,5,dKDB-current,0.01,0,0.2575231235936207,0.5699944054906846,0.5699944054906846,0.5733614003305361,267.0909123772181
PokerHand,5,dKDB-current,0.1,0,0.011327753477223493,0.4708164490381712,0.47313469121602403,0.4753121864762912,994.9083345727216
PokerHand,5,dKDB-generative-init,0.01,0,3.694765878661625,2.1046163790365098,2.1046163790365098,2.120572650594995,5468.447896329417
PokerHand,5,dKDB-generative-init,0.1,0,0.06633886505419964,0.6877141971456449,0.6877141971456449,0.6954180661856062,5856.307431648794
PokerHand,0,dKDB-current,0.01,0,0.9801891107688976,0.9814264940118063,0.9814434734874362,0.9816946681511592,4.9645950547238
PokerHand,0,dKDB-current,0.01,0,0.9801891107688976,0.9814264940118063,0.9814434734874362,0.9816946681511592,4.9645950547238
PokerHand,0,dKDB-generative-init,0.01,0,0.9802439966957838,0.982194766757406,0.982194766757406,0.9824410139120162,36.416338532571324
PokerHand,0,dKDB-generative-init,0.01,0,0.9802439966957838,0.982194766757406,0.982194766757406,0.9824410139120162,36.416338532571324
PokerHand,1,dKDB-current,0.01,0,0.7329910295371596,0.7397229993516649,0.7397229993516649,0.7431695572501575,33.12524989323917
PokerHand,1,dKDB-current,0.03,0,0.729054461838613,0.7383578488175697,0.7383587984279858,0.7420491646817656,59.8827353829396
PokerHand,1,dKDB-generative-init,0.01,0,0.7467237863772139,0.7549558196163775,0.7549558196163775,0.7581426015770032,117.26406346319135
PokerHand,1,dKDB-generative-init,0.1,0,0.7292416779104545,0.7431121176409,0.7431121176409,0.7470549918218646,181.91683522037775
PokerHand,2,dKDB-current,0.01,0,0.4990992981031912,0.5409569000518195,0.5409569000518195,0.5410987280368027,81.7012886379621
PokerHand,2,dKDB-current,0.03,0,0.4607395693735794,0.5219758980468955,0.5219758980468955,0.521962505097346,163.99784886648814
PokerHand,2,dKDB-generative-init,0.01,0,0.5241860480280801,0.5672677046654282,0.5672677046654282,0.5679056412769079,350.1113959130767
PokerHand,2,dKDB-generative-init,0.03,0,0.4688919203272513,0.5351359006788886,0.5351359006788886,0.5351955589470501,410.14599907455016
PokerHand,3,dKDB-current,0.01,0,0.34662837409915775,0.45914594223453953,0.45914594223453953,0.45885369043629665,155.26013636870954
PokerHand,3,dKDB-current,0.03,0,0.20361514324487445,0.38270298642374256,0.38270298642374256,0.38241897110329326,319.7725437968332
PokerHand,3,dKDB-generative-init,0.01,0,0.3513394382310085,0.4860858202106415,0.4860858202106415,0.4906261893713995,1009.1270321792139
PokerHand,3,dKDB-generative-init,0.03,0,0.2114557926186674,0.45466682267200786,0.45466682267200786,0.45696165622945945,1126.3127063505322
PokerHand,4,dKDB-current,0.01,0,0.2783119196533387,0.48366477228422433,0.48366477228422433,0.4833791259892054,212.70064416096778
PokerHand,4,dKDB-current,0.1,0,0.014540711247681623,0.32503803147062943,0.32503803147062943,0.3242202093288945,846.3371078082528
PokerHand,4,dKDB-generative-init,0.01,0,0.2124672579701326,0.5455602939248815,0.5455602939248815,0.5434129482507585,2737.1142752973624
PokerHand,4,dKDB-generative-init,0.1,0,0.005861611150893694,0.43462761054908866,0.43462761054908866,0.43335088271653405,3115.411087866902
PokerHand,5,dKDB-current,0.01,0,0.2429690781439693,0.5380825295260538,0.5380825295260538,0.5374545262232405,264.3499498249739
PokerHand,5,dKDB-current,0.1,0,0.01013441481039001,0.427341296378485,0.4277318270269233,0.4261865648380047,1030.4043731060053
PokerHand,5,dKDB-generative-init,0.01,0,0.2334046380694045,0.8699172621614808,0.9892969632238828,0.874139536909427,5444.426559178558
PokerHand,5,dKDB-generative-init,0.001,0,0.41416972222530635,0.6882136802135066,1.0290187957587487,0.6921136724359217,5385.276654841286
TwitterAbsoluteSigma,0,dKDB-current,0.01,0,0.07649261141031975,0.09127607176415836,0.09448365380486472,0.08874442732307379,1.878447941627127
TwitterAbsoluteSigma,0,dKDB-current,0.001,0,0.08208920251053162,0.08822307445658611,0.08822723919529864,0.08656808412006607,0.6469391094061816
TwitterAbsoluteSigma,0,dKDB-generative-init,0.01,0,0.15158686645483282,0.21827976928611284,0.21827976928611284,0.20347990190248663,47.74676972583271
TwitterAbsoluteSigma,0,dKDB-generative-init,0.1,0,0.07708983197971246,0.11480714705807499,0.11480714705807499,0.10769187455543797,48.98568025823015
TwitterAbsoluteSigma,1,dKDB-current,0.01,0,0.051080913473344605,0.09051517661624042,0.10448705554634014,0.08843920923151057,8.672161855864667
TwitterAbsoluteSigma,1,dKDB-current,0.003,0,0.06544709794972026,0.08798648229261549,0.08951878472972458,0.08582145467086309,4.275929306403194
TwitterAbsoluteSigma,1,dKDB-generative-init,0.01,0,0.05413972676787465,0.17404228230480462,0.17447319263750083,0.1722170671356929,180.01520214642449
TwitterAbsoluteSigma,1,dKDB-generative-init,0.01,0,0.05413972676787465,0.17404228230480462,0.17447319263750083,0.1722170671356929,180.01520214642449
TwitterAbsoluteSigma,2,dKDB-current,0.01,0,0.02726271228387243,0.09146616329524236,0.11308277936568033,0.08928791643719826,16.71742520298808
TwitterAbsoluteSigma,2,dKDB-current,0.001,0,0.07017472550236371,0.08737943056191942,0.08737943056191942,0.08597961608287608,4.18419816575807
TwitterAbsoluteSigma,2,dKDB-generative-init,0.01,0,0.016357544483078783,0.2749209452034101,0.28414829843933354,0.2782283092971954,520.9166545521007
TwitterAbsoluteSigma,2,dKDB-generative-init,0.003,0,0.034885075255485565,0.2690348918896877,0.2690348918896877,0.2734533309049588,520.5640234108007
TwitterAbsoluteSigma,3,dKDB-current,0.01,0,0.016223448422420194,0.09174636130449931,0.11533026362340162,0.08821098343306165,22.853437198627915
TwitterAbsoluteSigma,3,dKDB-current,0.001,0,0.06454844780235175,0.08726946191543859,0.08726946191543859,0.08566224140605264,5.068477731653713
TwitterAbsoluteSigma,3,dKDB-generative-init,0.01,0,0.0055139544040949,0.36360166708725244,0.3856870353896031,0.3698729050577767,1107.0788292039508
TwitterAbsoluteSigma,3,dKDB-generative-init,0.001,0,0.022263020860823907,0.3619800657297253,0.3619800657297253,0.36734037077717746,1106.7689548236654
TwitterAbsoluteSigma,4,dKDB-current,0.01,0,0.00980880634297314,0.09153718330154448,0.11565882719869312,0.08799995700567433,27.474385329865335
TwitterAbsoluteSigma,4,dKDB-current,0.003,0,0.03201909632381424,0.08776496054017643,0.09136946443979993,0.08566206172741136,11.46740371997509
TwitterAbsoluteSigma,4,dKDB-generative-init,0.01,0,0.003638493884798153,0.49320730396310786,0.5049130839497564,0.4761057464362824,1827.6929598892905
TwitterAbsoluteSigma,4,dKDB-generative-init,0.001,0,0.01362028675621868,0.4922113191854121,0.4922113191854121,0.4749764288991362,1827.511839684315
TwitterAbsoluteSigma,5,dKDB-current,0.01,0,0.005543427948477504,0.08988651061892862,0.10963023066541487,0.08761759672762016,30.350915764124334
TwitterAbsoluteSigma,5,dKDB-current,0.003,0,0.0235490195619205,0.08760991536821343,0.0897682673243615,0.08629913447701479,13.531516737399448
TwitterAbsoluteSigma,5,dKDB-generative-init,0.01,0,0.0025263522476015187,0.6174707970508633,0.619262330919555,0.6047353930381122,2556.5684150476313
TwitterAbsoluteSigma,5,dKDB-generative-init,0.03,0,0.0009283295596433672,0.6168514343938636,0.626849474912217,0.603165350726632,2556.75244277693
TwitterAbsoluteSigma,0,dKDB-current,0.01,0,0.07500872882178936,0.08625563237585869,0.08748245130638586,0.09076948123753159,1.884883106073968
TwitterAbsoluteSigma,0,dKDB-current,0.003,0,0.07755066029135675,0.08472762423982708,0.08486578580094369,0.08861986418485504,1.0384625794827416
TwitterAbsoluteSigma,0,dKDB-generative-init,0.01,0,0.15411623918509676,0.1823150780912503,0.1823150780912503,0.19623430219781418,48.082698323274286
TwitterAbsoluteSigma,0,dKDB-generative-init,0.03,0,0.07590412550543758,0.10254902436315178,0.10254902436315178,0.10972107833576773,48.96095523531172
TwitterAbsoluteSigma,1,dKDB-current,0.01,0,0.04938622797307358,0.08543311012878779,0.09833831700509678,0.09082441876817832,8.621375797450277
TwitterAbsoluteSigma,1,dKDB-current,0.003,0,0.06380146417634663,0.08327864970707378,0.08472066885875239,0.08796633368461873,4.152705615940844
TwitterAbsoluteSigma,1,dKDB-generative-init,0.01,0,0.053446528706493704,0.17652482965894184,0.17659135623871017,0.1767778075374752,180.24215051420845
TwitterAbsoluteSigma,1,dKDB-generative-init,0.01,0,0.053446528706493704,0.17652482965894184,0.17659135623871017,0.1767778075374752,180.24215051420845
TwitterAbsoluteSigma,2,dKDB-current,0.01,0,0.026426921907132674,0.08533746400414838,0.10435956294660205,0.09144009633165953,16.633290733296203
TwitterAbsoluteSigma,2,dKDB-current,0.003,0,0.049648217132228924,0.0835698265775446,0.0856759057629703,0.08786818130320288,6.811191527692257
TwitterAbsoluteSigma,2,dKDB-generative-init,0.01,0,0.01696972253129817,0.24770148469394435,0.253372096347565,0.26547153540011814,547.0812176592548
TwitterAbsoluteSigma,2,dKDB-generative-init,0.003,0,0.03594066395156289,0.2454973292617051,0.2454973292617051,0.2614269182993485,546.7598991077059
TwitterAbsoluteSigma,3,dKDB-current,0.01,0,0.014554687201068402,0.08611512642299587,0.10574523005589861,0.09172120020763794,23.251373961656693
TwitterAbsoluteSigma,3,dKDB-current,0.003,0,0.038971479994260455,0.08370820941607418,0.08625760714936179,0.08779786359137348,9.37844066704654
TwitterAbsoluteSigma,3,dKDB-generative-init,0.01,0,0.004491533530169202,0.34964464876107243,0.3654413789493031,0.3786575289760124,1200.4317526741756
TwitterAbsoluteSigma,3,dKDB-generative-init,0.001,0,0.018785203195831154,0.34822807255913574,0.34822807255913574,0.37709927095138557,1200.1641110442408
TwitterAbsoluteSigma,4,dKDB-current,0.01,0,0.008522106245815158,0.08619140513071864,0.10573730036257159,0.09134703434816406,27.919664410536946
TwitterAbsoluteSigma,4,dKDB-current,0.003,0,0.03026288799256627,0.08388179865222231,0.08653002884198717,0.08764245199643464,11.591753910383865
TwitterAbsoluteSigma,4,dKDB-generative-init,0.01,0,0.0022078254853248416,0.4824488715042741,0.4897261065047124,0.5018455977666114,1949.5322548010422
TwitterAbsoluteSigma,4,dKDB-generative-init,0.003,0,0.006812820131873017,0.48107252517120536,0.4811317180718498,0.5003517124180344,1949.4061304584143
TwitterAbsoluteSigma,5,dKDB-current,0.01,0,0.004817810352893121,0.08462535046399763,0.10004766807709042,0.09084190300134043,30.232236421688285
TwitterAbsoluteSigma,5,dKDB-current,0.003,0,0.022517849838212717,0.08364639006082747,0.08514183609887697,0.08800760776676436,13.42592955640982
TwitterAbsoluteSigma,5,dKDB-generative-init,0.01,0,0.001420612478555139,0.5925021444346946,0.5947630754368181,0.6263259505752069,2692.3335033332137
TwitterAbsoluteSigma,5,dKDB-generative-init,0.03,0,0.0001266126943075509,0.5910465377280189,0.6014544387195917,0.6251836945027417,2692.4778201145077
TwitterAbsoluteSigma,0,dKDB-current,0.01,0,0.07672463225276523,0.09414408120439623,0.09580490728711447,0.08818083327612503,1.8982671042124089
TwitterAbsoluteSigma,0,dKDB-current,0.003,0,0.07888644638727367,0.09213819949248714,0.09244989807590255,0.086379930988536,1.0173583549250906
TwitterAbsoluteSigma,0,dKDB-generative-init,0.01,0,0.1534898459714828,0.21983754551142853,0.21983754551142853,0.19890597947732208,47.499697198561925
TwitterAbsoluteSigma,0,dKDB-generative-init,0.03,0,0.07729854804331705,0.11755334757482584,0.11755334757482584,0.11013780408690234,48.410338533225584
TwitterAbsoluteSigma,1,dKDB-current,0.01,0,0.051921289544714734,0.09299508137152558,0.1049293468932336,0.0881215582871742,8.564340964208153
TwitterAbsoluteSigma,1,dKDB-current,0.003,0,0.06594165764305546,0.09024631690876851,0.09133515489780278,0.085571672499105,4.201083275362273
TwitterAbsoluteSigma,1,dKDB-generative-init,0.01,0,0.05651738189740858,0.17600243102660493,0.17627104432709315,0.16862387225753678,174.87688130856492
TwitterAbsoluteSigma,1,dKDB-generative-init,0.01,0,0.05651738189740858,0.17600243102660493,0.17627104432709315,0.16862387225753678,174.87688130856492
TwitterAbsoluteSigma,2,dKDB-current,0.01,0,0.02800191229273949,0.09330115657411579,0.11253727725368277,0.08854917501657592,16.288858202373635
TwitterAbsoluteSigma,2,dKDB-current,0.001,0,0.07020197059984108,0.08984287864454614,0.08984287864454614,0.0850649045431248,4.027729769674337
TwitterAbsoluteSigma,2,dKDB-generative-init,0.01,0,0.01764388549011135,0.26981065483233274,0.27759755493850913,0.25255210812295936,503.9577611267802
TwitterAbsoluteSigma,2,dKDB-generative-init,0.003,0,0.038226696825861974,0.2651561549982966,0.2651561549982966,0.248415257333979,503.61830606462183
TwitterAbsoluteSigma,3,dKDB-current,0.01,0,0.01570714739044285,0.0932333093310718,0.11409138818765485,0.08843042201245194,23.540312849954194
TwitterAbsoluteSigma,3,dKDB-current,0.001,0,0.06446135651227755,0.08960935100159104,0.08960935100159104,0.08513570060233996,4.862374827703029
TwitterAbsoluteSigma,3,dKDB-generative-init,0.01,0,0.005249886996468197,0.37275914252437403,0.3905027584277777,0.35817693863326616,1105.5591686498242
TwitterAbsoluteSigma,3,dKDB-generative-init,0.001,0,0.022230184801199423,0.3697515877859937,0.3697515877859937,0.3553662606739017,1105.2488922441
TwitterAbsoluteSigma,4,dKDB-current,0.01,0,0.008949023741129901,0.09275694102207745,0.11324739373567451,0.08820978891234298,28.237676655666604
TwitterAbsoluteSigma,4,dKDB-current,0.003,0,0.03195712860459606,0.08983630624488236,0.09224282996599209,0.08539103145801581,11.518737816643602
TwitterAbsoluteSigma,4,dKDB-generative-init,0.01,0,0.0029367822746356295,0.4878780189549294,0.49837351345076963,0.48052955888940674,1804.9411531069356
TwitterAbsoluteSigma,4,dKDB-generative-init,0.003,0,0.008019097145819252,0.48636682291521993,0.4864303603366966,0.4788591874003441,1804.7849103090725
TwitterAbsoluteSigma,5,dKDB-current,0.01,0,0.004745887847499985,0.09268952590809038,0.11103020527746114,0.0874268594797842,31.293966163123258
TwitterAbsoluteSigma,5,dKDB-current,0.003,0,0.02281798232759445,0.09034330278527004,0.09242306695170077,0.0857883321724665,13.704876554421004
TwitterAbsoluteSigma,5,dKDB-generative-init,0.01,0,0.0022811675634488633,0.652059458550602,0.653600347535779,0.6174316415551072,2637.6739082138592
TwitterAbsoluteSigma,5,dKDB-generative-init,0.03,0,0.0007097019146174112,0.6500039645557633,0.6606261829507549,0.6154372345172541,2637.8126373379705
TwitterAbsoluteSigma,0,dKDB-current,0.01,0,0.07360275289130201,0.0945152180338387,0.09644500664053161,0.09071425472484833,1.7950304096698517
TwitterAbsoluteSigma,0,dKDB-current,0.001,0,0.07910590649141837,0.09233427008541463,0.09233427008541463,0.08829641835237645,0.633248651109859
TwitterAbsoluteSigma,0,dKDB-generative-init,0.01,0,0.15752917246575368,0.23011512463006972,0.23011512463006972,0.2161245639440785,47.935634790222416
TwitterAbsoluteSigma,0,dKDB-generative-init,0.03,0,0.0751802193437617,0.11498210016019374,0.11498210016019374,0.10566383063993247,48.95577663080055
TwitterAbsoluteSigma,1,dKDB-current,0.01,0,0.04939158234343444,0.09307838062749857,0.10596238753114665,0.0908561804623603,8.583876410427088
TwitterAbsoluteSigma,1,dKDB-current,0.001,0,0.07415932095593909,0.09046482715116673,0.09046482715116673,0.08771056374088744,3.149926334499475
TwitterAbsoluteSigma,1,dKDB-generative-init,0.01,0,0.05401872246650347,0.1681602143124958,0.16817317279357497,0.17901315720157238,176.99562219571825
TwitterAbsoluteSigma,1,dKDB-generative-init,0.01,0,0.05401872246650347,0.1681602143124958,0.16817317279357497,0.17901315720157238,176.99562219571825
TwitterAbsoluteSigma,2,dKDB-current,0.01,0,0.026220895033517776,0.09394208651361656,0.11701324059437554,0.09147583544687062,16.56403388241077
TwitterAbsoluteSigma,2,dKDB-current,0.001,0,0.06738853864579739,0.09023082029884698,0.09023258950842887,0.0875820757642424,4.053189226430412
TwitterAbsoluteSigma,2,dKDB-generative-init,0.01,0,0.015952306506230217,0.2795732150121582,0.2923337770068947,0.27328545280025784,528.631746659949
TwitterAbsoluteSigma,2,dKDB-generative-init,0.003,0,0.0340476059464254,0.273529025534782,0.273529025534782,0.2689860076726975,528.2811740585176
TwitterAbsoluteSigma,3,dKDB-current,0.01,0,0.015330048989811015,0.09450076787298746,0.11882600795223838,0.09170877729344906,23.402588075729835
TwitterAbsoluteSigma,3,dKDB-current,0.001,0,0.06198438768500304,0.09035394964138684,0.09035394964138684,0.08762809472231188,4.882639895352984
TwitterAbsoluteSigma,3,dKDB-generative-init,0.01,0,0.004392900055033951,0.38338674651974125,0.4078182848897875,0.37518496162590576,1217.6885504894542
TwitterAbsoluteSigma,3,dKDB-generative-init,0.001,0,0.020299843455563606,0.382762319471716,0.382762319471716,0.37377347203710176,1217.4332201566292
TwitterAbsoluteSigma,4,dKDB-current,0.01,0,0.009648896726742712,0.09475193584119043,0.11739908894118184,0.091812856118732,27.321183002805
TwitterAbsoluteSigma,4,dKDB-current,0.003,0,0.03142601417182073,0.09100755723838355,0.0946493565362204,0.08805975381007973,11.278890951287787
TwitterAbsoluteSigma,4,dKDB-generative-init,0.01,0,0.002181117517262233,0.48128628012422126,0.4939457544158522,0.48244764436719134,1935.9280314138105
TwitterAbsoluteSigma,4,dKDB-generative-init,0.001,0,0.010640264832499878,0.4807974953439968,0.4807974953439968,0.481659184821168,1935.7866744457103
TwitterAbsoluteSigma,5,dKDB-current,0.01,0,0.005214577393136303,0.0945954710594815,0.1122495402578753,0.090889643845443,30.034298643126565
TwitterAbsoluteSigma,5,dKDB-current,0.003,0,0.023052713412807353,0.09155556635206288,0.09387962739405004,0.08809180768865649,13.229888549439659
TwitterAbsoluteSigma,5,dKDB-generative-init,0.01,0,0.0015924188615562428,0.6040247223920546,0.6059180849082958,0.6087890432070563,2678.4983078215846
TwitterAbsoluteSigma,5,dKDB-generative-init,0.03,0,0.0005597814056667804,0.60366008222697,0.612919799358866,0.6080311068848337,2678.6463871379483
MiniBooNE,0,dKDB-current,0.01,0,0.5892650400302443,0.6079417787446804,0.6079417787446804,0.5980615250127103,2.11209813208495
MiniBooNE,0,dKDB-current,0.001,0,0.22124707007517133,0.2305371669544537,0.2305371669544537,0.2253051762322684,1.0948862342639432
MiniBooNE,0,dKDB-generative-init,0.01,0,0.46039705326368635,0.4816967583138924,0.4816967583138924,0.4721749604142196,32.10360400793474
MiniBooNE,0,dKDB-generative-init,0.003,0,0.2734948047365937,0.29202558650345045,0.29202558650345045,0.28780462411636026,31.91430766336085
MiniBooNE,1,dKDB-current,0.01,0,0.20037476100275117,0.26087153136567875,0.26087153136567875,0.25912009857680396,7.300162062582928
MiniBooNE,1,dKDB-current,0.003,0,0.17380850555209587,0.20401069030142935,0.20401069030142935,0.2022269058564258,3.896459171406585
MiniBooNE,1,dKDB-generative-init,0.01,0,0.17768460923912227,0.2836471143647968,0.2836471143647968,0.28590483443312276,109.37407875972772
MiniBooNE,1,dKDB-generative-init,0.01,0,0.17768460923912227,0.2836471143647968,0.2836471143647968,0.28590483443312276,109.37407875972772
MiniBooNE,2,dKDB-current,0.01,0,0.06499528474503843,0.23444893129767974,0.23525149718142238,0.23286831607355826,19.82616785916745
MiniBooNE,2,dKDB-current,0.003,0,0.12945065115905555,0.2099595891956089,0.2099595891956089,0.2079752006620408,8.36723856269152
MiniBooNE,2,dKDB-generative-init,0.01,0,0.02902580147894924,0.4670198256008557,0.4755818648952971,0.4666217820033894,360.25945255178726
MiniBooNE,2,dKDB-generative-init,0.003,0,0.07175196471149743,0.4505795147327034,0.4505795147327034,0.44863898296460036,359.79718621945324
MiniBooNE,3,dKDB-current,0.01,0,0.01899016980272548,0.24481267397768833,0.25393455126184417,0.23989918692241693,33.44014779340623
MiniBooNE,3,dKDB-current,0.003,0,0.08444594542514679,0.224376049825578,0.224376049825578,0.22109056257570275,13.8788106860247
MiniBooNE,3,dKDB-generative-init,0.01,0,0.0015057965756673194,0.7783551888715804,0.8458474891587205,0.76516175927637,990.8202664376646
MiniBooNE,3,dKDB-generative-init,0.001,0,0.012726902346524996,0.7783551888715804,0.7919389110652314,0.76516175927637,990.3141514960729
MiniBooNE,4,dKDB-current,0.01,0,0.009193134608444347,0.2574806009222506,0.26616988887258375,0.24959392659374538,45.34230957524369
MiniBooNE,4,dKDB-current,0.003,0,0.06181208422064947,0.2462235379260262,0.2462235379260262,0.24087153290307323,19.497101087674938
MiniBooNE,4,dKDB-generative-init,0.01,0,0.0006368385486678806,1.0611949542367949,1.0670086856789178,1.0019280819995053,2179.3548086496967
MiniBooNE,4,dKDB-generative-init,0.01,0,0.0006368385486678806,1.0611949542367949,1.0670086856789178,1.0019280819995053,2179.3548086496967
MiniBooNE,5,dKDB-current,0.01,0,0.007395492597812097,0.25863947731024484,0.25989102316642043,0.2559293507937615,53.903940365769564
MiniBooNE,5,dKDB-current,0.01,0,0.007395492597812097,0.25863947731024484,0.25989102316642043,0.2559293507937615,53.903940365769564
MiniBooNE,5,dKDB-generative-init,0.01,0,0.0006535103279105267,1.1381119448152515,1.1391927442947725,1.086780255771342,3618.339653930121
MiniBooNE,5,dKDB-generative-init,0.001,0,0.0010858481905068977,1.1380108011966013,1.1380108011966013,1.0865781389216596,3618.335985705592
MiniBooNE,0,dKDB-current,0.01,0,0.6035858180046834,0.613793147291278,0.613793147291278,0.6229866789757929,2.1373924915682156
MiniBooNE,0,dKDB-current,0.001,0,0.22139883644162023,0.22102068079412515,0.22102068079412515,0.22893824396654686,1.0925272119097864
MiniBooNE,0,dKDB-generative-init,0.01,0,0.4775405985780154,0.49171012681666315,0.49171012681666315,0.5016388652253776,31.9897074689984
MiniBooNE,0,dKDB-generative-init,0.003,0,0.27414768291812314,0.27894954848659365,0.27894954848659365,0.2973456080670768,31.81285104397137
MiniBooNE,1,dKDB-current,0.01,0,0.2091657768541649,0.2580184394447788,0.2580184394447788,0.26881398187053457,7.158297692109185
MiniBooNE,1,dKDB-current,0.003,0,0.1774221778119243,0.19890221826086926,0.19890221826086926,0.20592337451070433,3.89738050414214
MiniBooNE,1,dKDB-generative-init,0.01,0,0.18660464225330267,0.27443914037085204,0.27443914037085204,0.29226817715383724,107.77633610645876
MiniBooNE,1,dKDB-generative-init,0.003,0,0.21425222703879437,0.27179177342362204,0.27179177342362204,0.2946985390752259,107.5227985867302
MiniBooNE,2,dKDB-current,0.01,0,0.06931495960022045,0.22747247086293512,0.22796070078624842,0.23818095032943556,19.28700429930956
MiniBooNE,2,dKDB-current,0.003,0,0.13289524702075614,0.20405298471657107,0.20405298471657107,0.21114902731041973,8.151005391086207
MiniBooNE,2,dKDB-generative-init,0.01,0,0.03417329802834778,0.4218246719385464,0.42876033921384604,0.4572208036829812,351.2008759178633
MiniBooNE,2,dKDB-generative-init,0.003,0,0.08142613049581332,0.40523880055912137,0.40523880055912137,0.43836303315597713,350.73819347700277
MiniBooNE,3,dKDB-current,0.01,0,0.01865977480983774,0.2362502228703849,0.24572513082954353,0.2433084111409074,33.34831366140425
MiniBooNE,3,dKDB-current,0.003,0,0.08430276536558935,0.21678206743755685,0.21678206743755685,0.22251078564299184,13.83889484034331
MiniBooNE,3,dKDB-generative-init,0.01,0,0.0016275927664302487,0.7440366996364198,0.8121634765668617,0.7709856615161308,973.0383856347033
MiniBooNE,3,dKDB-generative-init,0.001,0,0.01285544156949814,0.7440366996364198,0.7576875652536756,0.7709856615161308,972.5314866940201
MiniBooNE,4,dKDB-current,0.01,0,0.009188904067764068,0.23991592889396696,0.24643058703718335,0.2464748068218685,44.861555216249585
MiniBooNE,4,dKDB-current,0.003,0,0.061920102894316056,0.2318315590368776,0.2318315590368776,0.23708967853351204,19.202449170369295
MiniBooNE,4,dKDB-generative-init,0.01,0,0.0007525466700104506,0.9477605489826451,0.9551612756771737,0.9646045008873603,2113.9427552140837
MiniBooNE,4,dKDB-generative-init,0.003,0,0.0012463497005488946,0.9474290508518218,0.951051207581872,0.9656435205373668,2113.8368548243716
MiniBooNE,5,dKDB-current,0.01,0,0.007244938097534725,0.24819110068539896,0.24913285873839514,0.2528047562633459,53.27257563557258
MiniBooNE,5,dKDB-current,0.01,0,0.007244938097534725,0.24819110068539896,0.24913285873839514,0.2528047562633459,53.27257563557258
MiniBooNE,5,dKDB-generative-init,0.01,0,0.0006858202040020888,1.0349557156008535,1.0371787876908396,1.0509977803294048,3515.832146711013
MiniBooNE,5,dKDB-generative-init,0.001,0,0.0009792251785440754,1.0349557156008535,1.0350337707392248,1.0509977803294048,3515.8276327661583
MiniBooNE,0,dKDB-current,0.01,0,0.601326766132206,0.6120629476302298,0.6120629476302298,0.6096120320746301,2.1451699718872184
MiniBooNE,0,dKDB-current,0.001,0,0.2214243822036428,0.22739948465679308,0.22739948465679308,0.22688415029287035,1.0905717062938505
MiniBooNE,0,dKDB-generative-init,0.01,0,0.47452616376906476,0.486525737871104,0.486525737871104,0.4888543642259739,32.29402514959591
MiniBooNE,0,dKDB-generative-init,0.003,0,0.27458936114510796,0.2899129044598588,0.2899129044598588,0.2961627160544754,32.12413073671111
MiniBooNE,1,dKDB-current,0.01,0,0.1967354979409291,0.2571157937517785,0.2571157937517785,0.25429145624486027,7.292431205216389
MiniBooNE,1,dKDB-current,0.003,0,0.172561092238225,0.20165440830536324,0.20165440830536324,0.20123942567689831,3.8997299674980606
MiniBooNE,1,dKDB-generative-init,0.01,0,0.1773552297296656,0.2827404232539972,0.2827404232539972,0.283321378764037,111.8237795414326
MiniBooNE,1,dKDB-generative-init,0.01,0,0.1773552297296656,0.2827404232539972,0.2827404232539972,0.283321378764037,111.8237795414326
MiniBooNE,2,dKDB-current,0.01,0,0.06297506694592345,0.23713642306828894,0.23907554090844796,0.23388743906076803,19.43065396352743
MiniBooNE,2,dKDB-current,0.003,0,0.12763562217629212,0.2084189705802047,0.2084189705802047,0.2087411714727307,8.226527935371575
MiniBooNE,2,dKDB-generative-init,0.01,0,0.027922281825716048,0.47368698635256334,0.48649147501651874,0.45918961403535336,367.11702200802625
MiniBooNE,2,dKDB-generative-init,0.003,0,0.0729299172144146,0.4542879698636443,0.4542879698636443,0.44189927722310607,366.66594573527345
MiniBooNE,3,dKDB-current,0.01,0,0.01576029623209135,0.2400475238847336,0.25079695780965294,0.24214822054742763,33.94262959302738
MiniBooNE,3,dKDB-current,0.003,0,0.07817885623654373,0.2212459027119924,0.2212459027119924,0.2228177280665624,14.236581182070138
MiniBooNE,3,dKDB-generative-init,0.01,0,0.0011887357685172273,0.8196355097649778,0.8799905594177637,0.8175156199064753,1043.5133144274523
MiniBooNE,3,dKDB-generative-init,0.001,0,0.009743494783905151,0.8196355097649778,0.8314048112558969,0.8175156199064753,1043.0127818863627
MiniBooNE,4,dKDB-current,0.01,0,0.0081830425875288,0.24890943547379904,0.2556745118604538,0.24950684686730826,45.67277318250806
MiniBooNE,4,dKDB-current,0.003,0,0.05828078785240145,0.24020652790509628,0.24020652790509628,0.24082419214896764,19.790515136261245
MiniBooNE,4,dKDB-generative-init,0.01,0,0.0007212004704711031,1.0390121227596203,1.0424804773560423,1.0186996901035332,2271.9463959774357
MiniBooNE,4,dKDB-generative-init,0.01,0,0.0007212004704711031,1.0390121227596203,1.0424804773560423,1.0186996901035332,2271.9463959774357
MiniBooNE,5,dKDB-current,0.01,0,0.0068470596345434455,0.2577385629509695,0.25855774828160005,0.25744887291668017,54.22326929001777
MiniBooNE,5,dKDB-current,0.01,0,0.0068470596345434455,0.2577385629509695,0.25855774828160005,0.25744887291668017,54.22326929001777
MiniBooNE,5,dKDB-generative-init,0.01,0,0.0006982896770524309,1.1342824261018611,1.1358024903288881,1.0989106365243362,3763.347636822629
MiniBooNE,5,dKDB-generative-init,0.001,0,0.0009034868889225871,1.1342824261018611,1.1343124341929551,1.0989106365243362,3763.3458094545936
MiniBooNE,0,dKDB-current,0.01,0,0.579679827865948,0.6014499645760173,0.6014499645760173,0.5997564898189834,2.22043491885337
MiniBooNE,0,dKDB-current,0.001,0,0.21774069473720636,0.2322741759417394,0.2322741759417394,0.22645081586395996,1.096698923106111
MiniBooNE,0,dKDB-generative-init,0.01,0,0.4557049673868739,0.4825695553018042,0.4825695553018042,0.479689086216955,32.123801117998894
MiniBooNE,0,dKDB-generative-init,0.003,0,0.26984772971519944,0.30594205788576556,0.30594205788576556,0.2933211178286677,31.942162153515095
MiniBooNE,1,dKDB-current,0.01,0,0.1891554412517359,0.2589198451461765,0.2589198451461765,0.25506866308014764,7.360433235882063
MiniBooNE,1,dKDB-current,0.003,0,0.16744970277172838,0.20538011647951018,0.20538011647951018,0.1994988061806262,3.9744158632859787
MiniBooNE,1,dKDB-generative-init,0.01,0,0.1670342358332783,0.28073658133545687,0.28073658133545687,0.27769272154571367,109.73059973883765
MiniBooNE,1,dKDB-generative-init,0.01,0,0.1670342358332783,0.28073658133545687,0.28073658133545687,0.27769272154571367,109.73059973883765
MiniBooNE,2,dKDB-current,0.01,0,0.06308093887817379,0.24157359212481802,0.2432293665061725,0.23469869981615732,19.626956609163447
MiniBooNE,2,dKDB-current,0.003,0,0.12762126140456556,0.21478156595206913,0.21478156595206913,0.20844095240604857,8.240820214600618
MiniBooNE,2,dKDB-generative-init,0.01,0,0.027669341063419693,0.4843253250148228,0.4941041943201663,0.46663633794494386,353.5907181141067
MiniBooNE,2,dKDB-generative-init,0.003,0,0.07184901400568885,0.4638622084787164,0.4638622084787164,0.4470954734236153,353.10457573853176
MiniBooNE,3,dKDB-current,0.01,0,0.016316832520482126,0.24857979099868768,0.26140321692771074,0.23883018610157652,33.96715266857919
MiniBooNE,3,dKDB-current,0.003,0,0.07857017586727115,0.227599720997991,0.227599720997991,0.22004959256517598,14.168125999874283
MiniBooNE,3,dKDB-generative-init,0.01,0,0.0012781005662058967,0.8415854333381316,0.916386922665187,0.7858702120384943,1011.3619664512988
MiniBooNE,3,dKDB-generative-init,0.001,0,0.01057177003311856,0.8415854333381316,0.8566017180385571,0.7858702120384943,1010.8499623348453
MiniBooNE,4,dKDB-current,0.01,0,0.00856758444100522,0.2530419498198351,0.26062346581818346,0.24800074038650202,46.044647384413594
MiniBooNE,4,dKDB-current,0.003,0,0.05918198652021483,0.24498444796157703,0.24498444796157703,0.24069514749635607,19.81230031888158
MiniBooNE,4,dKDB-generative-init,0.01,0,0.0006272089179218907,1.0525054454933545,1.0564187321043088,1.0073509279744732,2252.1949264130585
MiniBooNE,4,dKDB-generative-init,0.001,0,0.0012215123689461609,1.0525054454933545,1.052959835094416,1.0073509279744732,2252.1080317899387
MiniBooNE,5,dKDB-current,0.01,0,0.00721152829788472,0.25722894619199393,0.25799439107368094,0.2532905930433344,54.33112818940001
MiniBooNE,5,dKDB-current,0.01,0,0.00721152829788472,0.25722894619199393,0.25799439107368094,0.2532905930433344,54.33112818940001
MiniBooNE,5,dKDB-generative-init,0.01,0,0.0006419076856655665,1.1539209029743442,1.1589983970855327,1.0808534771028013,3680.2230812321154
MiniBooNE,5,dKDB-generative-init,0.001,0,0.0011110109774898121,1.1539209029743442,1.1541050217645537,1.0808534771028013,3680.2204010225614
Covertype,0,dKDB-current,0.01,0,0.5886831304415117,0.596374225333886,0.596374225333886,0.5946119155089064,10.520013974083694
Covertype,0,dKDB-current,0.01,0,0.5886831304415117,0.596374225333886,0.596374225333886,0.5946119155089064,10.520013974083694
Covertype,0,dKDB-generative-init,0.01,0,0.5917363362639477,0.6005597688069855,0.6005597688069855,0.5988042339838564,48.6675441170643
Covertype,0,dKDB-generative-init,0.01,0,0.5917363362639477,0.6005597688069855,0.6005597688069855,0.5988042339838564,48.6675441170643
Covertype,1,dKDB-current,0.01,0,0.4671519249268741,0.48965564954388446,0.48965564954388446,0.4875007892159759,34.34664025145674
Covertype,1,dKDB-current,0.01,0,0.4671519249268741,0.48965564954388446,0.48965564954388446,0.4875007892159759,34.34664025145674
Covertype,1,dKDB-generative-init,0.01,0,0.4913757573421461,0.522865029037973,0.522865029037973,0.5201529377548774,209.98854341610183
Covertype,1,dKDB-generative-init,0.03,0,0.4611060306453794,0.4989408660340445,0.4989408660340445,0.49590965398972836,220.10185426778688
Covertype,2,dKDB-current,0.01,0,0.29349589499496764,0.35359321973810104,0.35359321973810104,0.35159055728151,73.33275132543763
Covertype,2,dKDB-current,0.03,0,0.2379635372120851,0.3333692804117774,0.3333692804117774,0.3311220994036606,137.36917640414194
Covertype,2,dKDB-generative-init,0.01,0,0.42635310515769953,0.5408264559991086,0.5408264559991086,0.538955002881062,787.5185558899531
Covertype,2,dKDB-generative-init,0.03,0,0.2509847953286788,0.39925962240003693,0.39925962240003693,0.39937914912706063,806.885209662979
Covertype,3,dKDB-current,0.01,0,0.17313191008813633,0.2758076116262225,0.2758076116262225,0.2727434438099274,129.07017030279496
Covertype,3,dKDB-current,0.03,0,0.0979957788047852,0.258930307076985,0.25937157853743775,0.25434934333306175,246.56600559388357
Covertype,3,dKDB-generative-init,0.01,0,0.49247998903911544,0.7514211773528539,0.7514211773528539,0.7418600857495412,2174.341789355582
Covertype,3,dKDB-generative-init,0.03,0,0.15525335659063771,0.489918469124994,0.489918469124994,0.48359540641403304,2199.1173480134585
Covertype,4,dKDB-current,0.01,0,0.10438147262415116,0.2530987693839789,0.2530987693839789,0.2507746408129393,175.5375573894088
Covertype,4,dKDB-current,0.03,0,0.04407077572898035,0.24683469788788015,0.2528984762056044,0.2442390953561431,332.66896030927086
Covertype,4,dKDB-generative-init,0.01,0,0.6079468952985316,1.1537079043332883,1.1537079043332883,1.1457405113511074,4925.528895289494
Covertype,4,dKDB-generative-init,0.1,0,0.0208218328165915,0.7498684845187672,0.7555558282816975,0.7408462582995983,4993.477490190172
Covertype,5,dKDB-current,0.01,0,0.06814358107925632,0.24172239338656096,0.24172239338656096,0.23963350502072042,207.14502864391628
Covertype,5,dKDB-current,0.03,0,0.02301726014466925,0.23377500187835978,0.23861919000577847,0.23146272474805457,385.9340833356092
Covertype,5,dKDB-generative-init,0.01,0,0.6347220764015896,1.458139251474524,1.458139251474524,1.4497979632648865,7852.267780919635
Covertype,5,dKDB-generative-init,0.1,0,0.011517424037461541,0.8770153335973759,0.8803670483608552,0.869870349024567,7909.856950767664
Covertype,0,dKDB-current,0.01,0,0.5870123242093087,0.591044962284623,0.591044962284623,0.592746722245875,9.288066479953597
Covertype,0,dKDB-current,0.01,0,0.5870123242093087,0.591044962284623,0.591044962284623,0.592746722245875,9.288066479953597
Covertype,0,dKDB-generative-init,0.01,0,0.5892925108819798,0.5947054698298673,0.5947054698298673,0.5962259397654525,48.87754448133395
Covertype,0,dKDB-generative-init,0.01,0,0.5892925108819798,0.5947054698298673,0.5947054698298673,0.5962259397654525,48.87754448133395
Covertype,1,dKDB-current,0.01,0,0.463554263719439,0.4828265964941552,0.4828265964941552,0.48414265407635276,29.928905409741773
Covertype,1,dKDB-current,0.03,0,0.45127448480631294,0.4787650817129904,0.4787650817129904,0.4797780416946882,47.58802189507717
Covertype,1,dKDB-generative-init,0.01,0,0.456967666602517,0.48705590808050797,0.48705590808050797,0.48964763791944294,213.82249493737098
Covertype,1,dKDB-generative-init,0.03,0,0.44970420692238827,0.4863168497062975,0.4863168497062975,0.4883696330726965,222.08769353630802
Covertype,2,dKDB-current,0.01,0,0.2807302015813359,0.34245111368982184,0.34245111368982184,0.34431017445274525,70.7515384478978
Covertype,2,dKDB-current,0.03,0,0.22201527916494196,0.32333801971070447,0.32333801971070447,0.32653846100877004,134.878531029163
Covertype,2,dKDB-generative-init,0.01,0,0.23336395111104158,0.3790295300884898,0.3790295300884898,0.38371722545129766,825.6160166039799
Covertype,2,dKDB-generative-init,0.01,0,0.23336395111104158,0.3790295300884898,0.3790295300884898,0.38371722545129766,825.6160166039799
Covertype,3,dKDB-current,0.01,0,0.16792036469660024,0.27127642178623623,0.27127642178623623,0.27388568977450045,129.35016778952843
Covertype,3,dKDB-current,0.03,0,0.09215190227953542,0.2539385334624924,0.25498093827337254,0.25738803171703306,249.10319280685522
Covertype,3,dKDB-generative-init,0.01,0,0.08757640988617701,0.4041249641873135,0.4072670509950005,0.4091878871319237,2332.552428317212
Covertype,3,dKDB-generative-init,0.003,0,0.11288540666352026,0.4010497222345714,0.4010497222345714,0.406103363836398,2327.5887423919908
Covertype,4,dKDB-current,0.01,0,0.10423671238389463,0.25015247208750585,0.25015247208750585,0.25253422846335677,182.46022082097238
Covertype,4,dKDB-current,0.03,0,0.04006718495200111,0.23538966495834718,0.23794058315909947,0.23881707573912825,347.6389044393088
Covertype,4,dKDB-generative-init,0.01,0,0.02811010386164727,0.5198542881938629,0.5310091264684196,0.5234734772767062,5380.19235098729
Covertype,4,dKDB-generative-init,0.003,0,0.03882553529304573,0.5196140519442048,0.5196549345622534,0.5232318630668172,5377.63868101981
Covertype,5,dKDB-current,0.01,0,0.07417997261579755,0.2454742844927836,0.2454742844927836,0.24862243118263685,215.88754857161314
Covertype,5,dKDB-current,0.03,0,0.023281484965026102,0.2289533453260402,0.23051449002951832,0.23355305533726342,401.2089379628775
Covertype,5,dKDB-generative-init,0.01,0,0.013476979244932496,0.6033826624233565,0.6099207062467392,0.6156733629894049,8524.365109282959
Covertype,5,dKDB-generative-init,0.01,0,0.013476979244932496,0.6033826624233565,0.6099207062467392,0.6156733629894049,8524.365109282959
Covertype,0,dKDB-current,0.01,0,0.5879836847901992,0.5932663086321704,0.5932663086321704,0.5932920956312092,9.343260584173123
Covertype,0,dKDB-current,0.01,0,0.5879836847901992,0.5932663086321704,0.5932663086321704,0.5932920956312092,9.343260584173123
Covertype,0,dKDB-generative-init,0.01,0,0.5900685735256758,0.5969756147658507,0.5969756147658507,0.5966974753356679,48.025366753439414
Covertype,0,dKDB-generative-init,0.01,0,0.5900685735256758,0.5969756147658507,0.5969756147658507,0.5966974753356679,48.025366753439414
Covertype,1,dKDB-current,0.01,0,0.46598213610835915,0.4864336351648442,0.4864336351648442,0.48714852240867473,29.786721868092652
Covertype,1,dKDB-current,0.03,0,0.4539736311245599,0.4821965590730015,0.4821965590730015,0.4828002721896427,47.49282381702536
Covertype,1,dKDB-generative-init,0.01,0,0.45935222087017347,0.4922300967192724,0.4922300967192724,0.4922643065337785,209.06015642803925
Covertype,1,dKDB-generative-init,0.03,0,0.45219931890811715,0.49077945512453514,0.49077945512453514,0.49087083987237284,216.92449486888347
Covertype,2,dKDB-current,0.01,0,0.29109437967242496,0.35003593230950286,0.35003593230950286,0.350926495163578,68.04114948985604
Covertype,2,dKDB-current,0.03,0,0.23465701715248924,0.33132679321162395,0.33132679321162395,0.33268608707863334,128.33608070952815
Covertype,2,dKDB-generative-init,0.01,0,0.24531474354697283,0.3828669061739337,0.3828669061739337,0.3846988815258116,777.780213121831
Covertype,2,dKDB-generative-init,0.01,0,0.24531474354697283,0.3828669061739337,0.3828669061739337,0.3846988815258116,777.780213121831
Covertype,3,dKDB-current,0.01,0,0.17604681629999896,0.27521153382294034,0.27521153382294034,0.2756733134207082,126.16360544090907
Covertype,3,dKDB-current,0.03,0,0.09954592112471831,0.2556357449533192,0.2564984190248846,0.2566723420476029,241.7446805220446
Covertype,3,dKDB-generative-init,0.01,0,0.09569112924500764,0.3909465385323315,0.3928962636455362,0.39473217496682156,2183.0790961687794
Covertype,3,dKDB-generative-init,0.003,0,0.12081082580103387,0.38883336175067357,0.38883336175067357,0.3919320084787706,2178.1085600621313
Covertype,4,dKDB-current,0.01,0,0.11315497144118637,0.2564480668406378,0.2564480668406378,0.2571613279181408,180.38230789922935
Covertype,4,dKDB-current,0.03,0,0.04483518253939779,0.2407098109938627,0.24316974602571204,0.24226922289635608,344.8363345452443
Covertype,4,dKDB-generative-init,0.01,0,0.03208693345056647,0.4991309528288239,0.508784970703238,0.5042320842521176,4983.187504996003
Covertype,4,dKDB-generative-init,0.003,0,0.043967741789157196,0.4982277666841852,0.4982277666841852,0.5034661821964538,4980.211204673519
Covertype,5,dKDB-current,0.01,0,0.08153850569936773,0.24602018941059117,0.24602018941059117,0.2480281894683773,212.2747632022149
Covertype,5,dKDB-current,0.03,0,0.026931696281718983,0.2301655976025021,0.23213709439288888,0.2336515200654539,394.7232751387637
Covertype,5,dKDB-generative-init,0.01,0,0.01696509572547157,0.5900623428096233,0.5970272534030946,0.600591534667567,7684.460503697939
Covertype,5,dKDB-generative-init,0.01,0,0.01696509572547157,0.5900623428096233,0.5970272534030946,0.600591534667567,7684.460503697939
Covertype,0,dKDB-current,0.01,0,0.5866052010710767,0.5927919114587797,0.5927919114587797,0.5932178637575056,9.395627430173752
Covertype,0,dKDB-current,0.01,0,0.5866052010710767,0.5927919114587797,0.5927919114587797,0.5932178637575056,9.395627430173752
Covertype,0,dKDB-generative-init,0.01,0,0.5888712742552606,0.5962318863536075,0.5962318863536075,0.5972298260447747,48.43555412537122
Covertype,0,dKDB-generative-init,0.01,0,0.5888712742552606,0.5962318863536075,0.5962318863536075,0.5972298260447747,48.43555412537122
Covertype,1,dKDB-current,0.01,0,0.46133266873641987,0.4815523435416202,0.4815523435416202,0.4827291950347729,30.173724972353334
Covertype,1,dKDB-current,0.03,0,0.44802016735926775,0.47662502941268925,0.47662502941268925,0.4783817110785939,48.44399987089194
Covertype,1,dKDB-generative-init,0.01,0,0.4549341240112166,0.488936305474085,0.488936305474085,0.4890318203684993,216.73288521233388
Covertype,1,dKDB-generative-init,0.03,0,0.4463242971114244,0.4864713213249937,0.4864713213249937,0.48672053208595134,225.34458474690862
Covertype,2,dKDB-current,0.01,0,0.28123605341660574,0.34158590387338017,0.34158590387338017,0.34138056796273547,70.57473572456892
Covertype,2,dKDB-current,0.03,0,0.2215801514594155,0.32131820757085433,0.32131820757085433,0.3196517697755801,134.26170321064782
Covertype,2,dKDB-generative-init,0.01,0,0.2324360403618034,0.3785870163083881,0.3785870163083881,0.3759919291660515,834.9401694332153
Covertype,2,dKDB-generative-init,0.01,0,0.2324360403618034,0.3785870163083881,0.3785870163083881,0.3759919291660515,834.9401694332153
Covertype,3,dKDB-current,0.01,0,0.17017324963326802,0.2707476278336964,0.2707476278336964,0.2695017205063854,129.68882834444764
Covertype,3,dKDB-current,0.03,0,0.09380477439171625,0.25058865366449706,0.25134694061124996,0.24861593411051675,247.090231751545
Covertype,3,dKDB-generative-init,0.01,0,0.08852508368143654,0.3991412706404324,0.40133891751117395,0.3937321996930473,2315.0494359663303
Covertype,3,dKDB-generative-init,0.003,0,0.11246803514041565,0.3957564336045329,0.3957564336045329,0.3906724857210293,2310.2442780696906
Covertype,4,dKDB-current,0.01,0,0.10915260893839374,0.2503571451333119,0.2503571451333119,0.25010167609222933,183.18634736509006
Covertype,4,dKDB-current,0.03,0,0.044113641785403515,0.23619497774587175,0.2392926129488156,0.23583988859957578,345.54287415366787
Covertype,4,dKDB-generative-init,0.01,0,0.032154834986599906,0.5203955103423975,0.5322277667962286,0.5217852495331591,5254.364928265004
Covertype,4,dKDB-generative-init,0.003,0,0.04312722297753342,0.51964426973657,0.5197710371271427,0.521067955158753,5251.835992530684
Covertype,5,dKDB-current,0.01,0,0.0753178815077714,0.24069424427462482,0.24069424427462482,0.2415722695950759,219.3309067898304
Covertype,5,dKDB-current,0.03,0,0.024060321926307367,0.22414664685645497,0.22571019759332311,0.225514899933144,407.2937967255347
Covertype,5,dKDB-generative-init,0.01,0,0.014747691342992652,0.5931962994498495,0.5983416721060626,0.6030039981109308,8285.175051698241
Covertype,5,dKDB-generative-init,0.03,0,0.00905509088995741,0.5929640978011764,0.6186309058066665,0.6031201361990495,8288.134166131636
CensusIncome,0,dKDB-current,0.01,0,0.11058001590075618,0.11676981559348144,0.1167712702612279,0.11542550266583457,2.6710387887297933
CensusIncome,0,dKDB-current,0.01,0,0.11058001590075618,0.11676981559348144,0.1167712702612279,0.11542550266583457,2.6710387887297933
CensusIncome,0,dKDB-generative-init,0.01,0,0.11086181116306927,0.11772865883016673,0.11772865883016673,0.11703519048041196,35.49836366089751
CensusIncome,0,dKDB-generative-init,0.01,0,0.11086181116306927,0.11772865883016673,0.11772865883016673,0.11703519048041196,35.49836366089751
CensusIncome,1,dKDB-current,0.01,0,0.10027343879431844,0.12021273441392369,0.12113001215632513,0.11806789598617215,10.938039287202871
CensusIncome,1,dKDB-current,0.01,0,0.10027343879431844,0.12021273441392369,0.12113001215632513,0.11806789598617215,10.938039287202871
CensusIncome,1,dKDB-generative-init,0.01,0,0.09613150783214054,0.13817278499751778,0.14000045572595346,0.13849577769111374,187.79150958058153
CensusIncome,1,dKDB-generative-init,0.003,0,0.1012889421700993,0.13701139113049382,0.13701139113049382,0.13724815082269148,187.54908717235932
CensusIncome,2,dKDB-current,0.01,0,0.0909555427832747,0.12497139142394068,0.1269630468248415,0.12178631216147376,19.40570351257394
CensusIncome,2,dKDB-current,0.01,0,0.0909555427832747,0.12497139142394068,0.1269630468248415,0.12178631216147376,19.40570351257394
CensusIncome,2,dKDB-generative-init,0.01,0,0.07931773307857547,0.17257982493815108,0.1798850497359487,0.17114543097331703,532.8952551171764
CensusIncome,2,dKDB-generative-init,0.001,0,0.09147335486092503,0.16952142118813626,0.16952142118813626,0.16815733135297778,532.5475416234694
CensusIncome,3,dKDB-current,0.01,0,0.07188633386439967,0.12734433880987828,0.13090843706448665,0.12424423838603177,32.89254550712003
CensusIncome,3,dKDB-current,0.01,0,0.07188633386439967,0.12734433880987828,0.13090843706448665,0.12424423838603177,32.89254550712003
CensusIncome,3,dKDB-generative-init,0.01,0,0.04580098490428274,0.24726325797253434,0.26733436202318933,0.2400318678521338,1245.3258211700615
CensusIncome,3,dKDB-generative-init,0.001,0,0.056497004278678015,0.24726325797253434,0.24745570017506127,0.2400318678521338,1244.8151661744814
CensusIncome,4,dKDB-current,0.01,0,0.061059113685671365,0.13318204131839256,0.1387778413878283,0.1286718908109855,40.902452012475656
CensusIncome,4,dKDB-current,0.01,0,0.061059113685671365,0.13318204131839256,0.1387778413878283,0.1286718908109855,40.902452012475656
CensusIncome,4,dKDB-generative-init,0.01,0,0.03446282645979179,0.3664366012335595,0.38318756829019235,0.34516122383711256,2356.1837355493535
CensusIncome,4,dKDB-generative-init,0.001,0,0.04402693054147104,0.36348555522960213,0.36348555522960213,0.34282790232326027,2355.759860919881
CensusIncome,5,dKDB-current,0.01,0,0.054791446392355704,0.13912975185341395,0.14757835940046782,0.13405520789272368,47.5751861037153
CensusIncome,5,dKDB-current,0.01,0,0.054791446392355704,0.13912975185341395,0.14757835940046782,0.13405520789272368,47.5751861037153
CensusIncome,5,dKDB-generative-init,0.01,0,0.030394132727386818,0.4978266839448856,0.5093112665489022,0.4704406064011459,3142.763572680018
CensusIncome,5,dKDB-generative-init,0.003,0,0.037310521744724046,0.497200719909476,0.49799496530241016,0.4698505030933547,3142.4983948696845
CensusIncome,0,dKDB-current,0.01,0,0.11223838789628685,0.11550380205881806,0.11550380205881806,0.11532028185142924,2.6392373395091635
CensusIncome,0,dKDB-current,0.01,0,0.11223838789628685,0.11550380205881806,0.11550380205881806,0.11532028185142924,2.6392373395091635
CensusIncome,0,dKDB-generative-init,0.01,0,0.11282602648490123,0.11610060650307613,0.11610060650307613,0.1170075434769072,35.45481456708784
CensusIncome,0,dKDB-generative-init,0.03,0,0.1121800249028152,0.11596142458891584,0.11596237072328443,0.11682101087117988,35.5827414437372
CensusIncome,1,dKDB-current,0.01,0,0.10133292520191063,0.11894505959130922,0.1199671862275773,0.1182559844143835,10.831590498202907
CensusIncome,1,dKDB-current,0.01,0,0.10133292520191063,0.11894505959130922,0.1199671862275773,0.1182559844143835,10.831590498202907
CensusIncome,1,dKDB-generative-init,0.01,0,0.0973571705867464,0.1382208201409256,0.1400962426453563,0.1400546437430216,186.146229638387
CensusIncome,1,dKDB-generative-init,0.003,0,0.10233529284287977,0.13646929143902348,0.13646929143902348,0.13818317068191632,185.90776443167408
CensusIncome,2,dKDB-current,0.01,0,0.09055057114118266,0.12285127119453745,0.12531086248183684,0.1220710778781554,20.293510145146048
CensusIncome,2,dKDB-current,0.01,0,0.09055057114118266,0.12285127119453745,0.12531086248183684,0.1220710778781554,20.293510145146048
CensusIncome,2,dKDB-generative-init,0.01,0,0.07800567087507364,0.1806923361541793,0.19168752860928906,0.17945273180253699,601.3270033993645
CensusIncome,2,dKDB-generative-init,0.001,0,0.08893633501570607,0.17869518332605025,0.17869518332605025,0.17717660374268562,600.9804728279131
CensusIncome,3,dKDB-current,0.01,0,0.07332444946358249,0.12568557658339513,0.13000951292324317,0.1244752869091138,31.951794201257407
CensusIncome,3,dKDB-current,0.01,0,0.07332444946358249,0.12568557658339513,0.13000951292324317,0.1244752869091138,31.951794201257407
CensusIncome,3,dKDB-generative-init,0.01,0,0.048041736107343316,0.2514948395006603,0.2730346099472223,0.24476773539280428,1332.2609167646199
CensusIncome,3,dKDB-generative-init,0.001,0,0.057670762557842155,0.2514948395006603,0.25213690424746493,0.24476773539280428,1331.8215661797976
CensusIncome,4,dKDB-current,0.01,0,0.06242897102861602,0.13079365032897639,0.13614235779144865,0.1299203523169177,39.99066391966767
CensusIncome,4,dKDB-current,0.01,0,0.06242897102861602,0.13079365032897639,0.13614235779144865,0.1299203523169177,39.99066391966767
CensusIncome,4,dKDB-generative-init,0.01,0,0.03641306568731653,0.360426036622614,0.37597947302190515,0.3526184088957018,2372.5511219796235
CensusIncome,4,dKDB-generative-init,0.001,0,0.04545277362965194,0.35804136277816345,0.35804136277816345,0.34996883451832245,2372.1459349665324
CensusIncome,5,dKDB-current,0.01,0,0.05556863734955569,0.1369354547809397,0.144661978001166,0.1358498816576386,46.89785263152396
CensusIncome,5,dKDB-current,0.01,0,0.05556863734955569,0.1369354547809397,0.144661978001166,0.1358498816576386,46.89785263152396
CensusIncome,5,dKDB-generative-init,0.01,0,0.03145886707523718,0.48297782598050787,0.4935824490477853,0.4838548135802868,3170.3860879348017
CensusIncome,5,dKDB-generative-init,0.003,0,0.038238245609005066,0.482527043234603,0.48318714123890616,0.48323495930594623,3170.138917532852
CensusIncome,0,dKDB-current,0.01,0,0.10967108307104155,0.11361606999478312,0.11361606999478312,0.11692492901674828,2.6564615776128324
CensusIncome,0,dKDB-current,0.01,0,0.10967108307104155,0.11361606999478312,0.11361606999478312,0.11692492901674828,2.6564615776128324
CensusIncome,0,dKDB-generative-init,0.01,0,0.11014843127429211,0.1155570781096704,0.1155570781096704,0.1181238548540468,35.55727246901727
CensusIncome,0,dKDB-generative-init,0.03,0,0.10953366791339192,0.11497608042883578,0.11497608042883578,0.1176994750850836,35.65450642776784
CensusIncome,1,dKDB-current,0.01,0,0.0992851355043376,0.1183457226704704,0.11985568104933511,0.11994286160888648,11.02897377376223
CensusIncome,1,dKDB-current,0.01,0,0.0992851355043376,0.1183457226704704,0.11985568104933511,0.11994286160888648,11.02897377376223
CensusIncome,1,dKDB-generative-init,0.01,0,0.0952234500730985,0.1441222576377999,0.14676726817888533,0.142969664430215,184.42665026044898
CensusIncome,1,dKDB-generative-init,0.003,0,0.10015303838558316,0.14187001912871222,0.14187001912871222,0.1412699599553209,184.1740782822895
CensusIncome,2,dKDB-current,0.01,0,0.09053549274417527,0.12306200116217307,0.12608217594706073,0.123585286288194,19.468180572509514
CensusIncome,2,dKDB-current,0.01,0,0.09053549274417527,0.12306200116217307,0.12608217594706073,0.123585286288194,19.468180572509514
CensusIncome,2,dKDB-generative-init,0.01,0,0.07933130471468172,0.1798508058589955,0.1905092121246662,0.17589503862117487,534.2699139900641
CensusIncome,2,dKDB-generative-init,0.001,0,0.09022848607687402,0.1775305038689922,0.1775305038689922,0.1729883444714104,533.9135867463897
CensusIncome,3,dKDB-current,0.01,0,0.0724718373527106,0.12463055553943181,0.12886896652939145,0.1258588096652081,32.04683307842454
CensusIncome,3,dKDB-current,0.01,0,0.0724718373527106,0.12463055553943181,0.12886896652939145,0.1258588096652081,32.04683307842454
CensusIncome,3,dKDB-generative-init,0.01,0,0.04731352185520898,0.24962212946819376,0.2706449477415473,0.2457043516125242,1234.5267137037324
CensusIncome,3,dKDB-generative-init,0.001,0,0.05708254198720448,0.24962212946819376,0.2500481367406151,0.2457043516125242,1234.041539932998
CensusIncome,4,dKDB-current,0.01,0,0.062097003571952844,0.12924391976374958,0.1346925837885359,0.13093255144066743,39.948772334090634
CensusIncome,4,dKDB-current,0.01,0,0.062097003571952844,0.12924391976374958,0.1346925837885359,0.13093255144066743,39.948772334090634
CensusIncome,4,dKDB-generative-init,0.01,0,0.03559186312551883,0.35556560253423425,0.3721888940527059,0.3520397117510683,2291.1194656490325
CensusIncome,4,dKDB-generative-init,0.001,0,0.044773177579164145,0.35328454129660386,0.35328454129660386,0.3492969975876519,2290.7147095188566
CensusIncome,5,dKDB-current,0.01,0,0.05596954799087009,0.13458909937002644,0.14245106318190084,0.1357248357773397,46.57918995923888
CensusIncome,5,dKDB-current,0.01,0,0.05596954799087009,0.13458909937002644,0.14245106318190084,0.1357248357773397,46.57918995923888
CensusIncome,5,dKDB-generative-init,0.01,0,0.03189137455615563,0.4813435306934555,0.4916516570643226,0.4764620389536443,3051.3246231005182
CensusIncome,5,dKDB-generative-init,0.003,0,0.038862166053467484,0.4806748315049299,0.48125180426916847,0.4756423335388001,3051.0661756409454
CensusIncome,0,dKDB-current,0.01,0,0.11308124910509071,0.11667219267247748,0.11667219267247748,0.11321030926134788,2.7156991432328224
CensusIncome,0,dKDB-current,0.01,0,0.11308124910509071,0.11667219267247748,0.11667219267247748,0.11321030926134788,2.7156991432328224
CensusIncome,0,dKDB-generative-init,0.01,0,0.11332018135159491,0.11787494909594136,0.11787494909594136,0.11494080549934578,35.61297956610642
CensusIncome,0,dKDB-generative-init,0.01,0,0.11332018135159491,0.11787494909594136,0.11787494909594136,0.11494080549934578,35.61297956610642
CensusIncome,1,dKDB-current,0.01,0,0.10204295535641852,0.1198506087546903,0.12089847856594127,0.11692427676734772,10.938327555468938
CensusIncome,1,dKDB-current,0.01,0,0.10204295535641852,0.1198506087546903,0.12089847856594127,0.11692427676734772,10.938327555468938
CensusIncome,1,dKDB-generative-init,0.01,0,0.09772889846418849,0.1408754666923132,0.14291139981167647,0.1398674469676855,187.48431093422815
CensusIncome,1,dKDB-generative-init,0.003,0,0.10264720586639635,0.13907938291347305,0.13907938291347305,0.13782760769987829,187.25119276278573
CensusIncome,2,dKDB-current,0.01,0,0.09191909014923592,0.12367039468313203,0.1261405160973475,0.1207756496272969,19.87695784683476
CensusIncome,2,dKDB-current,0.01,0,0.09191909014923592,0.12367039468313203,0.1261405160973475,0.1207756496272969,19.87695784683476
CensusIncome,2,dKDB-generative-init,0.01,0,0.07980358524677607,0.17594719097679332,0.1844966632265044,0.1699096161677014,567.8385909372554
CensusIncome,2,dKDB-generative-init,0.001,0,0.09138768632148209,0.17290505546613036,0.17290505546613036,0.1682198941859327,567.4972942918793
CensusIncome,3,dKDB-current,0.01,0,0.07288861012408761,0.12557520039108727,0.12946383439291242,0.12310872623375406,32.748601127689355
CensusIncome,3,dKDB-current,0.01,0,0.07288861012408761,0.12557520039108727,0.12946383439291242,0.12310872623375406,32.748601127689355
CensusIncome,3,dKDB-generative-init,0.01,0,0.0466974908454617,0.24179507071944983,0.26459705693078395,0.2395158673447339,1351.5364516043737
CensusIncome,3,dKDB-generative-init,0.001,0,0.05711772391306814,0.24179507071944983,0.24267701297163305,0.2395158673447339,1351.0831677102683
CensusIncome,4,dKDB-current,0.01,0,0.06184465660955158,0.13101299346504253,0.13658782704684802,0.12816687446852987,40.88274314669592
CensusIncome,4,dKDB-current,0.01,0,0.06184465660955158,0.13101299346504253,0.13658782704684802,0.12816687446852987,40.88274314669592
CensusIncome,4,dKDB-generative-init,0.01,0,0.035140686887191616,0.3596514564696691,0.37717203636112473,0.3509606250557313,2449.3110066849113
CensusIncome,4,dKDB-generative-init,0.001,0,0.04471893532064237,0.35743363462868116,0.3574535028467265,0.3483484530476034,2448.8996763502914
CensusIncome,5,dKDB-current,0.01,0,0.054596299061961395,0.13720852228218114,0.1462804904975539,0.13512332553168668,48.149115552652866
CensusIncome,5,dKDB-current,0.003,0,0.09377901994304572,0.13705771904155042,0.13705771904155042,0.13544151904944227,19.546257265887856
CensusIncome,5,dKDB-generative-init,0.01,0,0.030120469062196786,0.5091446541203528,0.521516593942079,0.4914140576379485,3310.9481605641854
CensusIncome,5,dKDB-generative-init,0.003,0,0.037111923556411054,0.5084396984916779,0.5095061503540075,0.4912108172713198,3310.6993429908457
