accuracy,average_precision,cache_key,configuration_id,dataset,dataset_source,dataset_source_note,discriminative_passes,discriminative_updates,estimated_independent_learner_seconds,evaluation_scope,experiment,fold,implementation,is_full_dataset,k,kmax,learner_passes,learner_rows_processed,learner_training_seconds,learner_training_throughput_rows_per_second,learning_rate,logical_learner_passes_represented,model,model_context_count,model_parameter_count,model_state_bytes,multiclass_brier_score,multiclass_log_loss,n_classes,n_features,nll,optimization_profile,optimizer,paper_identity_verified,paper_shape_matches,peak_process_rss_bytes,physical_fold_pipeline_seconds,physical_learner_passes_executed,physical_shared_learner_seconds,physical_stage_names,physical_stage_seconds,pr_auc,prediction_seconds,prediction_throughput_rows_per_second,preprocessing_fit_rows,preprocessing_seconds,repeat,rmse_true_class_probability,roc_auc,runtime_savings_factor,scaling_train_rows,selected_feature_count,selected_feature_fraction,selected_feature_names,selected_k,selection_rmse,split_id,test_rows,total_pipeline_seconds,total_training_seconds,train_rows,zero_one_loss
0.9970047907026092,0.9999811636464931,7caac288efbd7236148f8be10ec4511b49a0cccfbab00405f058e401adfda405,47840a4e8e0e60f0,Skin Segmentation,UCI Skin Segmentation via OpenML data_id=1502,,0,0,3.158985500000007,"FewPLa outer protocol: 2 rounds x 2 folds, full source data; algorithm differs",headline,1,"KDB (runtime-optimized, semantics-equivalent)",True,5.0,,2,245056,0.3294411000000004,743853.7571663029,,12,KDB,855,63244,708653,0.004045144204285803,0.0076088470692675745,2,3,0.0076088470692675745,vectorized-compiled-shared-v1,,False,,,4.554803999999997,5,2.383129699999998,"[""shared_kdb_structure_and_parameters"", ""shared_skdb_selection"", ""dkdb_discriminative"", ""sdkdb_discriminative""]","[0.3666115000000012, 0.7045525999999995, 0.6614578999999985, 0.6313397999999992]",0.9999811636464931,1.9155955999999996,63963.91806287299,122528,0.25607869999999977,1,0.04497301526630054,0.9999253082209836,1.325561718273248,,3,1.0,"[""V3"", ""V1"", ""V2""]",2,,"repeat=1,fold=1",122529,2.5011153999999998,0.5855198000000001,122528,0.0029952092973908216
0.9970047907026092,0.9999811636464931,e31422b005d5c0f9ae2b2ed38b58903b8a9f6e71bd544def446714f78877fc12,47840a4e8e0e60f0,Skin Segmentation,UCI Skin Segmentation via OpenML data_id=1502,,0,0,3.158985500000007,"FewPLa outer protocol: 2 rounds x 2 folds, full source data; algorithm differs",headline,1,"sKDB (runtime-optimized, semantics-equivalent)",True,,5.0,3,367584,1.0338024000000026,355565.0480207814,,12,sKDB,855,63244,709334,0.004045144204285803,0.0076088470692675745,2,3,0.0076088470692675745,vectorized-compiled-shared-v1,,False,,,4.6041842999999965,5,2.383129699999998,"[""shared_kdb_structure_and_parameters"", ""shared_skdb_selection"", ""dkdb_discriminative"", ""sdkdb_discriminative""]","[0.3666115000000012, 0.7045525999999995, 0.6614578999999985, 0.6313397999999992]",0.9999811636464931,1.9649758999999989,62356.48997018237,122528,0.25607869999999977,1,0.04497301526630054,0.9999253082209836,1.325561718273248,,3,1.0,"[""V3"", ""V1"", ""V2""]",2,0.04138784364207624,"repeat=1,fold=1",122529,3.254857000000001,1.2898811000000023,122528,0.0029952092973908216
0.9026842625011222,0.9996329328624525,4df66753887fc1f9b5c0ad02a78b7c818b1376f3449e58b63c5a12e64043cd73,47840a4e8e0e60f0,Skin Segmentation,UCI Skin Segmentation via OpenML data_id=1502,,1,122528,3.158985500000007,"FewPLa outer protocol: 2 rounds x 2 folds, full source data; algorithm differs",headline,1,"dKDB (runtime-optimized, semantics-equivalent)",True,5.0,,3,367584,0.5414391999999992,678901.712325226,0.01,12,dKDB,855,123602,1386385,0.11568866466619256,0.16656628226769127,2,3,0.16656628226769127,vectorized-compiled-shared-v1,adagrad,False,,,4.712509999999995,5,2.383129699999998,"[""shared_kdb_structure_and_parameters"", ""shared_skdb_selection"", ""dkdb_discriminative"", ""sdkdb_discriminative""]","[0.3666115000000012, 0.7045525999999995, 0.6614578999999985, 0.6313397999999992]",0.9996329328624525,2.073301599999997,59098.49295442601,122528,0.25607869999999977,1,0.24050848702924452,0.9985470567623705,1.325561718273248,,3,1.0,"[""V3"", ""V1"", ""V2""]",2,,"repeat=1,fold=1",122529,2.870819499999996,0.797517899999999,122528,0.09731573749887781
0.9026842625011222,0.9996329328624525,f3ed55061c5cd252518d9594d24ba5f6b7fd26c536e5885b3950376edfde2c2e,47840a4e8e0e60f0,Skin Segmentation,UCI Skin Segmentation via OpenML data_id=1502,,1,122528,3.158985500000007,"FewPLa outer protocol: 2 rounds x 2 folds, full source data; algorithm differs",headline,1,"sdKDB (experimental/unpublished; runtime-optimized, semantics-equivalent)",True,,5.0,4,490112,1.254302800000005,390744.5634339635,0.01,12,sdKDB (experimental/unpublished),855,123602,1387082,0.11568866466619256,0.16656628226769127,2,3,0.16656628226769127,vectorized-compiled-shared-v1,adagrad,False,,,4.405321399999995,5,2.383129699999998,"[""shared_kdb_structure_and_parameters"", ""shared_skdb_selection"", ""dkdb_discriminative"", ""sdkdb_discriminative""]","[0.3666115000000012, 0.7045525999999995, 0.6614578999999985, 0.6313397999999992]",0.9996329328624525,1.7661129999999972,69377.78047044566,122528,0.25607869999999977,1,0.24050848702924452,0.9985470567623705,1.325561718273248,,3,1.0,"[""V3"", ""V1"", ""V2""]",2,0.04138784364207624,"repeat=1,fold=1",122529,3.276494500000002,1.5103815000000047,122528,0.09731573749887781
0.9972740924523374,0.9999803221592858,79494d5ec9a2a9874a91db8922a3ed5a28d48c098b22f3fdc1153bae85dbf9a8,47840a4e8e0e60f0,Skin Segmentation,UCI Skin Segmentation via OpenML data_id=1502,,0,0,3.635588600000009,"FewPLa outer protocol: 2 rounds x 2 folds, full source data; algorithm differs",headline,2,"KDB (runtime-optimized, semantics-equivalent)",True,5.0,,2,245058,0.3782360000000011,647897.080129864,,12,KDB,802,49862,591777,0.0035714185083588084,0.006945195737605005,2,3,0.006945195737605005,vectorized-compiled-shared-v1,,False,,,4.490799399999997,5,2.523162599999999,"[""shared_kdb_structure_and_parameters"", ""shared_skdb_selection"", ""dkdb_discriminative"", ""sdkdb_discriminative""]","[0.4154750999999983, 0.7948829000000011, 0.636982500000002, 0.6531090999999982]",0.9999803221592858,1.742911699999997,70300.7501756975,122529,0.22472510000000057,1,0.04225765320246031,0.9999226061553876,1.440885577489144,,3,1.0,"[""V3"", ""V1"", ""V2""]",2,,"repeat=1,fold=2",122528,2.3458727999999986,0.6029611000000017,122529,0.002725907547662575
0.9972740924523374,0.9999803221592858,b69319e9c1fad5a046b726599d57fe347196d2e0f45d25036f93ee4d1e7a746a,47840a4e8e0e60f0,Skin Segmentation,UCI Skin Segmentation via OpenML data_id=1502,,0,0,3.635588600000009,"FewPLa outer protocol: 2 rounds x 2 folds, full source data; algorithm differs",headline,2,"sKDB (runtime-optimized, semantics-equivalent)",True,,5.0,3,367587,1.1729895000000035,313376.20669238636,,12,sKDB,802,49862,592458,0.0035714185083588084,0.006945195737605005,2,3,0.006945195737605005,vectorized-compiled-shared-v1,,False,,,4.471938999999999,5,2.523162599999999,"[""shared_kdb_structure_and_parameters"", ""shared_skdb_selection"", ""dkdb_discriminative"", ""sdkdb_discriminative""]","[0.4154750999999983, 0.7948829000000011, 0.636982500000002, 0.6531090999999982]",0.9999803221592858,1.7240512999999993,71069.81097372221,122529,0.22472510000000057,1,0.04225765320246031,0.9999226061553876,1.440885577489144,,3,1.0,"[""V3"", ""V1"", ""V2""]",2,0.039251925444122565,"repeat=1,fold=2",122528,3.1217659000000033,1.397714600000004,122529,0.002725907547662575
0.9025773700705145,0.9997005444526381,9f915608b2a4a1cf662cfb97f7dcfc5e4f3d3f3ea9359b7630ba24434890a6d0,47840a4e8e0e60f0,Skin Segmentation,UCI Skin Segmentation via OpenML data_id=1502,,1,122529,3.635588600000009,"FewPLa outer protocol: 2 rounds x 2 folds, full source data; algorithm differs",headline,2,"dKDB (runtime-optimized, semantics-equivalent)",True,5.0,,3,367587,0.6449029999999993,569988.0447137017,0.01,12,dKDB,802,97486,1158037,0.11536354829663065,0.1658992733299305,2,3,0.1658992733299305,vectorized-compiled-shared-v1,adagrad,False,,,4.512855599999995,5,2.523162599999999,"[""shared_kdb_structure_and_parameters"", ""shared_skdb_selection"", ""dkdb_discriminative"", ""sdkdb_discriminative""]","[0.4154750999999983, 0.7948829000000011, 0.636982500000002, 0.6531090999999982]",0.9997005444526381,1.764967899999995,69422.2257526612,122529,0.22472510000000057,1,0.24017030238627615,0.9988224117622985,1.440885577489144,,3,1.0,"[""V3"", ""V1"", ""V2""]",2,,"repeat=1,fold=2",122528,2.634595999999995,0.8696280999999999,122529,0.0974226299294855
0.9025773700705145,0.9997005444526381,c9be0336b821e818c5a6fd826b9d3a8b683a1ee477b86f3d4e53330c5439b20d,47840a4e8e0e60f0,Skin Segmentation,UCI Skin Segmentation via OpenML data_id=1502,,1,122529,3.635588600000009,"FewPLa outer protocol: 2 rounds x 2 folds, full source data; algorithm differs",headline,2,"sdKDB (experimental/unpublished; runtime-optimized, semantics-equivalent)",True,,5.0,4,490116,1.4394601000000051,340485.9919354474,0.01,12,sdKDB (experimental/unpublished),802,97486,1158734,0.11536354829663065,0.1658992733299305,2,3,0.1658992733299305,vectorized-compiled-shared-v1,adagrad,False,,,4.473416499999999,5,2.523162599999999,"[""shared_kdb_structure_and_parameters"", ""shared_skdb_selection"", ""dkdb_discriminative"", ""sdkdb_discriminative""]","[0.4154750999999983, 0.7948829000000011, 0.636982500000002, 0.6531090999999982]",0.9997005444526381,1.7255287999999993,71008.95679052129,122529,0.22472510000000057,1,0.24017030238627615,0.9988224117622985,1.440885577489144,,3,1.0,"[""V3"", ""V1"", ""V2""]",2,0.039251925444122565,"repeat=1,fold=2",122528,3.389714000000005,1.6641852000000057,122529,0.0974226299294855
0.9967844347052535,0.9999796398039309,3f4e72d685dc6f05316e60e1729f5d3c6251337c8a22d248a2aaeda42f2dae00,47840a4e8e0e60f0,Skin Segmentation,UCI Skin Segmentation via OpenML data_id=1502,,0,0,3.2978987999999916,"FewPLa outer protocol: 2 rounds x 2 folds, full source data; algorithm differs",headline,1,"KDB (runtime-optimized, semantics-equivalent)",True,5.0,,2,245056,0.34726309999999927,705678.2019166462,,12,KDB,736,52920,585685,0.004158509902406055,0.007662092913422102,2,3,0.007662092913422102,vectorized-compiled-shared-v1,,False,,,4.186417799999994,5,2.252155000000002,"[""shared_kdb_structure_and_parameters"", ""shared_skdb_selection"", ""dkdb_discriminative"", ""sdkdb_discriminative""]","[0.38391419999999954, 0.7099851000000044, 0.5604112999999984, 0.5722140999999965]",0.9999796398039309,1.6532026999999943,74116.13832955899,122528,0.2810600999999977,2,0.04559884813460782,0.9999197647870098,1.4643302969822187,,3,1.0,"[""V3"", ""V2"", ""V1""]",2,,"repeat=2,fold=1",122529,2.2815258999999912,0.628323199999997,122528,0.0032155652947465497
0.9967844347052535,0.9999796398039309,ce60d876470c6f198188c8c70bdf12e958fb185c140e9915d1050a3d0379c3d0,47840a4e8e0e60f0,Skin Segmentation,UCI Skin Segmentation via OpenML data_id=1502,,0,0,3.2978987999999916,"FewPLa outer protocol: 2 rounds x 2 folds, full source data; algorithm differs",headline,1,"sKDB (runtime-optimized, semantics-equivalent)",True,,5.0,3,367584,1.0571482999999944,347712.80434353626,,12,sKDB,736,52920,586366,0.004158509902406055,0.007662092913422102,2,3,0.007662092913422102,vectorized-compiled-shared-v1,,False,,,4.263551700000001,5,2.252155000000002,"[""shared_kdb_structure_and_parameters"", ""shared_skdb_selection"", ""dkdb_discriminative"", ""sdkdb_discriminative""]","[0.38391419999999954, 0.7099851000000044, 0.5604112999999984, 0.5722140999999965]",0.9999796398039309,1.7303366000000011,70812.23387403348,122528,0.2810600999999977,2,0.04559884813460782,0.9999197647870098,1.4643302969822187,,3,1.0,"[""V3"", ""V2"", ""V1""]",2,0.04143096111407747,"repeat=2,fold=1",122529,3.068544999999993,1.338208399999992,122528,0.0032155652947465497
0.913277673040668,0.9996920679065081,422bdd0ed7b75dc0f5f1c689d7d5a941cc961f5ed51a77923f0a0b4c6ba7a9e3,47840a4e8e0e60f0,Skin Segmentation,UCI Skin Segmentation via OpenML data_id=1502,,1,122528,3.2978987999999916,"FewPLa outer protocol: 2 rounds x 2 folds, full source data; algorithm differs",headline,1,"dKDB (runtime-optimized, semantics-equivalent)",True,5.0,,3,367584,0.5902311999999981,622779.6836222843,0.01,12,dKDB,736,103178,1160153,0.10361281220797963,0.1521099739176016,2,3,0.1521099739176016,vectorized-compiled-shared-v1,adagrad,False,,,4.381855999999999,5,2.252155000000002,"[""shared_kdb_structure_and_parameters"", ""shared_skdb_selection"", ""dkdb_discriminative"", ""sdkdb_discriminative""]","[0.38391419999999954, 0.7099851000000044, 0.5604112999999984, 0.5722140999999965]",0.9996920679065081,1.8486408999999995,66280.58483397184,122528,0.2810600999999977,2,0.22761020650223446,0.9987721311972876,1.4643302969822187,,3,1.0,"[""V3"", ""V2"", ""V1""]",2,,"repeat=2,fold=1",122529,2.7199321999999952,0.8712912999999958,122528,0.08672232695933207
0.913277673040668,0.9996920679065081,a25f522d8efcaf36f58e3cea0b112b43f00e2fe38dcc791210c46cc30b291a3b,47840a4e8e0e60f0,Skin Segmentation,UCI Skin Segmentation via OpenML data_id=1502,,1,122528,3.2978987999999916,"FewPLa outer protocol: 2 rounds x 2 folds, full source data; algorithm differs",headline,1,"sdKDB (experimental/unpublished; runtime-optimized, semantics-equivalent)",True,,5.0,4,490112,1.3032561999999999,376067.26904502744,0.01,12,sdKDB (experimental/unpublished),736,103178,1160850,0.10361281220797963,0.1521099739176016,2,3,0.1521099739176016,vectorized-compiled-shared-v1,adagrad,False,,,4.364342800000003,5,2.252155000000002,"[""shared_kdb_structure_and_parameters"", ""shared_skdb_selection"", ""dkdb_discriminative"", ""sdkdb_discriminative""]","[0.38391419999999954, 0.7099851000000044, 0.5604112999999984, 0.5722140999999965]",0.9996920679065081,1.8311277000000032,66914.50301363459,122528,0.2810600999999977,2,0.22761020650223446,0.9987721311972876,1.4643302969822187,,3,1.0,"[""V3"", ""V2"", ""V1""]",2,0.04143096111407747,"repeat=2,fold=1",122529,3.415444000000001,1.5843162999999976,122528,0.08672232695933207
0.9971598328545312,0.9999718737945608,d3fe0fa00f052e33822ece3ea3a3b4f1c8d3d91632fcb23951ef81b3e2b362e7,47840a4e8e0e60f0,Skin Segmentation,UCI Skin Segmentation via OpenML data_id=1502,,0,0,3.540020499999983,"FewPLa outer protocol: 2 rounds x 2 folds, full source data; algorithm differs",headline,2,"KDB (runtime-optimized, semantics-equivalent)",True,5.0,,2,245058,0.352230899999995,695731.1241007063,,12,KDB,732,51124,570549,0.0034184490247478115,0.006990726461557313,2,3,0.006990726461557313,vectorized-compiled-shared-v1,,False,,,4.546133900000008,5,2.4490735000000043,"[""shared_kdb_structure_and_parameters"", ""shared_skdb_selection"", ""dkdb_discriminative"", ""sdkdb_discriminative""]","[0.3811480999999972, 0.8086174999999969, 0.605556600000007, 0.6346191000000019]",0.9999718737945608,1.8561024000000046,66013.5992496964,122529,0.24095799999999912,2,0.041342768562033984,0.999893391417306,1.445452943735652,,3,1.0,"[""V3"", ""V1"", ""V2""]",2,,"repeat=2,fold=2",122528,2.4492912999999987,0.5931888999999941,122529,0.002840167145468791
0.9971598328545312,0.9999718737945608,5b5eaf6786ec18d4df07e455ce499b38cfc928a0cb8ed6cf979e3c5be0c08f69,47840a4e8e0e60f0,Skin Segmentation,UCI Skin Segmentation via OpenML data_id=1502,,0,0,3.540020499999983,"FewPLa outer protocol: 2 rounds x 2 folds, full source data; algorithm differs",headline,2,"sKDB (runtime-optimized, semantics-equivalent)",True,,5.0,3,367587,1.1607210999999964,316688.4792565597,,12,sKDB,732,51124,571230,0.0034184490247478115,0.006990726461557313,2,3,0.006990726461557313,vectorized-compiled-shared-v1,,False,,,4.280471200000008,5,2.4490735000000043,"[""shared_kdb_structure_and_parameters"", ""shared_skdb_selection"", ""dkdb_discriminative"", ""sdkdb_discriminative""]","[0.3811480999999972, 0.8086174999999969, 0.605556600000007, 0.6346191000000019]",0.9999718737945608,1.5904397000000046,77040.33041931715,122529,0.24095799999999912,2,0.041342768562033984,0.999893391417306,1.445452943735652,,3,1.0,"[""V3"", ""V1"", ""V2""]",2,0.04075717237946515,"repeat=2,fold=2",122528,2.9921188,1.4016790999999955,122529,0.002840167145468791
0.9103633455210238,0.9996881612328146,99525fc3a0dc4a72de07bedac090fc62434e3258408ba5be5a427bb11c9df1e6,47840a4e8e0e60f0,Skin Segmentation,UCI Skin Segmentation via OpenML data_id=1502,,1,122529,3.540020499999983,"FewPLa outer protocol: 2 rounds x 2 folds, full source data; algorithm differs",headline,2,"dKDB (runtime-optimized, semantics-equivalent)",True,5.0,,3,367587,0.6151769999999956,597530.4668412548,0.01,12,dKDB,732,99802,1131993,0.11409277904660257,0.1642092771376462,2,3,0.1642092771376462,vectorized-compiled-shared-v1,adagrad,False,,,4.483004800000003,5,2.4490735000000043,"[""shared_kdb_structure_and_parameters"", ""shared_skdb_selection"", ""dkdb_discriminative"", ""sdkdb_discriminative""]","[0.3811480999999972, 0.8086174999999969, 0.605556600000007, 0.6346191000000019]",0.9996881612328146,1.7929732999999999,68337.88322447412,122529,0.24095799999999912,2,0.2388438601331449,0.9987938907907147,1.445452943735652,,3,1.0,"[""V3"", ""V1"", ""V2""]",2,,"repeat=2,fold=2",122528,2.6491082999999946,0.8561349999999948,122529,0.08963665447897623
0.9103633455210238,0.9996881612328146,6277b2525e2c61c7515c64b0cd628171431d155c2b45513d1fc1b6d502c3260d,47840a4e8e0e60f0,Skin Segmentation,UCI Skin Segmentation via OpenML data_id=1502,,1,122529,3.540020499999983,"FewPLa outer protocol: 2 rounds x 2 folds, full source data; algorithm differs",headline,2,"sdKDB (experimental/unpublished; runtime-optimized, semantics-equivalent)",True,,5.0,4,490116,1.4118914999999959,347134.3229986167,0.01,12,sdKDB (experimental/unpublished),732,99802,1132690,0.11409277904660257,0.1642092771376462,2,3,0.1642092771376462,vectorized-compiled-shared-v1,adagrad,False,,,4.4714606,5,2.4490735000000043,"[""shared_kdb_structure_and_parameters"", ""shared_skdb_selection"", ""dkdb_discriminative"", ""sdkdb_discriminative""]","[0.3811480999999972, 0.8086174999999969, 0.605556600000007, 0.6346191000000019]",0.9996881612328146,1.7814290999999969,68780.73340106559,122529,0.24095799999999912,2,0.2388438601331449,0.9987938907907147,1.445452943735652,,3,1.0,"[""V3"", ""V1"", ""V2""]",2,0.04075717237946515,"repeat=2,fold=2",122528,3.434278599999992,1.652849499999995,122529,0.08963665447897623
0.8573932833066797,0.9682226268420075,687f3783fe6409777ed8638423da20d6920e2ac7cf9723417f448d9f751a2bb7,47840a4e8e0e60f0,MiniBooNE,UCI MiniBooNE via OpenML data_id=41150,,0,0,279.3232604000001,"FewPLa outer protocol: 2 rounds x 2 folds, full source data; algorithm differs",headline,1,"KDB (runtime-optimized, semantics-equivalent)",True,5.0,,2,130064,38.43819720000002,3383.7174861052,,12,KDB,1174240,25202406,491420097,0.2580581547161796,1.1022850773925381,2,50,1.1022850773925381,vectorized-compiled-shared-v1,,False,,,553.7901091000001,5,261.3653787,"[""shared_kdb_structure_and_parameters"", ""shared_skdb_selection"", ""dkdb_discriminative"", ""sdkdb_discriminative""]","[38.53481810000001, 55.11078690000001, 163.4181365, 4.288968899999986]",0.9682226268420075,289.08476730000007,224.95823839971655,65032,3.3399630999999985,1,0.3592061766702931,0.9232894527399896,1.0687079589091733,,50,1.0,"[""ParticleID_0"", ""ParticleID_16"", ""ParticleID_2"", ""ParticleID_15"", ""ParticleID_1"", ""ParticleID_5"", ""ParticleID_26"", ""ParticleID_22"", ""ParticleID_3"", ""ParticleID_31"", ""ParticleID_6"", ""ParticleID_7"", ""ParticleID_14"", ""ParticleID_24"", ""ParticleID_47"", ""ParticleID_27"", ""ParticleID_37"", ""ParticleID_30"", ""ParticleID_34"", ""ParticleID_48"", ""ParticleID_32"", ""ParticleID_36"", ""ParticleID_25"", ""ParticleID_9"", ""ParticleID_41"", ""ParticleID_8"", ""ParticleID_13"", ""ParticleID_4"", ""ParticleID_45"", ""ParticleID_23"", ""ParticleID_29"", ""ParticleID_17"", ""ParticleID_20"", ""ParticleID_19"", ""ParticleID_44"", ""ParticleID_28"", ""ParticleID_21"", ""ParticleID_39"", ""ParticleID_43"", ""ParticleID_46"", ""ParticleID_35"", ""ParticleID_49"", ""ParticleID_12"", ""ParticleID_10"", ""ParticleID_11"", ""ParticleID_18"", ""ParticleID_38"", ""ParticleID_40"", ""ParticleID_42"", ""ParticleID_33""]",5,,"repeat=1,fold=1",65032,330.8629276000001,41.77816030000002,65032,0.1426067166933202
0.9039088448763686,0.9820953045594422,f8a59eec0178d23248713f6a33d589543e2cfa95e9d59a7cb104727be6426751,47840a4e8e0e60f0,MiniBooNE,UCI MiniBooNE via OpenML data_id=41150,,0,0,279.3232604000001,"FewPLa outer protocol: 2 rounds x 2 folds, full source data; algorithm differs",headline,1,"sKDB (runtime-optimized, semantics-equivalent)",True,,5.0,3,195096,93.39943960000001,2088.834802816097,,12,sKDB,6981,158994,2836206,0.16335895635347744,0.4655988613574562,2,50,0.4655988613574562,vectorized-compiled-shared-v1,,False,,,273.4545208,5,261.3653787,"[""shared_kdb_structure_and_parameters"", ""shared_skdb_selection"", ""dkdb_discriminative"", ""sdkdb_discriminative""]","[38.53481810000001, 55.11078690000001, 163.4181365, 4.288968899999986]",0.9820953045594422,8.749179000000026,7432.925992255937,65032,3.3399630999999985,1,0.2857962179188849,0.9578266228141838,1.0687079589091733,,46,0.92,"[""ParticleID_0"", ""ParticleID_16"", ""ParticleID_2"", ""ParticleID_15"", ""ParticleID_1"", ""ParticleID_5"", ""ParticleID_26"", ""ParticleID_22"", ""ParticleID_3"", ""ParticleID_31"", ""ParticleID_6"", ""ParticleID_7"", ""ParticleID_14"", ""ParticleID_24"", ""ParticleID_47"", ""ParticleID_27"", ""ParticleID_37"", ""ParticleID_30"", ""ParticleID_34"", ""ParticleID_48"", ""ParticleID_32"", ""ParticleID_36"", ""ParticleID_25"", ""ParticleID_9"", ""ParticleID_41"", ""ParticleID_8"", ""ParticleID_13"", ""ParticleID_4"", ""ParticleID_45"", ""ParticleID_23"", ""ParticleID_29"", ""ParticleID_17"", ""ParticleID_20"", ""ParticleID_19"", ""ParticleID_44"", ""ParticleID_28"", ""ParticleID_21"", ""ParticleID_39"", ""ParticleID_43"", ""ParticleID_46"", ""ParticleID_35"", ""ParticleID_49"", ""ParticleID_12"", ""ParticleID_10"", ""ParticleID_11"", ""ParticleID_18""]",2,0.2839535101070527,"repeat=1,fold=1",65032,105.48858170000003,96.7394027,65032,0.09609115512363145
0.7776479271743142,0.9771826817934212,bee817a63d5050ecacf8ec34a6a76cbc1b0d597306720c2440be46e64d0e0309,47840a4e8e0e60f0,MiniBooNE,UCI MiniBooNE via OpenML data_id=41150,,1,65032,332.6931194,"FewPLa outer protocol: 2 rounds x 2 folds, full source data; algorithm differs",headline,1,"dKDB (runtime-optimized, semantics-equivalent)",True,5.0,,3,195096,61.2725648,3184.0677901572026,0.01,12,dKDB,1174240,43039858,835983305,0.31762991127099743,0.48140756967154896,2,50,0.48140756967154896,vectorized-compiled-shared-v1,adagrad,False,,,580.6441705999999,5,265.2967508,"[""shared_kdb_structure_and_parameters"", ""shared_skdb_selection"", ""dkdb_discriminative"", ""sdkdb_discriminative""]","[47.5485286, 62.63042470000002, 149.75137409999996, 5.352471600000001]",0.9771826817934212,311.45922429999996,208.79779735584478,65032,3.8881954999999984,1,0.3985159415073614,0.9425405187453552,1.254041439997915,,50,1.0,"[""ParticleID_0"", ""ParticleID_16"", ""ParticleID_2"", ""ParticleID_15"", ""ParticleID_1"", ""ParticleID_5"", ""ParticleID_26"", ""ParticleID_22"", ""ParticleID_3"", ""ParticleID_31"", ""ParticleID_6"", ""ParticleID_7"", ""ParticleID_14"", ""ParticleID_24"", ""ParticleID_47"", ""ParticleID_27"", ""ParticleID_37"", ""ParticleID_30"", ""ParticleID_34"", ""ParticleID_48"", ""ParticleID_32"", ""ParticleID_36"", ""ParticleID_25"", ""ParticleID_9"", ""ParticleID_41"", ""ParticleID_8"", ""ParticleID_13"", ""ParticleID_4"", ""ParticleID_45"", ""ParticleID_23"", ""ParticleID_29"", ""ParticleID_17"", ""ParticleID_20"", ""ParticleID_19"", ""ParticleID_44"", ""ParticleID_28"", ""ParticleID_21"", ""ParticleID_39"", ""ParticleID_43"", ""ParticleID_46"", ""ParticleID_35"", ""ParticleID_49"", ""ParticleID_12"", ""ParticleID_10"", ""ParticleID_11"", ""ParticleID_18"", ""ParticleID_38"", ""ParticleID_40"", ""ParticleID_42"", ""ParticleID_33""]",5,,"repeat=1,fold=1",65032,376.61998459999995,65.16076029999999,65032,0.2223520728256858
0.7313783983269775,0.9772049163297372,f1502c8345ebf1af4ee229db21c16deac0698d62d56a2f8a058115749a641c6b,47840a4e8e0e60f0,MiniBooNE,UCI MiniBooNE via OpenML data_id=41150,,1,65032,332.6931194,"FewPLa outer protocol: 2 rounds x 2 folds, full source data; algorithm differs",headline,1,"sdKDB (experimental/unpublished; runtime-optimized, semantics-equivalent)",True,,5.0,4,260128,114.0524177,2280.7758506639707,0.01,12,sdKDB (experimental/unpublished),6981,304484,5522822,0.4544524455751862,0.8394370664971081,2,50,0.8394370664971081,vectorized-compiled-shared-v1,adagrad,False,,,281.4150555,5,265.2967508,"[""shared_kdb_structure_and_parameters"", ""shared_skdb_selection"", ""dkdb_discriminative"", ""sdkdb_discriminative""]","[47.5485286, 62.63042470000002, 149.75137409999996, 5.352471600000001]",0.9772049163297372,12.230109200000015,5317.368711638316,65032,3.8881954999999984,1,0.47668251781200566,0.9416253382784503,1.254041439997915,,46,0.92,"[""ParticleID_0"", ""ParticleID_16"", ""ParticleID_2"", ""ParticleID_15"", ""ParticleID_1"", ""ParticleID_5"", ""ParticleID_26"", ""ParticleID_22"", ""ParticleID_3"", ""ParticleID_31"", ""ParticleID_6"", ""ParticleID_7"", ""ParticleID_14"", ""ParticleID_24"", ""ParticleID_47"", ""ParticleID_27"", ""ParticleID_37"", ""ParticleID_30"", ""ParticleID_34"", ""ParticleID_48"", ""ParticleID_32"", ""ParticleID_36"", ""ParticleID_25"", ""ParticleID_9"", ""ParticleID_41"", ""ParticleID_8"", ""ParticleID_13"", ""ParticleID_4"", ""ParticleID_45"", ""ParticleID_23"", ""ParticleID_29"", ""ParticleID_17"", ""ParticleID_20"", ""ParticleID_19"", ""ParticleID_44"", ""ParticleID_28"", ""ParticleID_21"", ""ParticleID_39"", ""ParticleID_43"", ""ParticleID_46"", ""ParticleID_35"", ""ParticleID_49"", ""ParticleID_12"", ""ParticleID_10"", ""ParticleID_11"", ""ParticleID_18""]",2,0.2839535101070527,"repeat=1,fold=1",65032,130.17072240000002,117.9406132,65032,0.2686216016730225
0.8556249231147742,0.9671412496309764,406aab8fa60bf4bf48040980b903f88916064817b893eb38af6467c5a9f422f9,47840a4e8e0e60f0,MiniBooNE,UCI MiniBooNE via OpenML data_id=41150,,0,0,356.4982282000002,"FewPLa outer protocol: 2 rounds x 2 folds, full source data; algorithm differs",headline,2,"KDB (runtime-optimized, semantics-equivalent)",True,5.0,,2,130064,50.40279810000004,2580.491657267732,,12,KDB,1197028,25668986,502053929,0.26178452558958754,1.1153292459036095,2,50,1.1153292459036095,vectorized-compiled-shared-v1,,False,,,649.2253778,5,321.9919125,"[""shared_kdb_structure_and_parameters"", ""shared_skdb_selection"", ""dkdb_discriminative"", ""sdkdb_discriminative""]","[50.51669759999993, 68.14841549999994, 197.1973372, 6.1155043000001115]",0.9671412496309764,322.0755497,201.9153582461463,65032,5.157915600000024,1,0.3617903575204759,0.9214158399034871,1.107165162727496,,50,1.0,"[""ParticleID_0"", ""ParticleID_16"", ""ParticleID_15"", ""ParticleID_2"", ""ParticleID_1"", ""ParticleID_26"", ""ParticleID_5"", ""ParticleID_22"", ""ParticleID_31"", ""ParticleID_3"", ""ParticleID_6"", ""ParticleID_7"", ""ParticleID_14"", ""ParticleID_24"", ""ParticleID_47"", ""ParticleID_27"", ""ParticleID_37"", ""ParticleID_30"", ""ParticleID_34"", ""ParticleID_32"", ""ParticleID_48"", ""ParticleID_25"", ""ParticleID_36"", ""ParticleID_41"", ""ParticleID_9"", ""ParticleID_8"", ""ParticleID_13"", ""ParticleID_4"", ""ParticleID_29"", ""ParticleID_45"", ""ParticleID_17"", ""ParticleID_20"", ""ParticleID_23"", ""ParticleID_19"", ""ParticleID_28"", ""ParticleID_44"", ""ParticleID_21"", ""ParticleID_39"", ""ParticleID_43"", ""ParticleID_46"", ""ParticleID_35"", ""ParticleID_49"", ""ParticleID_12"", ""ParticleID_10"", ""ParticleID_18"", ""ParticleID_11"", ""ParticleID_38"", ""ParticleID_42"", ""ParticleID_40"", ""ParticleID_33""]",5,,"repeat=1,fold=2",65032,377.6362634000001,55.560713700000065,65032,0.14437507688522574
0.9046161889531308,0.9820537466689587,299abff087a4552aaa732cc975a11696320775c84f4721146d2809de8978d13b,47840a4e8e0e60f0,MiniBooNE,UCI MiniBooNE via OpenML data_id=41150,,0,0,356.4982282000002,"FewPLa outer protocol: 2 rounds x 2 folds, full source data; algorithm differs",headline,2,"sKDB (runtime-optimized, semantics-equivalent)",True,,5.0,3,195096,118.35255200000006,1648.430867802495,,12,sKDB,7197,161632,2943902,0.1628345910625821,0.4678525664749287,2,50,0.4678525664749287,vectorized-compiled-shared-v1,,False,,,338.25987280000015,5,321.9919125,"[""shared_kdb_structure_and_parameters"", ""shared_skdb_selection"", ""dkdb_discriminative"", ""sdkdb_discriminative""]","[50.51669759999993, 68.14841549999994, 197.1973372, 6.1155043000001115]",0.9820537466689587,11.110044700000117,5853.441795783172,65032,5.157915600000024,1,0.28533716114675817,0.957846986281528,1.107165162727496,,46,0.92,"[""ParticleID_0"", ""ParticleID_16"", ""ParticleID_15"", ""ParticleID_2"", ""ParticleID_1"", ""ParticleID_26"", ""ParticleID_5"", ""ParticleID_22"", ""ParticleID_31"", ""ParticleID_3"", ""ParticleID_6"", ""ParticleID_7"", ""ParticleID_14"", ""ParticleID_24"", ""ParticleID_47"", ""ParticleID_27"", ""ParticleID_37"", ""ParticleID_30"", ""ParticleID_34"", ""ParticleID_32"", ""ParticleID_48"", ""ParticleID_25"", ""ParticleID_36"", ""ParticleID_41"", ""ParticleID_9"", ""ParticleID_8"", ""ParticleID_13"", ""ParticleID_4"", ""ParticleID_29"", ""ParticleID_45"", ""ParticleID_17"", ""ParticleID_20"", ""ParticleID_23"", ""ParticleID_19"", ""ParticleID_28"", ""ParticleID_44"", ""ParticleID_21"", ""ParticleID_39"", ""ParticleID_43"", ""ParticleID_46"", ""ParticleID_35"", ""ParticleID_49"", ""ParticleID_12"", ""ParticleID_10"", ""ParticleID_18"", ""ParticleID_11""]",2,0.2830754510404537,"repeat=1,fold=2",65032,134.6205123000002,123.51046760000008,65032,0.09538381104686923
0.7773096321810801,0.9756062997378743,6d61b7c04d129c2f1d63f91bd45a702696f1e5a0fd29d3966715c76878adaa34,47840a4e8e0e60f0,MiniBooNE,UCI MiniBooNE via OpenML data_id=41150,,1,65032,356.4982282000002,"FewPLa outer protocol: 2 rounds x 2 folds, full source data; algorithm differs",headline,2,"dKDB (runtime-optimized, semantics-equivalent)",True,5.0,,3,195096,65.04074440000011,2999.5966651328745,0.01,12,dKDB,1197028,43925404,854068313,0.32239174040324386,0.4918752773688213,2,50,0.4918752773688213,vectorized-compiled-shared-v1,adagrad,False,,,643.5097326000001,5,321.9919125,"[""shared_kdb_structure_and_parameters"", ""shared_skdb_selection"", ""dkdb_discriminative"", ""sdkdb_discriminative""]","[50.51669759999993, 68.14841549999994, 197.1973372, 6.1155043000001115]",0.9756062997378743,316.3599045000001,205.56334439024963,65032,5.157915600000024,1,0.4014920549669968,0.9397856989901272,1.107165162727496,,50,1.0,"[""ParticleID_0"", ""ParticleID_16"", ""ParticleID_15"", ""ParticleID_2"", ""ParticleID_1"", ""ParticleID_26"", ""ParticleID_5"", ""ParticleID_22"", ""ParticleID_31"", ""ParticleID_3"", ""ParticleID_6"", ""ParticleID_7"", ""ParticleID_14"", ""ParticleID_24"", ""ParticleID_47"", ""ParticleID_27"", ""ParticleID_37"", ""ParticleID_30"", ""ParticleID_34"", ""ParticleID_32"", ""ParticleID_48"", ""ParticleID_25"", ""ParticleID_36"", ""ParticleID_41"", ""ParticleID_9"", ""ParticleID_8"", ""ParticleID_13"", ""ParticleID_4"", ""ParticleID_29"", ""ParticleID_45"", ""ParticleID_17"", ""ParticleID_20"", ""ParticleID_23"", ""ParticleID_19"", ""ParticleID_28"", ""ParticleID_44"", ""ParticleID_21"", ""ParticleID_39"", ""ParticleID_43"", ""ParticleID_46"", ""ParticleID_35"", ""ParticleID_49"", ""ParticleID_12"", ""ParticleID_10"", ""ParticleID_18"", ""ParticleID_11"", ""ParticleID_38"", ""ParticleID_42"", ""ParticleID_40"", ""ParticleID_33""]",5,,"repeat=1,fold=2",65032,386.5585645000002,70.19866000000013,65032,0.2226903678189199
0.7276725304465494,0.9771987938133249,0f0c0bbe9e1518cdc70f871a407065b0fe221833afe37adfb2fcfe3e1fc3bcae,47840a4e8e0e60f0,MiniBooNE,UCI MiniBooNE via OpenML data_id=41150,,1,65032,356.4982282000002,"FewPLa outer protocol: 2 rounds x 2 folds, full source data; algorithm differs",headline,2,"sdKDB (experimental/unpublished; runtime-optimized, semantics-equivalent)",True,,5.0,4,260128,122.70213369999999,2119.995734026914,0.01,12,sdKDB (experimental/unpublished),7197,309262,5683598,0.4601643662468842,0.8388035582713336,2,50,0.8388035582713336,vectorized-compiled-shared-v1,adagrad,False,,,339.61504189999994,5,321.9919125,"[""shared_kdb_structure_and_parameters"", ""shared_skdb_selection"", ""dkdb_discriminative"", ""sdkdb_discriminative""]","[50.51669759999993, 68.14841549999994, 197.1973372, 6.1155043000001115]",0.9771987938133249,12.465213799999901,5217.078587131856,65032,5.157915600000024,1,0.47966882650787523,0.9428138070975172,1.107165162727496,,46,0.92,"[""ParticleID_0"", ""ParticleID_16"", ""ParticleID_15"", ""ParticleID_2"", ""ParticleID_1"", ""ParticleID_26"", ""ParticleID_5"", ""ParticleID_22"", ""ParticleID_31"", ""ParticleID_3"", ""ParticleID_6"", ""ParticleID_7"", ""ParticleID_14"", ""ParticleID_24"", ""ParticleID_47"", ""ParticleID_27"", ""ParticleID_37"", ""ParticleID_30"", ""ParticleID_34"", ""ParticleID_32"", ""ParticleID_48"", ""ParticleID_25"", ""ParticleID_36"", ""ParticleID_41"", ""ParticleID_9"", ""ParticleID_8"", ""ParticleID_13"", ""ParticleID_4"", ""ParticleID_29"", ""ParticleID_45"", ""ParticleID_17"", ""ParticleID_20"", ""ParticleID_23"", ""ParticleID_19"", ""ParticleID_28"", ""ParticleID_44"", ""ParticleID_21"", ""ParticleID_39"", ""ParticleID_43"", ""ParticleID_46"", ""ParticleID_35"", ""ParticleID_49"", ""ParticleID_12"", ""ParticleID_10"", ""ParticleID_18"", ""ParticleID_11""]",2,0.2830754510404537,"repeat=1,fold=2",65032,140.32526309999992,127.86004930000001,65032,0.2723274695534506
0.8554711526633042,0.9676405008175658,bc3395a4325467fea3156df79b2b03923d54a13e9262cd1a145882466a8a65c9,47840a4e8e0e60f0,MiniBooNE,UCI MiniBooNE via OpenML data_id=41150,,0,0,339.6835693000005,"FewPLa outer protocol: 2 rounds x 2 folds, full source data; algorithm differs",headline,1,"KDB (runtime-optimized, semantics-equivalent)",True,5.0,,2,130064,47.12095700000009,2760.2155873022643,,12,KDB,1235237,26553034,518108829,0.26148069151821207,1.1072743092013757,2,50,1.1072743092013757,vectorized-compiled-shared-v1,,False,,,619.3750691,5,315.8720110999998,"[""shared_kdb_structure_and_parameters"", ""shared_skdb_selection"", ""dkdb_discriminative"", ""sdkdb_discriminative""]","[47.209811599999966, 66.43707950000021, 196.64829579999991, 5.562453900000037]",0.9676405008175658,299.2970143000002,217.28248827372266,65032,4.206043700000009,2,0.3615803448185562,0.9221934065496445,1.0753835647453498,,50,1.0,"[""ParticleID_0"", ""ParticleID_16"", ""ParticleID_15"", ""ParticleID_2"", ""ParticleID_1"", ""ParticleID_26"", ""ParticleID_5"", ""ParticleID_22"", ""ParticleID_31"", ""ParticleID_3"", ""ParticleID_6"", ""ParticleID_7"", ""ParticleID_14"", ""ParticleID_24"", ""ParticleID_47"", ""ParticleID_27"", ""ParticleID_37"", ""ParticleID_30"", ""ParticleID_48"", ""ParticleID_34"", ""ParticleID_32"", ""ParticleID_25"", ""ParticleID_36"", ""ParticleID_41"", ""ParticleID_9"", ""ParticleID_8"", ""ParticleID_13"", ""ParticleID_4"", ""ParticleID_29"", ""ParticleID_45"", ""ParticleID_17"", ""ParticleID_23"", ""ParticleID_20"", ""ParticleID_19"", ""ParticleID_44"", ""ParticleID_28"", ""ParticleID_21"", ""ParticleID_39"", ""ParticleID_43"", ""ParticleID_46"", ""ParticleID_35"", ""ParticleID_49"", ""ParticleID_12"", ""ParticleID_10"", ""ParticleID_11"", ""ParticleID_18"", ""ParticleID_38"", ""ParticleID_42"", ""ParticleID_40"", ""ParticleID_33""]",5,,"repeat=2,fold=1",65032,350.6240150000003,51.3270007000001,65032,0.14452884733669577
0.9034782876122525,0.9823432846815552,ab91e14f60c2944a534153a6f3350396d75217a362503f3fd2d8674cda76f240,47840a4e8e0e60f0,MiniBooNE,UCI MiniBooNE via OpenML data_id=41150,,0,0,339.6835693000005,"FewPLa outer protocol: 2 rounds x 2 folds, full source data; algorithm differs",headline,1,"sKDB (runtime-optimized, semantics-equivalent)",True,,5.0,3,195096,113.3865357000002,1720.6275753603402,,12,sKDB,7462,167910,3052994,0.16463080798954446,0.4747141188803404,2,50,0.4747141188803404,vectorized-compiled-shared-v1,,False,,,332.7664162999995,5,315.8720110999998,"[""shared_kdb_structure_and_parameters"", ""shared_skdb_selection"", ""dkdb_discriminative"", ""sdkdb_discriminative""]","[47.209811599999966, 66.43707950000021, 196.64829579999991, 5.562453900000037]",0.9823432846815552,12.6883614999997,5125.3268595792715,65032,4.206043700000009,2,0.28690661197464973,0.9580602696388905,1.0753835647453498,,47,0.94,"[""ParticleID_0"", ""ParticleID_16"", ""ParticleID_15"", ""ParticleID_2"", ""ParticleID_1"", ""ParticleID_26"", ""ParticleID_5"", ""ParticleID_22"", ""ParticleID_31"", ""ParticleID_3"", ""ParticleID_6"", ""ParticleID_7"", ""ParticleID_14"", ""ParticleID_24"", ""ParticleID_47"", ""ParticleID_27"", ""ParticleID_37"", ""ParticleID_30"", ""ParticleID_48"", ""ParticleID_34"", ""ParticleID_32"", ""ParticleID_25"", ""ParticleID_36"", ""ParticleID_41"", ""ParticleID_9"", ""ParticleID_8"", ""ParticleID_13"", ""ParticleID_4"", ""ParticleID_29"", ""ParticleID_45"", ""ParticleID_17"", ""ParticleID_23"", ""ParticleID_20"", ""ParticleID_19"", ""ParticleID_44"", ""ParticleID_28"", ""ParticleID_21"", ""ParticleID_39"", ""ParticleID_43"", ""ParticleID_46"", ""ParticleID_35"", ""ParticleID_49"", ""ParticleID_12"", ""ParticleID_10"", ""ParticleID_11"", ""ParticleID_18"", ""ParticleID_38""]",2,0.2833580655439018,"repeat=2,fold=1",65032,130.2809408999999,117.5925794000002,65032,0.09652171238774757
0.776925206052405,0.9760728261824945,2d703cd6cd1f6b6919ce168857f3075657f94204aecaf74e5fcae586a58c6f2e,47840a4e8e0e60f0,MiniBooNE,UCI MiniBooNE via OpenML data_id=41150,,1,65032,280.98855619999995,"FewPLa outer protocol: 2 rounds x 2 folds, full source data; algorithm differs",headline,1,"dKDB (runtime-optimized, semantics-equivalent)",True,5.0,,3,195096,51.4021786,3795.481151065453,0.01,12,dKDB,1235237,45337240,878727121,0.3215548543382541,0.48895010073375006,2,50,0.48895010073375006,vectorized-compiled-shared-v1,adagrad,False,,,557.3882762000001,5,263.0575459,"[""shared_kdb_structure_and_parameters"", ""shared_skdb_selection"", ""dkdb_discriminative"", ""sdkdb_discriminative""]","[38.6518033, 55.464002400000005, 164.4178889, 4.509052199999985]",0.9760728261824945,290.81633960000005,223.61879696803663,65032,3.5143907,2,0.4009706063655128,0.9407267424597799,1.068163831752678,,50,1.0,"[""ParticleID_0"", ""ParticleID_16"", ""ParticleID_15"", ""ParticleID_2"", ""ParticleID_1"", ""ParticleID_26"", ""ParticleID_5"", ""ParticleID_22"", ""ParticleID_31"", ""ParticleID_3"", ""ParticleID_6"", ""ParticleID_7"", ""ParticleID_14"", ""ParticleID_24"", ""ParticleID_47"", ""ParticleID_27"", ""ParticleID_37"", ""ParticleID_30"", ""ParticleID_48"", ""ParticleID_34"", ""ParticleID_32"", ""ParticleID_25"", ""ParticleID_36"", ""ParticleID_41"", ""ParticleID_9"", ""ParticleID_8"", ""ParticleID_13"", ""ParticleID_4"", ""ParticleID_29"", ""ParticleID_45"", ""ParticleID_17"", ""ParticleID_23"", ""ParticleID_20"", ""ParticleID_19"", ""ParticleID_44"", ""ParticleID_28"", ""ParticleID_21"", ""ParticleID_39"", ""ParticleID_43"", ""ParticleID_46"", ""ParticleID_35"", ""ParticleID_49"", ""ParticleID_12"", ""ParticleID_10"", ""ParticleID_11"", ""ParticleID_18"", ""ParticleID_38"", ""ParticleID_42"", ""ParticleID_40"", ""ParticleID_33""]",5,,"repeat=2,fold=1",65032,345.73290890000004,54.9165693,65032,0.22307479394759502
0.7284875138393406,0.9776047188986606,e94e25f58c8203da63fda6051dab986d5125f976ecdd47b28179054bc786bbdf,47840a4e8e0e60f0,MiniBooNE,UCI MiniBooNE via OpenML data_id=41150,,1,65032,280.98855619999995,"FewPLa outer protocol: 2 rounds x 2 folds, full source data; algorithm differs",headline,1,"sdKDB (experimental/unpublished; runtime-optimized, semantics-equivalent)",True,,5.0,4,260128,97.23764199999997,2675.1779933125085,0.01,12,sdKDB (experimental/unpublished),7462,321552,5888794,0.4582740931521879,0.8346717598171908,2,50,0.8346717598171908,vectorized-compiled-shared-v1,adagrad,False,,,278.44779960000005,5,263.0575459,"[""shared_kdb_structure_and_parameters"", ""shared_skdb_selection"", ""dkdb_discriminative"", ""sdkdb_discriminative""]","[38.6518033, 55.464002400000005, 164.4178889, 4.509052199999985]",0.9776047188986606,11.875863000000095,5475.980987655337,65032,3.5143907,2,0.47868261570282034,0.9435134939500791,1.068163831752678,,47,0.94,"[""ParticleID_0"", ""ParticleID_16"", ""ParticleID_15"", ""ParticleID_2"", ""ParticleID_1"", ""ParticleID_26"", ""ParticleID_5"", ""ParticleID_22"", ""ParticleID_31"", ""ParticleID_3"", ""ParticleID_6"", ""ParticleID_7"", ""ParticleID_14"", ""ParticleID_24"", ""ParticleID_47"", ""ParticleID_27"", ""ParticleID_37"", ""ParticleID_30"", ""ParticleID_48"", ""ParticleID_34"", ""ParticleID_32"", ""ParticleID_25"", ""ParticleID_36"", ""ParticleID_41"", ""ParticleID_9"", ""ParticleID_8"", ""ParticleID_13"", ""ParticleID_4"", ""ParticleID_29"", ""ParticleID_45"", ""ParticleID_17"", ""ParticleID_23"", ""ParticleID_20"", ""ParticleID_19"", ""ParticleID_44"", ""ParticleID_28"", ""ParticleID_21"", ""ParticleID_39"", ""ParticleID_43"", ""ParticleID_46"", ""ParticleID_35"", ""ParticleID_49"", ""ParticleID_12"", ""ParticleID_10"", ""ParticleID_11"", ""ParticleID_18"", ""ParticleID_38""]",2,0.2833580655439018,"repeat=2,fold=1",65032,112.62789570000007,100.75203269999997,65032,0.27151248616065937
0.85816213556403,0.9683363323995675,dee932ee896641148ea58ef1a72faa8717d4822bf9f3ea255c60873eef85f2cb,47840a4e8e0e60f0,MiniBooNE,UCI MiniBooNE via OpenML data_id=41150,,0,0,332.9122300999999,"FewPLa outer protocol: 2 rounds x 2 folds, full source data; algorithm differs",headline,2,"KDB (runtime-optimized, semantics-equivalent)",True,5.0,,2,130064,45.90086719999999,2833.5848086111982,,12,KDB,1190350,25277922,495517081,0.25646398773498036,1.087546523064234,2,50,1.087546523064234,vectorized-compiled-shared-v1,,False,,,582.7201443,5,302.61013579999997,"[""shared_kdb_structure_and_parameters"", ""shared_skdb_selection"", ""dkdb_discriminative"", ""sdkdb_discriminative""]","[46.00514929999997, 65.43109379999999, 185.92614260000005, 5.236847699999998]",0.9683363323995675,276.18838130000006,235.4624756258709,65032,3.921627199999989,2,0.35809495091035587,0.9237060385646492,1.1001357546068022,,50,1.0,"[""ParticleID_0"", ""ParticleID_16"", ""ParticleID_2"", ""ParticleID_15"", ""ParticleID_1"", ""ParticleID_5"", ""ParticleID_26"", ""ParticleID_22"", ""ParticleID_3"", ""ParticleID_31"", ""ParticleID_6"", ""ParticleID_7"", ""ParticleID_14"", ""ParticleID_24"", ""ParticleID_47"", ""ParticleID_27"", ""ParticleID_37"", ""ParticleID_30"", ""ParticleID_34"", ""ParticleID_48"", ""ParticleID_32"", ""ParticleID_25"", ""ParticleID_36"", ""ParticleID_9"", ""ParticleID_41"", ""ParticleID_8"", ""ParticleID_13"", ""ParticleID_4"", ""ParticleID_45"", ""ParticleID_23"", ""ParticleID_17"", ""ParticleID_29"", ""ParticleID_20"", ""ParticleID_19"", ""ParticleID_44"", ""ParticleID_28"", ""ParticleID_21"", ""ParticleID_39"", ""ParticleID_43"", ""ParticleID_46"", ""ParticleID_35"", ""ParticleID_49"", ""ParticleID_12"", ""ParticleID_10"", ""ParticleID_18"", ""ParticleID_11"", ""ParticleID_38"", ""ParticleID_42"", ""ParticleID_40"", ""ParticleID_33""]",5,,"repeat=2,fold=2",65032,326.01087570000004,49.82249439999998,65032,0.14183786443597
0.9043701562307787,0.9811655338774325,8914206666d496eec4582e620ca3a9d5aaa34125423020ca842d4861f9edbda1,47840a4e8e0e60f0,MiniBooNE,UCI MiniBooNE via OpenML data_id=41150,,0,0,332.9122300999999,"FewPLa outer protocol: 2 rounds x 2 folds, full source data; algorithm differs",headline,2,"sKDB (runtime-optimized, semantics-equivalent)",True,,5.0,3,195096,111.16744919999996,1754.97415299154,,12,sKDB,7299,164566,2988790,0.16398220915108175,0.47975707735791373,2,50,0.47975707735791373,vectorized-compiled-shared-v1,,False,,,317.6074695,5,302.61013579999997,"[""shared_kdb_structure_and_parameters"", ""shared_skdb_selection"", ""dkdb_discriminative"", ""sdkdb_discriminative""]","[46.00514929999997, 65.43109379999999, 185.92614260000005, 5.236847699999998]",0.9811655338774325,11.075706500000024,5871.58932028398,65032,3.921627199999989,2,0.2863408887594311,0.9564821199868228,1.1001357546068022,,46,0.92,"[""ParticleID_0"", ""ParticleID_16"", ""ParticleID_2"", ""ParticleID_15"", ""ParticleID_1"", ""ParticleID_5"", ""ParticleID_26"", ""ParticleID_22"", ""ParticleID_3"", ""ParticleID_31"", ""ParticleID_6"", ""ParticleID_7"", ""ParticleID_14"", ""ParticleID_24"", ""ParticleID_47"", ""ParticleID_27"", ""ParticleID_37"", ""ParticleID_30"", ""ParticleID_34"", ""ParticleID_48"", ""ParticleID_32"", ""ParticleID_25"", ""ParticleID_36"", ""ParticleID_9"", ""ParticleID_41"", ""ParticleID_8"", ""ParticleID_13"", ""ParticleID_4"", ""ParticleID_45"", ""ParticleID_23"", ""ParticleID_17"", ""ParticleID_29"", ""ParticleID_20"", ""ParticleID_19"", ""ParticleID_44"", ""ParticleID_28"", ""ParticleID_21"", ""ParticleID_39"", ""ParticleID_43"", ""ParticleID_46"", ""ParticleID_35"", ""ParticleID_49"", ""ParticleID_12"", ""ParticleID_10"", ""ParticleID_18"", ""ParticleID_11""]",2,0.2851419826837774,"repeat=2,fold=2",65032,126.16478289999998,115.08907639999995,65032,0.0956298437692213
0.7780323533029894,0.9768499521265841,ef614519b500b9f5f560bb908ca57734a823590dbc7ba4bf9f5a50c51b747dd8,47840a4e8e0e60f0,MiniBooNE,UCI MiniBooNE via OpenML data_id=41150,,1,65032,332.9122300999999,"FewPLa outer protocol: 2 rounds x 2 folds, full source data; algorithm differs",headline,2,"dKDB (runtime-optimized, semantics-equivalent)",True,5.0,,3,195096,60.704921799999966,3213.841550488582,0.01,12,dKDB,1190350,42982218,839929537,0.3185899424798389,0.48264231396661317,2,50,0.48264231396661317,vectorized-compiled-shared-v1,adagrad,False,,,586.7956938999998,5,302.61013579999997,"[""shared_kdb_structure_and_parameters"", ""shared_skdb_selection"", ""dkdb_discriminative"", ""sdkdb_discriminative""]","[46.00514929999997, 65.43109379999999, 185.92614260000005, 5.236847699999998]",0.9768499521265841,280.2639308999999,232.03842103821725,65032,3.921627199999989,2,0.3991177410738834,0.9421308070348062,1.1001357546068022,,50,1.0,"[""ParticleID_0"", ""ParticleID_16"", ""ParticleID_2"", ""ParticleID_15"", ""ParticleID_1"", ""ParticleID_5"", ""ParticleID_26"", ""ParticleID_22"", ""ParticleID_3"", ""ParticleID_31"", ""ParticleID_6"", ""ParticleID_7"", ""ParticleID_14"", ""ParticleID_24"", ""ParticleID_47"", ""ParticleID_27"", ""ParticleID_37"", ""ParticleID_30"", ""ParticleID_34"", ""ParticleID_48"", ""ParticleID_32"", ""ParticleID_25"", ""ParticleID_36"", ""ParticleID_9"", ""ParticleID_41"", ""ParticleID_8"", ""ParticleID_13"", ""ParticleID_4"", ""ParticleID_45"", ""ParticleID_23"", ""ParticleID_17"", ""ParticleID_29"", ""ParticleID_20"", ""ParticleID_19"", ""ParticleID_44"", ""ParticleID_28"", ""ParticleID_21"", ""ParticleID_39"", ""ParticleID_43"", ""ParticleID_46"", ""ParticleID_35"", ""ParticleID_49"", ""ParticleID_12"", ""ParticleID_10"", ""ParticleID_18"", ""ParticleID_11"", ""ParticleID_38"", ""ParticleID_42"", ""ParticleID_40"", ""ParticleID_33""]",5,,"repeat=2,fold=2",65032,344.89047989999983,64.62654899999995,65032,0.2219676466970107
0.7293947595030139,0.9755402410076333,dac0e431b354ca4d7a808a5a614b77155e65b5a8d6228fe70c620d18a211bcab,47840a4e8e0e60f0,MiniBooNE,UCI MiniBooNE via OpenML data_id=41150,,1,65032,332.9122300999999,"FewPLa outer protocol: 2 rounds x 2 folds, full source data; algorithm differs",headline,2,"sdKDB (experimental/unpublished; runtime-optimized, semantics-equivalent)",True,,5.0,4,260128,115.13899189999995,2259.252019732163,0.01,12,sdKDB (experimental/unpublished),7299,315388,5775470,0.45590267805290335,0.8379943586420495,2,50,0.8379943586420495,vectorized-compiled-shared-v1,adagrad,False,,,317.8131117999999,5,302.61013579999997,"[""shared_kdb_structure_and_parameters"", ""shared_skdb_selection"", ""dkdb_discriminative"", ""sdkdb_discriminative""]","[46.00514929999997, 65.43109379999999, 185.92614260000005, 5.236847699999998]",0.9755402410076333,11.281348799999932,5764.558932882244,65032,3.921627199999989,2,0.4774424981361124,0.9387033386829645,1.1001357546068022,,46,0.92,"[""ParticleID_0"", ""ParticleID_16"", ""ParticleID_2"", ""ParticleID_15"", ""ParticleID_1"", ""ParticleID_5"", ""ParticleID_26"", ""ParticleID_22"", ""ParticleID_3"", ""ParticleID_31"", ""ParticleID_6"", ""ParticleID_7"", ""ParticleID_14"", ""ParticleID_24"", ""ParticleID_47"", ""ParticleID_27"", ""ParticleID_37"", ""ParticleID_30"", ""ParticleID_34"", ""ParticleID_48"", ""ParticleID_32"", ""ParticleID_25"", ""ParticleID_36"", ""ParticleID_9"", ""ParticleID_41"", ""ParticleID_8"", ""ParticleID_13"", ""ParticleID_4"", ""ParticleID_45"", ""ParticleID_23"", ""ParticleID_17"", ""ParticleID_29"", ""ParticleID_20"", ""ParticleID_19"", ""ParticleID_44"", ""ParticleID_28"", ""ParticleID_21"", ""ParticleID_39"", ""ParticleID_43"", ""ParticleID_46"", ""ParticleID_35"", ""ParticleID_49"", ""ParticleID_12"", ""ParticleID_10"", ""ParticleID_18"", ""ParticleID_11""]",2,0.2851419826837774,"repeat=2,fold=2",65032,130.34196789999987,119.06061909999994,65032,0.2706052404969861
0.7545224186701489,0.6874646632907923,5e9d5e501a673c2a1c1825b8dfb9f35393e59c8e6472b933d264ad4766f4ea72,47840a4e8e0e60f0,cod-rna,LIBSVM cod-rna train/validation/test files,,0,0,53.14510010000026,"FewPLa outer protocol: 2 rounds x 2 folds, full source data; algorithm differs",headline,1,"KDB (runtime-optimized, semantics-equivalent)",True,5.0,,2,488564,8.010644000000184,60989.35366494738,,12,KDB,558,1160,152729,0.3072787920691156,0.4655544963870265,2,8,0.4655544963870265,vectorized-compiled-shared-v1,,False,,,23.79467499999987,5,19.95038939999995,"[""shared_kdb_structure_and_parameters"", ""shared_skdb_selection"", ""dkdb_discriminative"", ""sdkdb_discriminative""]","[8.083944100000053, 9.308354400000098, 2.463331700000026, 0.03190749999998843]",0.6874646632907923,3.410815599999978,71620.11338285235,244282,0.43346999999994296,1,0.3919686161347077,0.822256037730562,2.6638627965828277,,8,1.0,"[""feature_0"", ""feature_1"", ""feature_2"", ""feature_3"", ""feature_4"", ""feature_5"", ""feature_6"", ""feature_7""]",5,,"repeat=1,fold=1",244283,11.854929600000105,8.444114000000127,244282,0.24547758132985104
0.7545224186701489,0.6874646632907923,d3d558c78c41da92d3535b91fdc31dc652d3f92ef4a225aa746eefdc43b781ae,47840a4e8e0e60f0,cod-rna,LIBSVM cod-rna train/validation/test files,,0,0,53.14510010000026,"FewPLa outer protocol: 2 rounds x 2 folds, full source data; algorithm differs",headline,1,"sKDB (runtime-optimized, semantics-equivalent)",True,,5.0,3,732846,17.318735800000013,42315.213330986866,,12,sKDB,1,46,6482,0.3072787920691156,0.4655544963870265,2,8,0.4655544963870265,vectorized-compiled-shared-v1,,False,,,20.491754699999774,5,19.95038939999995,"[""shared_kdb_structure_and_parameters"", ""shared_skdb_selection"", ""dkdb_discriminative"", ""sdkdb_discriminative""]","[8.083944100000053, 9.308354400000098, 2.463331700000026, 0.03190749999998843]",0.6874646632907923,0.1078952999998819,2264074.5241013034,244282,0.43346999999994296,1,0.3919686161347077,0.822256037730562,2.6638627965828277,,1,0.125,"[""feature_0""]",0,0.3922148712553487,"repeat=1,fold=1",244283,17.860101099999838,17.752205799999956,244282,0.24547758132985104
0.7045353135502674,0.6862482005053149,505b56c11deed360ab8ce4c1c733355efb2fc1e68aa2d93e3312bf8f37f1e521,47840a4e8e0e60f0,cod-rna,LIBSVM cod-rna train/validation/test files,,1,244282,53.14510010000026,"FewPLa outer protocol: 2 rounds x 2 folds, full source data; algorithm differs",headline,1,"dKDB (runtime-optimized, semantics-equivalent)",True,5.0,,3,732846,10.46563210000022,70024.05521210558,0.01,12,dKDB,558,1514,191189,0.4768525308531309,0.7251630863826021,2,8,0.7251630863826021,vectorized-compiled-shared-v1,adagrad,False,,,23.892538499999773,5,19.95038939999995,"[""shared_kdb_structure_and_parameters"", ""shared_skdb_selection"", ""dkdb_discriminative"", ""sdkdb_discriminative""]","[8.083944100000053, 9.308354400000098, 2.463331700000026, 0.03190749999998843]",0.6862482005053149,3.508679099999881,69622.49696759338,244282,0.43346999999994296,1,0.48828912073336783,0.8210388369604343,2.6638627965828277,,8,1.0,"[""feature_0"", ""feature_1"", ""feature_2"", ""feature_3"", ""feature_4"", ""feature_5"", ""feature_6"", ""feature_7""]",5,,"repeat=1,fold=1",244283,14.407781200000045,10.899102100000164,244282,0.2954646864497325
0.7045353135502674,0.6862482005053149,3db1017b3a1b3140e7b0f5890048787c3fe3c89a15aa93870ecb551b8b94b64f,47840a4e8e0e60f0,cod-rna,LIBSVM cod-rna train/validation/test files,,1,244282,53.14510010000026,"FewPLa outer protocol: 2 rounds x 2 folds, full source data; algorithm differs",headline,1,"sdKDB (experimental/unpublished; runtime-optimized, semantics-equivalent)",True,,5.0,4,977128,17.350088199999846,56318.33041632657,0.01,12,sdKDB (experimental/unpublished),1,92,8538,0.4768525308531309,0.7251630863826021,2,8,0.7251630863826021,vectorized-compiled-shared-v1,adagrad,False,,,20.498733399999765,5,19.95038939999995,"[""shared_kdb_structure_and_parameters"", ""shared_skdb_selection"", ""dkdb_discriminative"", ""sdkdb_discriminative""]","[8.083944100000053, 9.308354400000098, 2.463331700000026, 0.03190749999998843]",0.6862482005053149,0.11487399999987247,2126529.9371508886,244282,0.43346999999994296,1,0.48828912073336783,0.8210388369604343,2.6638627965828277,,1,0.125,"[""feature_0""]",0,0.3922148712553487,"repeat=1,fold=1",244283,17.89843219999966,17.78355819999979,244282,0.2954646864497325
0.7547056271031022,0.6717899005081909,5a49689115a4e2a3796390e72eb9136db1f5288b6127ce2435f57acd6826a53d,47840a4e8e0e60f0,cod-rna,LIBSVM cod-rna train/validation/test files,,0,0,55.208897699999625,"FewPLa outer protocol: 2 rounds x 2 folds, full source data; algorithm differs",headline,2,"KDB (runtime-optimized, semantics-equivalent)",True,5.0,,2,488566,8.29362059999994,58908.65082494894,,12,KDB,458,952,118673,0.3080584231414724,0.46650322201915667,2,8,0.46650322201915667,vectorized-compiled-shared-v1,,False,,,24.800297900000032,5,20.837215199999946,"[""shared_kdb_structure_and_parameters"", ""shared_skdb_selection"", ""dkdb_discriminative"", ""sdkdb_discriminative""]","[8.3666068, 9.646696899999824, 2.710716199999979, 0.0416646999999557]",0.6717899005081909,3.491351899999927,69967.73943067873,244283,0.47173080000015943,1,0.39246555462962124,0.8202126252984494,2.6495334031008024,,8,1.0,"[""feature_0"", ""feature_1"", ""feature_2"", ""feature_3"", ""feature_4"", ""feature_5"", ""feature_6"", ""feature_7""]",5,,"repeat=1,fold=2",244282,12.256703300000027,8.7653514000001,244283,0.24529437289689784
0.7547056271031022,0.6717899005081909,7bfd34a46b7a2119895879a5b71d982557da4cb6dbe4032c5e7293e7da5b5e45,47840a4e8e0e60f0,cod-rna,LIBSVM cod-rna train/validation/test files,,0,0,55.208897699999625,"FewPLa outer protocol: 2 rounds x 2 folds, full source data; algorithm differs",headline,2,"sKDB (runtime-optimized, semantics-equivalent)",True,,5.0,3,732849,17.940035899999884,40849.91825462315,,12,sKDB,1,38,6418,0.3080584231414724,0.46650322201915667,2,8,0.46650322201915667,vectorized-compiled-shared-v1,,False,,,21.421640200000184,5,20.837215199999946,"[""shared_kdb_structure_and_parameters"", ""shared_skdb_selection"", ""dkdb_discriminative"", ""sdkdb_discriminative""]","[8.3666068, 9.646696899999824, 2.710716199999979, 0.0416646999999557]",0.6717899005081909,0.11269420000007813,2167653.7035608813,244283,0.47173080000015943,1,0.39246555462962124,0.8202126252984494,2.6495334031008024,,1,0.125,"[""feature_0""]",0,0.39188614219784973,"repeat=1,fold=2",244282,18.524460900000122,18.411766700000044,244283,0.24529437289689784
0.6882087096061109,0.6717899005081909,73fb083abede7356dc23ab535310842a312400e402d52c6f8b2554d95c88a47b,47840a4e8e0e60f0,cod-rna,LIBSVM cod-rna train/validation/test files,,1,244283,55.208897699999625,"FewPLa outer protocol: 2 rounds x 2 folds, full source data; algorithm differs",headline,2,"dKDB (runtime-optimized, semantics-equivalent)",True,5.0,,3,732849,10.994360799999868,66656.80827938709,0.01,12,dKDB,458,1242,151245,0.477738716789518,0.7200981856848827,2,8,0.7200981856848827,vectorized-compiled-shared-v1,adagrad,False,,,24.788059200000134,5,20.837215199999946,"[""shared_kdb_structure_and_parameters"", ""shared_skdb_selection"", ""dkdb_discriminative"", ""sdkdb_discriminative""]","[8.3666068, 9.646696899999824, 2.710716199999979, 0.0416646999999557]",0.6717899005081909,3.479113200000029,70213.86944236192,244283,0.47173080000015943,1,0.48874263001579776,0.8202126252984494,2.6495334031008024,,8,1.0,"[""feature_0"", ""feature_1"", ""feature_2"", ""feature_3"", ""feature_4"", ""feature_5"", ""feature_6"", ""feature_7""]",5,,"repeat=1,fold=2",244282,14.945204800000056,11.466091600000027,244283,0.31179129039388903
0.6882087096061109,0.6717899005081909,28b2d92bf0388121e1e8c2baa5fad5f48e487a66508a783b7e786a5b56755bff,47840a4e8e0e60f0,cod-rna,LIBSVM cod-rna train/validation/test files,,1,244283,55.208897699999625,"FewPLa outer protocol: 2 rounds x 2 folds, full source data; algorithm differs",headline,2,"sdKDB (experimental/unpublished; runtime-optimized, semantics-equivalent)",True,,5.0,4,977132,17.980880399999933,54342.834069459896,0.01,12,sdKDB (experimental/unpublished),1,76,8410,0.477738716789518,0.7200981856848827,2,8,0.7200981856848827,vectorized-compiled-shared-v1,adagrad,False,,,21.417360599999938,5,20.837215199999946,"[""shared_kdb_structure_and_parameters"", ""shared_skdb_selection"", ""dkdb_discriminative"", ""sdkdb_discriminative""]","[8.3666068, 9.646696899999824, 2.710716199999979, 0.0416646999999557]",0.6717899005081909,0.10841459999983272,2253220.5072045363,244283,0.47173080000015943,1,0.48874263001579776,0.8202126252984494,2.6495334031008024,,1,0.125,"[""feature_0""]",0,0.39188614219784973,"repeat=1,fold=2",244282,18.561025799999925,18.452611200000092,244283,0.31179129039388903
0.7540475595927674,0.6716451044225106,dea48efa6ef0fe938f868242d3217f8935d19f009f1dc8cd9f72f1ca0cbec7b3,47840a4e8e0e60f0,cod-rna,LIBSVM cod-rna train/validation/test files,,0,0,53.84745649999991,"FewPLa outer protocol: 2 rounds x 2 folds, full source data; algorithm differs",headline,1,"KDB (runtime-optimized, semantics-equivalent)",True,5.0,,2,488564,8.055965000000015,60646.24163585605,,12,KDB,458,952,118673,0.30836633893109644,0.4668852450267981,2,8,0.4668852450267981,vectorized-compiled-shared-v1,,False,,,24.568636699999843,5,20.230508800000052,"[""shared_kdb_structure_and_parameters"", ""shared_skdb_selection"", ""dkdb_discriminative"", ""sdkdb_discriminative""]","[8.121172099999967, 9.582637700000078, 2.427137100000209, 0.04224900000008347]",0.6716451044225106,3.928540299999895,62181.61997727414,244282,0.40958759999989525,2,0.3926616475612919,0.8200401908551856,2.6616956119264668,,8,1.0,"[""feature_0"", ""feature_1"", ""feature_2"", ""feature_3"", ""feature_4"", ""feature_5"", ""feature_6"", ""feature_7""]",5,,"repeat=2,fold=1",244283,12.394092899999805,8.46555259999991,244282,0.2459524404072326
0.7540475595927674,0.6716451044225106,56749f545a21894e4ad324ea0d65ca7e13b0b5320e8bf9ec99a833b3986d9830,47840a4e8e0e60f0,cod-rna,LIBSVM cod-rna train/validation/test files,,0,0,53.84745649999991,"FewPLa outer protocol: 2 rounds x 2 folds, full source data; algorithm differs",headline,1,"sKDB (runtime-optimized, semantics-equivalent)",True,,5.0,3,732846,17.6381965999999,41548.80550543382,,12,sKDB,1,38,6418,0.30836633893109644,0.4668852450267981,2,8,0.4668852450267981,vectorized-compiled-shared-v1,,False,,,20.777653199999804,5,20.230508800000052,"[""shared_kdb_structure_and_parameters"", ""shared_skdb_selection"", ""dkdb_discriminative"", ""sdkdb_discriminative""]","[8.121172099999967, 9.582637700000078, 2.427137100000209, 0.04224900000008347]",0.6716451044225106,0.1375567999998566,1775870.0405959913,244282,0.40958759999989525,2,0.3926616475612919,0.8200401908551856,2.6616956119264668,,1,0.125,"[""feature_0""]",0,0.391700997161637,"repeat=2,fold=1",244283,18.185340999999653,18.047784199999796,244282,0.2459524404072326
0.6885129133013759,0.6716451044225106,e20040313af4547136a8b7af6860a3f9a3e40dbe3d5ae46668ee4bfb6d01241d,47840a4e8e0e60f0,cod-rna,LIBSVM cod-rna train/validation/test files,,1,244282,53.84745649999991,"FewPLa outer protocol: 2 rounds x 2 folds, full source data; algorithm differs",headline,1,"dKDB (runtime-optimized, semantics-equivalent)",True,5.0,,3,732846,10.473495800000137,69971.47981860941,0.01,12,dKDB,458,1242,151245,0.4763660389296562,0.7187961228630801,2,8,0.7187961228630801,vectorized-compiled-shared-v1,adagrad,False,,,24.35430109999993,5,20.230508800000052,"[""shared_kdb_structure_and_parameters"", ""shared_skdb_selection"", ""dkdb_discriminative"", ""sdkdb_discriminative""]","[8.121172099999967, 9.582637700000078, 2.427137100000209, 0.04224900000008347]",0.6716451044225106,3.714204699999982,65769.93454345723,244282,0.40958759999989525,2,0.48803997732237886,0.8200401908551856,2.6616956119264668,,8,1.0,"[""feature_0"", ""feature_1"", ""feature_2"", ""feature_3"", ""feature_4"", ""feature_5"", ""feature_6"", ""feature_7""]",5,,"repeat=2,fold=1",244283,14.597288100000014,10.883083400000032,244282,0.3114870866986241
0.6885129133013759,0.6716451044225106,cc264bd3e1bc2c0c3d725687085b6df3aa7b7efd2ce4d008a656cfe17469557f,47840a4e8e0e60f0,cod-rna,LIBSVM cod-rna train/validation/test files,,1,244282,53.84745649999991,"FewPLa outer protocol: 2 rounds x 2 folds, full source data; algorithm differs",headline,1,"sdKDB (experimental/unpublished; runtime-optimized, semantics-equivalent)",True,,5.0,4,977128,17.679799099999855,55268.048832071174,0.01,12,sdKDB (experimental/unpublished),1,76,8410,0.4763660389296562,0.7187961228630801,2,8,0.7187961228630801,vectorized-compiled-shared-v1,adagrad,False,,,20.750632499999938,5,20.230508800000052,"[""shared_kdb_structure_and_parameters"", ""shared_skdb_selection"", ""dkdb_discriminative"", ""sdkdb_discriminative""]","[8.121172099999967, 9.582637700000078, 2.427137100000209, 0.04224900000008347]",0.6716451044225106,0.11053609999999026,2209983.8876170004,244282,0.40958759999989525,2,0.48803997732237886,0.8200401908551856,2.6616956119264668,,1,0.125,"[""feature_0""]",0,0.391700997161637,"repeat=2,fold=1",244283,18.19992279999974,18.08938669999975,244282,0.3114870866986241
0.7544681965924628,0.6823171610533513,95cb0a1393312254366570e079292cc35b970359d03022303f3752812487f3de,47840a4e8e0e60f0,cod-rna,LIBSVM cod-rna train/validation/test files,,0,0,54.15628600000014,"FewPLa outer protocol: 2 rounds x 2 folds, full source data; algorithm differs",headline,2,"KDB (runtime-optimized, semantics-equivalent)",True,5.0,,2,488566,8.063578000000007,60589.23222420613,,12,KDB,508,1056,129001,0.30699972056452807,0.4651661124881501,2,8,0.4651661124881501,vectorized-compiled-shared-v1,,False,,,24.356629199999816,5,20.489179899999954,"[""shared_kdb_structure_and_parameters"", ""shared_skdb_selection"", ""dkdb_discriminative"", ""sdkdb_discriminative""]","[8.1277955999999, 9.607463300000063, 2.6574571000001015, 0.04221669999992628]",0.6823171610533513,3.4228250999999545,71368.5312170941,244283,0.44462419999990743,2,0.3917905821765807,0.8222920936789435,2.6431651371268527,,8,1.0,"[""feature_0"", ""feature_1"", ""feature_2"", ""feature_3"", ""feature_4"", ""feature_5"", ""feature_6"", ""feature_7""]",5,,"repeat=2,fold=2",244282,11.931027299999869,8.508202199999914,244283,0.2455318034075372
0.7544681965924628,0.6823171610533513,a2ff82db226ebae3efa521d2a3331c052e430fc9080a608a0178e06132850bb2,47840a4e8e0e60f0,cod-rna,LIBSVM cod-rna train/validation/test files,,0,0,54.15628600000014,"FewPLa outer protocol: 2 rounds x 2 folds, full source data; algorithm differs",headline,2,"sKDB (runtime-optimized, semantics-equivalent)",True,,5.0,3,732849,17.67073060000007,41472.47878930355,,12,sKDB,1,42,6450,0.30699972056452807,0.4651661124881501,2,8,0.4651661124881501,vectorized-compiled-shared-v1,,False,,,21.046900800000003,5,20.489179899999954,"[""shared_kdb_structure_and_parameters"", ""shared_skdb_selection"", ""dkdb_discriminative"", ""sdkdb_discriminative""]","[8.1277955999999, 9.607463300000063, 2.6574571000001015, 0.04221669999992628]",0.6823171610533513,0.11309670000014194,2159939.237835352,244283,0.44462419999990743,2,0.3917905821765807,0.8222920936789435,2.6431651371268527,,1,0.125,"[""feature_0""]",0,0.39249744027171213,"repeat=2,fold=2",244282,18.22845150000012,18.115354799999977,244283,0.2455318034075372
0.6897028843713413,0.6836830933828639,68f5011602ab99ebd2d030787191fa032306b91571612f03e38f652510a1ebfd,47840a4e8e0e60f0,cod-rna,LIBSVM cod-rna train/validation/test files,,1,244283,54.15628600000014,"FewPLa outer protocol: 2 rounds x 2 folds, full source data; algorithm differs",headline,2,"dKDB (runtime-optimized, semantics-equivalent)",True,5.0,,3,732849,10.709896599999865,68427.27127729778,0.01,12,dKDB,508,1378,164517,0.47977352664883244,0.7263876191728482,2,8,0.7263876191728482,vectorized-compiled-shared-v1,adagrad,False,,,24.348640599999726,5,20.489179899999954,"[""shared_kdb_structure_and_parameters"", ""shared_skdb_selection"", ""dkdb_discriminative"", ""sdkdb_discriminative""]","[8.1277955999999, 9.607463300000063, 2.6574571000001015, 0.04221669999992628]",0.6836830933828639,3.414836499999865,71535.4893272371,244283,0.44462419999990743,2,0.4897823632231118,0.8208657438782634,2.6431651371268527,,8,1.0,"[""feature_0"", ""feature_1"", ""feature_2"", ""feature_3"", ""feature_4"", ""feature_5"", ""feature_6"", ""feature_7""]",5,,"repeat=2,fold=2",244282,14.569357299999638,11.154520799999773,244283,0.3102971156286587
0.6897028843713413,0.6836830933828639,5d55ef96b6be9c74f79703e342611f3977a5017a323bc9d791224e9db187498c,47840a4e8e0e60f0,cod-rna,LIBSVM cod-rna train/validation/test files,,1,244283,54.15628600000014,"FewPLa outer protocol: 2 rounds x 2 folds, full source data; algorithm differs",headline,2,"sdKDB (experimental/unpublished; runtime-optimized, semantics-equivalent)",True,,5.0,4,977132,17.712080800000194,55167.54417696589,0.01,12,sdKDB (experimental/unpublished),1,84,8474,0.47977352664883244,0.7263876191728482,2,8,0.7263876191728482,vectorized-compiled-shared-v1,adagrad,False,,,21.042996799999855,5,20.489179899999954,"[""shared_kdb_structure_and_parameters"", ""shared_skdb_selection"", ""dkdb_discriminative"", ""sdkdb_discriminative""]","[8.1277955999999, 9.607463300000063, 2.6574571000001015, 0.04221669999992628]",0.6836830933828639,0.10919269999999415,2237164.206032208,244283,0.44462419999990743,2,0.4897823632231118,0.8208657438782634,2.6431651371268527,,1,0.125,"[""feature_0""]",0,0.39249744027171213,"repeat=2,fold=2",244282,18.265897700000096,18.156705000000102,244283,0.3102971156286587
0.9162977700976916,,9b94b073af6bdd94758cfe10cf305e169961d36c2b15d3c3014f3b836733bdd9,47840a4e8e0e60f0,Covertype,UCI Covertype via sklearn fetch_covtype,,0,0,1341.7660637,"FewPLa outer protocol: 2 rounds x 2 folds, full source data; algorithm differs",headline,1,"KDB (runtime-optimized, semantics-equivalent)",True,5.0,,2,581012,158.6748301,3661.6519433727126,,12,KDB,3708298,130762772,1965776321,0.14800310103576472,0.5795862808466089,7,54,0.5795862808466089,vectorized-compiled-shared-v1,,False,,,1726.8463230999998,5,1190.5315220999998,"[""shared_kdb_structure_and_parameters"", ""shared_skdb_selection"", ""dkdb_discriminative"", ""sdkdb_discriminative""]","[158.87763610000002, 299.12608509999995, 362.7093043, 369.7439258000004]",,530.1864092999999,547.9318121027513,290506,6.128391700000066,1,0.2725755927333523,,1.1270311107203905,,54,1.0,"[""Elevation"", ""Wilderness_Area_3"", ""Horizontal_Distance_To_Roadways"", ""Horizontal_Distance_To_Fire_Points"", ""Wilderness_Area_0"", ""Soil_Type_9"", ""Slope"", ""Soil_Type_37"", ""Hillshade_9am"", ""Soil_Type_28"", ""Soil_Type_38"", ""Soil_Type_3"", ""Soil_Type_21"", ""Soil_Type_11"", ""Soil_Type_1"", ""Horizontal_Distance_To_Hydrology"", ""Hillshade_Noon"", ""Hillshade_3pm"", ""Soil_Type_22"", ""Soil_Type_5"", ""Aspect"", ""Soil_Type_39"", ""Vertical_Distance_To_Hydrology"", ""Soil_Type_2"", ""Wilderness_Area_1"", ""Soil_Type_0"", ""Soil_Type_29"", ""Soil_Type_12"", ""Soil_Type_31"", ""Soil_Type_10"", ""Wilderness_Area_2"", ""Soil_Type_32"", ""Soil_Type_4"", ""Soil_Type_16"", ""Soil_Type_30"", ""Soil_Type_23"", ""Soil_Type_34"", ""Soil_Type_13"", ""Soil_Type_17"", ""Soil_Type_19"", ""Soil_Type_25"", ""Soil_Type_36"", ""Soil_Type_18"", ""Soil_Type_20"", ""Soil_Type_33"", ""Soil_Type_27"", ""Soil_Type_8"", ""Soil_Type_15"", ""Soil_Type_26"", ""Soil_Type_35"", ""Soil_Type_24"", ""Soil_Type_6"", ""Soil_Type_7"", ""Soil_Type_14""]",5,,"repeat=1,fold=1",290506,694.9896311,164.80322180000007,290506,0.08370222990230838
0.9162977700976916,,703ca37e96133617107da4312fe89418dd76ab7561e38119ac556592859d8135,47840a4e8e0e60f0,Covertype,UCI Covertype via sklearn fetch_covtype,,0,0,1341.7660637,"FewPLa outer protocol: 2 rounds x 2 folds, full source data; algorithm differs",headline,1,"sKDB (runtime-optimized, semantics-equivalent)",True,,5.0,3,871518,457.1671943000001,1906.344135944489,,12,sKDB,3679837,130563545,1957159958,0.14800310103576472,0.5795862808466089,7,54,0.5795862808466089,vectorized-compiled-shared-v1,,False,,,1643.4097022999997,5,1190.5315220999998,"[""shared_kdb_structure_and_parameters"", ""shared_skdb_selection"", ""dkdb_discriminative"", ""sdkdb_discriminative""]","[158.87763610000002, 299.12608509999995, 362.7093043, 369.7439258000004]",,446.7497884999998,650.2655568688649,290506,6.128391700000066,1,0.2725755927333523,,1.1270311107203905,,53,0.9814814814814815,"[""Elevation"", ""Wilderness_Area_3"", ""Horizontal_Distance_To_Roadways"", ""Horizontal_Distance_To_Fire_Points"", ""Wilderness_Area_0"", ""Soil_Type_9"", ""Slope"", ""Soil_Type_37"", ""Hillshade_9am"", ""Soil_Type_28"", ""Soil_Type_38"", ""Soil_Type_3"", ""Soil_Type_21"", ""Soil_Type_11"", ""Soil_Type_1"", ""Horizontal_Distance_To_Hydrology"", ""Hillshade_Noon"", ""Hillshade_3pm"", ""Soil_Type_22"", ""Soil_Type_5"", ""Aspect"", ""Soil_Type_39"", ""Vertical_Distance_To_Hydrology"", ""Soil_Type_2"", ""Wilderness_Area_1"", ""Soil_Type_0"", ""Soil_Type_29"", ""Soil_Type_12"", ""Soil_Type_31"", ""Soil_Type_10"", ""Wilderness_Area_2"", ""Soil_Type_32"", ""Soil_Type_4"", ""Soil_Type_16"", ""Soil_Type_30"", ""Soil_Type_23"", ""Soil_Type_34"", ""Soil_Type_13"", ""Soil_Type_17"", ""Soil_Type_19"", ""Soil_Type_25"", ""Soil_Type_36"", ""Soil_Type_18"", ""Soil_Type_20"", ""Soil_Type_33"", ""Soil_Type_27"", ""Soil_Type_8"", ""Soil_Type_15"", ""Soil_Type_26"", ""Soil_Type_35"", ""Soil_Type_24"", ""Soil_Type_6"", ""Soil_Type_7""]",5,0.27465884805952534,"repeat=1,fold=1",290506,910.0453745,463.2955860000002,290506,0.08370222990230838
0.8453732453030229,,d6db1372d935a5c3cbeaf2ecd363d9ed0a43f1ee31560a36d32acd5f7b44e898,47840a4e8e0e60f0,Covertype,UCI Covertype via sklearn fetch_covtype,,1,290506,1341.7660637,"FewPLa outer protocol: 2 rounds x 2 folds, full source data; algorithm differs",headline,1,"dKDB (runtime-optimized, semantics-equivalent)",True,5.0,,3,871518,213.79730379999978,4076.3750735382328,0.01,12,dKDB,3708298,219642521,3227193833,0.23664783719385496,0.42422135860463217,7,54,0.42422135860463217,vectorized-compiled-shared-v1,adagrad,False,,,1774.8342792,5,1190.5315220999998,"[""shared_kdb_structure_and_parameters"", ""shared_skdb_selection"", ""dkdb_discriminative"", ""sdkdb_discriminative""]","[158.87763610000002, 299.12608509999995, 362.7093043, 369.7439258000004]",,578.1743654000002,502.4539609240862,290506,6.128391700000066,1,0.36088941323185175,,1.1270311107203905,,54,1.0,"[""Elevation"", ""Wilderness_Area_3"", ""Horizontal_Distance_To_Roadways"", ""Horizontal_Distance_To_Fire_Points"", ""Wilderness_Area_0"", ""Soil_Type_9"", ""Slope"", ""Soil_Type_37"", ""Hillshade_9am"", ""Soil_Type_28"", ""Soil_Type_38"", ""Soil_Type_3"", ""Soil_Type_21"", ""Soil_Type_11"", ""Soil_Type_1"", ""Horizontal_Distance_To_Hydrology"", ""Hillshade_Noon"", ""Hillshade_3pm"", ""Soil_Type_22"", ""Soil_Type_5"", ""Aspect"", ""Soil_Type_39"", ""Vertical_Distance_To_Hydrology"", ""Soil_Type_2"", ""Wilderness_Area_1"", ""Soil_Type_0"", ""Soil_Type_29"", ""Soil_Type_12"", ""Soil_Type_31"", ""Soil_Type_10"", ""Wilderness_Area_2"", ""Soil_Type_32"", ""Soil_Type_4"", ""Soil_Type_16"", ""Soil_Type_30"", ""Soil_Type_23"", ""Soil_Type_34"", ""Soil_Type_13"", ""Soil_Type_17"", ""Soil_Type_19"", ""Soil_Type_25"", ""Soil_Type_36"", ""Soil_Type_18"", ""Soil_Type_20"", ""Soil_Type_33"", ""Soil_Type_27"", ""Soil_Type_8"", ""Soil_Type_15"", ""Soil_Type_26"", ""Soil_Type_35"", ""Soil_Type_24"", ""Soil_Type_6"", ""Soil_Type_7"", ""Soil_Type_14""]",5,,"repeat=1,fold=1",290506,798.1000609,219.92569549999985,290506,0.154626754696977
0.8453732453030229,,aee9efe236f5cfe66087ab47a7b4a9b5739cbd90fa5a93aec22958bc435f03e9,47840a4e8e0e60f0,Covertype,UCI Covertype via sklearn fetch_covtype,,1,290506,1341.7660637,"FewPLa outer protocol: 2 rounds x 2 folds, full source data; algorithm differs",headline,1,"sdKDB (experimental/unpublished; runtime-optimized, semantics-equivalent)",True,,5.0,4,1162024,512.1267355,2269.0164747315757,0.01,12,sdKDB (experimental/unpublished),3679837,219336810,3214805682,0.23664783719385496,0.42422135860463217,7,54,0.42422135860463217,vectorized-compiled-shared-v1,adagrad,False,,,1766.3050207999993,5,1190.5315220999998,"[""shared_kdb_structure_and_parameters"", ""shared_skdb_selection"", ""dkdb_discriminative"", ""sdkdb_discriminative""]","[158.87763610000002, 299.12608509999995, 362.7093043, 369.7439258000004]",,569.6451069999994,509.9771707509818,290506,6.128391700000066,1,0.36088941323185175,,1.1270311107203905,,53,0.9814814814814815,"[""Elevation"", ""Wilderness_Area_3"", ""Horizontal_Distance_To_Roadways"", ""Horizontal_Distance_To_Fire_Points"", ""Wilderness_Area_0"", ""Soil_Type_9"", ""Slope"", ""Soil_Type_37"", ""Hillshade_9am"", ""Soil_Type_28"", ""Soil_Type_38"", ""Soil_Type_3"", ""Soil_Type_21"", ""Soil_Type_11"", ""Soil_Type_1"", ""Horizontal_Distance_To_Hydrology"", ""Hillshade_Noon"", ""Hillshade_3pm"", ""Soil_Type_22"", ""Soil_Type_5"", ""Aspect"", ""Soil_Type_39"", ""Vertical_Distance_To_Hydrology"", ""Soil_Type_2"", ""Wilderness_Area_1"", ""Soil_Type_0"", ""Soil_Type_29"", ""Soil_Type_12"", ""Soil_Type_31"", ""Soil_Type_10"", ""Wilderness_Area_2"", ""Soil_Type_32"", ""Soil_Type_4"", ""Soil_Type_16"", ""Soil_Type_30"", ""Soil_Type_23"", ""Soil_Type_34"", ""Soil_Type_13"", ""Soil_Type_17"", ""Soil_Type_19"", ""Soil_Type_25"", ""Soil_Type_36"", ""Soil_Type_18"", ""Soil_Type_20"", ""Soil_Type_33"", ""Soil_Type_27"", ""Soil_Type_8"", ""Soil_Type_15"", ""Soil_Type_26"", ""Soil_Type_35"", ""Soil_Type_24"", ""Soil_Type_6"", ""Soil_Type_7""]",5,0.27465884805952534,"repeat=1,fold=1",290506,1087.9002341999994,518.2551272000001,290506,0.154626754696977
0.9197641356805023,,c3a8c22499f0e531ef1c4e3982dca80c57fb8b8e00ae1bc683c174e4ada6f36d,47840a4e8e0e60f0,Covertype,UCI Covertype via sklearn fetch_covtype,,0,0,1715.6860254999983,"FewPLa outer protocol: 2 rounds x 2 folds, full source data; algorithm differs",headline,2,"KDB (runtime-optimized, semantics-equivalent)",True,5.0,,2,581012,251.7477027999994,2307.913810286421,,12,KDB,4058285,148116794,2191133701,0.14263565940577103,0.569087985163231,7,54,0.569087985163231,vectorized-compiled-shared-v1,,False,,,1923.2365823999999,5,1339.5631516000003,"[""shared_kdb_structure_and_parameters"", ""shared_skdb_selection"", ""dkdb_discriminative"", ""sdkdb_discriminative""]","[252.06574439999986, 291.36489660000007, 362.1750669000003, 433.8785662]",,574.6780199999994,505.5108946049482,290506,8.995410800000172,1,0.2675919562135472,,1.2807802479866288,,54,1.0,"[""Elevation"", ""Wilderness_Area_3"", ""Horizontal_Distance_To_Roadways"", ""Horizontal_Distance_To_Fire_Points"", ""Wilderness_Area_0"", ""Soil_Type_9"", ""Slope"", ""Hillshade_9am"", ""Soil_Type_37"", ""Soil_Type_28"", ""Soil_Type_38"", ""Soil_Type_3"", ""Soil_Type_11"", ""Soil_Type_21"", ""Horizontal_Distance_To_Hydrology"", ""Soil_Type_1"", ""Soil_Type_22"", ""Hillshade_Noon"", ""Hillshade_3pm"", ""Soil_Type_5"", ""Aspect"", ""Soil_Type_39"", ""Vertical_Distance_To_Hydrology"", ""Soil_Type_2"", ""Wilderness_Area_1"", ""Soil_Type_0"", ""Soil_Type_29"", ""Soil_Type_12"", ""Soil_Type_31"", ""Soil_Type_32"", ""Wilderness_Area_2"", ""Soil_Type_10"", ""Soil_Type_16"", ""Soil_Type_4"", ""Soil_Type_30"", ""Soil_Type_23"", ""Soil_Type_34"", ""Soil_Type_13"", ""Soil_Type_17"", ""Soil_Type_36"", ""Soil_Type_19"", ""Soil_Type_25"", ""Soil_Type_18"", ""Soil_Type_20"", ""Soil_Type_33"", ""Soil_Type_27"", ""Soil_Type_15"", ""Soil_Type_8"", ""Soil_Type_26"", ""Soil_Type_35"", ""Soil_Type_24"", ""Soil_Type_6"", ""Soil_Type_7"", ""Soil_Type_14""]",5,,"repeat=1,fold=2",290506,835.4211335999989,260.74311359999956,290506,0.08023586431949771
0.9197641356805023,,08a95bbaaae89bd7f99a8b6845314803562c63d38ab95a3a192ced95835d055e,47840a4e8e0e60f0,Covertype,UCI Covertype via sklearn fetch_covtype,,0,0,1715.6860254999983,"FewPLa outer protocol: 2 rounds x 2 folds, full source data; algorithm differs",headline,2,"sKDB (runtime-optimized, semantics-equivalent)",True,,5.0,3,871518,542.3633233999999,1606.8896298823738,,12,sKDB,3995505,147677334,2172374402,0.14263565940577103,0.569087985163231,7,54,0.569087985163231,vectorized-compiled-shared-v1,,False,,,1820.3980936000007,5,1339.5631516000003,"[""shared_kdb_structure_and_parameters"", ""shared_skdb_selection"", ""dkdb_discriminative"", ""sdkdb_discriminative""]","[252.06574439999986, 291.36489660000007, 362.1750669000003, 433.8785662]",,471.83953120000024,615.688132914964,290506,8.995410800000172,1,0.2675919562135472,,1.2807802479866288,,52,0.9629629629629629,"[""Elevation"", ""Wilderness_Area_3"", ""Horizontal_Distance_To_Roadways"", ""Horizontal_Distance_To_Fire_Points"", ""Wilderness_Area_0"", ""Soil_Type_9"", ""Slope"", ""Hillshade_9am"", ""Soil_Type_37"", ""Soil_Type_28"", ""Soil_Type_38"", ""Soil_Type_3"", ""Soil_Type_11"", ""Soil_Type_21"", ""Horizontal_Distance_To_Hydrology"", ""Soil_Type_1"", ""Soil_Type_22"", ""Hillshade_Noon"", ""Hillshade_3pm"", ""Soil_Type_5"", ""Aspect"", ""Soil_Type_39"", ""Vertical_Distance_To_Hydrology"", ""Soil_Type_2"", ""Wilderness_Area_1"", ""Soil_Type_0"", ""Soil_Type_29"", ""Soil_Type_12"", ""Soil_Type_31"", ""Soil_Type_32"", ""Wilderness_Area_2"", ""Soil_Type_10"", ""Soil_Type_16"", ""Soil_Type_4"", ""Soil_Type_30"", ""Soil_Type_23"", ""Soil_Type_34"", ""Soil_Type_13"", ""Soil_Type_17"", ""Soil_Type_36"", ""Soil_Type_19"", ""Soil_Type_25"", ""Soil_Type_18"", ""Soil_Type_20"", ""Soil_Type_33"", ""Soil_Type_27"", ""Soil_Type_15"", ""Soil_Type_8"", ""Soil_Type_26"", ""Soil_Type_35"", ""Soil_Type_24"", ""Soil_Type_6""]",5,0.27015598445076044,"repeat=1,fold=2",290506,1023.1982654000003,551.3587342000001,290506,0.08023586431949771
0.8459722002299437,,a594968d4a00c60c0c5add77f4ccef0a83b14a111a75133a663227ff38c04576,47840a4e8e0e60f0,Covertype,UCI Covertype via sklearn fetch_covtype,,1,290506,1715.6860254999983,"FewPLa outer protocol: 2 rounds x 2 folds, full source data; algorithm differs",headline,2,"dKDB (runtime-optimized, semantics-equivalent)",True,5.0,,3,871518,298.5884038999993,2918.7938600987377,0.01,12,dKDB,4058285,246561749,3565349177,0.2367234109254261,0.42554847211563057,7,54,0.42554847211563057,vectorized-compiled-shared-v1,adagrad,False,,,1958.7350887000011,5,1339.5631516000003,"[""shared_kdb_structure_and_parameters"", ""shared_skdb_selection"", ""dkdb_discriminative"", ""sdkdb_discriminative""]","[252.06574439999986, 291.36489660000007, 362.1750669000003, 433.8785662]",,610.1765263000007,476.10156647876227,290506,8.995410800000172,1,0.3612298691044967,,1.2807802479866288,,54,1.0,"[""Elevation"", ""Wilderness_Area_3"", ""Horizontal_Distance_To_Roadways"", ""Horizontal_Distance_To_Fire_Points"", ""Wilderness_Area_0"", ""Soil_Type_9"", ""Slope"", ""Hillshade_9am"", ""Soil_Type_37"", ""Soil_Type_28"", ""Soil_Type_38"", ""Soil_Type_3"", ""Soil_Type_11"", ""Soil_Type_21"", ""Horizontal_Distance_To_Hydrology"", ""Soil_Type_1"", ""Soil_Type_22"", ""Hillshade_Noon"", ""Hillshade_3pm"", ""Soil_Type_5"", ""Aspect"", ""Soil_Type_39"", ""Vertical_Distance_To_Hydrology"", ""Soil_Type_2"", ""Wilderness_Area_1"", ""Soil_Type_0"", ""Soil_Type_29"", ""Soil_Type_12"", ""Soil_Type_31"", ""Soil_Type_32"", ""Wilderness_Area_2"", ""Soil_Type_10"", ""Soil_Type_16"", ""Soil_Type_4"", ""Soil_Type_30"", ""Soil_Type_23"", ""Soil_Type_34"", ""Soil_Type_13"", ""Soil_Type_17"", ""Soil_Type_36"", ""Soil_Type_19"", ""Soil_Type_25"", ""Soil_Type_18"", ""Soil_Type_20"", ""Soil_Type_33"", ""Soil_Type_27"", ""Soil_Type_15"", ""Soil_Type_8"", ""Soil_Type_26"", ""Soil_Type_35"", ""Soil_Type_24"", ""Soil_Type_6"", ""Soil_Type_7"", ""Soil_Type_14""]",5,,"repeat=1,fold=2",290506,917.7603410000002,307.5838146999995,290506,0.15402779977005637
0.8459722002299437,,776ea2a7694cf08bb2ee078bee8aec69b8661180c945db62bf2073abb50a76fc,47840a4e8e0e60f0,Covertype,UCI Covertype via sklearn fetch_covtype,,1,290506,1715.6860254999983,"FewPLa outer protocol: 2 rounds x 2 folds, full source data; algorithm differs",headline,2,"sdKDB (experimental/unpublished; runtime-optimized, semantics-equivalent)",True,,5.0,4,1162024,622.9865953999997,1865.2471956541885,0.01,12,sdKDB (experimental/unpublished),3995505,245887313,3538265862,0.2367234109254261,0.42554847211563057,7,54,0.42554847211563057,vectorized-compiled-shared-v1,adagrad,False,,,1946.7443926000005,5,1339.5631516000003,"[""shared_kdb_structure_and_parameters"", ""shared_skdb_selection"", ""dkdb_discriminative"", ""sdkdb_discriminative""]","[252.06574439999986, 291.36489660000007, 362.1750669000003, 433.8785662]",,598.1858302,485.64507103565285,290506,8.995410800000172,1,0.3612298691044967,,1.2807802479866288,,52,0.9629629629629629,"[""Elevation"", ""Wilderness_Area_3"", ""Horizontal_Distance_To_Roadways"", ""Horizontal_Distance_To_Fire_Points"", ""Wilderness_Area_0"", ""Soil_Type_9"", ""Slope"", ""Hillshade_9am"", ""Soil_Type_37"", ""Soil_Type_28"", ""Soil_Type_38"", ""Soil_Type_3"", ""Soil_Type_11"", ""Soil_Type_21"", ""Horizontal_Distance_To_Hydrology"", ""Soil_Type_1"", ""Soil_Type_22"", ""Hillshade_Noon"", ""Hillshade_3pm"", ""Soil_Type_5"", ""Aspect"", ""Soil_Type_39"", ""Vertical_Distance_To_Hydrology"", ""Soil_Type_2"", ""Wilderness_Area_1"", ""Soil_Type_0"", ""Soil_Type_29"", ""Soil_Type_12"", ""Soil_Type_31"", ""Soil_Type_32"", ""Wilderness_Area_2"", ""Soil_Type_10"", ""Soil_Type_16"", ""Soil_Type_4"", ""Soil_Type_30"", ""Soil_Type_23"", ""Soil_Type_34"", ""Soil_Type_13"", ""Soil_Type_17"", ""Soil_Type_36"", ""Soil_Type_19"", ""Soil_Type_25"", ""Soil_Type_18"", ""Soil_Type_20"", ""Soil_Type_33"", ""Soil_Type_27"", ""Soil_Type_15"", ""Soil_Type_8"", ""Soil_Type_26"", ""Soil_Type_35"", ""Soil_Type_24"", ""Soil_Type_6""]",5,0.27015598445076044,"repeat=1,fold=2",290506,1230.1678364,631.9820061999999,290506,0.15402779977005637
0.913268572766139,,fb0ee3a938e50218e53a39ce0c53668ab2804cea9bedf5bc756446e0cc9bbd22,47840a4e8e0e60f0,Covertype,UCI Covertype via sklearn fetch_covtype,,0,0,2041.9008769999946,"FewPLa outer protocol: 2 rounds x 2 folds, full source data; algorithm differs",headline,1,"KDB (runtime-optimized, semantics-equivalent)",True,5.0,,2,581012,285.0616924999995,2038.1973982702045,,12,KDB,4061537,150908583,2215065453,0.15453768059148243,0.6193815026400322,7,54,0.6193815026400322,vectorized-compiled-shared-v1,,False,,,2180.8373749,5,1571.6564358000014,"[""shared_kdb_structure_and_parameters"", ""shared_skdb_selection"", ""dkdb_discriminative"", ""sdkdb_discriminative""]","[285.3228873999997, 366.15349439999954, 484.84329740000067, 435.22550260000025]",,596.3158051999999,487.1680365784812,290506,12.86513389999891,2,0.2784903766854234,,1.2992030767593492,,54,1.0,"[""Elevation"", ""Wilderness_Area_3"", ""Horizontal_Distance_To_Roadways"", ""Horizontal_Distance_To_Fire_Points"", ""Wilderness_Area_0"", ""Soil_Type_9"", ""Slope"", ""Soil_Type_37"", ""Hillshade_9am"", ""Soil_Type_28"", ""Soil_Type_38"", ""Soil_Type_3"", ""Soil_Type_1"", ""Soil_Type_21"", ""Horizontal_Distance_To_Hydrology"", ""Soil_Type_11"", ""Soil_Type_22"", ""Hillshade_Noon"", ""Hillshade_3pm"", ""Soil_Type_5"", ""Soil_Type_39"", ""Aspect"", ""Vertical_Distance_To_Hydrology"", ""Soil_Type_2"", ""Wilderness_Area_1"", ""Soil_Type_0"", ""Soil_Type_29"", ""Soil_Type_12"", ""Soil_Type_31"", ""Soil_Type_32"", ""Soil_Type_10"", ""Wilderness_Area_2"", ""Soil_Type_16"", ""Soil_Type_4"", ""Soil_Type_30"", ""Soil_Type_23"", ""Soil_Type_34"", ""Soil_Type_13"", ""Soil_Type_17"", ""Soil_Type_19"", ""Soil_Type_25"", ""Soil_Type_36"", ""Soil_Type_18"", ""Soil_Type_20"", ""Soil_Type_33"", ""Soil_Type_27"", ""Soil_Type_8"", ""Soil_Type_15"", ""Soil_Type_26"", ""Soil_Type_35"", ""Soil_Type_24"", ""Soil_Type_6"", ""Soil_Type_7"", ""Soil_Type_14""]",5,,"repeat=2,fold=1",290506,894.2426315999983,297.9268263999984,290506,0.08673142723386092
0.9132238232601048,,c339e6ad18d7c64511e9a66174fc001152e85bc60f6fc3a6d4883fbed6881ccb,47840a4e8e0e60f0,Covertype,UCI Covertype via sklearn fetch_covtype,,0,0,2041.9008769999946,"FewPLa outer protocol: 2 rounds x 2 folds, full source data; algorithm differs",headline,1,"sKDB (runtime-optimized, semantics-equivalent)",True,,5.0,3,871518,650.4651465999978,1339.8381213128062,,12,sKDB,3834329,147930251,2135066218,0.15432568899476917,0.6069526980453177,7,54,0.6069526980453177,vectorized-compiled-shared-v1,,False,,,2178.296697599999,5,1571.6564358000014,"[""shared_kdb_structure_and_parameters"", ""shared_skdb_selection"", ""dkdb_discriminative"", ""sdkdb_discriminative""]","[285.3228873999997, 366.15349439999954, 484.84329740000067, 435.22550260000025]",,593.7751278999986,489.25255766005404,290506,12.86513389999891,2,0.2783192581971573,,1.2992030767593492,,52,0.9629629629629629,"[""Elevation"", ""Wilderness_Area_3"", ""Horizontal_Distance_To_Roadways"", ""Horizontal_Distance_To_Fire_Points"", ""Wilderness_Area_0"", ""Soil_Type_9"", ""Slope"", ""Soil_Type_37"", ""Hillshade_9am"", ""Soil_Type_28"", ""Soil_Type_38"", ""Soil_Type_3"", ""Soil_Type_1"", ""Soil_Type_21"", ""Horizontal_Distance_To_Hydrology"", ""Soil_Type_11"", ""Soil_Type_22"", ""Hillshade_Noon"", ""Hillshade_3pm"", ""Soil_Type_5"", ""Soil_Type_39"", ""Aspect"", ""Vertical_Distance_To_Hydrology"", ""Soil_Type_2"", ""Wilderness_Area_1"", ""Soil_Type_0"", ""Soil_Type_29"", ""Soil_Type_12"", ""Soil_Type_31"", ""Soil_Type_32"", ""Soil_Type_10"", ""Wilderness_Area_2"", ""Soil_Type_16"", ""Soil_Type_4"", ""Soil_Type_30"", ""Soil_Type_23"", ""Soil_Type_34"", ""Soil_Type_13"", ""Soil_Type_17"", ""Soil_Type_19"", ""Soil_Type_25"", ""Soil_Type_36"", ""Soil_Type_18"", ""Soil_Type_20"", ""Soil_Type_33"", ""Soil_Type_27"", ""Soil_Type_8"", ""Soil_Type_15"", ""Soil_Type_26"", ""Soil_Type_35"", ""Soil_Type_24"", ""Soil_Type_6""]",5,0.2801136075871705,"repeat=2,fold=1",290506,1257.1054083999952,663.3302804999967,290506,0.08677617673989521
0.8448844430063407,,2555a555aa4ee8c288d7c30b5f15e71f97147b1195866df635df572cb799bfab,47840a4e8e0e60f0,Covertype,UCI Covertype via sklearn fetch_covtype,,1,290506,2041.9008769999946,"FewPLa outer protocol: 2 rounds x 2 folds, full source data; algorithm differs",headline,1,"dKDB (runtime-optimized, semantics-equivalent)",True,5.0,,3,871518,368.2395689999994,2366.7146970835215,0.01,12,dKDB,4061537,253455468,3624311417,0.240294404110553,0.4295456967825583,7,54,0.4295456967825583,vectorized-compiled-shared-v1,adagrad,False,,,2228.431773800001,5,1571.6564358000014,"[""shared_kdb_structure_and_parameters"", ""shared_skdb_selection"", ""dkdb_discriminative"", ""sdkdb_discriminative""]","[285.3228873999997, 366.15349439999954, 484.84329740000067, 435.22550260000025]",,643.9102041000006,451.15918050412483,290506,12.86513389999891,2,0.36366778678156103,,1.2992030767593492,,54,1.0,"[""Elevation"", ""Wilderness_Area_3"", ""Horizontal_Distance_To_Roadways"", ""Horizontal_Distance_To_Fire_Points"", ""Wilderness_Area_0"", ""Soil_Type_9"", ""Slope"", ""Soil_Type_37"", ""Hillshade_9am"", ""Soil_Type_28"", ""Soil_Type_38"", ""Soil_Type_3"", ""Soil_Type_1"", ""Soil_Type_21"", ""Horizontal_Distance_To_Hydrology"", ""Soil_Type_11"", ""Soil_Type_22"", ""Hillshade_Noon"", ""Hillshade_3pm"", ""Soil_Type_5"", ""Soil_Type_39"", ""Aspect"", ""Vertical_Distance_To_Hydrology"", ""Soil_Type_2"", ""Wilderness_Area_1"", ""Soil_Type_0"", ""Soil_Type_29"", ""Soil_Type_12"", ""Soil_Type_31"", ""Soil_Type_32"", ""Soil_Type_10"", ""Wilderness_Area_2"", ""Soil_Type_16"", ""Soil_Type_4"", ""Soil_Type_30"", ""Soil_Type_23"", ""Soil_Type_34"", ""Soil_Type_13"", ""Soil_Type_17"", ""Soil_Type_19"", ""Soil_Type_25"", ""Soil_Type_36"", ""Soil_Type_18"", ""Soil_Type_20"", ""Soil_Type_33"", ""Soil_Type_27"", ""Soil_Type_8"", ""Soil_Type_15"", ""Soil_Type_26"", ""Soil_Type_35"", ""Soil_Type_24"", ""Soil_Type_6"", ""Soil_Type_7"", ""Soil_Type_14""]",5,,"repeat=2,fold=1",290506,1025.0149069999989,381.1047028999983,290506,0.15511555699365934
0.8440755096280284,,f1e8e161f886c9f3960cf516c6c3fd2a1356b87a652aaed59afaa3d667b24217,47840a4e8e0e60f0,Covertype,UCI Covertype via sklearn fetch_covtype,,1,290506,2041.9008769999946,"FewPLa outer protocol: 2 rounds x 2 folds, full source data; algorithm differs",headline,1,"sdKDB (experimental/unpublished; runtime-optimized, semantics-equivalent)",True,,5.0,4,1162024,738.134468899998,1574.2714220238242,0.01,12,sdKDB (experimental/unpublished),3834329,248589110,3501824630,0.24144829659816439,0.43127952227987704,7,54,0.43127952227987704,vectorized-compiled-shared-v1,adagrad,False,,,2217.5303117000003,5,1571.6564358000014,"[""shared_kdb_structure_and_parameters"", ""shared_skdb_selection"", ""dkdb_discriminative"", ""sdkdb_discriminative""]","[285.3228873999997, 366.15349439999954, 484.84329740000067, 435.22550260000025]",,633.008742,458.92889106419324,290506,12.86513389999891,2,0.3645394529460642,,1.2992030767593492,,52,0.9629629629629629,"[""Elevation"", ""Wilderness_Area_3"", ""Horizontal_Distance_To_Roadways"", ""Horizontal_Distance_To_Fire_Points"", ""Wilderness_Area_0"", ""Soil_Type_9"", ""Slope"", ""Soil_Type_37"", ""Hillshade_9am"", ""Soil_Type_28"", ""Soil_Type_38"", ""Soil_Type_3"", ""Soil_Type_1"", ""Soil_Type_21"", ""Horizontal_Distance_To_Hydrology"", ""Soil_Type_11"", ""Soil_Type_22"", ""Hillshade_Noon"", ""Hillshade_3pm"", ""Soil_Type_5"", ""Soil_Type_39"", ""Aspect"", ""Vertical_Distance_To_Hydrology"", ""Soil_Type_2"", ""Wilderness_Area_1"", ""Soil_Type_0"", ""Soil_Type_29"", ""Soil_Type_12"", ""Soil_Type_31"", ""Soil_Type_32"", ""Soil_Type_10"", ""Wilderness_Area_2"", ""Soil_Type_16"", ""Soil_Type_4"", ""Soil_Type_30"", ""Soil_Type_23"", ""Soil_Type_34"", ""Soil_Type_13"", ""Soil_Type_17"", ""Soil_Type_19"", ""Soil_Type_25"", ""Soil_Type_36"", ""Soil_Type_18"", ""Soil_Type_20"", ""Soil_Type_33"", ""Soil_Type_27"", ""Soil_Type_8"", ""Soil_Type_15"", ""Soil_Type_26"", ""Soil_Type_35"", ""Soil_Type_24"", ""Soil_Type_6""]",5,0.2801136075871705,"repeat=2,fold=1",290506,1384.0083447999968,750.9996027999969,290506,0.15592449037197167
0.9160740225675201,,0e0c93c4ccf768227defd6a1bf042f4c27be1808b593ab2ddb18339958bd2fde,47840a4e8e0e60f0,Covertype,UCI Covertype via sklearn fetch_covtype,,0,0,2211.6606685000006,"FewPLa outer protocol: 2 rounds x 2 folds, full source data; algorithm differs",headline,2,"KDB (runtime-optimized, semantics-equivalent)",True,5.0,,2,581012,308.4714927999994,1883.5192669706598,,12,KDB,3787299,139175050,2057735681,0.1486850931005989,0.5640182965326674,7,54,0.5640182965326674,vectorized-compiled-shared-v1,,False,,,2199.0925966999966,5,1605.5352501999987,"[""shared_kdb_structure_and_parameters"", ""shared_skdb_selection"", ""dkdb_discriminative"", ""sdkdb_discriminative""]","[308.73325919999843, 392.212872099999, 457.9147436000003, 446.5717986999989]",,578.5343576999985,502.14130955839124,290506,15.022988799999439,2,0.2732315641376835,,1.3775223360711002,,54,1.0,"[""Elevation"", ""Wilderness_Area_3"", ""Horizontal_Distance_To_Roadways"", ""Horizontal_Distance_To_Fire_Points"", ""Wilderness_Area_0"", ""Soil_Type_9"", ""Slope"", ""Hillshade_9am"", ""Soil_Type_37"", ""Soil_Type_28"", ""Soil_Type_38"", ""Soil_Type_3"", ""Soil_Type_21"", ""Soil_Type_11"", ""Horizontal_Distance_To_Hydrology"", ""Soil_Type_1"", ""Hillshade_Noon"", ""Hillshade_3pm"", ""Soil_Type_22"", ""Soil_Type_5"", ""Aspect"", ""Soil_Type_39"", ""Vertical_Distance_To_Hydrology"", ""Soil_Type_2"", ""Wilderness_Area_1"", ""Soil_Type_0"", ""Soil_Type_29"", ""Soil_Type_12"", ""Soil_Type_31"", ""Wilderness_Area_2"", ""Soil_Type_10"", ""Soil_Type_32"", ""Soil_Type_4"", ""Soil_Type_16"", ""Soil_Type_30"", ""Soil_Type_23"", ""Soil_Type_34"", ""Soil_Type_13"", ""Soil_Type_17"", ""Soil_Type_36"", ""Soil_Type_19"", ""Soil_Type_25"", ""Soil_Type_18"", ""Soil_Type_20"", ""Soil_Type_33"", ""Soil_Type_27"", ""Soil_Type_8"", ""Soil_Type_15"", ""Soil_Type_35"", ""Soil_Type_26"", ""Soil_Type_24"", ""Soil_Type_6"", ""Soil_Type_7"", ""Soil_Type_14""]",5,,"repeat=2,fold=2",290506,902.0288392999973,323.49448159999884,290506,0.08392597743247988
0.9160740225675201,,a5abfef4e09d135b3c1cfecab951548ce2128dd7842f47f41be055df0aed6e89,47840a4e8e0e60f0,Covertype,UCI Covertype via sklearn fetch_covtype,,0,0,2211.6606685000006,"FewPLa outer protocol: 2 rounds x 2 folds, full source data; algorithm differs",headline,2,"sKDB (runtime-optimized, semantics-equivalent)",True,,5.0,3,871518,700.0039209000006,1245.0187405800275,,12,sKDB,3733537,138798716,2041322542,0.1486850931005989,0.5640182965326674,7,54,0.5640182965326674,vectorized-compiled-shared-v1,,False,,,2188.1854159999984,5,1605.5352501999987,"[""shared_kdb_structure_and_parameters"", ""shared_skdb_selection"", ""dkdb_discriminative"", ""sdkdb_discriminative""]","[308.73325919999843, 392.212872099999, 457.9147436000003, 446.5717986999989]",,567.6271770000003,511.79015341613893,290506,15.022988799999439,2,0.2732315641376835,,1.3775223360711002,,52,0.9629629629629629,"[""Elevation"", ""Wilderness_Area_3"", ""Horizontal_Distance_To_Roadways"", ""Horizontal_Distance_To_Fire_Points"", ""Wilderness_Area_0"", ""Soil_Type_9"", ""Slope"", ""Hillshade_9am"", ""Soil_Type_37"", ""Soil_Type_28"", ""Soil_Type_38"", ""Soil_Type_3"", ""Soil_Type_21"", ""Soil_Type_11"", ""Horizontal_Distance_To_Hydrology"", ""Soil_Type_1"", ""Hillshade_Noon"", ""Hillshade_3pm"", ""Soil_Type_22"", ""Soil_Type_5"", ""Aspect"", ""Soil_Type_39"", ""Vertical_Distance_To_Hydrology"", ""Soil_Type_2"", ""Wilderness_Area_1"", ""Soil_Type_0"", ""Soil_Type_29"", ""Soil_Type_12"", ""Soil_Type_31"", ""Wilderness_Area_2"", ""Soil_Type_10"", ""Soil_Type_32"", ""Soil_Type_4"", ""Soil_Type_16"", ""Soil_Type_30"", ""Soil_Type_23"", ""Soil_Type_34"", ""Soil_Type_13"", ""Soil_Type_17"", ""Soil_Type_36"", ""Soil_Type_19"", ""Soil_Type_25"", ""Soil_Type_18"", ""Soil_Type_20"", ""Soil_Type_33"", ""Soil_Type_27"", ""Soil_Type_8"", ""Soil_Type_15"", ""Soil_Type_35"", ""Soil_Type_26"", ""Soil_Type_24"", ""Soil_Type_6""]",5,0.2774462677337066,"repeat=2,fold=2",290506,1282.6540867000003,715.0269097,290506,0.08392597743247988
0.845118517345597,,56ac603d13e9f010912f9bae7c8d358904b87d1d65f7051c3b16bab343e0346b,47840a4e8e0e60f0,Covertype,UCI Covertype via sklearn fetch_covtype,,1,290506,2211.6606685000006,"FewPLa outer protocol: 2 rounds x 2 folds, full source data; algorithm differs",headline,2,"dKDB (runtime-optimized, semantics-equivalent)",True,5.0,,3,871518,399.7881478999989,2179.9495672342878,0.01,12,dKDB,3787299,233492952,3378884529,0.2384007834740009,0.4260157295694181,7,54,0.4260157295694181,vectorized-compiled-shared-v1,adagrad,False,,,2240.2557254999974,5,1605.5352501999987,"[""shared_kdb_structure_and_parameters"", ""shared_skdb_selection"", ""dkdb_discriminative"", ""sdkdb_discriminative""]","[308.73325919999843, 392.212872099999, 457.9147436000003, 446.5717986999989]",,619.6974864999993,468.7867973142091,290506,15.022988799999439,2,0.36186621108777406,,1.3775223360711002,,54,1.0,"[""Elevation"", ""Wilderness_Area_3"", ""Horizontal_Distance_To_Roadways"", ""Horizontal_Distance_To_Fire_Points"", ""Wilderness_Area_0"", ""Soil_Type_9"", ""Slope"", ""Hillshade_9am"", ""Soil_Type_37"", ""Soil_Type_28"", ""Soil_Type_38"", ""Soil_Type_3"", ""Soil_Type_21"", ""Soil_Type_11"", ""Horizontal_Distance_To_Hydrology"", ""Soil_Type_1"", ""Hillshade_Noon"", ""Hillshade_3pm"", ""Soil_Type_22"", ""Soil_Type_5"", ""Aspect"", ""Soil_Type_39"", ""Vertical_Distance_To_Hydrology"", ""Soil_Type_2"", ""Wilderness_Area_1"", ""Soil_Type_0"", ""Soil_Type_29"", ""Soil_Type_12"", ""Soil_Type_31"", ""Wilderness_Area_2"", ""Soil_Type_10"", ""Soil_Type_32"", ""Soil_Type_4"", ""Soil_Type_16"", ""Soil_Type_30"", ""Soil_Type_23"", ""Soil_Type_34"", ""Soil_Type_13"", ""Soil_Type_17"", ""Soil_Type_36"", ""Soil_Type_19"", ""Soil_Type_25"", ""Soil_Type_18"", ""Soil_Type_20"", ""Soil_Type_33"", ""Soil_Type_27"", ""Soil_Type_8"", ""Soil_Type_15"", ""Soil_Type_35"", ""Soil_Type_26"", ""Soil_Type_24"", ""Soil_Type_6"", ""Soil_Type_7"", ""Soil_Type_14""]",5,,"repeat=2,fold=2",290506,1034.5086231999976,414.8111366999983,290506,0.15488148265440302
0.845118517345597,,cbe7dca4a9b34628420973a24d3d064bb08a77a93ceb23e4a886ca9de53fc2ae,47840a4e8e0e60f0,Covertype,UCI Covertype via sklearn fetch_covtype,,1,290506,2211.6606685000006,"FewPLa outer protocol: 2 rounds x 2 folds, full source data; algorithm differs",headline,2,"sdKDB (experimental/unpublished; runtime-optimized, semantics-equivalent)",True,,5.0,4,1162024,803.3971069000017,1446.3880813360165,0.01,12,sdKDB (experimental/unpublished),3733537,232915074,3355331822,0.2384007834740009,0.4260157295694181,7,54,0.4260157295694181,vectorized-compiled-shared-v1,adagrad,False,,,2214.2845334999984,5,1605.5352501999987,"[""shared_kdb_structure_and_parameters"", ""shared_skdb_selection"", ""dkdb_discriminative"", ""sdkdb_discriminative""]","[308.73325919999843, 392.212872099999, 457.9147436000003, 446.5717986999989]",,593.7262945000002,489.2927981986149,290506,15.022988799999439,2,0.36186621108777406,,1.3775223360711002,,52,0.9629629629629629,"[""Elevation"", ""Wilderness_Area_3"", ""Horizontal_Distance_To_Roadways"", ""Horizontal_Distance_To_Fire_Points"", ""Wilderness_Area_0"", ""Soil_Type_9"", ""Slope"", ""Hillshade_9am"", ""Soil_Type_37"", ""Soil_Type_28"", ""Soil_Type_38"", ""Soil_Type_3"", ""Soil_Type_21"", ""Soil_Type_11"", ""Horizontal_Distance_To_Hydrology"", ""Soil_Type_1"", ""Hillshade_Noon"", ""Hillshade_3pm"", ""Soil_Type_22"", ""Soil_Type_5"", ""Aspect"", ""Soil_Type_39"", ""Vertical_Distance_To_Hydrology"", ""Soil_Type_2"", ""Wilderness_Area_1"", ""Soil_Type_0"", ""Soil_Type_29"", ""Soil_Type_12"", ""Soil_Type_31"", ""Wilderness_Area_2"", ""Soil_Type_10"", ""Soil_Type_32"", ""Soil_Type_4"", ""Soil_Type_16"", ""Soil_Type_30"", ""Soil_Type_23"", ""Soil_Type_34"", ""Soil_Type_13"", ""Soil_Type_17"", ""Soil_Type_36"", ""Soil_Type_19"", ""Soil_Type_25"", ""Soil_Type_18"", ""Soil_Type_20"", ""Soil_Type_33"", ""Soil_Type_27"", ""Soil_Type_8"", ""Soil_Type_15"", ""Soil_Type_35"", ""Soil_Type_26"", ""Soil_Type_24"", ""Soil_Type_6""]",5,0.2774462677337066,"repeat=2,fold=2",290506,1412.1463902000014,818.4200957000012,290506,0.15488148265440302
0.8380971892957142,,7d34a19efa27a754910cd48be762cbccb24916d9e94c3788e3f7c5bec527bbce,47840a4e8e0e60f0,PokerHand,"UCI 158, complete training + test partitions","UCI has 1,025,010 rows; paper Table 1 says 164,860. No undocumented truncation.",0,0,415.5803998000083,"FewPLa outer protocol: 2 rounds x 2 folds, full source data; algorithm differs",headline,1,"KDB (runtime-optimized, semantics-equivalent)",True,5.0,,2,1025010,59.01229180000155,17369.43217650078,,12,KDB,512323,33755920,396719581,0.23549822132100381,0.44897966790811933,10,10,0.44897966790811933,vectorized-compiled-shared-v1,,False,False,,637.6386407999998,5,238.68457019999914,"[""shared_kdb_structure_and_parameters"", ""shared_skdb_selection"", ""dkdb_discriminative"", ""sdkdb_discriminative""]","[59.19328630000018, 75.14132189999873, 88.139717500002, 16.10567430000083]",,397.53566520000095,1289.2050823720629,512505,1.418405399999756,1,0.3618368089966467,,1.7411280479998525,,10,1.0,"[""3"", ""7"", ""1"", ""5"", ""9"", ""2"", ""8"", ""0"", ""4"", ""6""]",5,,"repeat=1,fold=1",512505,457.96636240000225,60.430697200001305,512505,0.1619028107042858
0.9243519575418776,,7e50ab0de10d6d973b7fd76554646678e9ecf21b37482661ae4e3da467342f3b,47840a4e8e0e60f0,PokerHand,"UCI 158, complete training + test partitions","UCI has 1,025,010 rows; paper Table 1 says 164,860. No undocumented truncation.",0,0,415.5803998000083,"FewPLa outer protocol: 2 rounds x 2 folds, full source data; algorithm differs",headline,1,"sKDB (runtime-optimized, semantics-equivalent)",True,,5.0,3,1537515,134.05809820000286,11469.019929748394,,12,sKDB,33517,5027560,48362702,0.1344639223035338,0.2717044541008922,10,10,0.2717044541008922,vectorized-compiled-shared-v1,,False,False,,376.6878996000014,5,238.68457019999914,"[""shared_kdb_structure_and_parameters"", ""shared_skdb_selection"", ""dkdb_discriminative"", ""sdkdb_discriminative""]","[59.19328630000018, 75.14132189999873, 88.139717500002, 16.10567430000083]",,136.5849240000025,3752.280888628606,512505,1.418405399999756,1,0.28347278439340196,,1.7411280479998525,,5,0.5,"[""3"", ""7"", ""1"", ""5"", ""9""]",4,0.19844796335218848,"repeat=1,fold=1",512505,272.0614276000051,135.47650360000262,512505,0.07564804245812236
0.7355616042770314,,f17cc65acd4f05781d31c83075b9db8a19184d1d71124c19a5f102a5ad575f5e,47840a4e8e0e60f0,PokerHand,"UCI 158, complete training + test partitions","UCI has 1,025,010 rows; paper Table 1 says 164,860. No undocumented truncation.",1,512505,415.5803998000083,"FewPLa outer protocol: 2 rounds x 2 folds, full source data; algorithm differs",headline,1,"dKDB (runtime-optimized, semantics-equivalent)",True,5.0,,3,1537515,81.45239380000203,18876.240810984757,0.01,12,dKDB,512323,64446140,752512281,0.4065755014505687,0.7316252928300754,10,10,0.7316252928300754,vectorized-compiled-shared-v1,adagrad,False,False,,640.0090939000002,5,238.68457019999914,"[""shared_kdb_structure_and_parameters"", ""shared_skdb_selection"", ""dkdb_discriminative"", ""sdkdb_discriminative""]","[59.19328630000018, 75.14132189999873, 88.139717500002, 16.10567430000083]",,399.90611830000125,1281.5632883504159,512505,1.418405399999756,1,0.48488598380733183,,1.7411280479998525,,10,1.0,"[""3"", ""7"", ""1"", ""5"", ""9"", ""2"", ""8"", ""0"", ""4"", ""6""]",5,,"repeat=1,fold=1",512505,482.77691750000304,82.87079920000178,512505,0.26443839572296857
0.7346581984566004,,c98ceb1d4ed97865c8c58b7490797def8c35c038afba0096486f43fee1048481,47840a4e8e0e60f0,PokerHand,"UCI 158, complete training + test partitions","UCI has 1,025,010 rows; paper Table 1 says 164,860. No undocumented truncation.",1,512505,415.5803998000083,"FewPLa outer protocol: 2 rounds x 2 folds, full source data; algorithm differs",headline,1,"sdKDB (experimental/unpublished; runtime-optimized, semantics-equivalent)",True,,5.0,4,2050020,141.05761600000187,14533.210315988701,0.01,12,sdKDB (experimental/unpublished),33517,9668420,92741914,0.4186110554079621,0.74840451694155,10,10,0.74840451694155,vectorized-compiled-shared-v1,adagrad,False,False,,380.35155219999797,5,238.68457019999914,"[""shared_kdb_structure_and_parameters"", ""shared_skdb_selection"", ""dkdb_discriminative"", ""sdkdb_discriminative""]","[59.19328630000018, 75.14132189999873, 88.139717500002, 16.10567430000083]",,140.24857659999907,3654.26168610401,512505,1.418405399999756,1,0.49214511370371045,,1.7411280479998525,,5,0.5,"[""3"", ""7"", ""1"", ""5"", ""9""]",4,0.19844796335218848,"repeat=1,fold=1",512505,282.7245980000007,142.47602140000163,512505,0.2653418015433996
0.8380854820928576,,9c17fb186f717ccba340f1af5ed5adfc160a36d77a3b9304ea1e310dfdb6f7cd,47840a4e8e0e60f0,PokerHand,"UCI 158, complete training + test partitions","UCI has 1,025,010 rows; paper Table 1 says 164,860. No undocumented truncation.",0,0,431.49206020001293,"FewPLa outer protocol: 2 rounds x 2 folds, full source data; algorithm differs",headline,2,"KDB (runtime-optimized, semantics-equivalent)",True,5.0,,2,1025010,60.79506890000266,16860.084519123804,,12,KDB,512343,33757120,396733317,0.23665824589068044,0.45459785367031713,10,10,0.45459785367031713,vectorized-compiled-shared-v1,,False,False,,641.8242936999995,5,245.32140849999996,"[""shared_kdb_structure_and_parameters"", ""shared_skdb_selection"", ""dkdb_discriminative"", ""sdkdb_discriminative""]","[60.97537269999884, 79.14214640000137, 89.28666610000073, 15.796388499999011]",,395.14971539999897,1296.9894195196512,512505,1.3531698000006145,1,0.36288087114639106,,1.7588846519280155,,10,1.0,"[""9"", ""3"", ""5"", ""7"", ""1"", ""6"", ""0"", ""2"", ""4"", ""8""]",5,,"repeat=1,fold=2",512505,457.29795410000224,62.148238700003276,512505,0.16191451790714237
0.9243051287304515,,477eebea531a1fc6bc9f45e08efdfe5d31595516015cc351afc6a21deb16f448,47840a4e8e0e60f0,PokerHand,"UCI 158, complete training + test partitions","UCI has 1,025,010 rows; paper Table 1 says 164,860. No undocumented truncation.",0,0,431.49206020001293,"FewPLa outer protocol: 2 rounds x 2 folds, full source data; algorithm differs",headline,2,"sKDB (runtime-optimized, semantics-equivalent)",True,,5.0,3,1537515,139.8526815000041,10993.818520383213,,12,sKDB,33517,5027560,48362702,0.13450659994930958,0.2722234167469383,10,10,0.2722234167469383,vectorized-compiled-shared-v1,,False,False,,382.92520960000184,5,245.32140849999996,"[""shared_kdb_structure_and_parameters"", ""shared_skdb_selection"", ""dkdb_discriminative"", ""sdkdb_discriminative""]","[60.97537269999884, 79.14214640000137, 89.28666610000073, 15.796388499999011]",,136.25063130000126,3761.487158702033,512505,1.3531698000006145,1,0.28357502276946445,,1.7588846519280155,,5,0.5,"[""9"", ""3"", ""5"", ""7"", ""1""]",4,0.19912503585981636,"repeat=1,fold=2",512505,277.456482600006,141.20585130000472,512505,0.07569487126954859
0.7293119091521059,,775c76f8271beed223724e5fd063cd98d6c06164f3539183280dfee865bb5c5f,47840a4e8e0e60f0,PokerHand,"UCI 158, complete training + test partitions","UCI has 1,025,010 rows; paper Table 1 says 164,860. No undocumented truncation.",1,512505,431.49206020001293,"FewPLa outer protocol: 2 rounds x 2 folds, full source data; algorithm differs",headline,2,"dKDB (runtime-optimized, semantics-equivalent)",True,5.0,,3,1537515,83.97502250000252,18309.194260709533,0.01,12,dKDB,512343,64448360,752537441,0.4089805531134945,0.7353011639122006,10,10,0.7353011639122006,vectorized-compiled-shared-v1,adagrad,False,False,,660.5533353999999,5,245.32140849999996,"[""shared_kdb_structure_and_parameters"", ""shared_skdb_selection"", ""dkdb_discriminative"", ""sdkdb_discriminative""]","[60.97537269999884, 79.14214640000137, 89.28666610000073, 15.796388499999011]",,413.87875709999935,1238.2974269833594,512505,1.3531698000006145,1,0.486325811806148,,1.7588846519280155,,10,1.0,"[""9"", ""3"", ""5"", ""7"", ""1"", ""6"", ""0"", ""2"", ""4"", ""8""]",5,,"repeat=1,fold=2",512505,499.2069494000025,85.32819230000314,512505,0.2706880908478942
0.7341001551204378,,94e03fd2fc6ef0b211c15da8182601e06adf1015134328405ae3863744f56c0c,47840a4e8e0e60f0,PokerHand,"UCI 158, complete training + test partitions","UCI has 1,025,010 rows; paper Table 1 says 164,860. No undocumented truncation.",1,512505,431.49206020001293,"FewPLa outer protocol: 2 rounds x 2 folds, full source data; algorithm differs",headline,2,"sdKDB (experimental/unpublished; runtime-optimized, semantics-equivalent)",True,,5.0,4,2050020,146.86928730000363,13958.12587973217,0.01,12,sdKDB (experimental/unpublished),33517,9668420,92741914,0.41902153192610897,0.7492449452261168,10,10,0.7492449452261168,vectorized-compiled-shared-v1,adagrad,False,False,,360.9628714999999,5,245.32140849999996,"[""shared_kdb_structure_and_parameters"", ""shared_skdb_selection"", ""dkdb_discriminative"", ""sdkdb_discriminative""]","[60.97537269999884, 79.14214640000137, 89.28666610000073, 15.796388499999011]",,114.28829319999932,4484.317559132146,512505,1.3531698000006145,1,0.492442363715723,,1.7588846519280155,,5,0.5,"[""9"", ""3"", ""5"", ""7"", ""1""]",4,0.19912503585981636,"repeat=1,fold=2",512505,262.51075030000356,148.22245710000425,512505,0.26589984487956214
0.829630930429947,,f4cdfdb1dd1894bab55d194008468f85490faf3b3f3defef20f0c51db2484e61,47840a4e8e0e60f0,PokerHand,"UCI 158, complete training + test partitions","UCI has 1,025,010 rows; paper Table 1 says 164,860. No undocumented truncation.",0,0,428.1194464000182,"FewPLa outer protocol: 2 rounds x 2 folds, full source data; algorithm differs",headline,1,"KDB (runtime-optimized, semantics-equivalent)",True,5.0,,2,1025010,60.30898520000483,16995.974921493424,,12,KDB,513087,33801670,397244493,0.2474900171558783,0.4686394637425368,10,10,0.4686394637425368,vectorized-compiled-shared-v1,,False,False,,571.9532134000001,5,244.5521364999986,"[""shared_kdb_structure_and_parameters"", ""shared_skdb_selection"", ""dkdb_discriminative"", ""sdkdb_discriminative""]","[60.48665379999875, 78.29213719999825, 89.99741910000012, 15.655158699999447]",,325.9227627,1572.4737841392873,512505,1.4783142000014777,2,0.36981673063558196,,1.7506264820549653,,10,1.0,"[""3"", ""7"", ""9"", ""1"", ""5"", ""4"", ""2"", ""0"", ""8"", ""6""]",5,,"repeat=2,fold=1",512505,387.7100621000063,61.787299400006304,512505,0.170369069570053
0.9238426942176174,,09ae0dd20f89903023060305a11b386fbbed22c844929f7ca18cf468f66cbc82,47840a4e8e0e60f0,PokerHand,"UCI 158, complete training + test partitions","UCI has 1,025,010 rows; paper Table 1 says 164,860. No undocumented truncation.",0,0,428.1194464000182,"FewPLa outer protocol: 2 rounds x 2 folds, full source data; algorithm differs",headline,1,"sKDB (runtime-optimized, semantics-equivalent)",True,,5.0,3,1537515,138.53121360000296,11098.690035586082,,12,sKDB,33516,5027410,48361302,0.13506368958300347,0.27285829460682903,10,10,0.27285829460682903,vectorized-compiled-shared-v1,,False,False,,380.8590887999999,5,244.5521364999986,"[""shared_kdb_structure_and_parameters"", ""shared_skdb_selection"", ""dkdb_discriminative"", ""sdkdb_discriminative""]","[60.48665379999875, 78.29213719999825, 89.99741910000012, 15.655158699999447]",,134.8286380999998,3801.1583237967952,512505,1.4783142000014777,2,0.28421456677744933,,1.7506264820549653,,5,0.5,"[""3"", ""7"", ""9"", ""1"", ""5""]",4,0.19968880725816957,"repeat=2,fold=1",512505,274.83816590000424,140.00952780000443,512505,0.07615730578238261
0.7412591096672227,,407d334d5c663301cbe37ec6506db7dbf02358ca4a6dbadaea578a95870da75b,47840a4e8e0e60f0,PokerHand,"UCI 158, complete training + test partitions","UCI has 1,025,010 rows; paper Table 1 says 164,860. No undocumented truncation.",1,512505,428.1194464000182,"FewPLa outer protocol: 2 rounds x 2 folds, full source data; algorithm differs",headline,1,"dKDB (runtime-optimized, semantics-equivalent)",True,5.0,,3,1537515,83.69144290000622,18371.23302841139,0.01,12,dKDB,513087,64537580,753549209,0.4107561611932309,0.736734038482242,10,10,0.736734038482242,vectorized-compiled-shared-v1,adagrad,False,False,,664.4560227000002,5,244.5521364999986,"[""shared_kdb_structure_and_parameters"", ""shared_skdb_selection"", ""dkdb_discriminative"", ""sdkdb_discriminative""]","[60.48665379999875, 78.29213719999825, 89.99741910000012, 15.655158699999447]",,418.4255720000001,1224.8414874605223,512505,1.4783142000014777,2,0.48696165744793324,,1.7506264820549653,,10,1.0,"[""3"", ""7"", ""9"", ""1"", ""5"", ""4"", ""2"", ""0"", ""8"", ""6""]",5,,"repeat=2,fold=1",512505,503.5953291000078,85.1697571000077,512505,0.25874089033277725
0.7339947902947288,,ea7e04de1cba954a3ff0e73fa08fe3c0cff1ab8aa878a63b26043a0958ea9408,47840a4e8e0e60f0,PokerHand,"UCI 158, complete training + test partitions","UCI has 1,025,010 rows; paper Table 1 says 164,860. No undocumented truncation.",1,512505,428.1194464000182,"FewPLa outer protocol: 2 rounds x 2 folds, full source data; algorithm differs",headline,1,"sdKDB (experimental/unpublished; runtime-optimized, semantics-equivalent)",True,,5.0,4,2050020,145.5878047000042,14080.98710070007,0.01,12,sdKDB (experimental/unpublished),33516,9668120,92739122,0.4194468498811492,0.7494670650934301,10,10,0.7494670650934301,vectorized-compiled-shared-v1,adagrad,False,False,,388.95114100000137,5,244.5521364999986,"[""shared_kdb_structure_and_parameters"", ""shared_skdb_selection"", ""dkdb_discriminative"", ""sdkdb_discriminative""]","[60.48665379999875, 78.29213719999825, 89.99741910000012, 15.655158699999447]",,142.9206903000013,3585.939858842085,512505,1.4783142000014777,2,0.4925272232611058,,1.7506264820549653,,5,0.5,"[""3"", ""7"", ""9"", ""1"", ""5""]",4,0.19968880725816957,"repeat=2,fold=1",512505,289.986809200007,147.06611890000568,512505,0.2660052097052712
0.8375664627662169,,0a7434b3ba16193d37cf043ab9ed335abd8b3bc15c6a2db68d236a3ffca227a2,47840a4e8e0e60f0,PokerHand,"UCI 158, complete training + test partitions","UCI has 1,025,010 rows; paper Table 1 says 164,860. No undocumented truncation.",0,0,428.2786670000096,"FewPLa outer protocol: 2 rounds x 2 folds, full source data; algorithm differs",headline,2,"KDB (runtime-optimized, semantics-equivalent)",True,5.0,,2,1025010,60.685859600002004,16890.425656918043,,12,KDB,513214,33809380,397332589,0.2365088650234923,0.4523926138685604,10,10,0.4523926138685604,vectorized-compiled-shared-v1,,False,False,,570.7323182000036,5,245.69409070000256,"[""shared_kdb_structure_and_parameters"", ""shared_skdb_selection"", ""dkdb_discriminative"", ""sdkdb_discriminative""]","[60.87232149999909, 77.61489950000032, 91.62993350000033, 15.452631200001633]",,323.6040033999998,1583.7412226526253,512505,1.4342241000013018,2,0.3633095622975487,,1.7431378417763677,,10,1.0,"[""9"", ""5"", ""1"", ""7"", ""3"", ""0"", ""4"", ""6"", ""8"", ""2""]",5,,"repeat=2,fold=2",512505,385.7240871000031,62.120083700003306,512505,0.1624335372337831
0.9247929288494746,,a8a854abfdb302867a3c04526045da353fe53e5324da9945a64cc12d3383f41c,47840a4e8e0e60f0,PokerHand,"UCI 158, complete training + test partitions","UCI has 1,025,010 rows; paper Table 1 says 164,860. No undocumented truncation.",0,0,428.2786670000096,"FewPLa outer protocol: 2 rounds x 2 folds, full source data; algorithm differs",headline,2,"sKDB (runtime-optimized, semantics-equivalent)",True,,5.0,3,1537515,138.22080460000143,11123.614888868793,,12,sKDB,33517,5027560,48362702,0.13404056389153315,0.27131896928100846,10,10,0.27131896928100846,vectorized-compiled-shared-v1,,False,False,,384.0047220000015,5,245.69409070000256,"[""shared_kdb_structure_and_parameters"", ""shared_skdb_selection"", ""dkdb_discriminative"", ""sdkdb_discriminative""]","[60.87232149999909, 77.61489950000032, 91.62993350000033, 15.452631200001633]",,136.87640719999763,3744.290272399909,512505,1.4342241000013018,2,0.28317623532780645,,1.7431378417763677,,5,0.5,"[""9"", ""5"", ""1"", ""7"", ""3""]",4,0.1995667247934011,"repeat=2,fold=2",512505,276.53143590000036,139.65502870000273,512505,0.07520707115052536
0.7266875445117609,,a30e7ffa8e2eaa96e4b8fea7837088bd53a428c7045ac37b9292313df8522d57,47840a4e8e0e60f0,PokerHand,"UCI 158, complete training + test partitions","UCI has 1,025,010 rows; paper Table 1 says 164,860. No undocumented truncation.",1,512505,428.2786670000096,"FewPLa outer protocol: 2 rounds x 2 folds, full source data; algorithm differs",headline,2,"dKDB (runtime-optimized, semantics-equivalent)",True,5.0,,3,1537515,84.17191740000271,18266.365404192995,0.01,12,dKDB,513214,64553060,753724041,0.40678922721175087,0.731804337666062,10,10,0.731804337666062,vectorized-compiled-shared-v1,adagrad,False,False,,663.3676416000053,5,245.69409070000256,"[""shared_kdb_structure_and_parameters"", ""shared_skdb_selection"", ""dkdb_discriminative"", ""sdkdb_discriminative""]","[60.87232149999909, 77.61489950000032, 91.62993350000033, 15.452631200001633]",,416.23932680000144,1231.274814756399,512505,1.4342241000013018,2,0.4851360983086741,,1.7431378417763677,,10,1.0,"[""9"", ""5"", ""1"", ""7"", ""3"", ""0"", ""4"", ""6"", ""8"", ""2""]",5,,"repeat=2,fold=2",512505,501.84546830000545,85.60614150000401,512505,0.2733124554882391
0.732968458844304,,2e32cc99a29c0931b05b809af824f4a2dcbb59102f0663f73cc0f485801a125a,47840a4e8e0e60f0,PokerHand,"UCI 158, complete training + test partitions","UCI has 1,025,010 rows; paper Table 1 says 164,860. No undocumented truncation.",1,512505,428.2786670000096,"FewPLa outer protocol: 2 rounds x 2 folds, full source data; algorithm differs",headline,2,"sdKDB (experimental/unpublished; runtime-optimized, semantics-equivalent)",True,,5.0,4,2050020,145.20008540000345,14118.586737414904,0.01,12,sdKDB (experimental/unpublished),33517,9668420,92741914,0.41875785840586593,0.7483782424289676,10,10,0.7483782424289676,vectorized-compiled-shared-v1,adagrad,False,False,,387.58471400000417,5,245.69409070000256,"[""shared_kdb_structure_and_parameters"", ""shared_skdb_selection"", ""dkdb_discriminative"", ""sdkdb_discriminative""]","[60.87232149999909, 77.61489950000032, 91.62993350000033, 15.452631200001633]",,140.4563992000003,3648.854754351405,512505,1.4342241000013018,2,0.49226417018198526,,1.7431378417763677,,5,0.5,"[""9"", ""5"", ""1"", ""7"", ""3""]",4,0.1995667247934011,"repeat=2,fold=2",512505,287.09070870000505,146.63430950000475,512505,0.26703154115569605
0.6429333980346961,,ef44ab6ca3c0599f487cebcfb5046b5ec433038efa87a2ce74ace1580238918f,47840a4e8e0e60f0,Localization,UCI 196 ConfLongDemo_JSI: tag identifier and x/y/z,Four-feature reconstruction: omit sequence identifier and both timestamps. Paper does not explicitly identify its four columns.,0,0,8.617355100002897,"FewPLa outer protocol: 2 rounds x 2 folds, full source data; algorithm differs",headline,1,"KDB (runtime-optimized, semantics-equivalent)",True,5.0,,2,164860,0.7999823999998625,206079.5337497779,,12,KDB,8277,656271,7171269,0.5014676935426222,1.231209457044531,11,4,1.231209457044531,vectorized-compiled-shared-v1,,False,True,,13.941233200002898,5,6.347709700003179,"[""shared_kdb_structure_and_parameters"", ""shared_skdb_selection"", ""dkdb_discriminative"", ""sdkdb_discriminative""]","[0.8389666000002762, 2.174520399999892, 1.640532000001258, 1.6632622000033734]",,4.4240869999994175,18632.0929041429,82430,3.1694365000003017,1,0.5710625176801083,,1.357553433799687,,4,1.0,"[""x"", ""z"", ""y"", ""tag""]",3,,"repeat=1,fold=1",82430,8.393505899999582,3.9694189000001643,82430,0.3570666019653039
0.6429333980346961,,7f267557fc53d71cd2d5d21eb44ad4e983f5e9b9437e906323b987e56adbb7e0,47840a4e8e0e60f0,Localization,UCI 196 ConfLongDemo_JSI: tag identifier and x/y/z,Four-feature reconstruction: omit sequence identifier and both timestamps. Paper does not explicitly identify its four columns.,0,0,8.617355100002897,"FewPLa outer protocol: 2 rounds x 2 folds, full source data; algorithm differs",headline,1,"sKDB (runtime-optimized, semantics-equivalent)",True,,5.0,3,247290,2.971489300001849,83220.89532674612,,12,sKDB,8277,656271,7171998,0.5014676935426222,1.231209457044531,11,4,1.231209457044531,vectorized-compiled-shared-v1,,False,True,,14.038669700003084,5,6.347709700003179,"[""shared_kdb_structure_and_parameters"", ""shared_skdb_selection"", ""dkdb_discriminative"", ""sdkdb_discriminative""]","[0.8389666000002762, 2.174520399999892, 1.640532000001258, 1.6632622000033734]",,4.521523499999603,18230.580909290253,82430,3.1694365000003017,1,0.5710625176801083,,1.357553433799687,,4,1.0,"[""x"", ""z"", ""y"", ""tag""]",3,0.5665105834686086,"repeat=1,fold=1",82430,10.662449300001754,6.140925800002151,82430,0.3570666019653039
0.5382506369040398,,f370bc40954f74eeaf7693959dc4b2e41c81280eb9d253be2021d17421f03580,47840a4e8e0e60f0,Localization,UCI 196 ConfLongDemo_JSI: tag identifier and x/y/z,Four-feature reconstruction: omit sequence identifier and both timestamps. Paper does not explicitly identify its four columns.,1,82430,8.617355100002897,"FewPLa outer protocol: 2 rounds x 2 folds, full source data; algorithm differs",headline,1,"dKDB (runtime-optimized, semantics-equivalent)",True,5.0,,3,247290,1.3326281000008748,185565.65031146925,0.01,12,dKDB,8277,1264164,13794081,0.6154131434185912,1.3713980178303475,11,4,1.3713980178303475,vectorized-compiled-shared-v1,adagrad,False,True,,14.034114600002795,5,6.347709700003179,"[""shared_kdb_structure_and_parameters"", ""shared_skdb_selection"", ""dkdb_discriminative"", ""sdkdb_discriminative""]","[0.8389666000002762, 2.174520399999892, 1.640532000001258, 1.6632622000033734]",,4.516968399999314,18248.9653901525,82430,3.1694365000003017,1,0.6922599392943002,,1.357553433799687,,4,1.0,"[""x"", ""z"", ""y"", ""tag""]",3,,"repeat=1,fold=1",82430,9.01903300000049,4.502064600001177,82430,0.4617493630959602
0.5382506369040398,,206c15f75c15921728f348dbe8de50d96353d2f1a68404053d684e55b866b080,47840a4e8e0e60f0,Localization,UCI 196 ConfLongDemo_JSI: tag identifier and x/y/z,Four-feature reconstruction: omit sequence identifier and both timestamps. Paper does not explicitly identify its four columns.,1,82430,8.617355100002897,"FewPLa outer protocol: 2 rounds x 2 folds, full source data; algorithm differs",headline,1,"sdKDB (experimental/unpublished; runtime-optimized, semantics-equivalent)",True,,5.0,4,329720,3.51325530000031,93850.28181697211,0.01,12,sdKDB (experimental/unpublished),8277,1264164,13794826,0.6154131434185912,1.3713980178303475,11,4,1.3713980178303475,vectorized-compiled-shared-v1,adagrad,False,True,,14.100522000004275,5,6.347709700003179,"[""shared_kdb_structure_and_parameters"", ""shared_skdb_selection"", ""dkdb_discriminative"", ""sdkdb_discriminative""]","[0.8389666000002762, 2.174520399999892, 1.640532000001258, 1.6632622000033734]",,4.583375800000795,17984.56063759505,82430,3.1694365000003017,1,0.6922599392943002,,1.357553433799687,,4,1.0,"[""x"", ""z"", ""y"", ""tag""]",3,0.5665105834686086,"repeat=1,fold=1",82430,11.266067600001406,6.682691800000612,82430,0.4617493630959602
0.6430789761009341,,6adb17cdc89bb9beca8e16217fd87a1f2868dc4654555a401b5b339befdf21c5,47840a4e8e0e60f0,Localization,UCI 196 ConfLongDemo_JSI: tag identifier and x/y/z,Four-feature reconstruction: omit sequence identifier and both timestamps. Paper does not explicitly identify its four columns.,0,0,8.300376500010316,"FewPLa outer protocol: 2 rounds x 2 folds, full source data; algorithm differs",headline,2,"KDB (runtime-optimized, semantics-equivalent)",True,5.0,,2,164860,0.7202716000028886,228885.8813804943,,12,KDB,8777,703626,7646605,0.5040038773538118,1.248245065268681,11,4,1.248245065268681,vectorized-compiled-shared-v1,,False,True,,14.415020999997068,5,6.453643799999554,"[""shared_kdb_structure_and_parameters"", ""shared_skdb_selection"", ""dkdb_discriminative"", ""sdkdb_discriminative""]","[0.7441071999965061, 2.1874510000016016, 1.6793465000009746, 1.8184002000016335]",,4.696883999997226,17549.933104596297,82430,3.264493200000288,1,0.5705594765186079,,1.2861534905305572,,4,1.0,"[""x"", ""z"", ""y"", ""tag""]",3,,"repeat=1,fold=2",82430,8.681648800000403,3.984764800003177,82430,0.3569210238990659
0.6430789761009341,,575f68dbc488562a6702cddb125ea6acf0b7857f58c0627dad4135a510714237,47840a4e8e0e60f0,Localization,UCI 196 ConfLongDemo_JSI: tag identifier and x/y/z,Four-feature reconstruction: omit sequence identifier and both timestamps. Paper does not explicitly identify its four columns.,0,0,8.300376500010316,"FewPLa outer protocol: 2 rounds x 2 folds, full source data; algorithm differs",headline,2,"sKDB (runtime-optimized, semantics-equivalent)",True,,5.0,3,247290,2.905061700002989,85123.8374729685,,12,sKDB,8777,703626,7647334,0.5040038773538118,1.248245065268681,11,4,1.248245065268681,vectorized-compiled-shared-v1,,False,True,,14.435706399999617,5,6.453643799999554,"[""shared_kdb_structure_and_parameters"", ""shared_skdb_selection"", ""dkdb_discriminative"", ""sdkdb_discriminative""]","[0.7441071999965061, 2.1874510000016016, 1.6793465000009746, 1.8184002000016335]",,4.717569399999775,17472.980895628993,82430,3.264493200000288,1,0.5705594765186079,,1.2861534905305572,,4,1.0,"[""x"", ""z"", ""y"", ""tag""]",3,0.5643763122979157,"repeat=1,fold=2",82430,10.887124300003052,6.169554900003277,82430,0.3569210238990659
0.5477860002426301,,d428148ad9aaead89a86b2d8033a41e5b57c8c65e31d895f3536f458123b1730,47840a4e8e0e60f0,Localization,UCI 196 ConfLongDemo_JSI: tag identifier and x/y/z,Four-feature reconstruction: omit sequence identifier and both timestamps. Paper does not explicitly identify its four columns.,1,82430,8.300376500010316,"FewPLa outer protocol: 2 rounds x 2 folds, full source data; algorithm differs",headline,2,"dKDB (runtime-optimized, semantics-equivalent)",True,5.0,,3,247290,1.2347520000002987,200275.03498673433,0.01,12,dKDB,8777,1359952,14758833,0.6108886774149502,1.3620164110475652,11,4,1.3620164110475652,vectorized-compiled-shared-v1,adagrad,False,True,,14.624352400001953,5,6.453643799999554,"[""shared_kdb_structure_and_parameters"", ""shared_skdb_selection"", ""dkdb_discriminative"", ""sdkdb_discriminative""]","[0.7441071999965061, 2.1874510000016016, 1.6793465000009746, 1.8184002000016335]",,4.906215400002111,16801.137593747826,82430,3.264493200000288,1,0.6903542134569598,,1.2861534905305572,,4,1.0,"[""x"", ""z"", ""y"", ""tag""]",3,,"repeat=1,fold=2",82430,9.405460600002698,4.499245200000587,82430,0.45221399975736987
0.5477860002426301,,c1410602e01be0a3b16e0b04a0975443aa40c1a00384fc020f3c1e40e2b0d573,47840a4e8e0e60f0,Localization,UCI 196 ConfLongDemo_JSI: tag identifier and x/y/z,Four-feature reconstruction: omit sequence identifier and both timestamps. Paper does not explicitly identify its four columns.,1,82430,8.300376500010316,"FewPLa outer protocol: 2 rounds x 2 folds, full source data; algorithm differs",headline,2,"sdKDB (experimental/unpublished; runtime-optimized, semantics-equivalent)",True,,5.0,4,329720,3.4402912000041397,95840.72418044241,0.01,12,sdKDB (experimental/unpublished),8777,1359952,14759578,0.6108886774149502,1.3620164110475652,11,4,1.3620164110475652,vectorized-compiled-shared-v1,adagrad,False,True,,14.73451120000027,5,6.453643799999554,"[""shared_kdb_structure_and_parameters"", ""shared_skdb_selection"", ""dkdb_discriminative"", ""sdkdb_discriminative""]","[0.7441071999965061, 2.1874510000016016, 1.6793465000009746, 1.8184002000016335]",,5.016374200000428,16432.187216016096,82430,3.264493200000288,1,0.6903542134569598,,1.2861534905305572,,4,1.0,"[""x"", ""z"", ""y"", ""tag""]",3,0.5643763122979157,"repeat=1,fold=2",82430,11.721158600004856,6.704784400004428,82430,0.45221399975736987
0.6456387237656194,,c3d8dc9f56218a4c83910894f73fd1fcee5b842925270d254570190e6429e748,47840a4e8e0e60f0,Localization,UCI 196 ConfLongDemo_JSI: tag identifier and x/y/z,Four-feature reconstruction: omit sequence identifier and both timestamps. Paper does not explicitly identify its four columns.,0,0,7.675750399979734,"FewPLa outer protocol: 2 rounds x 2 folds, full source data; algorithm differs",headline,1,"KDB (runtime-optimized, semantics-equivalent)",True,5.0,,2,164860,0.8115586999956577,203139.95771455855,,12,KDB,8513,668074,7310845,0.4979751393321134,1.2263821819558198,11,4,1.2263821819558198,vectorized-compiled-shared-v1,,False,True,,12.507582000002003,5,5.298343400001613,"[""shared_kdb_structure_and_parameters"", ""shared_skdb_selection"", ""dkdb_discriminative"", ""sdkdb_discriminative""]","[0.8352403000026243, 1.7596477000006416, 1.3239194999987376, 1.356051300001127]",,3.9631216999987373,20799.260340661822,82430,3.2461169000016525,2,0.5677447829388889,,1.448707609245825,,4,1.0,"[""x"", ""z"", ""y"", ""tag""]",3,,"repeat=2,fold=1",82430,8.020797299996048,4.05767559999731,82430,0.3543612762343807
0.6456387237656194,,b5f7d7102ec8284d1d40bf0e79ae214f205997e29c7123ca6bc5b400bdda905c,47840a4e8e0e60f0,Localization,UCI 196 ConfLongDemo_JSI: tag identifier and x/y/z,Four-feature reconstruction: omit sequence identifier and both timestamps. Paper does not explicitly identify its four columns.,0,0,7.675750399979734,"FewPLa outer protocol: 2 rounds x 2 folds, full source data; algorithm differs",headline,1,"sKDB (runtime-optimized, semantics-equivalent)",True,,5.0,3,247290,2.5691234999940207,96254.6175769968,,12,sKDB,8513,668074,7311574,0.4979751393321134,1.2263821819558198,11,4,1.2263821819558198,vectorized-compiled-shared-v1,,False,True,,13.019767200003116,5,5.298343400001613,"[""shared_kdb_structure_and_parameters"", ""shared_skdb_selection"", ""dkdb_discriminative"", ""sdkdb_discriminative""]","[0.8352403000026243, 1.7596477000006416, 1.3239194999987376, 1.356051300001127]",,4.47530689999985,18418.848548688973,82430,3.2461169000016525,2,0.5677447829388889,,1.448707609245825,,4,1.0,"[""x"", ""z"", ""y"", ""tag""]",3,0.5647163212528508,"repeat=2,fold=1",82430,10.290547299995524,5.815240399995673,82430,0.3543612762343807
0.5491568603663715,,6be6aaf58ff7f5961c77289857c7a64fdc22e789807493c9f7bc3d0cc4f13449,47840a4e8e0e60f0,Localization,UCI 196 ConfLongDemo_JSI: tag identifier and x/y/z,Four-feature reconstruction: omit sequence identifier and both timestamps. Paper does not explicitly identify its four columns.,1,82430,7.675750399979734,"FewPLa outer protocol: 2 rounds x 2 folds, full source data; algorithm differs",headline,1,"dKDB (runtime-optimized, semantics-equivalent)",True,5.0,,3,247290,1.276590399997076,193711.31100513242,0.01,12,dKDB,8513,1288925,14086857,0.6116784644078548,1.36524864999093,11,4,1.36524864999093,vectorized-compiled-shared-v1,adagrad,False,True,,12.30364880000343,5,5.298343400001613,"[""shared_kdb_structure_and_parameters"", ""shared_skdb_selection"", ""dkdb_discriminative"", ""sdkdb_discriminative""]","[0.8352403000026243, 1.7596477000006416, 1.3239194999987376, 1.356051300001127]",,3.759188500000164,21927.60485407859,82430,3.2461169000016525,2,0.6910413095138047,,1.448707609245825,,4,1.0,"[""x"", ""z"", ""y"", ""tag""]",3,,"repeat=2,fold=1",82430,8.281895799998892,4.522707299998729,82430,0.45084313963362854
0.5491568603663715,,a39187908bb2da93c6b1ef15d637ff1310b84e5881ecf8f49166442af5308153,47840a4e8e0e60f0,Localization,UCI 196 ConfLongDemo_JSI: tag identifier and x/y/z,Four-feature reconstruction: omit sequence identifier and both timestamps. Paper does not explicitly identify its four columns.,1,82430,7.675750399979734,"FewPLa outer protocol: 2 rounds x 2 folds, full source data; algorithm differs",headline,1,"sdKDB (experimental/unpublished; runtime-optimized, semantics-equivalent)",True,,5.0,4,329720,3.0184777999929793,109233.86615623508,0.01,12,sdKDB (experimental/unpublished),8513,1288925,14087602,0.6116784644078548,1.36524864999093,11,4,1.36524864999093,vectorized-compiled-shared-v1,adagrad,False,True,,13.160761600003752,5,5.298343400001613,"[""shared_kdb_structure_and_parameters"", ""shared_skdb_selection"", ""dkdb_discriminative"", ""sdkdb_discriminative""]","[0.8352403000026243, 1.7596477000006416, 1.3239194999987376, 1.356051300001127]",,4.616301300000487,17856.28680692729,82430,3.2461169000016525,2,0.6910413095138047,,1.448707609245825,,4,1.0,"[""x"", ""z"", ""y"", ""tag""]",3,0.5647163212528508,"repeat=2,fold=1",82430,10.880895999995118,6.264594699994632,82430,0.45084313963362854
0.6418536940434307,,2cf0f03908d61ac79591648911dd69ed108d0cddee00a740869e69e2bf3bfc3a,47840a4e8e0e60f0,Localization,UCI 196 ConfLongDemo_JSI: tag identifier and x/y/z,Four-feature reconstruction: omit sequence identifier and both timestamps. Paper does not explicitly identify its four columns.,0,0,7.452023099998769,"FewPLa outer protocol: 2 rounds x 2 folds, full source data; algorithm differs",headline,2,"KDB (runtime-optimized, semantics-equivalent)",True,5.0,,2,164860,0.7899335000001884,208701.11218217824,,12,KDB,8372,669889,7299025,0.5032783408995363,1.2403182552415504,11,4,1.2403182552415504,vectorized-compiled-shared-v1,,False,True,,12.97955109999748,5,5.238709599998401,"[""shared_kdb_structure_and_parameters"", ""shared_skdb_selection"", ""dkdb_discriminative"", ""sdkdb_discriminative""]","[0.8134171000019705, 1.7066820999971242, 1.4191138000023784, 1.275649600000179]",,4.514694800000143,18258.15556790182,82430,3.226146699998935,2,0.5706126313301552,,1.4224921152340728,,4,1.0,"[""x"", ""z"", ""y"", ""tag""]",3,,"repeat=2,fold=2",82430,8.530774999999267,4.016080199999124,82430,0.3581463059565692
0.6418536940434307,,7ac8a7e648e7c0025f7f2c190e2aca108079af18dfee962e9f82547cd43a10ba,47840a4e8e0e60f0,Localization,UCI 196 ConfLongDemo_JSI: tag identifier and x/y/z,Four-feature reconstruction: omit sequence identifier and both timestamps. Paper does not explicitly identify its four columns.,0,0,7.452023099998769,"FewPLa outer protocol: 2 rounds x 2 folds, full source data; algorithm differs",headline,2,"sKDB (runtime-optimized, semantics-equivalent)",True,,5.0,3,247290,2.4942235999988043,99145.08065761167,,12,sKDB,8372,669889,7299754,0.5032783408995363,1.2403182552415504,11,4,1.2403182552415504,vectorized-compiled-shared-v1,,False,True,,12.818778099997871,5,5.238709599998401,"[""shared_kdb_structure_and_parameters"", ""shared_skdb_selection"", ""dkdb_discriminative"", ""sdkdb_discriminative""]","[0.8134171000019705, 1.7066820999971242, 1.4191138000023784, 1.275649600000179]",,4.353921800000535,18932.35657103209,82430,3.226146699998935,2,0.5706126313301552,,1.4224921152340728,,4,1.0,"[""x"", ""z"", ""y"", ""tag""]",3,0.5633974631850531,"repeat=2,fold=2",82430,10.074292099998274,5.7203702999977395,82430,0.3581463059565692
0.5445711512798739,,d720713b267204923e0afffd81b7c610cd20c39894c7b8009d64ab72ea32b7e5,47840a4e8e0e60f0,Localization,UCI 196 ConfLongDemo_JSI: tag identifier and x/y/z,Four-feature reconstruction: omit sequence identifier and both timestamps. Paper does not explicitly identify its four columns.,1,82430,7.452023099998769,"FewPLa outer protocol: 2 rounds x 2 folds, full source data; algorithm differs",headline,2,"dKDB (runtime-optimized, semantics-equivalent)",True,5.0,,3,247290,1.2767486999982793,193687.29335720747,0.01,12,dKDB,8372,1292874,14067533,0.6124895721845868,1.3648421481766946,11,4,1.3648421481766946,vectorized-compiled-shared-v1,adagrad,False,True,,13.126508499997726,5,5.238709599998401,"[""shared_kdb_structure_and_parameters"", ""shared_skdb_selection"", ""dkdb_discriminative"", ""sdkdb_discriminative""]","[0.8134171000019705, 1.7066820999971242, 1.4191138000023784, 1.275649600000179]",,4.66165220000039,17682.5718572469,82430,3.226146699998935,2,0.6907028021151431,,1.4224921152340728,,4,1.0,"[""x"", ""z"", ""y"", ""tag""]",3,,"repeat=2,fold=2",82430,9.164547599997604,4.5028953999972146,82430,0.4554288487201262
0.5445711512798739,,ff8740884e014b6e422e2751b70fbf3e94ad6c3ed235632da3cc769bb3ef8f55,47840a4e8e0e60f0,Localization,UCI 196 ConfLongDemo_JSI: tag identifier and x/y/z,Four-feature reconstruction: omit sequence identifier and both timestamps. Paper does not explicitly identify its four columns.,1,82430,7.452023099998769,"FewPLa outer protocol: 2 rounds x 2 folds, full source data; algorithm differs",headline,2,"sdKDB (experimental/unpublished; runtime-optimized, semantics-equivalent)",True,,5.0,4,329720,2.891117300001497,114045.87423686658,0.01,12,sdKDB (experimental/unpublished),8372,1292874,14068278,0.6124895721845868,1.3648421481766946,11,4,1.3648421481766946,vectorized-compiled-shared-v1,adagrad,False,True,,13.156136799996602,5,5.238709599998401,"[""shared_kdb_structure_and_parameters"", ""shared_skdb_selection"", ""dkdb_discriminative"", ""sdkdb_discriminative""]","[0.8134171000019705, 1.7066820999971242, 1.4191138000023784, 1.275649600000179]",,4.691280499999266,17570.895622210803,82430,3.226146699998935,2,0.6907028021151431,,1.4224921152340728,,4,1.0,"[""x"", ""z"", ""y"", ""tag""]",3,0.5633974631850531,"repeat=2,fold=2",82430,10.808544499999698,6.117264000000432,82430,0.4554288487201262
0.9608551041873952,0.9919575804225051,e562c699513731a93e01a070e0b3267b3543f971f908b0f2abf182cdae336e17,47840a4e8e0e60f0,TwitterAbsoluteSigma,UCI 248 donor archive: Twitter Absolute Sigma 500,"Use published classification labels, never the regression target or a newly chosen threshold.",0,0,393.95215700000335,"FewPLa outer protocol: 2 rounds x 2 folds, full source data; algorithm differs",headline,1,"KDB (runtime-optimized, semantics-equivalent)",True,5.0,,2,140706,61.53368910000063,2286.649834553777,,12,KDB,549337,21534580,304639513,0.0742709934462326,0.6012602786431704,2,77,0.6012602786431704,vectorized-compiled-shared-v1,,False,False,,447.2406932000049,5,248.22167770000306,"[""shared_kdb_structure_and_parameters"", ""shared_skdb_selection"", ""dkdb_discriminative"", ""sdkdb_discriminative""]","[61.78479739999966, 66.35583530000076, 119.81753899999967, 0.24264989999937825]",0.9919575804225051,193.21793810000236,364.11733140215694,70353,5.801077399999485,1,0.19270572571440708,0.979181718952933,1.5870981158870738,,77,1.0,"[""34"", ""76"", ""6"", ""28"", ""70"", ""0"", ""56"", ""62"", ""33"", ""75"", ""5"", ""29"", ""71"", ""1"", ""61"", ""57"", ""35"", ""41"", ""32"", ""74"", ""14"", ""4"", ""60"", ""20"", ""40"", ""7"", ""31"", ""73"", ""3"", ""19"", ""36"", ""30"", ""13"", ""72"", ""2"", ""59"", ""15"", ""58"", ""39"", ""12"", ""18"", ""38"", ""8"", ""17"", ""37"", ""16"", ""11"", ""10"", ""9"", ""21"", ""26"", ""27"", ""25"", ""24"", ""22"", ""23"", ""53"", ""51"", ""63"", ""49"", ""54"", ""52"", ""55"", ""68"", ""64"", ""67"", ""65"", ""66"", ""50"", ""69"", ""42"", ""45"", ""44"", ""46"", ""47"", ""43"", ""48""]",5,,"repeat=1,fold=1",70354,260.55270460000247,67.33476650000011,70353,0.03914489581260483
0.9633140972794724,0.9976106307436671,baa94ead58c46cf6cbda0d55f259897a00d1a462c09fb25ce27d7e260de2fe72,47840a4e8e0e60f0,TwitterAbsoluteSigma,UCI 248 donor archive: Twitter Absolute Sigma 500,"Use published classification labels, never the regression target or a newly chosen threshold.",0,0,393.95215700000335,"FewPLa outer protocol: 2 rounds x 2 folds, full source data; algorithm differs",headline,1,"sKDB (runtime-optimized, semantics-equivalent)",True,,5.0,3,211059,127.79392980000193,1651.5573183351376,,12,sKDB,46,1380,34014,0.05503492139921364,0.09508188613934695,2,77,0.09508188613934695,vectorized-compiled-shared-v1,,False,False,,254.4816927000029,5,248.22167770000306,"[""shared_kdb_structure_and_parameters"", ""shared_skdb_selection"", ""dkdb_discriminative"", ""sdkdb_discriminative""]","[61.78479739999966, 66.35583530000076, 119.81753899999967, 0.24264989999937825]",0.9976106307436671,0.458937600000354,153297.52890141433,70353,5.801077399999485,1,0.16588387715388989,0.9908316223408205,1.5870981158870738,,4,0.05194805194805195,"[""34"", ""76"", ""6"", ""28""]",1,0.16442082619490797,"repeat=1,fold=1",70354,134.05394480000177,133.59500720000142,70353,0.036685902720527616
0.9663984990192456,0.9979187082061203,d7cc98b6ca8feda754bff6c9e3533131a78689c12d3be9c6305072917d95cd93,47840a4e8e0e60f0,TwitterAbsoluteSigma,UCI 248 donor archive: Twitter Absolute Sigma 500,"Use published classification labels, never the regression target or a newly chosen threshold.",1,70353,393.95215700000335,"FewPLa outer protocol: 2 rounds x 2 folds, full source data; algorithm differs",headline,1,"dKDB (runtime-optimized, semantics-equivalent)",True,5.0,,3,211059,76.60280889999922,2755.23839178699,0.01,12,dKDB,549337,33180084,467406717,0.05005038602108457,0.08802649788797082,2,77,0.08802649788797082,vectorized-compiled-shared-v1,adagrad,False,False,,451.22253750000164,5,248.22167770000306,"[""shared_kdb_structure_and_parameters"", ""shared_skdb_selection"", ""dkdb_discriminative"", ""sdkdb_discriminative""]","[61.78479739999966, 66.35583530000076, 119.81753899999967, 0.24264989999937825]",0.9979187082061203,197.1997823999991,356.76509955418857,70353,5.801077399999485,1,0.15819353024236574,0.9920230189599842,1.5870981158870738,,77,1.0,"[""34"", ""76"", ""6"", ""28"", ""70"", ""0"", ""56"", ""62"", ""33"", ""75"", ""5"", ""29"", ""71"", ""1"", ""61"", ""57"", ""35"", ""41"", ""32"", ""74"", ""14"", ""4"", ""60"", ""20"", ""40"", ""7"", ""31"", ""73"", ""3"", ""19"", ""36"", ""30"", ""13"", ""72"", ""2"", ""59"", ""15"", ""58"", ""39"", ""12"", ""18"", ""38"", ""8"", ""17"", ""37"", ""16"", ""11"", ""10"", ""9"", ""21"", ""26"", ""27"", ""25"", ""24"", ""22"", ""23"", ""53"", ""51"", ""63"", ""49"", ""54"", ""52"", ""55"", ""68"", ""64"", ""67"", ""65"", ""66"", ""50"", ""69"", ""42"", ""45"", ""44"", ""46"", ""47"", ""43"", ""48""]",5,,"repeat=1,fold=1",70354,279.6036686999978,82.4038862999987,70353,0.03360150098075447
0.9611393808454388,0.9973793913577442,11e678aa5bd7bd1416b1903791931492d3483301ca814f430b03786a723482bd,47840a4e8e0e60f0,TwitterAbsoluteSigma,UCI 248 donor archive: Twitter Absolute Sigma 500,"Use published classification labels, never the regression target or a newly chosen threshold.",1,70353,393.95215700000335,"FewPLa outer protocol: 2 rounds x 2 folds, full source data; algorithm differs",headline,1,"sdKDB (experimental/unpublished; runtime-optimized, semantics-equivalent)",True,,5.0,4,281412,128.02172920000157,2198.158092056114,0.01,12,sdKDB (experimental/unpublished),46,2670,56122,0.05812031115899273,0.10122596809900015,2,77,0.10122596809900015,vectorized-compiled-shared-v1,adagrad,False,False,,254.5138911000031,5,248.22167770000306,"[""shared_kdb_structure_and_parameters"", ""shared_skdb_selection"", ""dkdb_discriminative"", ""sdkdb_discriminative""]","[61.78479739999966, 66.35583530000076, 119.81753899999967, 0.24264989999937825]",0.9973793913577442,0.4911360000005516,143247.49152968015,70353,5.801077399999485,1,0.1704703950235828,0.9899681293979609,1.5870981158870738,,4,0.05194805194805195,"[""34"", ""76"", ""6"", ""28""]",1,0.16442082619490797,"repeat=1,fold=1",70354,134.3139426000016,133.82280660000106,70353,0.03886061915456122
0.9618495302261453,0.9922168365402438,154b8e259a1262e14afb71685f0ec7b242ab3c8d7703cb18757183332a4010e6,47840a4e8e0e60f0,TwitterAbsoluteSigma,UCI 248 donor archive: Twitter Absolute Sigma 500,"Use published classification labels, never the regression target or a newly chosen threshold.",0,0,403.2349530000065,"FewPLa outer protocol: 2 rounds x 2 folds, full source data; algorithm differs",headline,2,"KDB (runtime-optimized, semantics-equivalent)",True,5.0,,2,140708,62.613978500001394,2247.2298258446694,,12,KDB,632917,27983930,376013873,0.07318397127787181,0.6351111014757059,2,77,0.6351111014757059,vectorized-compiled-shared-v1,,False,False,,515.4699686999957,5,283.9285893999986,"[""shared_kdb_structure_and_parameters"", ""shared_skdb_selection"", ""dkdb_discriminative"", ""sdkdb_discriminative""]","[62.8386047999993, 68.78633569999874, 152.2047711999985, 0.08420429999750922]",0.9922168365402438,225.62203729999965,311.8179449219968,70354,5.919341999997414,1,0.19129031768214486,0.9798871486177843,1.4201984867114916,,77,1.0,"[""34"", ""28"", ""76"", ""6"", ""70"", ""0"", ""56"", ""33"", ""62"", ""75"", ""5"", ""29"", ""61"", ""71"", ""1"", ""57"", ""35"", ""32"", ""74"", ""4"", ""41"", ""14"", ""60"", ""40"", ""31"", ""73"", ""3"", ""20"", ""30"", ""2"", ""72"", ""7"", ""19"", ""59"", ""36"", ""58"", ""15"", ""13"", ""12"", ""39"", ""18"", ""38"", ""37"", ""8"", ""17"", ""16"", ""11"", ""10"", ""9"", ""21"", ""26"", ""27"", ""25"", ""24"", ""22"", ""23"", ""49"", ""51"", ""53"", ""52"", ""63"", ""55"", ""54"", ""66"", ""67"", ""65"", ""68"", ""64"", ""50"", ""69"", ""44"", ""42"", ""45"", ""46"", ""47"", ""43"", ""48""]",5,,"repeat=1,fold=2",70353,294.15535779999846,68.53332049999881,70354,0.0381504697738547
0.9632425056500789,0.9974203753147287,1a897f862a857e53ec4074860c5d2133cfcfd7570b4db39ba7b607fc681863e7,47840a4e8e0e60f0,TwitterAbsoluteSigma,UCI 248 donor archive: Twitter Absolute Sigma 500,"Use published classification labels, never the regression target or a newly chosen threshold.",0,0,403.2349530000065,"FewPLa outer protocol: 2 rounds x 2 folds, full source data; algorithm differs",headline,2,"sKDB (runtime-optimized, semantics-equivalent)",True,,5.0,3,211062,131.28419420000137,1607.6725860728009,,12,sKDB,17,512,19882,0.054688936204443046,0.09462785858101885,2,77,0.09462785858101885,vectorized-compiled-shared-v1,,False,False,,290.0646329999945,5,283.9285893999986,"[""shared_kdb_structure_and_parameters"", ""shared_skdb_selection"", ""dkdb_discriminative"", ""sdkdb_discriminative""]","[62.8386047999993, 68.78633569999874, 152.2047711999985, 0.08420429999750922]",0.9974203753147287,0.21670159999848693,324653.8096649551,70354,5.919341999997414,1,0.16536162826430298,0.9907299723014162,1.4201984867114916,,2,0.025974025974025976,"[""34"", ""28""]",1,0.16496428319036238,"repeat=1,fold=2",70353,137.42023779999727,137.20353619999878,70354,0.036757494349921115
0.9660426705328842,0.9977443102222503,fbd16ca41c715339ac9fb5b966d7b51572d0842bfc4d3960948d9d3e21006893,47840a4e8e0e60f0,TwitterAbsoluteSigma,UCI 248 donor archive: Twitter Absolute Sigma 500,"Use published classification labels, never the regression target or a newly chosen threshold.",1,70354,403.2349530000065,"FewPLa outer protocol: 2 rounds x 2 folds, full source data; algorithm differs",headline,2,"dKDB (runtime-optimized, semantics-equivalent)",True,5.0,,3,211062,77.9722490000022,2706.886138425917,0.01,12,dKDB,632917,43297488,586918765,0.051174798108765504,0.09103375838690703,2,77,0.09103375838690703,vectorized-compiled-shared-v1,adagrad,False,False,,517.8955141999977,5,283.9285893999986,"[""shared_kdb_structure_and_parameters"", ""shared_skdb_selection"", ""dkdb_discriminative"", ""sdkdb_discriminative""]","[62.8386047999993, 68.78633569999874, 152.2047711999985, 0.08420429999750922]",0.9977443102222503,228.0475828000017,308.50140631264554,70354,5.919341999997414,1,0.1599606171980552,0.9915656211744001,1.4201984867114916,,77,1.0,"[""34"", ""28"", ""76"", ""6"", ""70"", ""0"", ""56"", ""33"", ""62"", ""75"", ""5"", ""29"", ""61"", ""71"", ""1"", ""57"", ""35"", ""32"", ""74"", ""4"", ""41"", ""14"", ""60"", ""40"", ""31"", ""73"", ""3"", ""20"", ""30"", ""2"", ""72"", ""7"", ""19"", ""59"", ""36"", ""58"", ""15"", ""13"", ""12"", ""39"", ""18"", ""38"", ""37"", ""8"", ""17"", ""16"", ""11"", ""10"", ""9"", ""21"", ""26"", ""27"", ""25"", ""24"", ""22"", ""23"", ""49"", ""51"", ""53"", ""52"", ""63"", ""55"", ""54"", ""66"", ""67"", ""65"", ""68"", ""64"", ""50"", ""69"", ""44"", ""42"", ""45"", ""46"", ""47"", ""43"", ""48""]",5,,"repeat=1,fold=2",70353,311.9391738000013,83.89159099999961,70354,0.033957329467115833
0.9620343126803406,0.9972319712920675,c569efa7a4a3ec8db103b58de690c79fd4559a3614bffa44f2f448a54cf7f00e,47840a4e8e0e60f0,TwitterAbsoluteSigma,UCI 248 donor archive: Twitter Absolute Sigma 500,"Use published classification labels, never the regression target or a newly chosen threshold.",1,70354,403.2349530000065,"FewPLa outer protocol: 2 rounds x 2 folds, full source data; algorithm differs",headline,2,"sdKDB (experimental/unpublished; runtime-optimized, semantics-equivalent)",True,,5.0,4,281416,131.36453130000154,2142.252533580171,0.01,12,sdKDB (experimental/unpublished),17,994,28694,0.058127531775734084,0.10088843944963573,2,77,0.10088843944963573,vectorized-compiled-shared-v1,adagrad,False,False,,290.100959899999,5,283.9285893999986,"[""shared_kdb_structure_and_parameters"", ""shared_skdb_selection"", ""dkdb_discriminative"", ""sdkdb_discriminative""]","[62.8386047999993, 68.78633569999874, 152.2047711999985, 0.08420429999750922]",0.9972319712920675,0.2530285000029835,278043.7776739397,70354,5.919341999997414,1,0.17048098394796718,0.9899244327193435,1.4201984867114916,,2,0.025974025974025976,"[""34"", ""28""]",1,0.16496428319036238,"repeat=1,fold=2",70353,137.53690180000194,137.28387329999896,70354,0.03796568731965943
0.9609830286835148,0.9924519656349756,b2d5f2d2e5014aea9d75eddaeee689f1279f21213cb561cfa9c942f9d370078d,47840a4e8e0e60f0,TwitterAbsoluteSigma,UCI 248 donor archive: Twitter Absolute Sigma 500,"Use published classification labels, never the regression target or a newly chosen threshold.",0,0,418.9683437000094,"FewPLa outer protocol: 2 rounds x 2 folds, full source data; algorithm differs",headline,1,"KDB (runtime-optimized, semantics-equivalent)",True,5.0,,2,140706,65.98948550000205,2132.248780754559,,12,KDB,618427,26128668,358909225,0.07460049431861882,0.6127947697651299,2,77,0.6127947697651299,vectorized-compiled-shared-v1,,False,False,,508.26495240000077,5,278.7764290999985,"[""shared_kdb_structure_and_parameters"", ""shared_skdb_selection"", ""dkdb_discriminative"", ""sdkdb_discriminative""]","[66.28326729999753, 69.8059007999982, 142.4384108000013, 0.23288269999829936]",0.9924519656349756,223.32924220000132,315.02368121141456,70353,6.159281100000953,2,0.19313271902841686,0.9799258284184635,1.502882955537548,,77,1.0,"[""34"", ""76"", ""6"", ""28"", ""70"", ""0"", ""56"", ""62"", ""33"", ""75"", ""5"", ""29"", ""71"", ""1"", ""61"", ""57"", ""35"", ""41"", ""32"", ""14"", ""74"", ""4"", ""40"", ""20"", ""60"", ""31"", ""7"", ""73"", ""3"", ""19"", ""30"", ""36"", ""72"", ""2"", ""59"", ""15"", ""13"", ""58"", ""12"", ""39"", ""18"", ""38"", ""8"", ""37"", ""17"", ""16"", ""11"", ""10"", ""9"", ""21"", ""26"", ""27"", ""25"", ""24"", ""22"", ""23"", ""49"", ""51"", ""52"", ""55"", ""63"", ""50"", ""54"", ""65"", ""68"", ""53"", ""67"", ""66"", ""64"", ""69"", ""42"", ""44"", ""45"", ""46"", ""47"", ""43"", ""48""]",5,,"repeat=2,fold=1",70354,295.4780088000043,72.148766600003,70353,0.039016971316485204
0.9628166131278961,0.9976976745121536,9b1204b45fcbe64f5ccde6bb5beba994693686648469ab35ed0e3ffb5ec8f99b,47840a4e8e0e60f0,TwitterAbsoluteSigma,UCI 248 donor archive: Twitter Absolute Sigma 500,"Use published classification labels, never the regression target or a newly chosen threshold.",0,0,418.9683437000094,"FewPLa outer protocol: 2 rounds x 2 folds, full source data; algorithm differs",headline,1,"sKDB (runtime-optimized, semantics-equivalent)",True,,5.0,3,211059,135.69129780000367,1555.435045739494,,12,sKDB,45,1288,33130,0.054823382394735096,0.09393572019214715,2,77,0.09393572019214715,vectorized-compiled-shared-v1,,False,False,,285.4011535999998,5,278.7764290999985,"[""shared_kdb_structure_and_parameters"", ""shared_skdb_selection"", ""dkdb_discriminative"", ""sdkdb_discriminative""]","[66.28326729999753, 69.8059007999982, 142.4384108000013, 0.23288269999829936]",0.9976976745121536,0.46544340000036755,151154.79132359475,70353,6.159281100000953,2,0.16556476435935139,0.9911456258606989,1.502882955537548,,4,0.05194805194805195,"[""34"", ""76"", ""6"", ""28""]",1,0.16485485333566297,"repeat=2,fold=1",70354,142.316022300005,141.85057890000462,70353,0.03718338687210393
0.9668533416721153,0.9980085422321179,d927e4ea82e312070f85deddcfa1a97b1a266251768b1c0de40ab8ab11c9f13e,47840a4e8e0e60f0,TwitterAbsoluteSigma,UCI 248 donor archive: Twitter Absolute Sigma 500,"Use published classification labels, never the regression target or a newly chosen threshold.",1,70353,418.9683437000094,"FewPLa outer protocol: 2 rounds x 2 folds, full source data; algorithm differs",headline,1,"dKDB (runtime-optimized, semantics-equivalent)",True,5.0,,3,211059,81.3741637000021,2593.685641773232,0.01,12,dKDB,618427,40357834,549727133,0.05004108900175019,0.08715704589883017,2,77,0.08715704589883017,vectorized-compiled-shared-v1,adagrad,False,False,,508.2503764999965,5,278.7764290999985,"[""shared_kdb_structure_and_parameters"", ""shared_skdb_selection"", ""dkdb_discriminative"", ""sdkdb_discriminative""]","[66.28326729999753, 69.8059007999982, 142.4384108000013, 0.23288269999829936]",0.9980085422321179,223.31466629999704,315.0442430211353,70353,6.159281100000953,2,0.15817883708282562,0.9922731178480472,1.502882955537548,,77,1.0,"[""34"", ""76"", ""6"", ""28"", ""70"", ""0"", ""56"", ""62"", ""33"", ""75"", ""5"", ""29"", ""71"", ""1"", ""61"", ""57"", ""35"", ""41"", ""32"", ""14"", ""74"", ""4"", ""40"", ""20"", ""60"", ""31"", ""7"", ""73"", ""3"", ""19"", ""30"", ""36"", ""72"", ""2"", ""59"", ""15"", ""13"", ""58"", ""12"", ""39"", ""18"", ""38"", ""8"", ""37"", ""17"", ""16"", ""11"", ""10"", ""9"", ""21"", ""26"", ""27"", ""25"", ""24"", ""22"", ""23"", ""49"", ""51"", ""52"", ""55"", ""63"", ""50"", ""54"", ""65"", ""68"", ""53"", ""67"", ""66"", ""64"", ""69"", ""42"", ""44"", ""45"", ""46"", ""47"", ""43"", ""48""]",5,,"repeat=2,fold=1",70354,310.8481111000001,87.53344480000305,70353,0.033146658327884694
0.9605992551951559,0.9974455742325248,d9a8b58be0ecfa027a4bc5207650943be4c23370e2af191c0f50d012d389b3e3,47840a4e8e0e60f0,TwitterAbsoluteSigma,UCI 248 donor archive: Twitter Absolute Sigma 500,"Use published classification labels, never the regression target or a newly chosen threshold.",1,70353,418.9683437000094,"FewPLa outer protocol: 2 rounds x 2 folds, full source data; algorithm differs",headline,1,"sdKDB (experimental/unpublished; runtime-optimized, semantics-equivalent)",True,,5.0,4,281412,135.9133967000016,2070.524369434707,0.01,12,sdKDB (experimental/unpublished),45,2490,53246,0.057938778556507094,0.10062895390988122,2,77,0.10062895390988122,vectorized-compiled-shared-v1,adagrad,False,False,,285.44183630000043,5,278.7764290999985,"[""shared_kdb_structure_and_parameters"", ""shared_skdb_selection"", ""dkdb_discriminative"", ""sdkdb_discriminative""]","[66.28326729999753, 69.8059007999982, 142.4384108000013, 0.23288269999829936]",0.9974455742325248,0.5061261000009836,139004.88435562458,70353,6.159281100000953,2,0.17020396375599936,0.9901883506964592,1.502882955537548,,4,0.05194805194805195,"[""34"", ""76"", ""6"", ""28""]",1,0.16485485333566297,"repeat=2,fold=1",70354,142.57880390000355,142.07267780000257,70353,0.039400744804844075
0.9602859863829545,0.9917050282077008,f8616ddec858dbc53e0e098500859157a31b3281999af464735cac74e8f777df,47840a4e8e0e60f0,TwitterAbsoluteSigma,UCI 248 donor archive: Twitter Absolute Sigma 500,"Use published classification labels, never the regression target or a newly chosen threshold.",0,0,331.39996420000534,"FewPLa outer protocol: 2 rounds x 2 folds, full source data; algorithm differs",headline,2,"KDB (runtime-optimized, semantics-equivalent)",True,5.0,,2,140708,52.477217600000586,2681.315939281019,,12,KDB,547470,21942940,308127721,0.07585210037540005,0.6475141200537913,2,77,0.6475141200537913,vectorized-compiled-shared-v1,,False,False,,413.4657883,5,210.75232160000087,"[""shared_kdb_structure_and_parameters"", ""shared_skdb_selection"", ""dkdb_discriminative"", ""sdkdb_discriminative""]","[52.68382230000134, 54.095824100000755, 103.69842739999876, 0.25914580000244314]",0.9917050282077008,196.64908650000143,357.7590989724709,70354,6.064380199997686,2,0.19474611725962607,0.9786987727812653,1.5724617488626706,,77,1.0,"[""34"", ""76"", ""6"", ""28"", ""70"", ""0"", ""56"", ""62"", ""33"", ""75"", ""5"", ""29"", ""71"", ""61"", ""1"", ""57"", ""35"", ""32"", ""74"", ""4"", ""41"", ""14"", ""60"", ""40"", ""31"", ""20"", ""73"", ""3"", ""7"", ""30"", ""72"", ""2"", ""19"", ""59"", ""36"", ""13"", ""58"", ""15"", ""39"", ""12"", ""18"", ""38"", ""8"", ""37"", ""17"", ""16"", ""11"", ""10"", ""9"", ""21"", ""27"", ""26"", ""25"", ""24"", ""22"", ""23"", ""49"", ""53"", ""68"", ""52"", ""63"", ""54"", ""67"", ""50"", ""51"", ""66"", ""65"", ""55"", ""64"", ""69"", ""42"", ""44"", ""45"", ""46"", ""47"", ""43"", ""48""]",5,,"repeat=2,fold=2",70353,255.1906842999997,58.54159779999827,70354,0.03971401361704547
0.9634415021392122,0.9975308668637546,e68e400468d5fea718fcf95581740bb7c6cbc8880ee1f7233f91b464fcf43ae7,47840a4e8e0e60f0,TwitterAbsoluteSigma,UCI 248 donor archive: Twitter Absolute Sigma 500,"Use published classification labels, never the regression target or a newly chosen threshold.",0,0,331.39996420000534,"FewPLa outer protocol: 2 rounds x 2 folds, full source data; algorithm differs",headline,2,"sKDB (runtime-optimized, semantics-equivalent)",True,,5.0,3,211062,106.5032409000014,1981.7425105229565,,12,sKDB,49,1504,35562,0.05498103412991913,0.09584266539641052,2,77,0.09584266539641052,vectorized-compiled-shared-v1,,False,False,,217.28566979999596,5,210.75232160000087,"[""shared_kdb_structure_and_parameters"", ""shared_skdb_selection"", ""dkdb_discriminative"", ""sdkdb_discriminative""]","[52.68382230000134, 54.095824100000755, 103.69842739999876, 0.25914580000244314]",0.9975308668637546,0.46896799999740324,150016.63226571868,70354,6.064380199997686,2,0.16580264492751484,0.9906457058204543,1.5724617488626706,,4,0.05194805194805195,"[""34"", ""76"", ""6"", ""28""]",1,0.1646425445262929,"repeat=2,fold=2",70353,113.03658909999649,112.56762109999909,70354,0.03655849786078774
0.9657726038690603,0.997806325276684,37dc49e2a0104115463812605b74494b953fe6e99f5119383b687d6d54ed0abf,47840a4e8e0e60f0,TwitterAbsoluteSigma,UCI 248 donor archive: Twitter Absolute Sigma 500,"Use published classification labels, never the regression target or a newly chosen threshold.",1,70354,331.39996420000534,"FewPLa outer protocol: 2 rounds x 2 folds, full source data; algorithm differs",headline,2,"dKDB (runtime-optimized, semantics-equivalent)",True,5.0,,3,211062,65.66926660000172,3214.0148798310847,0.01,12,dKDB,547470,34282196,477107997,0.05138177579995912,0.0909780774534393,2,77,0.0909780774534393,vectorized-compiled-shared-v1,adagrad,False,False,,437.74760850000166,5,210.75232160000087,"[""shared_kdb_structure_and_parameters"", ""shared_skdb_selection"", ""dkdb_discriminative"", ""sdkdb_discriminative""]","[52.68382230000134, 54.095824100000755, 103.69842739999876, 0.25914580000244314]",0.997806325276684,220.9309067000031,318.43892305901176,70354,6.064380199997686,2,0.16028377304012892,0.9916030244123402,1.5724617488626706,,77,1.0,"[""34"", ""76"", ""6"", ""28"", ""70"", ""0"", ""56"", ""62"", ""33"", ""75"", ""5"", ""29"", ""71"", ""61"", ""1"", ""57"", ""35"", ""32"", ""74"", ""4"", ""41"", ""14"", ""60"", ""40"", ""31"", ""20"", ""73"", ""3"", ""7"", ""30"", ""72"", ""2"", ""19"", ""59"", ""36"", ""13"", ""58"", ""15"", ""39"", ""12"", ""18"", ""38"", ""8"", ""37"", ""17"", ""16"", ""11"", ""10"", ""9"", ""21"", ""27"", ""26"", ""25"", ""24"", ""22"", ""23"", ""49"", ""53"", ""68"", ""52"", ""63"", ""54"", ""67"", ""50"", ""51"", ""66"", ""65"", ""55"", ""64"", ""69"", ""42"", ""44"", ""45"", ""46"", ""47"", ""43"", ""48""]",5,,"repeat=2,fold=2",70353,292.6645535000025,71.7336467999994,70354,0.03422739613093969
0.961806888121331,0.9973182393863504,fa997e0bec9a26ad3800e0cee612ad29d98fa7cf42e0c4eb42b4a6f47d673993,47840a4e8e0e60f0,TwitterAbsoluteSigma,UCI 248 donor archive: Twitter Absolute Sigma 500,"Use published classification labels, never the regression target or a newly chosen threshold.",1,70354,331.39996420000534,"FewPLa outer protocol: 2 rounds x 2 folds, full source data; algorithm differs",headline,2,"sdKDB (experimental/unpublished; runtime-optimized, semantics-equivalent)",True,,5.0,4,281416,106.75023910000164,2636.2095520589396,0.01,12,sdKDB (experimental/unpublished),49,2916,59222,0.05824576986257477,0.10135748564354384,2,77,0.10135748564354384,vectorized-compiled-shared-v1,adagrad,False,False,,217.3715962999995,5,210.75232160000087,"[""shared_kdb_structure_and_parameters"", ""shared_skdb_selection"", ""dkdb_discriminative"", ""sdkdb_discriminative""]","[52.68382230000134, 54.095824100000755, 103.69842739999876, 0.25914580000244314]",0.9973182393863504,0.5548945000009553,126786.26297409486,70354,6.064380199997686,2,0.1706542848313144,0.9898231176972743,1.5724617488626706,,4,0.05194805194805195,"[""34"", ""76"", ""6"", ""28""]",1,0.1646425445262929,"repeat=2,fold=2",70353,113.36951380000028,112.81461929999932,70354,0.038193111878669
0.946205301951979,0.46153109405096265,191792b10a8dfb0d198d73613fe5d610bd174ceb593a239f210b1498ea688907,47840a4e8e0e60f0,CensusIncome,"UCI 117 Census-Income (KDD), both partitions, excluding instance weight","UCI instructs excluding instance weight, giving 40 predictors; Table 1 lists 41. Requires original paper file for strict shape matching.",0,0,417.96792509999796,"FewPLa outer protocol: 2 rounds x 2 folds, full source data; algorithm differs",headline,1,"KDB (runtime-optimized, semantics-equivalent)",True,5.0,,2,299284,64.14094789999945,4666.036436920237,,12,KDB,453228,18635826,259339481,0.09575650718069699,0.4572011147846342,2,40,0.4572011147846342,vectorized-compiled-shared-v1,,False,False,,519.4560657000002,5,256.1877361000006,"[""shared_kdb_structure_and_parameters"", ""shared_skdb_selection"", ""dkdb_discriminative"", ""sdkdb_discriminative""]","[64.29057710000052, 69.90780369999993, 116.30627660000027, 5.638043899998593]",0.46153109405096265,261.1241354999984,573.0722658534218,149642,2.1441941000011866,1,0.21881099970145124,0.8987425809552146,1.6314907632301645,,40,1.0,"[""3"", ""4"", ""9"", ""39"", ""2"", ""8"", ""0"", ""22"", ""19"", ""23"", ""1"", ""30"", ""16"", ""18"", ""7"", ""31"", ""38"", ""12"", ""15"", ""17"", ""6"", ""32"", ""11"", ""33"", ""5"", ""13"", ""36"", ""10"", ""34"", ""25"", ""27"", ""26"", ""35"", ""21"", ""14"", ""20"", ""29"", ""28"", ""37"", ""40""]",5,,"repeat=1,fold=1",149643,327.409277499999,66.28514200000063,149642,0.05379469804802096
0.9510635312042661,0.6172038561572137,c1b39c17b7e613e5a579b660784b4fc1e285ceb99a2b73cb5ef321010acb43fc,47840a4e8e0e60f0,CensusIncome,"UCI 117 Census-Income (KDD), both partitions, excluding instance weight","UCI instructs excluding instance weight, giving 40 predictors; Table 1 lists 41. Requires original paper file for strict shape matching.",0,0,417.96792509999796,"FewPLa outer protocol: 2 rounds x 2 folds, full source data; algorithm differs",headline,1,"sKDB (runtime-optimized, semantics-equivalent)",True,,5.0,3,448926,133.94116719999874,3351.6655811254136,,12,sKDB,6393,188854,2974682,0.07506983588841913,0.14880598948656437,2,40,0.14880598948656437,vectorized-compiled-shared-v1,,False,False,,272.4876578000003,5,256.1877361000006,"[""shared_kdb_structure_and_parameters"", ""shared_skdb_selection"", ""dkdb_discriminative"", ""sdkdb_discriminative""]","[64.29057710000052, 69.90780369999993, 116.30627660000027, 5.638043899998593]",0.6172038561572137,14.1557275999985,10571.198049898605,149642,2.1441941000011866,1,0.19373930407692075,0.9345195259423995,1.6314907632301645,,21,0.525,"[""3"", ""4"", ""9"", ""39"", ""2"", ""8"", ""0"", ""22"", ""19"", ""23"", ""1"", ""30"", ""16"", ""18"", ""7"", ""31"", ""38"", ""12"", ""15"", ""17"", ""6""]",2,0.19296905627168126,"repeat=1,fold=1",149643,150.24108889999843,136.08536129999993,149642,0.048936468795733844
0.9475885941874996,0.5354053368178463,10de0e14de0093e7271f492e3d76e80ab591a9122bb6e162c4ea0242f4c58782,47840a4e8e0e60f0,CensusIncome,"UCI 117 Census-Income (KDD), both partitions, excluding instance weight","UCI instructs excluding instance weight, giving 40 predictors; Table 1 lists 41. Requires original paper file for strict shape matching.",1,149642,417.96792509999796,"FewPLa outer protocol: 2 rounds x 2 folds, full source data; algorithm differs",headline,1,"dKDB (runtime-optimized, semantics-equivalent)",True,5.0,,3,448926,81.74914050000007,5491.507277682016,0.01,12,dKDB,453228,29767528,411076157,0.07933228328526097,0.13697538830883538,2,40,0.13697538830883538,vectorized-compiled-shared-v1,adagrad,False,False,,479.5754846000018,5,256.1877361000006,"[""shared_kdb_structure_and_parameters"", ""shared_skdb_selection"", ""dkdb_discriminative"", ""sdkdb_discriminative""]","[64.29057710000052, 69.90780369999993, 116.30627660000027, 5.638043899998593]",0.5354053368178463,221.2435544,676.3722468924501,149642,2.1441941000011866,1,0.19916360521598941,0.9287666021271932,1.6314907632301645,,40,1.0,"[""3"", ""4"", ""9"", ""39"", ""2"", ""8"", ""0"", ""22"", ""19"", ""23"", ""1"", ""30"", ""16"", ""18"", ""7"", ""31"", ""38"", ""12"", ""15"", ""17"", ""6"", ""32"", ""11"", ""33"", ""5"", ""13"", ""36"", ""10"", ""34"", ""25"", ""27"", ""26"", ""35"", ""21"", ""14"", ""20"", ""29"", ""28"", ""37"", ""40""]",5,,"repeat=1,fold=1",149643,305.13688900000125,83.89333460000125,149642,0.052411405812500415
0.9519255828872717,0.6089651356153276,b7a91b9f9ba86b9a10e65228e6236a41e0ceac9b4b786ecc4424521d46e1348d,47840a4e8e0e60f0,CensusIncome,"UCI 117 Census-Income (KDD), both partitions, excluding instance weight","UCI instructs excluding instance weight, giving 40 predictors; Table 1 lists 41. Requires original paper file for strict shape matching.",1,149642,417.96792509999796,"FewPLa outer protocol: 2 rounds x 2 folds, full source data; algorithm differs",headline,1,"sdKDB (experimental/unpublished; runtime-optimized, semantics-equivalent)",True,,5.0,4,598568,138.1366694999997,4333.157894761617,0.01,12,sdKDB (experimental/unpublished),6393,359462,5750726,0.07268984238788823,0.12662721723162854,2,40,0.12662721723162854,vectorized-compiled-shared-v1,adagrad,False,False,,274.8709041000002,5,256.1877361000006,"[""shared_kdb_structure_and_parameters"", ""shared_skdb_selection"", ""dkdb_discriminative"", ""sdkdb_discriminative""]","[64.29057710000052, 69.90780369999993, 116.30627660000027, 5.638043899998593]",0.6089651356153276,16.538973899998382,9047.901091373911,149642,2.1441941000011866,1,0.19064343994468866,0.9407385799728012,1.6314907632301645,,21,0.525,"[""3"", ""4"", ""9"", ""39"", ""2"", ""8"", ""0"", ""22"", ""19"", ""23"", ""1"", ""30"", ""16"", ""18"", ""7"", ""31"", ""38"", ""12"", ""15"", ""17"", ""6""]",2,0.19296905627168126,"repeat=1,fold=1",149643,156.81983749999927,140.28086360000088,149642,0.04807441711272829
0.945904224749736,0.4568535662784574,ed3764d714ffa555d261777ab7e81d93ac2bb807fbb3d29ead8b8b5bdf441319,47840a4e8e0e60f0,CensusIncome,"UCI 117 Census-Income (KDD), both partitions, excluding instance weight","UCI instructs excluding instance weight, giving 40 predictors; Table 1 lists 41. Requires original paper file for strict shape matching.",0,0,406.10574239999914,"FewPLa outer protocol: 2 rounds x 2 folds, full source data; algorithm differs",headline,2,"KDB (runtime-optimized, semantics-equivalent)",True,5.0,,2,299286,61.92003950000071,4833.427149218736,,12,KDB,468018,20814524,279718097,0.09606173250886339,0.4732758931826938,2,40,0.4732758931826938,vectorized-compiled-shared-v1,,False,False,,531.3611003000005,5,258.8882018000004,"[""shared_kdb_structure_and_parameters"", ""shared_skdb_selection"", ""dkdb_discriminative"", ""sdkdb_discriminative""]","[62.02698089999831, 68.49564900000041, 122.51183049999963, 5.813183900001604]",0.4568535662784574,270.67954400000235,552.838229991989,149643,1.793354499997804,1,0.21915945394719274,0.8978071785708017,1.5686529535777345,,40,1.0,"[""3"", ""4"", ""9"", ""39"", ""2"", ""8"", ""0"", ""22"", ""19"", ""1"", ""30"", ""23"", ""18"", ""16"", ""7"", ""31"", ""38"", ""12"", ""15"", ""17"", ""6"", ""32"", ""33"", ""11"", ""5"", ""36"", ""13"", ""10"", ""34"", ""25"", ""35"", ""27"", ""26"", ""21"", ""14"", ""29"", ""20"", ""28"", ""37"", ""40""]",5,,"repeat=1,fold=2",149642,334.39293800000087,63.713393999998516,149643,0.05409577525026396
0.9509896954063699,0.6198833438927124,c0446751aecdbcee963b803de1982845ce793cb76bf02c6c96f86c12280016b0,47840a4e8e0e60f0,CensusIncome,"UCI 117 Census-Income (KDD), both partitions, excluding instance weight","UCI instructs excluding instance weight, giving 40 predictors; Table 1 lists 41. Requires original paper file for strict shape matching.",0,0,406.10574239999914,"FewPLa outer protocol: 2 rounds x 2 folds, full source data; algorithm differs",headline,2,"sKDB (runtime-optimized, semantics-equivalent)",True,,5.0,3,448929,130.33765589999894,3444.353797067204,,12,sKDB,6373,193452,2999810,0.07529595050844821,0.14989634728196827,2,40,0.14989634728196827,vectorized-compiled-shared-v1,,False,False,,277.8325535999975,5,258.8882018000004,"[""shared_kdb_structure_and_parameters"", ""shared_skdb_selection"", ""dkdb_discriminative"", ""sdkdb_discriminative""]","[62.02698089999831, 68.49564900000041, 122.51183049999963, 5.813183900001604]",0.6198833438927124,17.15099729999929,8724.973678353164,149643,1.793354499997804,1,0.19403086160254018,0.9350684048015607,1.5686529535777345,,21,0.525,"[""3"", ""4"", ""9"", ""39"", ""2"", ""8"", ""0"", ""22"", ""19"", ""1"", ""30"", ""23"", ""18"", ""16"", ""7"", ""31"", ""38"", ""12"", ""15"", ""17"", ""6""]",2,0.19277215138543755,"repeat=1,fold=2",149642,149.28200769999603,132.13101039999674,149643,0.04901030459363013
0.9488445757207201,0.5453999830903364,f6085832dad60c1179cb2393bffae54c911f34ba41fd236c01162db44221b414,47840a4e8e0e60f0,CensusIncome,"UCI 117 Census-Income (KDD), both partitions, excluding instance weight","UCI instructs excluding instance weight, giving 40 predictors; Table 1 lists 41. Requires original paper file for strict shape matching.",1,149643,406.10574239999914,"FewPLa outer protocol: 2 rounds x 2 folds, full source data; algorithm differs",headline,2,"dKDB (runtime-optimized, semantics-equivalent)",True,5.0,,3,448929,79.26143809999849,5663.90177571114,0.01,12,dKDB,468018,32833806,438790037,0.07883724451836988,0.1373300686580967,2,40,0.1373300686580967,vectorized-compiled-shared-v1,adagrad,False,False,,486.04253419999804,5,258.8882018000004,"[""shared_kdb_structure_and_parameters"", ""shared_skdb_selection"", ""dkdb_discriminative"", ""sdkdb_discriminative""]","[62.02698089999831, 68.49564900000041, 122.51183049999963, 5.813183900001604]",0.5453999830903364,225.36097789999985,664.0102532142948,149643,1.793354499997804,1,0.198541235664496,0.9266983513396367,1.5686529535777345,,40,1.0,"[""3"", ""4"", ""9"", ""39"", ""2"", ""8"", ""0"", ""22"", ""19"", ""1"", ""30"", ""23"", ""18"", ""16"", ""7"", ""31"", ""38"", ""12"", ""15"", ""17"", ""6"", ""32"", ""33"", ""11"", ""5"", ""36"", ""13"", ""10"", ""34"", ""25"", ""35"", ""27"", ""26"", ""21"", ""14"", ""29"", ""20"", ""28"", ""37"", ""40""]",5,,"repeat=1,fold=2",149642,306.41577049999614,81.05479259999629,149643,0.05115542427927988
0.9526737145988425,0.6161238194083994,9bf1ef01fd34c6e3a3f3566ee939342a71f8f7baa15663b15e390c844b505f86,47840a4e8e0e60f0,CensusIncome,"UCI 117 Census-Income (KDD), both partitions, excluding instance weight","UCI instructs excluding instance weight, giving 40 predictors; Table 1 lists 41. Requires original paper file for strict shape matching.",1,149643,406.10574239999914,"FewPLa outer protocol: 2 rounds x 2 folds, full source data; algorithm differs",headline,2,"sdKDB (experimental/unpublished; runtime-optimized, semantics-equivalent)",True,,5.0,4,598572,134.586608900001,4447.4855625847895,0.01,12,sdKDB (experimental/unpublished),6373,368374,5806718,0.0721908646877867,0.12663440841194726,2,40,0.12663440841194726,vectorized-compiled-shared-v1,adagrad,False,False,,278.3097173999995,5,258.8882018000004,"[""shared_kdb_structure_and_parameters"", ""shared_skdb_selection"", ""dkdb_discriminative"", ""sdkdb_discriminative""]","[62.02698089999831, 68.49564900000041, 122.51183049999963, 5.813183900001604]",0.6161238194083994,17.628161100001307,8488.803747090155,149643,1.793354499997804,1,0.18998797947210594,0.9393178640795676,1.5686529535777345,,21,0.525,"[""3"", ""4"", ""9"", ""39"", ""2"", ""8"", ""0"", ""22"", ""19"", ""1"", ""30"", ""23"", ""18"", ""16"", ""7"", ""31"", ""38"", ""12"", ""15"", ""17"", ""6""]",2,0.19277215138543755,"repeat=1,fold=2",149642,154.00812450000012,136.37996339999881,149643,0.04732628540115743
0.9461785716672347,0.46345819992561144,9b940e91364f3f757ea6f7306985a8eb1e64ec8a5caf4e550359008fd54c501e,47840a4e8e0e60f0,CensusIncome,"UCI 117 Census-Income (KDD), both partitions, excluding instance weight","UCI instructs excluding instance weight, giving 40 predictors; Table 1 lists 41. Requires original paper file for strict shape matching.",0,0,337.65803609999057,"FewPLa outer protocol: 2 rounds x 2 folds, full source data; algorithm differs",headline,1,"KDB (runtime-optimized, semantics-equivalent)",True,5.0,,2,299284,50.44859309999811,5932.454833909159,,12,KDB,441368,19249346,261686465,0.09501567620079122,0.4592631331483326,2,40,0.4592631331483326,vectorized-compiled-shared-v1,,False,False,,471.26531489999616,5,209.52281579999908,"[""shared_kdb_structure_and_parameters"", ""shared_skdb_selection"", ""dkdb_discriminative"", ""sdkdb_discriminative""]","[50.57051209999918, 59.24067179999838, 95.08700640000097, 4.592419099997642]",0.46345819992561144,259.92709789999935,575.711425276527,149642,1.8154011999977229,2,0.21796292827083144,0.8994664506497416,1.6115573610002623,,40,1.0,"[""3"", ""4"", ""9"", ""39"", ""2"", ""8"", ""0"", ""22"", ""19"", ""1"", ""30"", ""23"", ""18"", ""16"", ""7"", ""31"", ""38"", ""12"", ""15"", ""17"", ""6"", ""32"", ""33"", ""11"", ""5"", ""36"", ""10"", ""13"", ""34"", ""25"", ""27"", ""26"", ""35"", ""21"", ""14"", ""20"", ""29"", ""28"", ""37"", ""40""]",5,,"repeat=2,fold=1",149643,312.1910921999952,52.26399429999583,149642,0.05382142833276531
0.9507160375025895,0.6154312929278956,fbb0b02da2e378b05715e63dd6bf79c4574fa9930e09e443d805ae044c4d632f,47840a4e8e0e60f0,CensusIncome,"UCI 117 Census-Income (KDD), both partitions, excluding instance weight","UCI instructs excluding instance weight, giving 40 predictors; Table 1 lists 41. Requires original paper file for strict shape matching.",0,0,337.65803609999057,"FewPLa outer protocol: 2 rounds x 2 folds, full source data; algorithm differs",headline,1,"sKDB (runtime-optimized, semantics-equivalent)",True,,5.0,3,448926,109.632218499999,4094.83640979138,,12,sKDB,6401,188560,2973802,0.07602682703911502,0.1519809196608429,2,40,0.1519809196608429,vectorized-compiled-shared-v1,,False,False,,228.30243089999567,5,209.52281579999908,"[""shared_kdb_structure_and_parameters"", ""shared_skdb_selection"", ""dkdb_discriminative"", ""sdkdb_discriminative""]","[50.57051209999918, 59.24067179999838, 95.08700640000097, 4.592419099997642]",0.6154312929278956,16.964213899998867,8821.098394663015,149642,1.8154011999977229,2,0.19497028881231496,0.9335757152999298,1.6115573610002623,,21,0.525,"[""3"", ""4"", ""9"", ""39"", ""2"", ""8"", ""0"", ""22"", ""19"", ""1"", ""30"", ""23"", ""18"", ""16"", ""7"", ""31"", ""38"", ""12"", ""15"", ""17"", ""6""]",2,0.19172561346680633,"repeat=2,fold=1",149643,128.4118335999956,111.44761969999672,149642,0.0492839624974105
0.9487847744298096,0.5454881179081335,e7b996621aba82b44d330eac1edd99820b5110daceda1719c370c8528e9c3076,47840a4e8e0e60f0,CensusIncome,"UCI 117 Census-Income (KDD), both partitions, excluding instance weight","UCI instructs excluding instance weight, giving 40 predictors; Table 1 lists 41. Requires original paper file for strict shape matching.",1,149642,337.65803609999057,"FewPLa outer protocol: 2 rounds x 2 folds, full source data; algorithm differs",headline,1,"dKDB (runtime-optimized, semantics-equivalent)",True,5.0,,3,448926,64.6342022999961,6945.64153381726,0.01,12,dKDB,441368,30556076,412797573,0.07885853318681046,0.13743294998246752,2,40,0.13743294998246752,vectorized-compiled-shared-v1,adagrad,False,False,,479.6388358999975,5,209.52281579999908,"[""shared_kdb_structure_and_parameters"", ""shared_skdb_selection"", ""dkdb_discriminative"", ""sdkdb_discriminative""]","[50.57051209999918, 59.24067179999838, 95.08700640000097, 4.592419099997642]",0.5454881179081335,268.3006189000007,557.7437749249993,149642,1.8154011999977229,2,0.19856804021142282,0.9262992585772215,1.6115573610002623,,40,1.0,"[""3"", ""4"", ""9"", ""39"", ""2"", ""8"", ""0"", ""22"", ""19"", ""1"", ""30"", ""23"", ""18"", ""16"", ""7"", ""31"", ""38"", ""12"", ""15"", ""17"", ""6"", ""32"", ""33"", ""11"", ""5"", ""36"", ""10"", ""13"", ""34"", ""25"", ""27"", ""26"", ""35"", ""21"", ""14"", ""20"", ""29"", ""28"", ""37"", ""40""]",5,,"repeat=2,fold=1",149643,334.7502223999945,66.44960349999383,149642,0.051215225570190384
0.9519990911703187,0.6050957480706876,f44386149211df4831bc603e327e3abcb6411d9b8a900fe966a7c5935adb2bc7,47840a4e8e0e60f0,CensusIncome,"UCI 117 Census-Income (KDD), both partitions, excluding instance weight","UCI instructs excluding instance weight, giving 40 predictors; Table 1 lists 41. Requires original paper file for strict shape matching.",1,149642,337.65803609999057,"FewPLa outer protocol: 2 rounds x 2 folds, full source data; algorithm differs",headline,1,"sdKDB (experimental/unpublished; runtime-optimized, semantics-equivalent)",True,,5.0,4,598568,112.94302219999736,5299.734222978974,0.01,12,sdKDB (experimental/unpublished),6401,359048,5750422,0.07310291999693866,0.12773072621532564,2,40,0.12773072621532564,vectorized-compiled-shared-v1,adagrad,False,False,,228.78500159999749,5,209.52281579999908,"[""shared_kdb_structure_and_parameters"", ""shared_skdb_selection"", ""dkdb_discriminative"", ""sdkdb_discriminative""]","[50.57051209999918, 59.24067179999838, 95.08700640000097, 4.592419099997642]",0.6050957480706876,17.446784600000683,8577.110535312859,149642,1.8154011999977229,2,0.19118436128111874,0.9382167149862177,1.6115573610002623,,21,0.525,"[""3"", ""4"", ""9"", ""39"", ""2"", ""8"", ""0"", ""22"", ""19"", ""1"", ""30"", ""23"", ""18"", ""16"", ""7"", ""31"", ""38"", ""12"", ""15"", ""17"", ""6""]",2,0.19172561346680633,"repeat=2,fold=1",149643,132.20520799999576,114.75842339999508,149642,0.04800090882968131
0.9462851338527953,0.45633330839881325,6a6c055aac5973ce088749e1ef41dd2579cfca9d2d0c853a1c272078d28ca9f2,47840a4e8e0e60f0,CensusIncome,"UCI 117 Census-Income (KDD), both partitions, excluding instance weight","UCI instructs excluding instance weight, giving 40 predictors; Table 1 lists 41. Requires original paper file for strict shape matching.",0,0,387.3292869999859,"FewPLa outer protocol: 2 rounds x 2 folds, full source data; algorithm differs",headline,2,"KDB (runtime-optimized, semantics-equivalent)",True,5.0,,2,299286,55.59133099999599,5383.6811354637575,,12,KDB,482383,22076678,295353033,0.09603205987422264,0.48408324837607486,2,40,0.48408324837607486,vectorized-compiled-shared-v1,,False,False,,551.1921618000015,5,265.9142471000014,"[""shared_kdb_structure_and_parameters"", ""shared_skdb_selection"", ""dkdb_discriminative"", ""sdkdb_discriminative""]","[55.726677599999675, 71.71201309999742, 132.78533460000108, 5.648560400000861]",0.45633330839881325,283.45364189999964,527.9240689833599,149643,1.8242728000004718,2,0.21912560310723922,0.8963229005144037,1.4565947151162775,,40,1.0,"[""3"", ""4"", ""9"", ""39"", ""2"", ""8"", ""0"", ""22"", ""19"", ""1"", ""23"", ""30"", ""16"", ""18"", ""7"", ""31"", ""38"", ""12"", ""15"", ""17"", ""6"", ""32"", ""33"", ""11"", ""5"", ""13"", ""36"", ""34"", ""10"", ""25"", ""27"", ""26"", ""35"", ""21"", ""14"", ""20"", ""29"", ""28"", ""37"", ""40""]",5,,"repeat=2,fold=2",149642,340.8692456999961,57.41560379999646,149643,0.053714866147204665
0.9515510351371941,0.6296630687841022,f09ccc2dcd99e06af4014dde6cb393839eed644b007ca671a7f916301ca67086,47840a4e8e0e60f0,CensusIncome,"UCI 117 Census-Income (KDD), both partitions, excluding instance weight","UCI instructs excluding instance weight, giving 40 predictors; Table 1 lists 41. Requires original paper file for strict shape matching.",0,0,387.3292869999859,"FewPLa outer protocol: 2 rounds x 2 folds, full source data; algorithm differs",headline,2,"sKDB (runtime-optimized, semantics-equivalent)",True,,5.0,3,448929,127.21224869999787,3528.976215637068,,12,sKDB,6489,193014,3027282,0.07380573968070593,0.1459628587604858,2,40,0.1459628587604858,vectorized-compiled-shared-v1,,False,False,,285.0417522000025,5,265.9142471000014,"[""shared_kdb_structure_and_parameters"", ""shared_skdb_selection"", ""dkdb_discriminative"", ""sdkdb_discriminative""]","[55.726677599999675, 71.71201309999742, 132.78533460000108, 5.648560400000861]",0.6296630687841022,17.303232300000673,8648.210773890736,149643,1.8242728000004718,2,0.1921011968738169,0.9365735951758591,1.4565947151162775,,21,0.525,"[""3"", ""4"", ""9"", ""39"", ""2"", ""8"", ""0"", ""22"", ""19"", ""1"", ""23"", ""30"", ""16"", ""18"", ""7"", ""31"", ""38"", ""12"", ""15"", ""17"", ""6""]",2,0.19481633697648384,"repeat=2,fold=2",149642,146.33975379999902,129.03652149999834,149643,0.04844896486280589
0.9476884831798559,0.5375470501021217,e3584397b951d93ed653def58215c333d4ab20c6d8ead63fcaa77342bd9e8139,47840a4e8e0e60f0,CensusIncome,"UCI 117 Census-Income (KDD), both partitions, excluding instance weight","UCI instructs excluding instance weight, giving 40 predictors; Table 1 lists 41. Requires original paper file for strict shape matching.",1,149643,387.3292869999859,"FewPLa outer protocol: 2 rounds x 2 folds, full source data; algorithm differs",headline,2,"dKDB (runtime-optimized, semantics-equivalent)",True,5.0,,3,448929,73.13073809999332,6138.718296349876,0.01,12,dKDB,482383,35043364,464274221,0.07920306938273187,0.1370320707567371,2,40,0.1370320707567371,vectorized-compiled-shared-v1,adagrad,False,False,,589.3568666000028,5,265.9142471000014,"[""shared_kdb_structure_and_parameters"", ""shared_skdb_selection"", ""dkdb_discriminative"", ""sdkdb_discriminative""]","[55.726677599999675, 71.71201309999742, 132.78533460000108, 5.648560400000861]",0.5375470501021217,321.618346700001,465.2781830869338,149643,1.8242728000004718,2,0.1990013434411083,0.9284751750768618,1.4565947151162775,,40,1.0,"[""3"", ""4"", ""9"", ""39"", ""2"", ""8"", ""0"", ""22"", ""19"", ""1"", ""23"", ""30"", ""16"", ""18"", ""7"", ""31"", ""38"", ""12"", ""15"", ""17"", ""6"", ""32"", ""33"", ""11"", ""5"", ""13"", ""36"", ""34"", ""10"", ""25"", ""27"", ""26"", ""35"", ""21"", ""14"", ""20"", ""29"", ""28"", ""37"", ""40""]",5,,"repeat=2,fold=2",149642,396.5733575999948,74.9550108999938,149643,0.05231151682014408
0.9525935232087248,0.6185454787952389,81eeee568f73033cafc2d2e7657fc53371586d743283888646d1036367a35505,47840a4e8e0e60f0,CensusIncome,"UCI 117 Census-Income (KDD), both partitions, excluding instance weight","UCI instructs excluding instance weight, giving 40 predictors; Table 1 lists 41. Requires original paper file for strict shape matching.",1,149643,387.3292869999859,"FewPLa outer protocol: 2 rounds x 2 folds, full source data; algorithm differs",headline,2,"sdKDB (experimental/unpublished; runtime-optimized, semantics-equivalent)",True,,5.0,4,598572,131.39496919999874,4555.5168789522095,0.01,12,sdKDB (experimental/unpublished),6489,366538,5838942,0.07186521637766338,0.12581876800827052,2,40,0.12581876800827052,vectorized-compiled-shared-v1,adagrad,False,False,,288.2428022000022,5,265.9142471000014,"[""shared_kdb_structure_and_parameters"", ""shared_skdb_selection"", ""dkdb_discriminative"", ""sdkdb_discriminative""]","[55.726677599999675, 71.71201309999742, 132.78533460000108, 5.648560400000861]",0.6185454787952389,20.50428230000034,7298.085239491534,149643,1.8242728000004718,2,0.18955898340313942,0.9412497415591898,1.4565947151162775,,21,0.525,"[""3"", ""4"", ""9"", ""39"", ""2"", ""8"", ""0"", ""22"", ""19"", ""1"", ""23"", ""30"", ""16"", ""18"", ""7"", ""31"", ""38"", ""12"", ""15"", ""17"", ""6""]",2,0.19481633697648384,"repeat=2,fold=2",149642,153.72352429999955,133.2192419999992,149643,0.04740647679127517
